athlete_id,athlete_code,gender,dob,age,person_type
1,3B1D6O9Z08W7IOZG,M,1980-04-28,45,Athlete
2,4PQUISSS7HAL3BVW,M,,0,Coach
3,5YFHEPFDCRU2M1PA,M,1963-07-21,62,Athlete
4,7NHXE4UAQUNMGVVR,M,1995-05-11,30,Athlete
5,B3HQ4KQU4M8DR0B6,M,1995-08-01,30,Athlete
6,DDP36ZNWVCNECJVG,M,1974-06-12,51,Athlete
7,I2X92J12LKUXGBDY,M,1999-04-26,26,Athlete
8,MOX8X8HX1XWOKYK9,M,1980-10-18,45,Athlete
9,MSPUR5D2V0HXVK55,M,1982-05-28,43,Athlete
10,QRDJU0KSOV5P7736,M,1974-12-12,50,Athlete
11,RMMEH5P5A3U1O2PH,M,1982-07-10,43,Athlete
12,TF2B8CBTMX5ZKH6O,M,1999-01-26,26,Unified Partner
13,VUXHH0UW44DZN9D1,F,1982-06-09,43,Unified Partner
14,2CY0WDIOD8MKKRPN,M,1983-11-06,42,Coach
15,397JYM5VFNGUPKAF,M,,0,Coach
16,68KD1XI94MF7OUVR,F,,0,Coach
17,7Y00XJPQ188IJPC9,M,2001-10-20,24,Athlete
18,B7QX9LJ8PJ7VSSES,M,,0,Coach
19,DB116R4RDVK4AZBT,M,1998-01-04,27,Athlete
20,ER8Q3WRSGM82ICK6,M,2004-11-20,20,Athlete
21,F6QCQFFHC37XNZW5,M,2002-06-26,23,Athlete
22,HG19DF3CH16HVCEG,M,1998-10-19,27,Athlete
23,IHG9P9GWCCA4WCN9,M,,0,Coach
24,KE3EJ1ZT5GI3CKHP,F,2000-06-13,25,Athlete
25,LREZAXLG6V0WSXUO,M,,0,Coach
26,PHZHB3P1JAPYBLQH,M,,0,Coach
27,PPQ3ZWN6I1VFWUOH,F,,0,Coach
28,RI6GIBPMZ8YEUHTJ,M,2001-11-18,23,Athlete
29,SGNZ96F7ADEI1S9K,M,1998-10-05,27,Athlete
30,TXCSM16UL739XXNF,M,1996-11-09,29,Athlete
31,VXLV86616D55HLBU,M,2002-11-12,22,Athlete
32,ZWVKGVWEK1VMFE9S,M,2001-05-11,24,Athlete
33,08M76532Y0AIEFRA,M,2008-10-27,17,Athlete
34,1O4JLWE8NOWQEQ9V,M,2009-10-02,16,Athlete
35,3YI6IKNX0BF4KZIS,M,2009-09-09,16,Athlete
36,3ZHHVU1S8HREXIV9,M,2011-12-23,13,Athlete
37,4J1D82DNIO6NOB68,F,2010-04-18,15,Athlete
38,5T4RI0SXMWNZAO75,F,1984-08-06,41,Coach
39,70SIKWA2JASRNDZQ,M,2005-09-19,20,Athlete
40,7I8SZ46T24RKIT2K,M,2002-11-19,22,Athlete
41,9EGJ9GSWX185NU7Y,M,2006-06-30,19,Athlete
42,9ID2OHJV58VRMMKA,M,2006-02-15,19,Athlete
43,9WPM905O2URBLU3Z,M,2011-08-03,14,Athlete
44,A4JA6Z3FS8YAAQ5Z,F,2010-08-28,15,Athlete
45,ABUX0DWK1ROWJ5ST,M,2008-11-04,17,Athlete
46,AK7E0VA8ATP5A3TN,M,2005-07-31,20,Athlete
47,B5KNUOI8CZAXO8II,M,1972-05-22,53,Coach
48,BEAQZXD3YGGMHOBK,F,2005-07-19,20,Athlete
49,BLLRSLXUWQXIVACV,M,2009-06-12,16,Athlete
50,C5E6W782P3T5RNYE,F,1986-04-24,39,Coach
51,CY4DZ302RAOOCSWN,M,2006-04-18,19,Athlete
52,D8RZT59X5SOUUNRF,M,2009-07-06,16,Athlete
53,DO7ZK3SZ3A6N1WB0,F,2010-04-06,15,Athlete
54,DQW1WHAXA0YS21AM,M,2011-11-21,13,Athlete
55,EEISGVTQUC62DGGM,M,2009-03-18,16,Athlete
56,ERIG0ZPLS4M8MODQ,F,2010-04-30,15,Athlete
57,FK1JQDTJUW10PO0C,M,1991-07-27,34,Coach
58,GBWT43O0WAMW0QDK,F,2011-09-28,14,Athlete
59,HMIRCLDMLIF83GNH,F,,0,Coach
60,HSJIVMUM90KXP6O3,F,2010-02-17,15,Athlete
61,I4Z1TU6DYEANTXSR,M,2009-03-17,16,Athlete
62,IZJTP14EOCYGYG17,M,2008-02-15,17,Athlete
63,JABT1K8XZ7HC2U1C,M,2005-03-08,20,Athlete
64,JC6SHNE75PEOTFMO,F,,0,Coach
65,JEXF9ZDVSDIB8H61,M,,0,Coach
66,KX35INKDE25IR55L,F,2011-03-21,14,Athlete
67,LBOJR61PTHKL2RU5,F,,0,Coach
68,N1U0OH5FF1MZ1QJI,M,2007-11-24,17,Athlete
69,NMR0HF97GV444M0H,M,2008-05-06,17,Athlete
70,NXALFGNBV9FBYB72,M,2006-07-26,19,Athlete
71,OD1AVB4TK8RX46YE,M,2007-07-17,18,Athlete
72,OYNA5ED24TF9R7V0,M,2009-09-25,16,Athlete
73,PUYH99K8KZO12G3F,M,2010-03-09,15,Athlete
74,S340HDYDOVNUG6YE,M,2006-02-07,19,Athlete
75,SNSJV5WHZW8ZITSL,F,2011-11-17,13,Athlete
76,SU1M8EY2HDCFJL9K,M,2008-08-26,17,Athlete
77,T9H1IDL1M9GKZ6SM,M,2009-06-15,16,Athlete
78,TCU6YJN5D7FGH59O,M,1976-05-24,49,Coach
79,UZCQM4HE7LM10U6M,M,2006-10-08,19,Athlete
80,VKQ90YUDLY3YDDMM,M,2008-11-18,16,Athlete
81,WIJ30DZ2WPS8GEL8,F,,0,Coach
82,X589UD7FE35KMUS6,F,2006-07-26,19,Athlete
83,XZYUN8Q9LVR2H3PI,M,2004-11-05,21,Athlete
84,YMOHG1NHXSV6ZSP6,M,2011-09-29,14,Athlete
85,YPJ9JI3QAUT00ZPA,M,2008-11-07,17,Athlete
86,YUHTBNDPM9EY6BU1,F,2005-06-17,20,Athlete
87,ZCQR9TQKCCQ9UXSA,M,2008-06-18,17,Athlete
88,2U71HDHCYQDUT0IK,F,1985-07-14,40,Athlete
89,3AUA12ANPA6B6UWA,F,1970-09-22,55,Athlete
90,3UQZGH1GA3E65GKJ,M,1985-03-12,40,Athlete
91,5OIEX0O65CVHQFTS,M,1977-01-30,48,Athlete
92,6458RXR389JCHGBW,F,1986-06-14,39,Athlete
93,6HASM1AURNJF2AA9,M,1998-08-31,27,Athlete
94,6LHLBNT90VG5JUID,F,1992-07-03,33,Athlete
95,6WQD74VSCZL380LA,M,1996-09-26,29,Athlete
96,6Z4OC0RDJ5RCE7YZ,M,1979-08-28,46,Athlete
97,7XM4PX4TCCGGN3A1,M,1979-05-11,46,Athlete
98,8WSX6K6VXXUYDG80,M,1995-05-12,30,Athlete
99,A07MDFPQBD880TJY,F,1999-02-15,26,Athlete
100,B5MG0N9W8BBASSVS,M,1995-09-22,30,Coach
101,BAWLYQEG4V1LX2LU,F,1991-12-20,33,Athlete
102,BB12RHRC8N7UQ77S,M,1975-10-17,50,Athlete
103,BLC5PTSPKDMC6AW2,M,1982-01-02,43,Athlete
104,CC3XCVJC4CMUGJM7,M,1989-11-15,35,Athlete
105,CN7EPOKNQX01OYOE,M,1998-08-11,27,Athlete
106,DIB2LJXYNCNGAQM9,M,1999-10-16,26,Athlete
107,DR8F443E91WSAZJW,M,1976-10-21,49,Athlete
108,DRJ7XZQOCTUD33GP,M,1981-03-12,44,Athlete
109,E6NVZF1KDZ9VHG5M,F,1982-11-16,42,Athlete
110,EDK6SJ9XH0Y8JH9P,M,1985-11-20,39,Athlete
111,F19HU3OV7TWM3K0G,F,1974-07-14,51,Athlete
112,F3CM1UDP5UP1LVHS,F,1972-07-29,53,Athlete
113,FCOCCOD3E7ZGA6AU,M,1981-08-10,44,Athlete
114,G9NIIAUZY3MBFEUR,M,1984-10-17,41,Athlete
115,GOK4DHCX1ENYBFNT,F,1969-03-16,56,Athlete
116,H1QTLH8TKA72JAB5,M,1982-10-23,43,Athlete
117,HHLZHOWKACCFBK7U,M,1958-05-14,67,Athlete
118,IC2YHH6ZTSVS45M2,M,1992-06-18,33,Athlete
119,IYOHYFXSV8FQINLY,F,1976-09-26,49,Athlete
120,JQDBHICHLY86XQQH,F,1986-04-05,39,Athlete
121,JYI5EEW7SHIP54B8,F,1992-09-02,33,Athlete
122,K2Q6QF9M9PBDQJXM,F,1990-05-29,35,Athlete
123,LFENKROJ303PGMG5,F,,0,Coach
124,LI7QZSKJOYBWVP5U,M,1975-04-22,50,Athlete
125,LIIDSCPHD08PJX35,M,1972-05-09,53,Athlete
126,LK5TR6O844FXS7WV,M,1979-03-13,46,Athlete
127,MGOBLZILPHE2KVXY,F,1955-09-06,70,Athlete
128,MKFVFHG1G2UZ2JBJ,M,1995-08-27,30,Athlete
129,N0TPQ3YMPW5H5RPX,M,1988-12-28,36,Coach
130,N3OOORDW3ZSIM5AV,M,1992-11-07,33,Athlete
131,NMIDVHEVNOM69AQZ,F,1962-11-05,63,Athlete
132,NN4GURW6D15O5C4N,M,1990-05-29,35,Athlete
133,OC5SPRACV3FJ1BPT,M,1983-07-22,42,Coach
134,OE8F3EN39QPYKII3,M,1973-10-09,52,Athlete
135,PD93L6EXMUMI0GDG,F,1978-10-12,47,Athlete
136,PIV9KQA5FUVMHITH,F,1998-06-21,27,Coach
137,PN9WOB6FZJ8KIR6N,F,1983-11-19,41,Coach
138,QIW42G01JMQWX0F1,M,1967-12-07,57,Athlete
139,QRJSXP8QEPAJG4LS,M,1984-09-27,41,Athlete
140,RDK50BS0C2G53GRI,M,1981-10-07,44,Athlete
141,RJ3BRUT6KSYDTJXG,M,2002-06-04,23,Athlete
142,RLFW6LQ6KTLB1D1F,M,1982-02-27,43,Coach
143,S1WF6CZP61M4X6WX,M,1977-05-19,48,Athlete
144,S1X4X8EKZ04858XX,M,1983-08-22,42,Coach
145,S6BQWC4JZ142BR7J,M,1994-02-17,31,Coach
146,SLJGRYV3FLEZTVGU,M,1983-04-19,42,Coach
147,SR8SSVXAJ5S0CQ0Y,F,1970-06-19,55,Athlete
148,STF4GSH2A6MJJWVZ,M,1982-03-06,43,Athlete
149,TF09QSQD69MYOQWY,M,1964-12-27,60,Athlete
150,TRDKFH8A3TFKICYL,F,1952-01-01,73,Athlete
151,UCR35VVYIFDKKFH6,M,1952-12-19,72,Athlete
152,UNJ3FY9ZIKBU0TZO,F,1975-11-03,50,Athlete
153,US52GFGOCST8G3A1,F,1967-03-29,58,Athlete
154,UTCZ5PR7TX39R05P,M,1983-07-11,42,Athlete
155,V4COHESKLMPFR6IF,M,1988-12-01,36,Athlete
156,V6FJB9C5T3DM8ZI3,M,1973-09-04,52,Athlete
157,VOVND4356E4NRO0L,M,2001-06-30,24,Athlete
158,WE8Z0P0Y789P3GS8,F,1981-12-04,43,Athlete
159,WSUY334IH3H22MQO,F,1993-01-13,32,Athlete
160,YDTDAUXTQOHR0AHW,M,1996-02-07,29,Athlete
161,YRRI4B6NHL9LKXXW,M,1980-07-29,45,Athlete
162,ZIDEJ3T916SRYIOX,F,1970-08-18,55,Athlete
163,ZSJH27ZNH8QATH5Z,M,1993-10-31,32,Athlete
164,ZYKFVI2RYWN1REGV,F,1985-12-28,39,Coach
165,21ECNYJGUY75PGBB,M,1996-07-09,29,Coach
166,26LIAIRL4XZDT3WR,F,1984-01-08,41,Athlete
167,3IVSTOGPH0HSAVHA,F,1990-10-11,35,Coach
168,54EKM3Y5KTYWFRX8,M,1973-09-28,52,Athlete
169,7SA05T2SVD1QZTM2,M,1991-07-13,34,Coach
170,9DW02X4WVQ7MMNGJ,F,1983-01-14,42,Coach
171,AEJ050O2KYVK0MOH,F,1985-07-07,40,Coach
172,BA2PV5V8SPOY45FX,M,1979-01-14,46,Athlete
173,C6KCCEUKMG0YEILG,M,1975-10-18,50,Athlete
174,EFHQON0LVKRQ9VZC,M,1996-12-04,28,Coach
175,FHLH8Q2WS6WXC39K,M,2002-08-27,23,Coach
176,FS6I2W83XXR7JFV0,M,1983-05-15,42,Athlete
177,GDXECBKM10K3D56I,F,2000-02-18,25,Coach
178,GY7C2P90IO7HB8WT,F,2002-04-04,23,Athlete
179,KPEAU7SSSQ85217X,M,1984-07-31,41,Athlete
180,MTTLJZ2Z0VNX5FJC,F,1997-02-27,28,Coach
181,NA1SPRMMFUOXFU6N,F,1977-03-27,48,Coach
182,NX5UHSKX69IM5HHV,F,1966-06-17,59,Coach
183,QFUB86II3FEPDY3S,M,1970-05-20,55,Athlete
184,QGXW1E1FR2S8MQJ1,M,1981-09-28,44,Coach
185,RPBNINXYZ0M36TRR,M,1975-05-14,50,Coach
186,S83M29YJGYBVY3DO,F,1975-04-11,50,Coach
187,SIODDG6H59FCBZ4Z,F,1985-02-18,40,Coach
188,SO1MCRBCXMYHY7CL,F,1997-05-08,28,Coach
189,TZPLA79DWVNCF9YA,F,1979-10-10,46,Coach
190,WKKNZINNOVFIJS4Z,F,2001-02-10,24,Athlete
191,YWIOP0IJMM5YK8WX,F,1981-10-08,44,Coach
192,Z37Z5NLOLF3F9MV9,M,1978-06-27,47,Athlete
193,1NYE2XK57R7QILOD,F,1974-10-28,51,Coach
194,2PL1L09HPLMFA7ZP,F,1994-12-07,30,Athlete
195,3DPM8Y8KVQW40W8R,M,1987-09-17,38,Athlete
196,3KYOWN6APVQEXFTV,M,2006-11-23,18,Athlete
197,3Q55KTESAKIB5FNT,M,2000-12-23,24,Athlete
198,4TJJEI1OMADZGUYV,M,1970-03-27,55,Athlete
199,52PCDANRNAE6TU5W,M,1960-08-25,65,Athlete
200,5S4RJ838XZE9PXRY,F,1977-10-11,48,Coach
201,737DJR5U60BJPDWH,F,1955-11-21,69,Athlete
202,97NTX0KGKV7CIOR9,F,1979-03-04,46,Athlete
203,A341FTLIL8YH6F55,M,1984-07-14,41,Athlete
204,BTMJR73D3HTSSPJZ,F,1998-04-26,27,Athlete
205,E1MLMOSUWPQBG8BI,M,1965-04-02,60,Athlete
206,G2BNPGYYKXRGLEFZ,F,1992-03-31,33,Coach
207,H8Z3FWHD72OMX7I8,M,1980-04-05,45,Athlete
208,I0ZYF9XI6XEMN9H2,F,1957-11-19,67,Athlete
209,JFBD4OS5LIWUILSC,M,1997-09-10,28,Athlete
210,JPWGYZKE5YGTPEKO,F,1986-03-25,39,Coach
211,JW4Q221ZUA0VBEY1,F,,0,Coach
212,LFA92Y8QTWQ996L6,F,1996-11-29,28,Athlete
213,LXB6XASU1MMVHHUG,F,1970-04-02,55,Athlete
214,N187I4ULL1P1MT0Q,M,1977-11-21,47,Athlete
215,SEDSUFWYU9XNKA0U,F,1993-10-11,32,Coach
216,YMH0YB942UW1WODH,F,1983-06-29,42,Athlete
217,025JU530VYSIEV1J,M,1995-07-22,30,Athlete
218,1UHXXNDCSXTL1ML2,F,1991-07-28,34,Athlete
219,6K5TMTQBEYEVBRI9,M,1998-08-17,27,Athlete
220,6T0XI36JWIBN4NIU,F,1986-07-12,39,Athlete
221,7T5SGF9PHGY9IA5N,M,1982-02-01,43,Athlete
222,813W8BEQK94MQLNT,M,2012-01-20,13,Coach
223,9MMDTPSY650HCGK2,M,2007-12-20,17,Athlete
224,9WMQ0K75LERUKZMY,F,1999-12-13,25,Athlete
225,BPAYP4NBFBSDKJQF,M,2000-12-31,24,Athlete
226,BWXSK193U0CACG7K,F,2002-09-17,23,Athlete
227,CRM2WEOOZFD2S0NB,M,2006-04-18,19,Athlete
228,D1V1W70PEXJUOEFR,M,2009-08-13,16,Athlete
229,D3PRZMG8BH6J1OBI,M,1992-03-06,33,Athlete
230,DNPMDN1E09G9MMCZ,F,1986-03-31,39,Athlete
231,F1OBWHE6425DD29B,M,2007-09-27,18,Athlete
232,G5PXOCEK1S2ZSGUD,M,1998-12-22,26,Athlete
233,G6K4VNHBQSG886WB,M,1998-08-22,27,Athlete
234,GT8I1MH6NW0NXG4U,M,2001-08-13,24,Athlete
235,IU1RSB4O8LQEDTYU,M,2013-06-26,12,Athlete
236,J2JRMCGJ21HZPSH3,M,1991-12-27,33,Athlete
237,J3L0B2U9BOTVI18R,F,1965-06-18,60,Coach
238,JBQUQUNOUN04LSFL,M,1997-06-26,28,Athlete
239,KH347GFKEZLWAG5T,F,1996-03-29,29,Athlete
240,LBJA8K1N6AADG6HU,F,2003-03-19,22,Athlete
241,LF56QTMDADYQKGGD,F,1980-04-01,45,Coach
242,LT311AXSZEEQUQKE,M,2007-03-27,18,Athlete
243,M48IB6GVHB0F8C1J,M,1968-12-03,56,Athlete
244,MWU3YHSNQV2FDH2K,F,1994-04-29,31,Athlete
245,O0BUJ7PT30HSB4SQ,M,2013-07-05,12,Athlete
246,PKAV5Y09ISJZWJVN,M,2012-05-09,13,Athlete
247,PKUWVEZNW4D2DZ8V,M,1983-07-20,42,Athlete
248,QUAZJ70BKBR3PVTV,M,1996-01-16,29,Athlete
249,RJ64IP7IZELVMNIA,F,1959-04-07,66,Coach
250,SVRDFV9US8ZBP3AI,F,1995-06-24,30,Athlete
251,T77KF945A8EQGD69,M,2005-12-01,19,Athlete
252,TQB1GBO7NWYRQXDT,F,2004-12-22,20,Athlete
253,UO3P45LPLANQ1EDJ,F,1998-11-06,27,Athlete
254,UZ0E7231VL3FDVZY,M,2011-10-19,14,Athlete
255,X79K2T2EM4E0MA97,F,1989-06-30,36,Athlete
256,XSKCML89PEJIHFLK,F,,0,Coach
257,Y8F8OK4JKCD5T5CJ,F,2011-04-15,14,Athlete
258,YHK3R2S1VITJ6FSO,M,2001-08-03,24,Athlete
259,ZJP3RUZATOM3QOBV,M,2002-05-09,23,Athlete
260,07G5OQ026ONPY37K,M,,0,Coach
261,08YNMJDHSNY4BJAR,M,,0,Coach
262,1RVUHDX81I3WUV6C,M,2003-11-19,21,Athlete
263,27KU3G3XI9AJW7ZZ,F,1991-04-04,34,Athlete
264,5C5J677R58RG2ZHC,F,,0,Coach
265,6XX6OHU3EA8KT9ES,F,,0,Coach
266,97SGOE7W81DTO4CC,M,1950-11-11,74,Coach
267,CNTEZJTMAIMNN03W,F,2004-03-09,21,Athlete
268,DM1FR6SQKBDW1FZV,F,1998-07-06,27,Athlete
269,GF2NX7DCSH96EJGY,F,1979-08-17,46,Athlete
270,HZJ5X595BDD60P1H,F,1996-08-26,29,Athlete
271,I82CARMSELER2CIZ,M,1965-02-06,60,Coach
272,J2YK5ICFXOJCJZWT,F,,0,Coach
273,Q2SKG8BQ32M6X2TW,F,1964-05-15,61,Coach
274,RL797CHZP5WU99NR,M,1988-02-04,37,Athlete
275,RYAZ3A6VOR2759YF,F,1976-02-20,49,Coach
276,UTMPFSLXQDBPTWD3,F,1984-11-27,40,Athlete
277,YRW88EWZUO60TOCK,F,,0,Coach
278,ZOVEAFYDREQQ9NYP,M,2000-08-06,25,Athlete
279,ZY0W5MOEL15FBW2D,M,1989-01-12,36,Athlete
280,2XPSCBYPFIIUDDQZ,M,2009-05-29,16,Athlete
281,5BHR44PF1M87X0PD,M,2005-03-04,20,Athlete
282,5BTZGCJC64LYEFWK,F,2007-12-31,17,Athlete
283,5ZGW6X3FN83KUKYO,M,2013-01-04,12,Athlete
284,6EJSDAM49HLXM5K2,M,2010-12-21,14,Athlete
285,6SYSKRBCSDS32E2F,M,2007-08-19,18,Athlete
286,8XGMX6UJEBGDSKLB,F,1974-02-01,51,Coach
287,BS6KUJW0OYWGVKZY,F,2011-09-12,14,Athlete
288,C61X2Y0JX2JMKUE4,M,1997-11-28,27,Athlete
289,CO6GJVWL9HA6FL2L,M,1973-02-06,52,Coach
290,DKSQMR6LRUWXA70Y,M,2003-10-16,22,Athlete
291,FZW64H06EZHG2MJ5,M,1964-10-06,61,Coach
292,GLL39LFXDCRNR3WP,F,1998-11-25,26,Athlete
293,H36P5RY6PNLIKC42,M,2011-08-12,14,Athlete
294,HOZNDBP1KNHCBY23,M,2007-10-15,18,Athlete
295,I24A168732579WMH,M,2006-03-18,19,Athlete
296,M7FNQTQ0HOY0BLKP,F,1987-04-28,38,Athlete
297,MHSJZK7081L0BWZV,F,2015-04-29,10,Athlete
298,MZEA834M7ZHT7OZ7,F,2016-03-11,9,Athlete
299,NJBIX9GN5CQ0C81C,F,2014-10-19,11,Athlete
300,NNKI343NHWG6S9Y8,F,2000-05-21,25,Coach
301,QP5UV4VM8PF79G29,M,1968-07-20,57,Coach
302,RJ0B5S4QF1GKSZYZ,M,2010-10-07,15,Athlete
303,ROS3YY6EU6R6P3SC,M,2011-01-19,14,Athlete
304,RZ6UT66ADV965KDG,M,2016-09-19,9,Athlete
305,S0WBUVFIADQXYE7W,M,2006-12-22,18,Athlete
306,TKNNH7OINUN2Q75Z,F,2009-10-23,16,Athlete
307,TMV00JMBMHTODBXO,M,1996-02-11,29,Athlete
308,U6IAWU3VXF04O37H,M,2001-07-05,24,Athlete
309,UHT3AD8PZA5KAYUQ,F,2007-06-20,18,Athlete
310,VUFFSWZGXN4PSIJG,M,2001-04-06,24,Athlete
311,WB3GOW6LD7JZ9QRC,M,2001-10-26,24,Athlete
312,WLEHGENH983TE0MW,F,2009-12-10,15,Athlete
313,WLPA968TQL46HI2W,M,1979-11-12,45,Athlete
314,WM35YCU13B9M6SVJ,M,2011-09-10,14,Athlete
315,XEIWHEZXT9AR68J5,M,2007-12-22,17,Athlete
316,Y0PEDQLVRRI3OWBQ,F,1969-08-04,56,Coach
317,04PLTEHYSSEXH0WC,F,1995-03-16,30,Athlete
318,1VUHK2VDHSPWN360,M,2008-06-16,17,Athlete
319,BX3I6QZ5LEF42T86,M,1995-02-15,30,Athlete
320,OG0O8I5CM0BG24QD,M,1996-01-01,29,Athlete
321,QMQDV199ZVL0XIMK,M,1992-02-27,33,Athlete
322,072W69OC8AREKADT,M,1990-08-07,35,Athlete
323,2P24ZEYRW16S197D,M,1986-04-12,39,Athlete
324,2WKFQS8IDB8FRZRU,M,2001-06-01,24,Athlete
325,4OZLNDDNFGAK1LW5,M,1986-08-13,39,Athlete
326,6CB2TOOPGBIC4M16,M,1991-10-16,34,Athlete
327,6EY4ICD3NNNPTFFF,M,1981-03-26,44,Athlete
328,6WV35AOL26840795,F,1995-06-16,30,Athlete
329,90VM35U44NWC6R5A,M,2012-12-20,12,Athlete
330,AK0P7NAOQXPUH94D,F,1967-06-25,58,Athlete
331,DN89V7PENCM6EGRQ,M,2001-09-08,24,Athlete
332,FZEQNCQT0WXBZ5T5,M,1987-12-12,37,Athlete
333,GKPG4REALI3RSLNI,M,1985-12-18,39,Athlete
334,GRFFGV8Z9HRMQ542,M,2000-04-14,25,Athlete
335,GZGA4YUNXWDCKWH1,M,2001-09-08,24,Athlete
336,HSJ19YYDBUR1AIO3,M,2001-05-13,24,Athlete
337,HV7UQW98OHU069MM,M,1984-11-29,40,Athlete
338,HXQ0MGXSL4S4RLNX,F,1983-07-22,42,Athlete
339,IMBGO8CO0O1FIESV,F,1986-12-26,38,Athlete
340,JUB920RITIZZ75I5,M,1996-04-01,29,Athlete
341,M2ZBBCRA8FAXF45Y,M,1977-10-16,48,Athlete
342,PJ1O58FDZX3QLRCF,M,2003-03-25,22,Athlete
343,PJ228HSN4E1MK6EO,M,1965-08-30,60,Athlete
344,PNHNHZ4QHAST0CPX,M,1981-08-11,44,Athlete
345,PRXWYOWKW3LTN4ZK,M,2004-01-11,21,Athlete
346,U20SF47KMN9H4JF7,M,1982-07-03,43,Athlete
347,WI6MV8M77L8D6Z0C,F,1987-06-24,38,Athlete
348,WV2VWYPCG403AH0F,F,1985-09-03,40,Athlete
349,WYVBZ4UI96BPTLSX,M,1973-06-16,52,Athlete
350,XD4JB2ZXO191AS7I,M,1980-12-28,44,Athlete
351,XJWBSNSGRKC1MQE0,M,1999-12-03,25,Athlete
352,YHONW2JHNIKVQF13,M,1996-05-03,29,Athlete
353,Z7NRVFF54MS8UI9K,F,1967-08-17,58,Athlete
354,ZFYIRCB9BGRKZFIL,M,1981-01-02,44,Athlete
355,ZYUSIX791P8RV8FF,M,2002-01-31,23,Athlete
356,11MRHT3VSUUPSMD9,M,2015-07-19,10,Athlete
357,3GVYNPEG4ARGWWV5,M,1996-06-10,29,Athlete
358,3M08GEA35T5C1C74,M,2009-07-29,16,Athlete
359,5K5XDIQM1DLK0185,M,1968-02-28,57,Coach
360,8SLD65PYPVCU0TRX,F,1971-01-23,54,Athlete
361,90HCIIYSFMUD1NP2,F,2005-04-26,20,Athlete
362,9U3ALRFVJHTULFQS,M,2007-11-13,17,Athlete
363,A8ON3CCQDZXUWR9Z,F,2005-04-20,20,Athlete
364,BA17WRPI6YU088QR,M,1960-09-10,65,Athlete
365,CVZ7WQNAZ8JD3NPM,M,1965-12-25,59,Athlete
366,DU2MFN5C5Q8342ZT,M,1966-05-21,59,Athlete
367,DY3HBSNG0H0SMN5Y,M,2008-10-27,17,Athlete
368,E81TI84S8G3RW9KA,F,2005-10-26,20,Athlete
369,FD2UI67V6CNGVFN2,M,2017-10-10,8,Athlete
370,G5KKCGRQICYJSKJP,M,2005-06-23,20,Athlete
371,H67996VATB5WOD90,M,2014-04-25,11,Athlete
372,HMC7R038BWLUSD32,M,1955-04-02,70,Coach
373,LLY7MJXHG0ZRQ6U7,M,2008-08-09,17,Athlete
374,MIHVBNOB7NGF41CH,M,2007-01-25,18,Athlete
375,MILUASAARR0F7VHK,M,2014-12-23,10,Athlete
376,O2F2AX9FKPMM9F1C,F,1956-01-11,69,Athlete
377,OP81LMIQBZ3JTZIW,F,2010-12-09,14,Athlete
378,QA47TONRI0KVQ8XM,M,1969-05-09,56,Athlete
379,QWTEW4XSY1WB7PE9,M,1991-04-30,34,Athlete
380,R16UPK3JF6JCQKKX,F,1963-10-01,62,Athlete
381,RMQLETG078813YBL,M,1969-11-20,55,Athlete
382,SC4SARP43823W9QU,M,1996-11-04,29,Athlete
383,UTBQW6LSGTZXUI1I,M,2014-09-09,11,Athlete
384,XEJY780I1P7H43CF,F,1990-02-11,35,Athlete
385,Y0T8RXBANI47EGIT,M,1983-11-01,42,Athlete
386,49INBBDS2OIN4VBK,M,1983-05-02,42,Athlete
387,4WL2KFT8QYCI5LAW,M,1986-08-21,39,Athlete
388,5F9JHCJX4BZQTF9T,M,1986-12-02,38,Athlete
389,5T6PRNNXBEZTZ8PC,M,1977-03-17,48,Athlete
390,6QJS5M1022ZE7V4H,M,2003-05-01,22,Athlete
391,6X6N8OKWBZXH6FTX,M,1980-07-21,45,Athlete
392,79OXP52HITVM7YG2,M,1982-04-20,43,Athlete
393,8OPBW3PO8WU0T6G0,M,1999-05-13,26,Athlete
394,8SENBE0RFLFS5QUM,F,1964-06-15,61,Coach
395,91I9WNFYQSSDEQ1I,M,1965-09-03,60,Coach
396,9FVE89BISIAYXXU0,M,1985-05-29,40,Athlete
397,9X82WHOZR6B1VB72,M,1988-12-15,36,Athlete
398,ALXM8J70N0C6CQYA,M,1992-03-20,33,Athlete
399,AQZYN18T1D5W8QJN,M,1986-01-26,39,Athlete
400,B74FMWF85O8WE2HU,M,1984-12-30,40,Athlete
401,C8UH5IV0IJ4KQBSD,M,,0,Coach
402,E8X6HFKCS8VRRM2U,F,1997-05-06,28,Athlete
403,FBNHHF8Y41AA51NR,M,1992-06-22,33,Athlete
404,GJH279HR3QLMEDZ8,M,,0,Coach
405,GRVLB9OISS44WGS6,M,1982-05-17,43,Athlete
406,IWIKMEAF6D455GQG,M,1999-12-31,25,Athlete
407,JCY3YM409GWL2RVG,M,1994-07-15,31,Athlete
408,JJWNPE4E5YXWBHUH,F,1992-07-29,33,Coach
409,K4BL07882IHY63QT,F,1993-10-02,32,Athlete
410,MLJS917CA3X173PQ,M,1992-12-21,32,Athlete
411,MLYXOAO1VNOS82GQ,M,1983-07-18,42,Athlete
412,MTUU285UWOGCJCV8,M,1978-09-13,47,Athlete
413,NQGRTB4EOMH2OWMP,M,1985-03-03,40,Coach
414,NT23L316BNWNS4PH,M,1984-07-10,41,Athlete
415,OJNXX8YSWODP4HBV,M,1998-05-04,27,Athlete
416,ORVI4707BNOOQGVP,M,1986-05-10,39,Athlete
417,OSRG7UZRTK8UJSDC,M,1953-07-25,72,Athlete
418,PC88UMG3G4ZCWR2O,M,1997-12-18,27,Athlete
419,R66GEUMFQLNC8SE3,M,1985-02-06,40,Athlete
420,RAGBZYFB5MTJOXPL,M,1960-10-20,65,Athlete
421,RLTJ9RF5RN7CKZLJ,M,1978-12-11,46,Coach
422,ROE1B6JQNQDT5EZ2,M,1979-02-05,46,Athlete
423,SG52JI4XX95Q3993,M,1984-02-27,41,Athlete
424,SNQUZB77YKPG5QO6,M,1959-10-23,66,Athlete
425,SU48APFY348W7YYR,M,1991-04-10,34,Athlete
426,TDYAECM1V7YF9TPG,M,1995-09-28,30,Athlete
427,TNW6G8FADCKCQTEY,M,1975-10-23,50,Athlete
428,UOVNBUKJ6IVWU4TR,M,2000-12-08,24,Athlete
429,VXH6BFOFJDCG1E8O,M,1972-09-20,53,Athlete
430,XWFJIOLR6J40HGPF,M,1988-06-22,37,Athlete
431,YAPY8NJWLDKAKUXU,F,1975-01-04,50,Coach
432,ZGOM3N53MTOGX5K3,M,1972-12-04,52,Athlete
433,06U80L86SUZ36ODI,M,1996-11-13,28,Coach
434,0Y9IGIYY86TH09CC,M,1987-12-16,37,Athlete
435,2MGLJCCS3KM3RMRP,M,1997-08-04,28,Athlete
436,2UDZD12JJLLC1VWR,M,1974-12-13,50,Athlete
437,39J9XQ3TY0SA14IE,M,1993-12-12,31,Athlete
438,40M05I38JO1JV456,M,1987-05-02,38,Athlete
439,4LFNGCJ95D9JOLOH,M,1999-06-07,26,Athlete
440,EO4BZQVMPZBLVP22,M,2003-08-14,22,Athlete
441,IYXDOXHWJEC6NA1D,M,1997-08-02,28,Athlete
442,MZY526AM2OOBFGN4,M,1987-03-27,38,Athlete
443,OO4DGTIOATJM41YJ,M,1983-06-09,42,Athlete
444,PDOIM74MQ5MWE4YI,M,1986-10-13,39,Athlete
445,Q7II9PWH7NN67P2Z,M,1986-09-19,39,Athlete
446,RIWCCVJ0UEE9PO81,M,1999-03-09,26,Athlete
447,SGKACRYJM4HAEB28,M,1991-04-30,34,Athlete
448,SWWRL8M8FDJ6PDRT,M,1987-11-09,38,Athlete
449,U94UGOOVJCS7AMWK,M,2004-04-21,21,Athlete
450,W0S6K68P9YCMR1Q4,M,1997-08-02,28,Athlete
451,WF7IOM9YIOCCPFBR,M,1987-05-08,38,Athlete
452,Z5N8IX18IXV9O8N3,M,1973-01-28,52,Athlete
453,W14LZVT8XG4FY7CC,F,1977-01-18,48,Coach
454,08N2VY4U0OAOKD8I,F,1989-12-10,35,Athlete
455,1MA8W98HIEYJC5ZP,F,1969-11-15,55,Athlete
456,31ZQP1MFWBEUBPC9,F,1956-04-13,69,Athlete
457,3KH6X359P4NE030K,M,1995-08-29,30,Athlete
458,4A5U1LY0PMHV07J4,M,1982-12-03,42,Athlete
459,4Y7XF9PBR2SMDT1F,F,1967-07-06,58,Athlete
460,5CFZKQM2DYAH9MAE,M,1994-08-31,31,Athlete
461,5JCXR99H41592W5X,F,1991-08-29,34,Athlete
462,5PA3Y72YS9M61AVB,M,1993-03-15,32,Athlete
463,6IS5UIFKJY0ZZMEO,F,1961-01-25,64,Athlete
464,7BFAZXI7K2L1L86V,F,1980-11-27,44,Athlete
465,7QG98EH33S28Y4QF,M,1995-03-09,30,Athlete
466,82R7X5L99S1ZNHJW,M,1967-04-15,58,Athlete
467,86CNG816FTWWIO3A,F,1985-11-12,39,Athlete
468,9KXDMCNEHN03NSKT,M,1986-07-17,39,Athlete
469,BF3JD6SIBDBSV3BF,M,2002-05-14,23,Athlete
470,BIPZDFIS0ONWKI9B,F,1984-04-08,41,Athlete
471,D3OSR0UNP1B1B0WF,M,1999-08-17,26,Athlete
472,DONHEVI9FP3FHBBC,F,1964-05-04,61,Athlete
473,EB508GKYYFE4JAFX,F,1979-01-29,46,Athlete
474,EB8PCVSD425J4UVH,F,1981-02-21,44,Athlete
475,ERGMC4LF8KMT4WU3,M,2003-09-29,22,Athlete
476,F78JS5SFQO2BZKB7,M,1971-01-26,54,Athlete
477,H1FYWY5HCQVI30BT,F,,0,Coach
478,ICZ46DQUKZ0E8G5S,F,1972-06-26,53,Coach
479,INBN2OLO6EMAWH05,M,1989-09-12,36,Athlete
480,IUX7L8WOIU934KWZ,M,1997-10-17,28,Athlete
481,JG9OKOICDKNEJUH9,F,1965-03-18,60,Coach
482,JR4F91F12VBWHDWL,F,1987-11-07,38,Athlete
483,K4A3AA18UKB7FPYR,M,2003-10-24,22,Athlete
484,LYOKN576ZOBH3WQH,M,1976-12-18,48,Athlete
485,MJ6BMP7ZFIF8OUT6,M,1984-11-01,41,Athlete
486,N95X844HZPTJZBRA,F,1968-12-27,56,Athlete
487,ND1W5PCEHHYPE2TD,F,1979-10-18,46,Coach
488,OD1IASGXZYFPGMAF,F,1978-06-28,47,Athlete
489,OE2778438ZHH6NOP,F,1986-01-28,39,Athlete
490,OLIXD7ZA3RUB7ERA,F,1979-10-27,46,Athlete
491,OOBOQAJCRD9Q4JA7,M,1972-11-23,52,Athlete
492,PG36653K1SEKIZZY,M,1992-02-20,33,Athlete
493,RDF4MT62V273GBIW,F,1971-06-10,54,Athlete
494,S3O9UP0D2BZFVMQM,F,1963-07-01,62,Athlete
495,SDPAWKLKN0YTMTQH,F,1955-07-09,70,Athlete
496,T2MEZW71GP2G47BU,F,1994-01-10,31,Coach
497,VI98IQERSPGKMAMZ,F,1963-02-01,62,Coach
498,VTROXP8MV0SB4CGQ,F,1994-03-24,31,Athlete
499,WDC61N9BYQRCCRZ7,M,1994-03-30,31,Athlete
500,WT6AKE9H8ZXHTSXZ,F,1955-06-13,70,Athlete
501,WTL21R8U7TEKN3ZG,F,1988-06-02,37,Athlete
502,X13D00JGB5XQ7SA4,F,1965-09-08,60,Coach
503,X1P0E0IRGZWICT9A,F,1985-06-02,40,Athlete
504,XIDJNTL8G0L88K3R,M,2000-12-19,24,Athlete
505,XK6XTX5NIP3TGJN4,M,1979-06-11,46,Athlete
506,ZAC1ROC81RPBSY9M,F,1990-03-12,35,Athlete
507,ZGBX4P9X93Y4ZDHP,F,1993-03-19,32,Coach
508,36P4DN4DNU18BQMR,F,,0,Coach
509,3BKMAACO3F3L3XWS,F,,0,Coach
510,5AY28MGV8W2PFC1Z,F,1995-05-13,30,Coach
511,6KD6XFPCYWGBMO7W,F,1979-03-06,46,Athlete
512,7ZAFB4BEC8FMT5YF,F,,0,Coach
513,95GD9LB6J7DZIP4F,M,1983-06-16,42,Athlete
514,95NDE1E2F4L84NX6,F,1992-05-18,33,Coach
515,98CC3TIW9TRXHCAG,M,1974-05-17,51,Athlete
516,9IEG79GF5AMV58JL,F,1975-10-17,50,Athlete
517,9TY0I4JI0TMQ984G,M,1959-06-29,66,Athlete
518,A7CY6O1CCXAI6AI6,F,1994-05-08,31,Athlete
519,A8FXY56H0NAKGGKM,F,1969-09-12,56,Athlete
520,AHIYDMQMVB04NQIW,M,1971-01-09,54,Athlete
521,BAJ7ZDGD1XLA2632,F,1952-10-23,73,Athlete
522,CIBI8B9XT4RKW07G,M,1990-05-07,35,Athlete
523,DU28G47LMOZDKQXO,M,1947-11-09,78,Athlete
524,F35U8BI21YPIFGDK,F,,0,Coach
525,F9QA56RWUK2IZXNY,M,1992-10-30,33,Athlete
526,FHKSGC63VJUDZYBQ,M,1979-04-02,46,Athlete
527,GBCY2MWZ2LSJRPDO,F,1992-09-13,33,Athlete
528,HRDGQS9NT7GX9TII,F,1995-10-02,30,Coach
529,IV7O6ZEXTS1HE3VG,F,,0,Coach
530,J6U2AO2R5GKRN6EN,M,1988-06-14,37,Athlete
531,JNKH9L4DAJHNJT26,F,,0,Coach
532,KIP91XCOMMBG1GU8,M,1979-04-02,46,Athlete
533,KTCL5C1ISG35V6EZ,M,1981-06-03,44,Athlete
534,L0I7IOERT6WLTV33,M,1990-12-25,34,Athlete
535,M7DX1680KN7ICNYQ,M,1994-12-17,30,Athlete
536,M8Y8TX4XNTABB6C8,M,1989-10-01,36,Athlete
537,MFV1AE0F0FCYUYP5,M,,0,Coach
538,MJFVYFT826ALUXY8,F,1967-04-28,58,Athlete
539,MO5AKGHQ6MY7WPSA,F,1985-08-08,40,Coach
540,MOZZVWZNJPPU3SO3,M,1991-04-30,34,Athlete
541,N6F3QA5Y0WDRZVUV,M,1967-06-05,58,Athlete
542,NH7MCG786A4DQJZX,M,1970-05-20,55,Athlete
543,NR1D4A96PU01IACZ,F,1980-07-17,45,Athlete
544,NUQJDHIO9B7NO3VZ,F,1972-08-08,53,Athlete
545,O32NNWE6Q0PUUVPI,F,1998-11-07,27,Coach
546,ODATBBW1SJOAUDWC,F,1990-02-17,35,Athlete
547,OUZ21F89LSR8KC69,M,1970-06-26,55,Athlete
548,PIBXSUIDVXTALY58,M,1966-12-28,58,Athlete
549,PSCQEHSY516AUI66,M,1974-05-09,51,Athlete
550,Q1LEGHIFQDLQC4LA,M,1992-11-07,33,Coach
551,RMZ7F5WOLQ8OJ2CO,F,1987-02-23,38,Athlete
552,S824WRPBERUNI6JE,M,1990-08-06,35,Athlete
553,SYE7P72VJEBG2EFH,F,,0,Coach
554,SYZ98GS9R2DNT4LL,M,1989-04-16,36,Athlete
555,T0B135G2BYDBJEFO,F,1990-03-08,35,Coach
556,TADQKJKME543I6RI,F,1989-02-02,36,Athlete
557,TF00C5TW0MOMEN3B,M,1998-02-17,27,Athlete
558,UBG5ZTWQEDSVYX8Z,M,1978-11-18,46,Athlete
559,UCXX0P2IA4WHP1UA,M,1985-02-12,40,Athlete
560,UP03Y6UT3D7R3OQ7,F,1982-10-17,43,Athlete
561,UZ50IBG0SO9H7RGR,M,1963-11-02,62,Athlete
562,VDPOTA03QBTYF4HA,F,,0,Coach
563,W9JC5USFOAJPCRRR,F,1976-10-27,49,Coach
564,WYT5K607CZYGP24J,F,1977-11-10,48,Athlete
565,XB1AECCFLCQUU7IK,M,1967-05-03,58,Athlete
566,XKWOTDONYY6YIPGJ,M,1994-05-13,31,Athlete
567,XYNG6TGZAASPQRDO,F,1980-04-30,45,Athlete
568,XZZEHNSWD1MUBWAV,F,1980-04-18,45,Athlete
569,YZ8UWLJF782BHM6K,M,1991-01-24,34,Athlete
570,YZY76UMB4YRJJF0F,M,1953-06-28,72,Athlete
571,Z4555O1AT592UCX1,F,1999-08-10,26,Coach
572,ZG5926A9X7TQUQ66,F,1977-04-08,48,Athlete
573,3Z4A60RH9R8WGR36,M,1984-06-09,41,Athlete
574,3ZGKZKZ9ZGD901YF,M,2003-05-08,22,Athlete
575,4W0BFVT2EWG1XCVJ,M,2007-01-24,18,Athlete
576,6SM1D1PV3O99SP3S,M,1987-10-06,38,Athlete
577,6XIK3BGB0DF090RC,M,1987-04-02,38,Athlete
578,7LQJP68061EYCPP0,M,2001-04-22,24,Athlete
579,BSQPBX24E0X4FS3D,M,2001-07-17,24,Athlete
580,FIMLZ6NL6ZB00GJH,M,2002-04-12,23,Athlete
581,JSWELOAG4Q0WJ5SV,M,1982-07-20,43,Athlete
582,MDVAVTWP86CMFD13,M,1998-04-06,27,Athlete
583,N60JHDJMWHXDIM57,F,2004-01-08,21,Athlete
584,S32NYO75KZUI9D5E,M,1982-08-12,43,Athlete
585,W2YJZ7E4GDES8CDV,M,1992-12-28,32,Athlete
586,WFRSE4Z2K9ZMYWQL,F,1968-04-05,57,Coach
587,ZCDGLRXXBR446D9J,F,2004-01-08,21,Athlete
588,1L17JYIU3QGSY7F2,M,1996-09-06,29,Athlete
589,1O4AHGZOC8QOY5T1,F,1967-05-11,58,Coach
590,3P2K2C902O3T53RX,M,1990-02-22,35,Athlete
591,46YT2NZ8DB5M5GF8,F,1995-09-12,30,Athlete
592,5NSH8O0A8A60JVXS,F,1985-04-28,40,Athlete
593,7TID27XU8WCOFCZ1,M,1998-03-09,27,Athlete
594,82SO11VC2O7LL1UG,M,1989-10-22,36,Athlete
595,9JB1Y12C0I6PQNID,M,1990-12-27,34,Athlete
596,9U5Z3QKLFGLXSIT6,M,1999-07-14,26,Athlete
597,C063V2XNP0J6ADBR,M,1993-06-09,32,Athlete
598,DDN22FY2PNNXUVEG,F,1996-10-11,29,Coach
599,EE3GOLO8C0UGYNER,F,1997-09-30,28,Coach
600,GYYAKJ7QKD8JJTXO,M,1999-06-18,26,Athlete
601,HW1OSYLKEIRMV045,F,1984-12-05,40,Coach
602,L1AUTQ30VPBV2538,F,2000-10-24,25,Athlete
603,L7KT9OLLFUYPRGFU,M,2000-10-09,25,Athlete
604,LZSRYRJW89GHOYGB,F,1983-04-09,42,Athlete
605,N5HFI1CRCUFCYSZ3,M,1986-09-13,39,Athlete
606,OOJEIURP66KPHD2X,M,1963-11-19,61,Coach
607,OROBY7BYQNM8O2YA,F,1972-11-30,52,Athlete
608,QTRUR3H5IN29WVLX,F,1981-06-06,44,Coach
609,RWI3T7T4BSP4CTLW,F,1990-12-29,34,Athlete
610,SZE67FY1I9P3IGYB,M,1989-04-18,36,Athlete
611,UA9JQ0IE79CJ2OID,F,1970-12-20,54,Coach
612,UJTTFU64W702KHT9,M,1994-01-18,31,Athlete
613,V9VIC0BTHOMPYB4K,M,1978-11-21,46,Athlete
614,X31A4669UT454UUN,M,1993-08-09,32,Athlete
615,Y6UE0VUI4VIG5LUP,M,1990-07-27,35,Coach
616,Z41JATTSOHSAZ1ZJ,F,1999-07-05,26,Athlete
617,Z7VRML5TIFPSMFKQ,M,1995-06-16,30,Athlete
618,ZWC5XXDXYEMF14SM,M,2001-01-15,24,Coach
619,292DRUAMOZGNTZ5W,M,1978-12-06,46,Athlete
620,3OX0NMDMKXG8VV3F,M,1980-02-28,45,Athlete
621,5IHCHFX02X2L3VGH,M,1989-11-12,35,Athlete
622,898SQSTP9U9N8MJB,M,1996-07-04,29,Athlete
623,9MO4A2RCUNGJLSM2,M,1986-08-24,39,Athlete
624,ED2ZHY52XVIB1GV4,M,1992-08-29,33,Athlete
625,GNRWUR47MPSTZ7YK,M,1988-05-06,37,Athlete
626,HMXLM791PW2ICMTK,M,1986-04-27,39,Athlete
627,K7M8L866Y09SPS9C,M,1990-05-07,35,Coach
628,LJ694N3TDAYUNEHO,M,1983-03-28,42,Athlete
629,R1SUIZFWYYBZ5IH1,M,2003-03-29,22,Athlete
630,R56E0HLGGI7QI6B9,M,1995-03-29,30,Athlete
631,SYRSY6WFEN2A6QA6,M,1989-11-10,36,Coach
632,XQS26XL5R3JIY3DC,M,1993-10-15,32,Coach
633,Z0W7TUYR8584BDY1,M,1971-07-11,54,Athlete
634,Z5K9BYEHTELCZWM5,M,1992-07-06,33,Athlete
635,,,,,
636,0FQEFUV4IO4UK7FC,F,1977-06-29,48,Athlete
637,1EX51ZGTIYSLWLLC,M,1962-07-05,63,Athlete
638,1TZKG5XNJQWO2IBP,F,1979-07-11,46,Athlete
639,220DT6M317PTUVRU,M,1973-02-11,52,Athlete
640,36EQMASZXNW5UI97,F,1953-04-13,72,Coach
641,3AQ5CIQXFXGAFZEN,M,1995-05-29,30,Coach
642,3ECTYM55RYY9XVTA,M,1966-05-17,59,Athlete
643,49CFMRCPZ20TNHUP,M,1992-11-04,33,Coach
644,5DDTTV1CINDC8V72,F,1953-03-14,72,Coach
645,5KMP3WSREFS6LMJY,M,1977-02-10,48,Coach
646,5LXJVOXQP2QB977O,M,2002-05-10,23,Athlete
647,62T6J6O7YCZSVTE6,M,1965-12-21,59,Athlete
648,6C50HXBJ15PLLQJJ,M,1979-12-25,45,Coach
649,6U95HQBJ6R9BWHZ1,M,1995-12-05,29,Athlete
650,7KR9YE77MNKDIADY,F,1984-11-17,40,Athlete
651,7Y0M1VTOTOLGVWAC,F,1997-06-04,28,Coach
652,8J0J7PN5HIFEX6WP,F,1962-09-18,63,Coach
653,9GJSWSLDI85ZPVNW,M,1978-01-20,47,Athlete
654,A4EOTQA3PFQ01XVX,M,1965-10-29,60,Athlete
655,A7THDD096VYQR66X,M,1969-05-06,56,Athlete
656,AECCJ6F2IVIJY3WU,M,1979-08-31,46,Athlete
657,BML7DODX94VNLN5A,M,1975-11-25,49,Athlete
658,BQADA6CGX22D5HU1,F,2003-06-30,22,Coach
659,C8FNKCSRAOKP2LBB,M,1961-08-10,64,Athlete
660,CBOB0RFNFGK2JYAQ,M,1986-09-01,39,Athlete
661,CJJ4FLX8GL7QMWS6,F,1992-04-23,33,Athlete
662,CKWSWOFZ5IESGLOE,M,1967-12-01,57,Athlete
663,EVT2KXL8GF230QKC,M,1991-08-19,34,Coach
664,FAHGRPUA8RXMXJJ9,M,1997-01-06,28,Athlete
665,FGL83VSSBWS49CVX,M,1996-07-05,29,Athlete
666,FJBC5GPCDWIKWCCI,F,1983-07-22,42,Coach
667,GJ8555TM0QCBXHIS,F,1950-03-20,75,Athlete
668,H7GIRN491UM5T76S,M,1971-03-16,54,Athlete
669,I3CIFOG3KGZY1F8T,M,1978-10-07,47,Athlete
670,IKPHVK8ML5C39ANX,M,1978-02-24,47,Athlete
671,INAPQ15JPSDBH2AV,M,1979-12-06,45,Coach
672,J7I1S8VENXYVBVQT,M,1972-02-07,53,Athlete
673,JLJPEMCWZL27OKSH,F,1981-02-26,44,Coach
674,L6Q171D4ZCD7HLLS,M,1973-03-14,52,Athlete
675,MDXE4V9E3CU9GVQI,M,1997-11-19,27,Athlete
676,N46V9Z1MTYJ1ALKB,F,1971-01-20,54,Athlete
677,N5CKAEKUO2ZIYU4I,F,1952-11-24,72,Athlete
678,NSZGE29NSQA6Q14W,M,2002-01-25,23,Athlete
679,O5MRV8LRUCZ4T45A,F,1997-07-23,28,Athlete
680,ORZZ9JGIVFM8CF8N,F,1993-03-23,32,Athlete
681,P9MHHR3SCQPKPC2R,M,1999-08-10,26,Athlete
682,PU23LKATJZQXP7GP,M,2000-08-24,25,Coach
683,PWLGFPXHZ04SV926,F,2002-09-27,23,Athlete
684,QRCZJ0GEMAWFRPTI,M,2007-07-22,18,Athlete
685,QTNQTXRDCDLVTQML,F,1988-11-03,37,Athlete
686,QWYZ4XNLL980RMP7,M,1966-10-28,59,Athlete
687,RFS0TMUV2IUNNOQP,F,1952-03-18,73,Coach
688,TN9JHKYFFD41CRD2,F,1987-03-06,38,Athlete
689,TX0CCYXWTZN10V5Y,F,1993-06-16,32,Coach
690,U8CYU4YG1FZEWEHH,M,2005-08-24,20,Athlete
691,UE1T2VUJ03RCE89N,M,1999-05-28,26,Athlete
692,UH4O4IFEWESPKRXW,F,1995-06-26,30,Coach
693,UO8WS840KDV8LY5Q,M,1993-02-07,32,Athlete
694,UQ45GFV0ZY55K4VP,F,1997-01-31,28,Coach
695,UW9TNTZ3KMYIULID,M,2003-10-05,22,Athlete
696,V0FHF5N9GR9SGQOD,M,1993-12-24,31,Athlete
697,VII8FBAQ246LVFSC,M,1959-12-31,65,Athlete
698,WBJ0B98664MD0UMR,M,1953-10-13,72,Coach
699,WWPV7Y1HO302Z767,M,1969-02-08,56,Athlete
700,WZDUOCU37BS5X2G0,M,1981-05-12,44,Athlete
701,YUNB5JK6HOQ6Q1BN,M,2000-03-22,25,Athlete
702,YVP5WCX0O65P6MBY,M,2001-09-12,24,Coach
703,ZBAI629XL58VC6QU,M,1980-02-22,45,Athlete
704,ZGFGTV60Q52EVELI,M,1997-10-13,28,Athlete
705,17JXSGBF7KJCZVGK,F,1964-09-10,61,Coach
706,214LG7V1OVJVIO55,F,1977-03-20,48,Athlete
707,4FR98PVN4QT3FA3Z,M,1991-09-15,34,Athlete
708,8V32ILCMKGWHBCP4,F,1989-07-16,36,Coach
709,CKBI56V19XYAT2PP,F,1990-05-04,35,Coach
710,J16XLXMZ5GLUWJ7D,M,2000-06-28,25,Coach
711,JSQPV1Y6PFCVVQQE,F,1964-07-23,61,Athlete
712,MLNW5FV9DZ6T5QGF,F,1992-07-16,33,Athlete
713,NWXNQT2A5TTG54ES,F,1952-11-23,72,Athlete
714,OFKO943X5N6AGZG6,F,2001-01-05,24,Athlete
715,TSDAFBS7W0Q0HGAD,M,1995-09-09,30,Athlete
716,303IL0UPKWVK97FT,M,1966-11-06,59,Athlete
717,47RFYLLSMFMHX5JK,F,1970-12-03,54,Athlete
718,6V0EE57VV3AQL0UN,F,1977-01-12,48,Athlete
719,B7RHAUE95ZWDQ6ZZ,M,1959-08-24,66,Athlete
720,EJ3JPMK5ITQ9TYFR,M,1990-02-23,35,Coach
721,G0D5PZ7RTI2DJNYE,F,1974-04-20,51,Athlete
722,HUVHJW87Z5CVX2U9,M,2006-01-29,19,Athlete
723,LUJ17IV7KTBSOXDH,M,1995-09-17,30,Coach
724,XNOTK0OOYQS1816A,M,1982-03-09,43,Athlete
725,XU98ABOINWY22CHO,M,1973-12-20,51,Athlete
726,0N0T62L5XZRKSZOZ,M,1972-02-26,53,Athlete
727,2HAKWQ7R1FA2Q6TC,M,1991-05-08,34,Coach
728,2ITBMFK1MB7352QG,F,1990-06-13,35,Athlete
729,58XS37ZRD6CPF1LH,M,1969-05-21,56,Athlete
730,CLJJW7IZGVHDB1W1,F,2002-11-20,22,Coach
731,HFM9YWLDNP74GVZU,M,1982-01-10,43,Athlete
732,HQUYOB4B3AE61BJJ,M,2003-01-07,22,Coach
733,MECMDFJ23RBEBBDV,M,1961-03-16,64,Athlete
734,MU8U0663TRLFO3WR,F,1988-07-23,37,Athlete
735,PJ1KFNYTOT3CRMQE,M,2003-10-12,22,Coach
736,UDSKQA6JJS8Y17U8,M,1982-09-30,43,Athlete
737,Y5JX3TDNW6NR6C9P,M,1989-04-12,36,Coach
738,3AO4V6KWYYJIB1FM,M,1989-06-24,36,Athlete
739,AISD8D15TVH33TDB,M,1991-11-12,33,Athlete
740,G85OPG9TUP8UEO5Q,M,1993-03-18,32,Athlete
741,4PQXC7WM0S5GHJD2,M,2003-08-05,22,Athlete
742,CR4JJSV7TEBPQG3W,M,1976-03-23,49,Coach
743,FODSEBA2PN7PPDRY,M,2003-09-14,22,Athlete
744,OMDS6Q8DJOWX9IW7,M,2005-03-05,20,Athlete
745,VRDXNU9VI44KS3LW,M,2007-11-07,18,Athlete
746,WBY5W61TWEETYS08,M,1996-10-16,29,Athlete
747,02D2D8KJBWU2UEV9,F,1991-01-10,34,Athlete
748,0BO0H1N1Y7WCJ7SD,F,1986-05-29,39,Coach
749,0HCWH4JW2D6OPJM6,F,2000-04-14,25,Athlete
750,1I5T41VZZA6V8RD6,M,2001-01-30,24,Athlete
751,23FVGZNT56YPKDN9,M,1997-01-09,28,Coach
752,383PHBVXCKNLP3KK,M,2003-09-19,22,Coach
753,45Z2AF024C2HZTNL,M,1997-04-05,28,Athlete
754,9GU1B0SPHL0G92LT,F,2003-05-29,22,Athlete
755,AJ6IOL2YH5KLFHXL,M,1999-02-09,26,Athlete
756,KI4YOR9QV2DD12OG,M,1984-02-20,41,Athlete
757,ND9I8FQQHGLTSOCX,M,1988-03-30,37,Athlete
758,P2JF6TLJ44SECJBG,M,,0,Coach
759,P3AJRUEJLX00UZLF,M,2001-05-04,24,Athlete
760,RCH687UUG24KH4XJ,F,1991-10-05,34,Athlete
761,RNW2GEMNFQJSLDEJ,F,1994-02-15,31,Athlete
762,ZCW69CQSV5MHKTBC,M,1971-08-04,54,Athlete
763,04VEUKZI76DA58OB,F,1997-06-26,28,Athlete
764,1EEOPMN6092XGC0T,M,1986-10-19,39,Athlete
765,2A7ZYJMF5CYH66EN,M,1994-05-20,31,Athlete
766,3A2J1WRU1C2Q29ES,F,1987-06-01,38,Athlete
767,3A7KJ7HC9KXIVSID,M,1993-11-27,31,Athlete
768,3BLPRZRHFR1VMK0T,M,1995-11-14,29,Athlete
769,3Q86U1KKVI1L4QEM,M,1992-02-03,33,Athlete
770,5UZGEB1FRSIWRX0T,M,1996-10-12,29,Coach
771,69NWY3XFR3SIHN7F,F,1979-05-23,46,Athlete
772,79F3JP8ONX4AO5C1,F,2000-09-25,25,Athlete
773,9GJMABXP0T2HZ1SF,F,1999-04-16,26,Athlete
774,BVG9SNBAE8LGXZBM,F,1977-10-06,48,Athlete
775,CNY0F3CHGFT0PDGV,M,2002-05-27,23,Athlete
776,D85435M43P12KM1P,M,1957-02-01,68,Athlete
777,DHFDG590VOIDUC9X,M,1999-02-01,26,Athlete
778,DUI78TP9KYNM8LM0,F,2001-10-31,24,Athlete
779,ETG8TRA32W5L978I,F,1982-09-16,43,Athlete
780,FMEC5ENVJFY3RA0U,M,1998-12-07,26,Athlete
781,FQ40BK9KYVQ6TMIH,M,1995-10-30,30,Athlete
782,GO784LB60V578YBJ,M,2000-07-10,25,Coach
783,HCU7APW74S55CEVB,F,1997-06-19,28,Athlete
784,MBLY7D9XGBE7AN50,M,2004-06-07,21,Coach
785,OP2LD1BTF4S90XA1,F,1990-03-24,35,Athlete
786,PQ4M839MZC5PP6JZ,M,2001-11-08,24,Athlete
787,PSSNXK210CL0EM6O,F,,0,Coach
788,QMQRFLETHE55C7P4,M,2006-08-21,19,Coach
789,THT2DP3OWQISSZZU,M,1988-01-02,37,Athlete
790,TMCXG6LRBZZUAO15,F,2003-07-22,22,Coach
791,UTCI48WDD69CW3MJ,F,1989-08-06,36,Athlete
792,V7GZAOVPWBN4DGFR,F,1965-08-09,60,Coach
793,VI24LC50GOY3ISH4,F,1992-11-12,32,Coach
794,WZXQRGH24OOOXMXH,F,1994-05-24,31,Athlete
795,X6RXLDOE88HZELE4,M,1977-07-15,48,Coach
796,XYBB2A1BGO9O22K8,M,2002-09-07,23,Athlete
797,Y3O9N2M0N2L54JS6,F,1980-12-03,44,Coach
798,0CNBE8U0BFZCOTLC,F,1993-07-21,32,Athlete
799,4Z8K79QMUPWOK735,M,2001-04-26,24,Athlete
800,59XQTL8YOGCB9DU2,M,1997-12-02,27,Athlete
801,5MJU4A0ORL4CDZQR,F,2012-02-27,13,Athlete
802,5UYKRQWGGYYGVEGS,M,1998-05-09,27,Athlete
803,5YM4IUAKCU8XB9LL,M,2007-12-02,17,Athlete
804,9KSIIFZVUWGY1DT1,F,1977-01-06,48,Coach
805,BBXY8XT6DC87MCRL,F,1992-05-24,33,Athlete
806,CVGZ5W9M4EMQ10QK,M,1991-04-08,34,Athlete
807,DQKRB18FZBSJG95I,M,1961-03-17,64,Coach
808,DUOAZINDUKNHQUJP,F,1980-09-08,45,Athlete
809,EJ35L2V51ULXH949,M,2010-05-10,15,Athlete
810,OG8J09NH19VQ8YK7,M,1993-09-24,32,Athlete
811,SQDPOFQG2ZGJVIK9,M,2000-06-10,25,Athlete
812,TVMW47IDFQM5Y9VL,M,2000-11-14,24,Athlete
813,VOKZ90XIO4AMIDI9,F,1984-04-14,41,Athlete
814,VPVH4VNKPZKL5IW7,F,1965-07-26,60,Coach
815,088E0D972DQVXS54,M,2000-04-28,25,Athlete
816,0HDCXOF1ABFJ801F,F,,0,Coach
817,1LUI5YPEI4N8HDKD,M,2007-04-03,18,Athlete
818,228O9HXFMTFR9UI6,M,1995-04-02,30,Athlete
819,2GARDYEFF9HB2BJX,M,1999-10-25,26,Athlete
820,2IONZEWWAVE5DA86,M,1979-06-12,46,Athlete
821,2R2H499D8XCWKVTC,M,2005-01-22,20,Athlete
822,2YFD6NBUCPJ5HUQ3,F,1981-02-11,44,Athlete
823,34KDCKSH94AYL1PJ,F,1993-08-17,32,Athlete
824,51YUA8ZLX9AGBU7G,M,1987-04-23,38,Athlete
825,5P10ZIACA7M4TOT6,M,1984-05-07,41,Athlete
826,5PWPLX5H0PI8UMRB,M,,0,Coach
827,6DW8AQBMBG19BGTJ,M,2000-12-30,24,Athlete
828,6LT0TL594RFAYQ1O,F,1958-08-31,67,Coach
829,6PL5A0HW3IG4THBM,F,,0,Coach
830,8JRKLOIWZMJ3Y785,M,1997-06-04,28,Athlete
831,971DKK0LZJI6VNVL,M,2006-01-06,19,Coach
832,AQPC3SB1L829DFWA,M,2003-07-17,22,Athlete
833,ATFBU4WVYUOPYAYL,M,2001-11-06,24,Athlete
834,BGE4M93UQ1LXM3W8,F,1987-01-10,38,Athlete
835,BLC09HT95MMAEWW0,M,1977-12-01,47,Athlete
836,BV35E6M0QA1PXNV7,F,,0,Coach
837,BW3BR7EW2GX66LHW,F,2003-05-23,22,Athlete
838,BX1SXA23X4PREBVD,M,2007-03-03,18,Athlete
839,C74QEVIQ8SD3FI5K,M,1967-03-13,58,Athlete
840,CD04C55VXTXG1XBV,F,1988-06-28,37,Athlete
841,CF5I7FQ2P7JPRF2E,M,1960-11-12,64,Coach
842,DWKULK51THVN1RSY,F,1983-02-20,42,Athlete
843,E1ZTTFK3FJYXJ4PA,M,1991-08-14,34,Athlete
844,E5KWGZ9IAX97E3NE,M,1994-12-08,30,Athlete
845,EB9DPVFIL5MW5Y8E,M,1964-08-27,61,Athlete
846,ENIMRPWP8T13IGAX,M,1966-11-02,59,Athlete
847,FA85WF86A91W4POH,M,1999-12-30,25,Athlete
848,FFAMN0UFGZ2FC188,M,1990-03-02,35,Athlete
849,FUL1XIZ41IPGVKQ7,F,1969-03-21,56,Athlete
850,G9YST1RC26FUKJY3,M,2004-07-22,21,Athlete
851,GA7YD0DEULAYNT20,M,1988-07-22,37,Unified Partner
852,H9XUU2LWQEHNI8LU,F,1982-03-31,43,Athlete
853,I8D7YPZETZVZDADY,F,1986-08-08,39,Athlete
854,J4PZFOX0DOEFJMMV,M,,0,Coach
855,JD1AOG2S8SLQD2F7,M,2000-02-09,25,Athlete
856,JD27ZGVDZYHLWX3Q,M,1968-02-09,57,Athlete
857,KII0W1FRFYJSFEPP,F,1981-03-17,44,Coach
858,LFGSE9536C8AWV8K,M,1984-06-05,41,Athlete
859,N7VTV7FGTV42DJJD,M,2005-09-19,20,Athlete
860,NXJPHTIP54U33MKB,F,1999-06-04,26,Unified Partner
861,OS0C7WLV31MWMTW5,F,1995-04-22,30,Athlete
862,P5HNDLNNOKGNOR1Q,F,1990-11-04,35,Athlete
863,P6ZZ9CPLJ823CI2V,M,1993-08-03,32,Athlete
864,QDSQVT2FGUV3RIG5,F,1966-05-22,59,Coach
865,QI1PB6XJ4GWB1KQS,M,1989-06-20,36,Athlete
866,R4KSJUC09EA5UDWJ,F,,0,Coach
867,RPNTGDKUZ1K49MDK,M,,0,Coach
868,SEI3KRDLKAQWNHGY,M,1982-05-14,43,Athlete
869,TW65EWEJB2W2PA70,F,,0,Coach
870,VE1CZAH3AFFXPRYR,F,2007-06-22,18,Athlete
871,VU783MJSM3TXRNRG,F,1972-06-07,53,Athlete
872,W7C5MU1HWM884V4R,M,1991-06-07,34,Athlete
873,XMLOIZJ7A3IMTY7O,F,,0,Coach
874,YAE6SULOROTFCUWP,M,1965-10-13,60,Athlete
875,2MFVOAJF61XSKS4Z,F,,0,Coach
876,3RG90CZGEHCWYKFH,F,2005-06-17,20,Athlete
877,B6KSUNYNHW2KTS2R,M,2000-10-06,25,Athlete
878,EDAOWB5MFZTSHKMR,M,2008-10-26,17,Athlete
879,EN80HRMM8XVPWX4H,M,1985-03-10,40,Athlete
880,FJ2M92GG7VK1HXD4,M,2010-08-26,15,Athlete
881,GML3ME7GZ20E85UM,M,2002-03-01,23,Athlete
882,IHV1LZ419478F2IU,M,1994-04-03,31,Athlete
883,MYH1OV1KN8TQ9KJ6,F,1970-10-03,55,Athlete
884,N32U7Q4SPFEKX2RK,M,2012-05-18,13,Athlete
885,R0LRUATX4R0ALO6H,F,1998-09-02,27,Athlete
886,TO1EQBYSN2RAPVJU,M,,0,Athlete
887,YH8244I2YHTRF30N,M,,0,Coach
888,YJNMPZAQZV2H4OHD,M,2007-08-20,18,Athlete
889,ZEIQPN2KU1OOL6EW,M,2012-11-25,12,Athlete
890,FWGJTCXM7DMYR5VX,F,1963-08-04,62,Athlete
891,WW9N8JFIIWLOT1VN,M,1979-03-07,46,Athlete
892,ZVY3NOW8F0TYUHG3,M,1978-05-23,47,Athlete
893,0IH8XCG1LQBF56OF,F,1983-03-28,42,Athlete
894,10M2K329YEDVPYII,F,1996-04-08,29,Athlete
895,1D5RJEFO0FMBINZZ,M,,0,Coach
896,2ESVQ12MFKRK4G4X,M,1994-03-08,31,Athlete
897,39EU1JLE9FFZ4Q0W,M,,0,Coach
898,3Q4FHIB5HUMAHEQO,M,1975-09-05,50,Athlete
899,3SJOFXY0Y8KTGJIO,M,1983-11-20,41,Athlete
900,4LYVQ7MHBDIJDCPY,F,2010-06-14,15,Athlete
901,4M6ITSSFRR39E65J,F,,0,Coach
902,4XPH11QD9UU67H2C,F,,0,Coach
903,55IKJRV12OM48C3X,F,1966-05-26,59,Coach
904,5BRN9H03MXDZ4CIV,M,1987-07-21,38,Athlete
905,5GXT0YTIEX8AXV06,M,1977-09-17,48,Athlete
906,5P619LTOQJ56TIIP,M,1978-08-09,47,Athlete
907,625HBGB5XRGDZ1VG,M,,0,Athlete
908,79PQEL6D29V2JDHT,F,1966-11-18,58,Coach
909,7IUOK2TW4FNANK32,M,2007-09-10,18,Athlete
910,7MH7EC1CI05J0CKK,M,,0,Coach
911,7N49ELZ5CS933ZU9,M,1990-04-20,35,Athlete
912,87H1FL6J7GNA847B,M,,0,Coach
913,8Z6QD68IQ4SYKD18,F,1979-06-19,46,Athlete
914,94BON7NI76ZJDXPB,F,1964-01-13,61,Coach
915,9DI3L0CTUUCZROU7,M,1958-03-14,67,Coach
916,9DWKS8PVW07080CC,M,1999-05-31,26,Athlete
917,9IFQ2C79NB445RK8,M,1995-02-23,30,Athlete
918,9KT19PPPDDWC5VXF,M,1964-04-23,61,Coach
919,9WZ9DH10X1MMDX0N,F,1989-12-05,35,Athlete
920,9XJ9B3NKC7NXF53A,M,1992-10-14,33,Athlete
921,A3E7SAJL0AQ5PHZO,F,1991-02-14,34,Athlete
922,AYCVU9HFN9UWSL4N,F,1991-08-29,34,Athlete
923,BC3SB8L4RA3MKW7T,F,,0,Coach
924,CGXX5IKOIJOQ6YVY,M,1994-09-18,31,Athlete
925,CKDNMF9CY7FCTS7M,M,1984-07-24,41,Athlete
926,DNH3EA6JA2XMUV6K,M,1964-01-18,61,Athlete
927,E5RS4T1WRXS4RID2,M,1968-09-15,57,Unified Partner
928,E7YF2L10L93NXRNB,M,1956-09-18,69,Coach
929,GP80AWM91O0U2D3M,F,1990-08-26,35,Athlete
930,H9FQ1J8UDJB6OLMN,M,1970-07-24,55,Athlete
931,I10KY2O0KZGEBZOY,F,1992-01-18,33,Athlete
932,I8O6V5V0VF3FCY7O,M,1984-09-02,41,Athlete
933,IQBVB2A7HQOR4BHH,M,1979-12-09,45,Athlete
934,J0ZEDVF0ZZ6OBDNH,M,,0,Coach
935,J1OJQ3A27HSUC92T,F,,0,Coach
936,J8DK6OX5FN6CPDKF,F,1994-12-15,30,Athlete
937,JGB3AAVH926FC4V5,M,2005-06-21,20,Athlete
938,LITTZDL0QZKHLILT,F,1985-03-04,40,Athlete
939,LJ3A7CJTFIS5BSLD,F,1988-01-14,37,Athlete
940,ML64PX9BL3W4H4A7,F,1979-07-18,46,Athlete
941,N5URJHF3FG6XRJR9,M,1978-10-03,47,Athlete
942,NK5250QUQ87N5OCP,M,1991-08-23,34,Athlete
943,ODHLWRTIJSN54LHM,M,1997-08-20,28,Athlete
944,OX82QYYRXNWRTNSE,M,1980-03-15,45,Athlete
945,QFI9CEE1P0ER0UFR,M,1990-05-31,35,Athlete
946,QTTQXM980DSVHUW2,M,1958-12-16,66,Athlete
947,QZ8SH7L4CIIZP5SY,F,,0,Coach
948,R7ZLY4ZEGJOVM9W4,F,1979-02-16,46,Athlete
949,RD3KYJHMX63LKGMK,F,1989-02-17,36,Athlete
950,REG6OHL1QOSMQDEH,F,2002-02-10,23,Athlete
951,U1N7AQ9J45MTGE01,M,1992-05-18,33,Athlete
952,VBEICNNG9OUTHD3W,F,1956-09-07,69,Coach
953,VWW8D15UHFYYC72L,M,1959-07-09,66,Coach
954,VXLD0A6JKLXRDAQN,M,1975-07-03,50,Athlete
955,WUUK8PW3HMMBQ1WI,M,1987-08-23,38,Athlete
956,XJV5K1AW3G0J92R9,M,1973-01-30,52,Athlete
957,XOY2N58UZERBU9PA,F,1991-08-29,34,Athlete
958,Y2WVIQRZLAU4IBG5,M,1993-07-14,32,Athlete
959,ZRM2G2RUUTT7JPX4,M,1954-07-20,71,Coach
960,6K856VACIR3C1R1Z,F,1983-08-28,42,Coach
961,BQ5AWHUWHGODUX47,M,2009-11-04,16,Athlete
962,D6UFBPXXLHLRH8BS,M,2010-05-19,15,Athlete
963,E0GGQBNFW6M3B9ZO,M,2006-10-19,19,Athlete
964,KOE1Y5J2SCMX85BX,M,2005-10-24,20,Athlete
965,KT94JSQC4AOMNNQ2,M,1997-05-11,28,Coach
966,W1WUSPEAS6B8A911,F,,0,Coach
967,WLRC2FVU533JK0AT,F,,0,Coach
968,0D75D7R94TGFY4G8,F,2007-10-15,18,Coach
969,65JXOT95Y4EQZMC2,M,2011-04-26,14,Athlete
970,75ULGYP9ZDJ6PXCB,M,1978-04-10,47,Coach
971,76SDZ41YD88JSZ4T,M,2005-12-27,19,Athlete
972,7HPKDJKO5CSUVGUX,M,2012-07-10,13,Athlete
973,8KWH3LXGMVLGDXFP,F,2008-08-19,17,Athlete
974,9FV4SSF05BTEL5C9,M,1985-09-28,40,Coach
975,AN3OKK0XWMZ01Q82,F,1978-08-03,47,Coach
976,CCCH79N7A1EBQ9IN,M,1955-02-26,70,Coach
977,D4SXC09X79A971JB,M,1972-05-21,53,Unified Partner
978,E8T9RDUUICNCX3LM,M,2002-02-27,23,Athlete
979,UQEVIEEANGD5I2KI,M,1977-07-20,48,Coach
980,VNNHH9S2X1D9ABIO,F,2001-10-08,24,Athlete
981,WY13QZRTXXUU8ZMJ,F,2005-09-15,20,Athlete
982,YP27JGN0U1GXB9K6,M,2000-11-01,25,Athlete
983,ZSV6J7JVL4UVRO51,M,2012-05-28,13,Athlete
984,0QLK44C5T74I6EQ3,M,1995-10-29,30,Athlete
985,75JKEEDSTIV9I93S,M,1996-02-27,29,Athlete
986,87PLJG71HJZHE779,F,1998-12-10,26,Athlete
987,EKPXQ9ALMPPSXNSX,M,1997-08-26,28,Athlete
988,IN7KBRY665QAL8ZD,M,1995-11-30,29,Athlete
989,JRDKKGEDE00D61FE,M,1964-12-15,60,Coach
990,KLGM7N7BQWBTU0ED,M,1988-06-01,37,Athlete
991,O18HIYT8ZAVPLY0L,M,2001-10-05,24,Athlete
992,QA9GZXQ91QALDIW4,F,2000-07-12,25,Athlete
993,QO85ZQRTB5XYD941,F,1996-08-06,29,Athlete
994,UGH6RV1UTJSWLMJV,M,1977-10-02,48,Coach
995,VN4XE59QWHDFHTHQ,F,1969-04-08,56,Coach
996,VWRYK0BRBO3CD2H9,F,1989-05-29,36,Athlete
997,WJOVNDOC6653AHVF,M,1999-08-20,26,Athlete
998,YIMO9WGY6ONWFZCF,F,1998-11-19,26,Athlete
999,73TH590J990IXUFV,F,1984-12-24,40,Coach
1000,HLY4L2KA3RICR1O5,M,1975-05-18,50,Athlete
1001,I941RQH6OSP8NDA1,F,1983-02-11,42,Athlete
1002,OXFH2VC3CVAJB6L3,M,1960-02-16,65,Athlete
1003,SP8536MYGXZQ9KSH,M,1958-07-19,67,Athlete
1004,U5Y0UWBDD26KCL30,F,1978-09-12,47,Coach
1005,07KDJWSIC1COOZMH,M,1977-05-21,48,Athlete
1006,1GBVNOYBMG7BJKAB,M,2012-04-30,13,Athlete
1007,64ZPVEU3BLXQZAXD,F,1956-06-05,69,Coach
1008,7QVEWH5VO392UKKW,M,2004-12-06,20,Athlete
1009,ACSE7KHJFIBW6GFC,M,2005-02-03,20,Athlete
1010,F8HW9RB5UTAF5XKP,M,1996-06-27,29,Athlete
1011,HGAELSMA5D9B4W74,M,1971-07-21,54,Athlete
1012,HKSVO0A0C1G4RYW8,F,2007-04-19,18,Coach
1013,HVF8TTARJJ69PTGD,F,2010-08-25,15,Athlete
1014,IV471Z0E0PPVW6L2,M,2007-07-04,18,Athlete
1015,JBF6EE7BY7357BL5,F,2001-04-28,24,Athlete
1016,NA3BZQJ7QWQENQJO,M,1994-10-06,31,Athlete
1017,NXN8BCJ8F1343NHH,F,1993-09-02,32,Athlete
1018,O2ACEHFUEUTW11VA,F,1997-09-16,28,Coach
1019,OJ81OIEJKVGTE7EH,M,1998-05-06,27,Athlete
1020,R43O7AZ8H6YZP1QD,F,1997-07-11,28,Coach
1021,SE84JWTSKVM8DXN7,F,1999-06-16,26,Coach
1022,TE0KMJ3R7LR0TTDL,F,2005-06-18,20,Athlete
1023,UZH70XQE8YM8NRSA,M,2012-12-24,12,Athlete
1024,WMDK169RBPDTLPY9,M,2010-10-31,15,Athlete
1025,WTUE1V5FD0N5N95F,F,2013-08-11,12,Athlete
1026,XP263AN0WQUA60CC,M,1963-06-30,62,Coach
1027,YHCYK0RXQBO4MXQ7,F,1995-01-05,30,Athlete
1028,ZNR5E8B0HTWHTO6M,M,2011-01-13,14,Athlete
1029,1ETAGZA3RACF58J0,M,1995-05-16,30,Athlete
1030,3SC14ENIW5Q8B29S,F,1988-02-08,37,Coach
1031,61BQ7342FAFI17OI,M,2008-08-10,17,Athlete
1032,6RNLK4AFEPWSOC8S,M,1995-07-28,30,Athlete
1033,7QGV3KGU2C9JAAJB,M,,0,Unified Partner
1034,9O7QQ7RMJ6ZF9V4L,M,1999-09-16,26,Athlete
1035,A03XNO2UZEHYS1WR,M,1992-10-01,33,Athlete
1036,CUEE2EZCA18KQTFC,M,2007-05-08,18,Athlete
1037,EZ7KVBTTWWO3OX1C,M,1965-05-22,60,Coach
1038,JE8P3IQF5PWOGXNX,M,1997-02-13,28,Athlete
1039,LR6Q59UVQ93IOUJT,F,1993-09-14,32,Coach
1040,LUJZVFJNEOONVC5Y,M,1994-08-02,31,Athlete
1041,N37N938NG4YFJ6CU,M,1998-10-23,27,Athlete
1042,OZBF5RI1R02VK5F9,M,2007-05-30,18,Athlete
1043,QARPPJ1BUROZVLG9,F,,0,Unified Partner
1044,R7MOAZS3DE3FQO82,M,2000-04-13,25,Athlete
1045,SQLHJOH1SL2NUO2X,M,,0,Unified Partner
1046,T2M2KGJBDFV3ZDI8,M,2004-12-23,20,Athlete
1047,T7A0942I62AADF2U,M,1996-03-24,29,Athlete
1048,UCS8IAYGCDQE7IKM,M,1978-08-18,47,Coach
1049,VRY48S2RGRV19M1Y,M,1994-02-19,31,Athlete
1050,Z9CGNYAAZB99XAT5,M,,0,Unified Partner
1051,0NV86SH6W09ZLJFX,M,1996-08-15,29,Athlete
1052,2WJWSTOHLAAGY3CZ,M,1981-09-08,44,Coach
1053,50IRC9UGTIGNKF76,M,2007-10-30,18,Athlete
1054,61314GADWMV2JYYG,M,2001-03-04,24,Athlete
1055,9WVXWSEYUZZZG4YL,F,1958-12-31,66,Coach
1056,BBKRWBGPLFVFQD4H,M,1999-07-08,26,Athlete
1057,CIMBRT68UDMBHKGF,F,2003-08-26,22,Athlete
1058,DWZPL8LREE9C1B34,M,1998-10-23,27,Athlete
1059,FPWC6PL28XKIJ7EG,M,1993-05-25,32,Athlete
1060,GYLDE6DQAWB5Y9GF,M,2006-09-13,19,Athlete
1061,IW90WFK2CGCOTAYD,M,2010-12-30,14,Athlete
1062,KNQDO1AB4TIKSXIN,M,1976-08-16,49,Coach
1063,LYCI5ER9KVG0VY9I,M,1992-08-04,33,Athlete
1064,OLC7ZQR9E4PWDNNF,F,1954-10-15,71,Coach
1065,RVS5LJ36Q8QVC3MG,M,2008-07-08,17,Athlete
1066,XY0COILIMZWH585H,M,1981-12-11,43,Athlete
1067,ZJYV96VTBEJYIN4W,M,2006-05-31,19,Athlete
1068,033ZX8BL6Q872AD3,F,1986-08-12,39,Coach
1069,1CYMBQ8UPC321MA3,M,1991-04-13,34,Athlete
1070,2RZDW89092T1R34L,F,,0,Athlete
1071,EIA4ECD2EXEGXN3T,M,1977-05-17,48,Athlete
1072,EQQF4V92S868H5PD,F,2007-07-26,18,Athlete
1073,F7GIDIE1YOIBUA2Q,M,1961-02-17,64,Coach
1074,G5YL67PJM62A8DOM,F,,0,Coach
1075,GH7GJYPX1PSI3KLY,M,2016-03-14,9,Athlete
1076,GQA0GFRZCG3C4M8I,M,1988-02-10,37,Athlete
1077,H2RW2M52AYJAYJXV,M,2000-02-25,25,Athlete
1078,HP8KXXDMC865IN4N,F,1979-06-20,46,Coach
1079,I1M6ACWDGSNM7LGU,M,1982-04-21,43,Coach
1080,LEAIJDBVFRAWA0BY,M,1994-05-05,31,Athlete
1081,R2D2DSEES1S3VF4G,F,,0,Athlete
1082,RCQ7AL7N6STTZ7AI,M,2002-11-01,23,Athlete
1083,SIHVEUEH6HREIC5A,M,1992-10-28,33,Athlete
1084,V5N3JG7IWWHZR38W,M,1986-11-24,38,Athlete
1085,V9XVWUI3MPIVJDTU,M,,0,Athlete
1086,0LQLA6PRNTP7ZFII,U,1981-11-08,44,Athlete
1087,1L9OS0TCP3CTZODW,M,2007-11-07,18,Athlete
1088,ACDNW6AK4HVD5JA0,M,1993-05-15,32,Athlete
1089,B7FN83YO7OKC4W35,M,2005-01-01,20,Athlete
1090,BTA0EYZRA8QD95KM,M,1999-06-04,26,Athlete
1091,EGVS6WI53G7W4E80,M,2003-07-02,22,Athlete
1092,EL0S3QSPRWXSWB3E,M,1991-07-30,34,Athlete
1093,EOKBQYROS5B1MUEJ,M,2003-09-25,22,Athlete
1094,ITK90MWV4FR2MYCX,M,2003-03-19,22,Athlete
1095,K01KBRH9M1K2KLXB,M,2004-05-05,21,Athlete
1096,LNIOJNJ3A8HC73IV,F,1996-05-01,29,Coach
1097,N8LZL5D0JC8NW7NP,M,2004-05-13,21,Athlete
1098,NFV2UU22O7Q4TEV9,M,1991-09-07,34,Coach
1099,NWW90Y2BTISY16R7,M,2006-03-10,19,Athlete
1100,P4406SHMLZUCPRSY,M,2001-12-18,23,Athlete
1101,PFPH87D57NW2W06O,M,2006-06-23,19,Athlete
1102,QO1WEIVYCOLQ3NRW,M,2005-08-29,20,Athlete
1103,SCULN8HB6D19MGOT,M,2009-06-22,16,Athlete
1104,VK0D1IGRE06AWE09,M,2008-12-01,16,Athlete
1105,ZTFWZE4I17OYIAQ4,M,2005-08-29,20,Athlete
1106,75US7Q1ZDUJNUKH3,M,1969-04-22,56,Athlete
1107,78RNE4WK6LJFKV46,F,1996-01-26,29,Athlete
1108,B09AG5HG06UZM192,M,1998-10-19,27,Athlete
1109,X7LEH2US8WJNLF74,M,,0,Athlete
1110,1LFT5OR5531JPX9E,M,1990-01-10,35,Unified Partner
1111,2RMGJR64TH6MHPQX,M,1990-03-12,35,Athlete
1112,62UMTSXX36HRDUJV,F,1992-07-02,33,Athlete
1113,B5OH08I84ACX2625,F,1988-04-19,37,Unified Partner
1114,CL7HPQZFHGPTGYBW,M,1999-06-16,26,Athlete
1115,DULPVDS29P7W88GF,F,1996-03-28,29,Athlete
1116,LGRCI3S5X10J14AL,M,1987-07-07,38,Athlete
1117,NEUKQ3L0WYS6ODW4,M,1974-01-10,51,Unified Partner
1118,TEI6PYPPMZ7T77RW,M,1971-10-30,54,Unified Partner
1119,6E00BN576QRBC04Q,M,1995-10-26,30,Athlete
1120,JWS13JL12PRGIGX9,M,2002-08-14,23,Athlete
1121,X13QKKJ41APSSBCR,M,1999-12-18,25,Athlete
1122,YX044ASYDHMHIUIH,F,,0,Athlete
1123,Z6771AOB31LUA5WY,F,1996-10-14,29,Athlete
1124,0ZVLKR4WAL986W4V,M,2005-05-23,20,Athlete
1125,1F1RGQ5ULKAOGKQ3,M,2010-01-11,15,Athlete
1126,1P8GUD9PFHQTXNRT,F,1962-12-26,62,Coach
1127,2SPSNBVLBY6S94WC,M,2009-12-29,15,Athlete
1128,2ZXFFHHSIW8HF52P,F,2006-03-17,19,Athlete
1129,3ICMRKOUU0BX0Q0K,M,2007-02-19,18,Athlete
1130,3OFMW40PX63WHFHC,M,2007-02-28,18,Athlete
1131,3TCJOENJEADEJ24I,M,2006-12-11,18,Athlete
1132,4CGL9YI6XHTBJDOB,F,1988-01-04,37,Coach
1133,4YFAXVM6VSLOO25J,M,2004-09-24,21,Athlete
1134,5HK37HH3PUEMNFPH,M,1983-05-27,42,Coach
1135,5I2FA12LZT3WSBJS,M,2005-10-09,20,Athlete
1136,63VIGMH1F2MCDS4A,M,2009-03-24,16,Athlete
1137,6Q88OME36K3AC296,M,2010-12-23,14,Athlete
1138,6UV0RWMJNXHMBWOH,F,2009-06-23,16,Athlete
1139,6VWL1P2FFA6I0XNA,M,2008-11-22,16,Athlete
1140,71TNZH2C9IP8U119,F,2005-06-03,20,Athlete
1141,85H5246VDCQCINAZ,M,2008-10-11,17,Athlete
1142,92P9UQG7RDG6BNXE,M,2008-12-02,16,Athlete
1143,A4NSM8XHENBX72HF,M,2008-12-16,16,Athlete
1144,A81ASXRRIND4OB2M,M,2008-10-04,17,Athlete
1145,AAUQH5YX1ODRVCVR,M,2004-03-27,21,Athlete
1146,ASKMQXL3FFVVH0NJ,F,1968-06-17,57,Coach
1147,AX1P8G7QHMJYIGOB,M,2008-02-21,17,Athlete
1148,DFMZ2O9R22U4CJ1X,F,2007-12-12,17,Athlete
1149,DGMZB81QFCSV5GKR,M,2008-05-08,17,Athlete
1150,DJIY74CEFCDOLWK4,M,2011-09-14,14,Athlete
1151,DOGGEMLOR2E0JD4B,M,2011-01-26,14,Athlete
1152,DY0CK8ML5UG50Y64,F,1970-11-03,55,Coach
1153,DZX6FKUW6UC96WQF,F,2008-05-28,17,Coach
1154,EQBQ2IL35NSPRZM4,F,2010-03-12,15,Athlete
1155,ET1QZFT4DZ33VXX4,F,1972-05-02,53,Coach
1156,EXBSZFFSSS17JK0B,M,2011-04-12,14,Athlete
1157,FEA91MMTXKJ8XDUH,F,2007-05-19,18,Athlete
1158,GBNCHXIEIBZ3T4SZ,M,2007-09-03,18,Athlete
1159,GPK47CBZVTFC7RF3,M,1996-08-22,29,Coach
1160,LVGKN0WS6JHIBI5P,M,2010-10-12,15,Athlete
1161,MA1AWEFUF69EMT83,F,2012-11-30,12,Athlete
1162,MDC6TA5SC3TY1EXM,F,2009-05-28,16,Athlete
1163,MGGIETD82AF2OOTA,F,2013-12-02,11,Athlete
1164,N8KOK88YV20PBURV,M,2005-02-05,20,Athlete
1165,NAORY39FYSYYVHPM,F,1973-01-05,52,Coach
1166,NWLTQBADEVY22ET9,M,2005-03-24,20,Athlete
1167,OOI9AM55ML8VPF1W,F,1975-11-10,50,Coach
1168,OU1704IKHAK0J13X,M,2005-11-08,20,Athlete
1169,Q5JYXMCLN72UHSWO,F,2011-10-25,14,Athlete
1170,QIR5YYLCZ4SIKQU4,F,1971-11-22,53,Coach
1171,QOADVYNL3VOGD3T4,F,1979-06-20,46,Coach
1172,R2HCNECGSZ2TPADL,F,1969-03-12,56,Coach
1173,SF0LXKKEISU8EPN0,M,2007-01-16,18,Athlete
1174,SIWMOJ19UUA9JSI5,F,2010-08-04,15,Athlete
1175,TQIASG0MXDD3LG6E,M,2011-12-01,13,Athlete
1176,V3OP4EZ08SBJ16E2,M,2009-03-30,16,Athlete
1177,XP3D2I7Z16EV872D,F,2009-09-29,16,Athlete
1178,XX4Q51LMTM08ZXSW,M,2006-03-22,19,Athlete
1179,YHZUQUWNQ6ZBO8CN,M,2008-08-29,17,Athlete
1180,ZY74H7GC0H0O660U,F,2008-05-15,17,Athlete
1181,1V29RVY2XTUA2LCN,M,1987-06-27,38,Athlete
1182,2XIKXUMZ5T5OC172,F,1996-03-21,29,Athlete
1183,32LTWBDF2OPT3AKP,M,1999-09-23,26,Athlete
1184,464F18UZT3F3ZPQC,F,2001-07-23,24,Athlete
1185,4DI81R3YJFQ4J7TM,F,2002-05-23,23,Athlete
1186,4QQJRBD1TDABBFCM,F,1996-03-09,29,Coach
1187,691XLZW5Y676ZKP3,M,1984-10-24,41,Athlete
1188,6PR8C2L6M7EYTXG8,M,1972-02-26,53,Athlete
1189,6SXM2LNQZDVTNPPQ,F,1995-04-24,30,Athlete
1190,7AZFH2K27OVT4FHO,F,1971-09-22,54,Coach
1191,7K7BBIIYMT6JGPW3,F,2004-06-29,21,Athlete
1192,7U7KEVIKHXMJI0EM,M,1990-08-16,35,Athlete
1193,8NQUA44FKLVV5H9O,M,1984-09-18,41,Athlete
1194,9EAZBRK82MCGMJFR,F,1990-05-28,35,Athlete
1195,AGVDKE705G5NNSTI,M,2000-05-13,25,Athlete
1196,C4191PHQ1TSK251P,M,1998-01-16,27,Athlete
1197,CQZ2FBBVGTPXZYMH,M,1983-09-14,42,Coach
1198,DPK3EKD6OXRBOYM0,F,1967-11-18,57,Coach
1199,E5DBU8ZIJSO9LS5V,F,1998-06-21,27,Athlete
1200,ECX56JO5VE001PCA,F,,0,Coach
1201,EYC8I35CK6KYY2MU,M,1985-02-26,40,Athlete
1202,F4MXBUPGPLIFL71Q,F,1979-11-25,45,Athlete
1203,FXVW2WQ456LI0L2X,M,1985-11-26,39,Coach
1204,GD9QT62YLKL62A2O,F,1999-09-03,26,Athlete
1205,GHOHCCJ4ZVBUGHM7,F,1996-07-22,29,Athlete
1206,GX9E39F0OQU826MC,F,1970-02-05,55,Athlete
1207,GZL8SC5IULTSI738,F,2002-09-10,23,Athlete
1208,I9R9PMSV863CT3VR,F,1990-04-25,35,Athlete
1209,IVND85F9WBBDVFW1,M,2000-07-14,25,Athlete
1210,J6TEC7YBUBN41WH2,M,1997-02-10,28,Athlete
1211,LNDQ97T8URLDREOW,M,1999-08-29,26,Athlete
1212,NRIHKX3A17OGK2XD,F,1994-08-16,31,Athlete
1213,OHANZGRZGRJD149B,M,2002-04-30,23,Athlete
1214,OJVX3U9XSWO798F1,F,1994-11-09,31,Athlete
1215,PRLFIZHQOPB6O6FL,M,1975-03-10,50,Athlete
1216,QIZN7KCOPEFOT5FS,M,1997-05-22,28,Athlete
1217,QTJX4QJ4NRVZTREQ,M,2000-12-01,24,Athlete
1218,SSCGOJGNP19C9PVE,F,1983-07-15,42,Coach
1219,SWFZ8VGWC8KTJDXM,F,2002-09-24,23,Coach
1220,TA4SHR5T4Q9H56VA,F,1990-07-04,35,Athlete
1221,TG3Z91WEKEYRKWDA,M,1974-06-07,51,Athlete
1222,TKIARKEIF5SIK2YN,M,1968-04-03,57,Athlete
1223,URKZGO08OKVRRXVM,M,2002-03-19,23,Athlete
1224,VMMV3NWR1X9215YU,F,1998-02-14,27,Athlete
1225,0I041O5WGSN3Z8XD,M,2015-10-02,10,Athlete
1226,0NM55NSP2UYZ4LC2,F,,0,Coach
1227,0QX1IJ07QY3KYB5F,M,2011-07-11,14,Athlete
1228,0RKEHOPUVLQM71RP,M,,0,Coach
1229,0VK84R83PW3IRJPN,M,2000-09-26,25,Athlete
1230,0XI8HSRAQQJCV912,M,2007-03-21,18,Athlete
1231,1EA74BW87DGOLIXP,F,,0,Coach
1232,1TWQWYGH0JH50KJW,M,2015-06-09,10,Athlete
1233,233PEGFA1V7NIHDB,F,2003-01-04,22,Athlete
1234,2VXFACLJH8V703H2,M,,0,Coach
1235,31RJUGV44S7R27FQ,M,1999-02-13,26,Athlete
1236,3IB2906G7MH87I8D,M,2015-02-16,10,Athlete
1237,47Z3VJ7Q4LPZ89XN,M,,0,Coach
1238,49AI3QOLSFVFD151,F,,0,Coach
1239,4EMSW2WDVGHK9CFO,M,2010-01-05,15,Athlete
1240,4FBFG9PNTIB6P0X0,F,,0,Coach
1241,4RSZZXBH5RPA47SO,M,,0,Coach
1242,4SHPQFWB3IYJXP4F,M,,0,Coach
1243,59TCBAH3RQER46FX,M,2006-01-03,19,Athlete
1244,5BZTGZDOIQNOTGFG,M,,0,Coach
1245,5R4CJBFAXRDJM8IA,M,1989-09-06,36,Athlete
1246,6NG8AL847X370MDV,M,,0,Coach
1247,6VW9A0SO93I3IGKX,M,2012-11-30,12,Athlete
1248,6XJ2Q8DGI0P47FDB,F,2011-01-30,14,Athlete
1249,6ZA4ZXD9BNEKN766,M,2013-09-20,12,Athlete
1250,79H4V803VRJ4S644,F,2011-07-31,14,Athlete
1251,7Q3UEEQJHDW2O621,M,2009-05-19,16,Athlete
1252,8F964IHUIF1HEEXT,M,2013-08-07,12,Athlete
1253,9G8QOM5MYZLMQ0SU,F,,0,Coach
1254,9HDUGGQKHIT5I5FY,M,,0,Coach
1255,9JKV6XRMDA5JHOP9,M,2012-11-19,12,Athlete
1256,9OLIPLJQJDY678K8,M,,0,Coach
1257,AD1FNROCO0PUBAPW,F,2004-03-09,21,Athlete
1258,AOAH2AGAAVJAKLSU,F,,0,Coach
1259,B8BFFVJQD85C0XNG,F,2007-11-10,18,Athlete
1260,B96593EHW4DNBR6Y,F,2004-10-12,21,Athlete
1261,B9HXMVSQETTMQ79Q,M,,0,Coach
1262,C3PFFJUAEX9HNAQU,F,,0,Coach
1263,CX5H16C4YW9ARXAT,M,2013-06-01,12,Athlete
1264,DCTL1CQND93318W2,M,2003-03-10,22,Athlete
1265,DKT8ZEFLPMGELOZN,F,,0,Coach
1266,DVHDHOYD02DS9G2B,F,1993-06-12,32,Athlete
1267,E2ZDLUNORSFTZ2DS,F,,0,Coach
1268,E5G14LR1CQ8SR646,F,1994-12-14,30,Athlete
1269,E8AXLZIJAZE5GRGM,F,1993-11-18,31,Athlete
1270,EEIV97KZ4NEFQ8IQ,M,,0,Coach
1271,EIUWR2I9S63XFFUS,M,2014-06-27,11,Athlete
1272,F2B3XEOXN9P5V0ZG,F,,0,Coach
1273,F8ZKFSUVTBXLBVXD,M,2009-12-30,15,Athlete
1274,FDH60CPQVFGLB5J7,F,2012-11-30,12,Athlete
1275,FFCEUDDM6G7HIGE5,F,2014-03-10,11,Athlete
1276,FGYXQYBC2E1QCWI6,F,1992-04-05,33,Athlete
1277,G92J7RES5HJ59HHK,F,,0,Coach
1278,GHZ08TXQ2ISPM0R5,F,2012-10-29,13,Athlete
1279,GYF616GGG4GAC9Z8,M,1988-03-31,37,Athlete
1280,H3BG12KF83IHCFER,M,2012-11-07,13,Athlete
1281,HOMLSWHEOCFKPY75,F,,0,Coach
1282,IHLY4Z9UA5CMYJKI,F,,0,Coach
1283,INILOX9Y4C353SZU,M,,0,Coach
1284,IQKT6N80QBHQ36QY,F,2001-08-28,24,Athlete
1285,IXLO4WHNTIZXW14B,F,,0,Coach
1286,J9MK9EZQ9Q482JI2,M,2008-03-02,17,Athlete
1287,JKO7V8NES2EGVH4R,M,2014-03-19,11,Athlete
1288,L1OKC0QB9D6R0RSZ,M,2009-07-03,16,Athlete
1289,L53VZNX3RK0W16LN,M,,0,Coach
1290,L9JMYB3UMZCN4PDN,M,2009-08-31,16,Athlete
1291,LQ1W5FH7L7R7JFK8,M,2011-02-07,14,Athlete
1292,LS6XT0ML3O3GP1IP,F,,0,Coach
1293,LSOHO18T4ST4SMZ0,F,,0,Coach
1294,M055EKIAUKUMD69E,F,,0,Coach
1295,M0BZYBBVSCFZT4X5,F,2014-11-17,10,Athlete
1296,MPM5G3ZV1A00JIE5,F,2005-01-08,20,Athlete
1297,N74L8PNVKXYZJ4WA,M,2011-07-19,14,Athlete
1298,NAOH8W520W0UHJ7Z,M,2008-06-05,17,Athlete
1299,NDAQ72Y2UOLVO2SR,M,,0,Coach
1300,NFI4U7XC2WOH67WS,F,,0,Coach
1301,NGSBRQIVSRY5361A,M,2008-07-23,17,Athlete
1302,NI01SQA21S2D4ZU8,M,2012-06-14,13,Athlete
1303,NQF5VVRFNCBM5721,M,2008-08-21,17,Athlete
1304,O9CRW09HFY3BVP42,F,1973-12-21,51,Athlete
1305,OGU7FQYZETSJHANH,F,1992-03-05,33,Athlete
1306,OKJA7VDGZK19DSEQ,F,,0,Coach
1307,OMKW6MNDJ92RJ4HO,F,2005-12-27,19,Athlete
1308,OSS4KEBDRGI0A38Z,M,2002-12-04,22,Athlete
1309,PD5R1QVYVNMGG8XF,M,2008-07-01,17,Athlete
1310,PIEHVY1FLMV7LNME,F,,0,Coach
1311,PR7DBJBSCFMLYY6N,F,1994-06-19,31,Athlete
1312,PSUNEZDXADZEBDZU,F,1999-01-17,26,Athlete
1313,PURGODU2XS2J9PX5,F,,0,Coach
1314,PX80S8U1GIUL5847,F,1988-09-30,37,Athlete
1315,Q9LLVQEUR9HCIRMC,M,2011-05-14,14,Athlete
1316,QBKSD4FPJPFLB0ZM,M,,0,Coach
1317,QLBQT3YL06SQ7ZX4,F,,0,Coach
1318,QSC703IM2AAZG13Q,M,2013-10-14,12,Athlete
1319,R4THL2E8YHX2G5QE,F,,0,Coach
1320,RF04BEAAQI6GSYVC,M,2014-04-10,11,Athlete
1321,RRN2KBNAJG6VLFOV,F,,0,Coach
1322,RXMH326II9DOTD8B,M,2008-09-03,17,Athlete
1323,S430O10HB24OANQH,M,2012-12-17,12,Athlete
1324,SCEZ2CHZLV2ELH0A,F,,0,Coach
1325,SHINTVONWHY0LMD1,M,,0,Coach
1326,SQMPFD1T8OKDUC1R,M,1988-01-08,37,Athlete
1327,T3Q9FOHECS8RZ1EG,F,2014-10-22,11,Athlete
1328,TC2PNN13ONPYU8DB,F,2012-03-15,13,Athlete
1329,TIOEFWFJM97I44YC,F,,0,Coach
1330,TUZ2RZIYS8QT2U6L,M,2012-03-20,13,Athlete
1331,U1Z1M9XPMNBJ3UY7,F,,0,Coach
1332,U6HD5KT2FGQC1R0I,M,2009-05-13,16,Athlete
1333,USE2OGA39639VO0Z,F,2004-06-14,21,Athlete
1334,VASR6REWND9Z5MSM,F,,0,Coach
1335,VBHZUMRIISU1IAWC,M,,0,Coach
1336,VD45FEJG4GEWSGI8,M,2015-04-14,10,Athlete
1337,VIV8SKSF3R6JEYGJ,F,,0,Coach
1338,VZKTZL4M039MCXDX,F,,0,Coach
1339,WCA0J1E9LM51JV52,F,,0,Coach
1340,WDKIQ5EODX9F2BKG,F,2002-05-14,23,Athlete
1341,X00BA7P1OE0JYA50,F,,0,Coach
1342,X3XYR72T0R1M0MLN,M,2013-07-16,12,Athlete
1343,XYOQFIUZMDGAK1K3,F,,0,Coach
1344,Y7M13SJ6HU2080KQ,F,2012-02-23,13,Athlete
1345,YHOA7INW90SULWB2,F,,0,Coach
1346,YM3EBYI2TZ19ONUN,M,2013-12-26,11,Athlete
1347,YNN63GEPMFTCLDYM,M,1997-02-24,28,Athlete
1348,YZ2I19ZLNNMCW4UN,M,1996-09-24,29,Athlete
1349,Z34QYNIXZ4QNKV56,F,2003-05-05,22,Athlete
1350,ZFJEXB48HV83H6VH,F,2015-01-01,10,Athlete
1351,ZUOW54F1Q9ST824S,M,2011-02-20,14,Athlete
1352,66AOFVYVJMD1ZULC,M,2002-09-23,23,Athlete
1353,AAIUZP14Y8RVHZZL,M,1974-01-03,51,Coach
1354,HG800BRAOM1XTBOI,M,,0,Unified Partner
1355,K7AZVYFPTFGEMGT5,M,2007-02-19,18,Athlete
1356,LTYPRJED7JTH28UO,M,2001-08-09,24,Unified Partner
1357,UBCYCSEP44U8WW8Q,M,2006-02-23,19,Unified Partner
1358,2MKPG7MUCC0ZJ7RP,F,1980-09-07,45,Athlete
1359,6VKDNJ69N0X815RI,F,1987-10-15,38,Athlete
1360,EFA776FIHWFHYVKC,F,1989-01-05,36,Coach
1361,FFYOJXQ4BYWCWD7L,M,1983-08-23,42,Coach
1362,I45YM38R3XGMURX1,M,1959-12-01,65,Athlete
1363,JBXOHK7NYZTCBHPQ,M,1968-10-27,57,Athlete
1364,KHRO7M16JVUR2SWN,M,1988-03-24,37,Athlete
1365,L7BUULNZVXCHORP8,F,1963-01-03,62,Athlete
1366,MXAH0CBERDW72VK2,F,1969-02-12,56,Coach
1367,NKJ7MWAFVHZ0BAM9,M,1983-03-17,42,Coach
1368,NY34BQKVAPDF4J4B,M,1959-12-07,65,Athlete
1369,OC6BGQE8FS7Q5FJD,F,1982-12-01,42,Coach
1370,RV8OCPGROF2SOZ1M,F,1961-12-27,63,Athlete
1371,UN92XEV868PZ2R69,F,1986-09-24,39,Athlete
1372,VBUFWXXO0CRRJC56,F,1989-01-05,36,Coach
1373,WVI3X2DHQILP6Z6E,F,1990-04-03,35,Athlete
1374,Y8WVLJEBZM4ZMV0Q,F,1981-07-05,44,Athlete
1375,19AP7XJJ0Q5PPP8H,M,1957-11-09,68,Athlete
1376,2Z8IA8Q60EPJDOJ0,M,,0,Coach
1377,3UB74DUEJKWUU7LU,F,1989-12-11,35,Athlete
1378,4JEC08VJ7KFG1L9V,M,1991-03-17,34,Athlete
1379,5HSYDE1J5N2M895G,F,1938-10-01,87,Athlete
1380,5MVTYMWH8L3DPZYN,M,1968-04-29,57,Athlete
1381,68Z54085ZIGT0M2H,F,1963-01-31,62,Coach
1382,6VM6R1WUFAUPTEHU,M,1955-08-16,70,Athlete
1383,777D7JGA8KXCQX6J,M,1990-09-20,35,Athlete
1384,C82FJKR3CGQHVX0Q,F,1963-06-04,62,Coach
1385,CCJ5T5K7NX4JPPNI,M,1966-09-20,59,Athlete
1386,E4AGTF98MV75UBVM,M,1969-10-31,56,Athlete
1387,EVVNYSHCNSTDNJGI,F,1980-05-26,45,Coach
1388,F3OEYYR0V6JBD9GD,F,,0,Coach
1389,G50TIK2P6KM0BCDU,M,1994-08-24,31,Athlete
1390,G7FI0WOLM1PAIA4Q,F,1974-03-19,51,Athlete
1391,GHAIIE8NO5QRJNY8,M,1959-03-01,66,Athlete
1392,GV1SIQDC04IF3HYA,M,1976-05-21,49,Athlete
1393,HA4E1S3B7ZHPDPON,F,1982-07-14,43,Athlete
1394,HYMKYKV0L7EDDCCU,M,1984-10-25,41,Athlete
1395,IWFW6AIV3Q4RB953,M,1956-02-03,69,Athlete
1396,IZEAXA8O4HU07ITY,F,1982-01-23,43,Coach
1397,J6UQN67W8HDAB0Z5,F,,0,Coach
1398,JF9MUAWJ95ZI4R6Q,F,1973-07-22,52,Coach
1399,JT9KRP9X5RR2O4K0,F,1966-11-07,59,Athlete
1400,K1U0LAZUO0YXJTI4,F,,0,Coach
1401,KVAJBBOQKJMFYHYB,M,1976-10-08,49,Athlete
1402,L2K798EWK0J8KAOS,M,1972-05-19,53,Athlete
1403,MO5QOTUWTEM917GF,M,1976-10-02,49,Athlete
1404,NL8DX1HPUUK674BV,M,2003-09-01,22,Coach
1405,OWT31ZJAPGYWC54K,M,1982-06-21,43,Athlete
1406,OXZFWXZ1YWN714DR,M,1957-05-10,68,Athlete
1407,PY699ZUDY1TRG2OE,M,,0,Coach
1408,Q9OKLUSTSKVU115I,F,1973-06-08,52,Coach
1409,RG0GK6E194HBHUOU,M,1958-01-09,67,Athlete
1410,SABKO96WNSWDD0W7,M,1976-07-06,49,Coach
1411,SPQ2U9DMYFOI6XN5,M,1977-01-15,48,Athlete
1412,T7U7Y5RP2TBPYTKY,F,1959-03-09,66,Athlete
1413,UV49B4EL5CY4JOY8,M,2002-03-01,23,Athlete
1414,VVW2P8VJB3ZXIM7V,M,1994-07-12,31,Coach
1415,X8LGHR685DEJ5FYO,F,1960-01-24,65,Athlete
1416,XDF8J6E4GU1XWH45,M,,0,Coach
1417,XQYBE8QWZ1AXXL6C,F,1986-08-09,39,Coach
1418,ZDJOXNH9Z9D9RXM0,F,1998-03-26,27,Coach
1419,3VPRW4A9WKMMVDR1,F,1994-07-15,31,Athlete
1420,4MFHVR14BLVE98QJ,M,1956-08-27,69,Athlete
1421,5P4EF8DD0DLDY4L7,M,1983-12-23,41,Athlete
1422,BPMQ0SIUDKRGM25N,F,1977-04-26,48,Coach
1423,D7LVKORW5N0GDVX3,F,1979-11-08,46,Athlete
1424,DXTMG88A6281EP87,F,1984-07-22,41,Athlete
1425,JSA33OGFS8JNNHP3,M,1963-04-23,62,Athlete
1426,L6FWS8SWON9VBY71,F,1993-11-09,32,Athlete
1427,MUHKJNKNXUQA480S,F,1988-07-09,37,Coach
1428,PG85A961WMXDS3DN,M,1963-04-22,62,Athlete
1429,QXFUBJZT0VS1THMI,F,1986-08-07,39,Athlete
1430,SH75MP76XY113PML,M,1999-08-26,26,Coach
1431,W57W4DCHPTS65L05,M,1987-11-26,37,Athlete
1432,0W2QUSJ6DMMX3M4H,F,2013-11-12,11,Athlete
1433,3JXUTSXLUAD2WYEP,M,2006-03-04,19,Athlete
1434,49YJD5Y1FAP7X6C0,F,2002-10-03,23,Athlete
1435,69DSFTY00CMMNXZM,M,2001-02-14,24,Athlete
1436,8TH19WM92F0F2O1F,M,2000-12-19,24,Athlete
1437,9QYWTAMLHS599ZKX,M,2011-12-09,13,Athlete
1438,9ZM9XS4O864CV4VO,M,1974-07-12,51,Athlete
1439,EISXSJ3VRDSXQHJ5,M,2004-10-28,21,Athlete
1440,IAUE30YA1PQZ1KRT,M,1992-04-10,33,Athlete
1441,MHH1GL70M7H0N749,M,2001-02-14,24,Athlete
1442,OIOHESFT25FNOBG3,M,2008-05-05,17,Athlete
1443,QUA3WOQJD7ATR97B,M,2006-10-02,19,Athlete
1444,ZKKJPTTDLMOKX2L7,M,2001-07-20,24,Athlete
1445,1F80FJFMVQAT3VH1,M,1995-05-25,30,Athlete
1446,4OVRFW15EIN5EUOV,M,1992-12-17,32,Athlete
1447,8LBSMZXWZR95S7U2,M,1996-09-11,29,Athlete
1448,DV477K8DXWL7VE74,M,2001-01-01,24,Athlete
1449,HSFAMOJSM5HD3YSI,M,2000-01-01,25,Athlete
1450,1BUIDRSFUQL4K3T1,M,1990-11-01,35,Athlete
1451,1DP2RVGXEOBC7VZQ,M,1999-11-20,25,Athlete
1452,1OQP961EHAXBJ5ED,M,1991-03-11,34,Unified Partner
1453,346Q0ZB1MZUDU8EY,M,1994-01-22,31,Athlete
1454,3PX1PKHTPLOOKP5L,M,1999-01-03,26,Athlete
1455,5E24P4WNFU3CQDJY,M,1999-06-17,26,Athlete
1456,5QGXGUEMB73OV5R0,M,1986-02-14,39,Unified Partner
1457,832K9PZEW6TE1LWU,M,1994-10-10,31,Athlete
1458,AIYUG1CH21D807EY,M,1993-01-08,32,Athlete
1459,BJURRAWOF09FPQ4U,M,1994-05-30,31,Athlete
1460,CQZBCTR1YKNHGC1G,M,1994-01-05,31,Athlete
1461,EXJ1BW25Q06GFQD8,M,1975-08-01,50,Unified Partner
1462,FI2NP2DLUTWHEK3D,M,1997-12-30,27,Athlete
1463,FRNF38P4ABKDGBPG,M,1997-07-07,28,Athlete
1464,FVN9GA1Q1TVAAMSV,M,1985-07-14,40,Athlete
1465,GL96UJLVGXXEFU6K,M,1996-04-19,29,Athlete
1466,HC5CQIJGFYB0X2GY,M,1973-05-26,52,Athlete
1467,HYWA3ZAX1IY8QM9T,M,1993-04-03,32,Athlete
1468,IDIXF7HNL7Y7UG2O,M,1990-12-26,34,Athlete
1469,JVLW24KEKWD6YLRK,M,1987-09-14,38,Unified Partner
1470,MIKTKMSDY9K7QMXR,M,1991-03-29,34,Athlete
1471,P0J72TIA4CH2RAC6,M,1977-07-21,48,Unified Partner
1472,PDOFINGFXZW0OSOX,M,1985-07-11,40,Unified Partner
1473,PLO18MZ8MTZISVSE,M,1986-09-22,39,Unified Partner
1474,QK806LZBCBPCZ3CG,M,1971-12-13,53,Unified Partner
1475,TUT0NNZ6FYF6TBPI,M,2001-09-07,24,Athlete
1476,TX8VSHEELC7RJXMR,M,1971-09-22,54,Athlete
1477,VKXHXNSTQXMNN7C0,M,1977-04-30,48,Unified Partner
1478,VP6RUBIXAQF7F6EW,M,1987-06-28,38,Athlete
1479,X82PNI0W12RHYTN9,M,1977-04-27,48,Athlete
1480,YT8UQEAZEB719MB9,M,1986-07-28,39,Athlete
1481,1GFM97FJHZ2FPYYC,F,2000-11-27,24,Athlete
1482,3FHQ6O9WOR9MXS01,M,1998-11-17,26,Athlete
1483,4TJXI61EO4KU958Z,M,1996-10-06,29,Athlete
1484,8HRQ2GGCKHVSVS81,M,1997-05-15,28,Athlete
1485,928YNTTBG18ZA508,M,1985-05-04,40,Coach
1486,BYXZH6ZM1Q1Z91YR,M,1986-02-16,39,Coach
1487,H6V5KX76G3XACWTQ,F,1998-02-08,27,Athlete
1488,H8AJJURG9BMZ0WAM,M,1998-10-28,27,Athlete
1489,KIHMBOFE1NH171WH,F,1995-06-12,30,Athlete
1490,LT4C364KUAE5Y8IP,F,1983-05-30,42,Coach
1491,SZXCSJFCI70PI9AU,F,2000-07-10,25,Athlete
1492,TQRKF3V9E8Y6WDFH,M,1999-11-24,25,Athlete
1493,UW9H1QVNE1COG9H9,M,1992-07-31,33,Athlete
1494,2RK7RIQ7HNL6HN4Q,M,2012-10-19,13,Athlete
1495,3C5E2M39VEVCXC5O,F,1981-07-14,44,Athlete
1496,6B125WR9PKF706RN,F,1953-12-05,71,Athlete
1497,IFMSA5CS1WDOAVN9,F,1971-08-29,54,Athlete
1498,LGSUBL5SVAZDHBMO,M,1984-09-22,41,Athlete
1499,O3T2DRRRTTM0I4JJ,F,1974-06-20,51,Athlete
1500,PAB29S3J5EDQ54TL,F,1997-04-18,28,Coach
1501,SAGTNYN18588W2YL,F,1997-12-19,27,Athlete
1502,USMFR49PFJD0RCJP,M,2006-07-05,19,Athlete
1503,ZIRZ31YB7VKEOIYD,M,1990-12-12,34,Coach
1504,6HGSO0KBJKS8X433,M,1974-10-16,51,Athlete
1505,6NDRA5XN3ZLBYOTI,F,1980-05-31,45,Coach
1506,8O569XZUGQ3RY7OH,M,1988-07-07,37,Athlete
1507,8VGPUC6RWQ36WXAW,F,1955-07-20,70,Athlete
1508,B6LCWX263NLK6BXU,F,1961-04-18,64,Athlete
1509,B8K5OTBVEPSZFMQZ,F,1982-02-13,43,Coach
1510,E41V6O4C5IG2L2YW,F,2000-09-15,25,Athlete
1511,E5GWG91DVS1H4S2O,M,2005-06-23,20,Athlete
1512,GXFRWWVGPX52FPNS,F,1954-07-14,71,Athlete
1513,HQL86NICKW0HFWNB,M,2003-07-28,22,Athlete
1514,LL497P13XNEX370F,F,1979-07-20,46,Coach
1515,OME4HZOS0EKJHLXN,F,1964-05-20,61,Athlete
1516,PU9KPXE36JTB7UC6,M,1970-05-24,55,Athlete
1517,QVVHLS708AFSRXF4,M,1982-11-05,43,Athlete
1518,TIDIGZGDWLXSXR5Z,F,1973-06-12,52,Coach
1519,VL0625BM0D2ORKRK,M,1975-03-04,50,Coach
1520,Y9900DTS0XUN6GJ1,F,1957-03-06,68,Athlete
1521,0KQ9UGRSIIDLXA4B,F,,0,Coach
1522,31IYK4ZGP1AXN1NM,M,1983-05-20,42,Athlete
1523,3K2KCDB91JKIWXGX,M,1982-09-11,43,Athlete
1524,4EV2PBDNNNDO6IUH,M,1996-05-22,29,Athlete
1525,69LJJ89NADEJ4VSL,F,1970-07-19,55,Athlete
1526,9O8K3R5GD9Y4Z0YQ,M,1987-10-31,38,Athlete
1527,E05P12XKP25F207N,F,1976-03-07,49,Athlete
1528,EDUJL4E6L88BFYIC,M,1989-07-13,36,Athlete
1529,FF8OHZVQDP31Y518,F,1984-12-18,40,Athlete
1530,GGWPGV159U3LLLGI,M,1990-06-26,35,Athlete
1531,HGD4RRRXL6XMTCAO,M,,0,Coach
1532,HIAV0P00JCO8H4XJ,M,1974-09-20,51,Athlete
1533,IRSOXGG5VK3RB8VB,F,1990-08-21,35,Athlete
1534,IYUDZ5LZPYUAP9X0,F,,0,Coach
1535,JQYNPY2B794P07Y2,F,1983-04-26,42,Athlete
1536,KCFBWYDJN7GZ766X,M,1994-07-16,31,Athlete
1537,KP8BLGJFUJM3Y7CY,M,1983-09-04,42,Coach
1538,MVOBCVHM79P9CBC4,M,,0,Coach
1539,O61ZEH44CVDLWFZ7,M,1988-10-27,37,Athlete
1540,OESE82A96SHD411R,M,1962-05-21,63,Athlete
1541,OH51C2OJTNBDZ5U5,M,1992-05-18,33,Athlete
1542,RCGK017YRXQ1QYER,F,1984-10-04,41,Athlete
1543,S29UB9IQ3R2O9O0J,M,,0,Coach
1544,U8K5UUD20E3CDSWW,M,1986-11-27,38,Athlete
1545,USNV6DLOMBBIPX95,M,1985-08-04,40,Coach
1546,XZQHS4L4SUCZRX9Z,M,1983-01-18,42,Athlete
1547,Z20BDRQ3QDUTM45F,M,1987-05-10,38,Athlete
1548,ZBKBVR6XL6AEFM38,F,1986-06-16,39,Athlete
1549,0D7O934ZJF6UITSN,M,1958-07-23,67,Athlete
1550,1P0ZSYN17Y6F4F0P,F,1957-03-22,68,Athlete
1551,279YJNF4W4M5VZZS,F,1949-10-12,76,Athlete
1552,5MJPIU4Z4UO0SKL4,M,1970-01-22,55,Athlete
1553,6IGGW8111UP1WD1S,M,1974-02-11,51,Athlete
1554,7Q15JCRIKCBEITEH,F,1977-03-13,48,Athlete
1555,DVXP0TN4KHDGCM5B,F,,0,Coach
1556,DY6KVUJ97H45K9QJ,M,1974-07-16,51,Coach
1557,KMDK0S8ZX8T0GYUU,M,1966-11-19,58,Athlete
1558,NDBRS1KXWGDL1AC5,F,1976-03-14,49,Athlete
1559,NYQLSHI4MWSQQYIX,M,,0,Coach
1560,OKFI1XVVI7IOBH7I,M,1974-04-02,51,Athlete
1561,PAHCJCI0YU607M62,M,1974-08-04,51,Athlete
1562,RZZFG5RAX017H74Y,M,1991-12-20,33,Athlete
1563,U5ZXHTQ88I51B1QJ,F,1991-05-04,34,Coach
1564,U9YBG1SZAMV81M6Z,M,1965-04-18,60,Coach
1565,UKAI09XA1OUVP0P2,M,1971-10-01,54,Athlete
1566,VVH73JGCR7EG03WZ,F,1969-08-21,56,Coach
1567,WHW6US3X6KAFJQTW,F,,0,Coach
1568,WP1V4BRM3OMT2TF7,F,1970-05-30,55,Coach
1569,0DZXDPWC99XSRK3N,M,1976-12-04,48,Athlete
1570,3BP0BRV4HLEH7MVA,M,1987-07-06,38,Athlete
1571,6PS4ARDBCR66PVJ6,M,1965-05-09,60,Athlete
1572,6VKO13QRHSWF2B9R,F,,0,Coach
1573,8C6OCW6PHQNMY591,M,1984-02-19,41,Coach
1574,B1IXGP56GD85C4AK,F,1968-11-25,56,Athlete
1575,CXU50ZQG21KZLF3Z,M,1969-01-14,56,Athlete
1576,ECFMQ7VJEMIVOV37,M,1983-09-26,42,Athlete
1577,ECKCJ6QF9PC4O1J5,F,1988-01-20,37,Athlete
1578,LPM1B23GIBXOIOIF,M,2000-11-30,24,Athlete
1579,OXWX4NAYS4ZIV2NB,M,1991-07-21,34,Athlete
1580,TQC5CMGUZ5L8AN0X,M,1991-02-05,34,Athlete
1581,UDA4QBCRHWWXUX4Y,F,1988-08-18,37,Athlete
1582,VL7197D1065GY5FF,F,1987-10-12,38,Coach
1583,VNNBCSM87RLH24EX,M,1980-11-13,44,Athlete
1584,X5RTM94T4PAOV23Y,M,1980-06-16,45,Athlete
1585,ZSXYY6RPGH58X6ED,M,1988-05-08,37,Athlete
1586,07Z6FFS5SMK6F1WY,M,1962-02-27,63,Athlete
1587,0G99H4O9HY5NCUZC,M,1978-12-16,46,Athlete
1588,0H2ZEYWNQRKE8RTU,F,1986-05-15,39,Athlete
1589,0IJWRD5S8TOL5J5K,M,1956-07-24,69,Athlete
1590,1CW5NEPM5Y0P9ZXN,M,1994-06-23,31,Athlete
1591,1IXON4JSLT3875JW,M,1974-01-02,51,Athlete
1592,1LLWJ5T4509ATX2S,M,1979-12-24,45,Athlete
1593,1PSMMED53XHM73ZN,M,1989-05-29,36,Athlete
1594,1SXXJ5HTFLTJI9VB,M,1999-11-29,25,Athlete
1595,1UG8C79TBB8EYJTM,M,2000-06-15,25,Athlete
1596,289OSFW6IJHHT0KL,M,1979-11-01,46,Athlete
1597,2D7BE2K8C7IFLZIV,M,1967-07-28,58,Athlete
1598,2PJWGBU2TYQSH1FT,M,1984-11-29,40,Athlete
1599,37YRHIFONA3LMWEL,M,2002-07-28,23,Athlete
1600,3DWKNJCRXX8OWT3Y,M,1986-05-09,39,Athlete
1601,3KWOFBU5K4EKQ5PF,M,1999-12-13,25,Athlete
1602,3UEJ1CV8Q6JGLCFM,M,1967-11-02,58,Athlete
1603,45TR0OJLZ5F8CXF5,M,1987-09-01,38,Athlete
1604,46VQI5N4BZ7AQ0YP,M,1991-12-27,33,Athlete
1605,4CVPTYKLWEZ62F2P,F,1976-07-26,49,Athlete
1606,4F7DK1240LGEU53P,F,1986-12-04,38,Athlete
1607,4GWQUHA4PT5GGU6H,M,1989-05-14,36,Athlete
1608,4R12J3JEMW5SBBQZ,M,1997-03-11,28,Athlete
1609,4RMKD6ZIQNPU54BD,M,,0,Coach
1610,4WFPCCK5PGA8NZYY,F,1977-04-11,48,Athlete
1611,4Z2JMN2X9XT0AI4C,M,1965-10-29,60,Athlete
1612,51VCARUBUAZ4IIRS,M,1993-03-15,32,Athlete
1613,54CZ7RJ98XXAU5BE,M,,0,Coach
1614,5LCEFKCEJKFW7RW0,F,2002-01-03,23,Athlete
1615,5U3N848VCPSXXKZ3,M,1982-03-13,43,Athlete
1616,5Z5Z007CBKO37NJ0,M,,0,Coach
1617,631YO7TDDBQD1XWT,M,1994-04-26,31,Athlete
1618,63MB5ULC6JT4WDIW,M,2002-01-23,23,Athlete
1619,672LTC4YK08CHCBP,M,1982-02-18,43,Athlete
1620,6BW81558X3LN5TVQ,M,1962-11-13,62,Athlete
1621,6CEB52VXUH1VYDLL,M,1982-02-28,43,Athlete
1622,6MQNP1H6RYOUDTXF,M,1993-08-22,32,Athlete
1623,6QNWV3NEWBQ3X0HR,M,1972-10-03,53,Athlete
1624,735OYMF3PK26HIDB,M,1978-03-05,47,Athlete
1625,7DOVZBIPBK473PY7,M,1960-08-16,65,Athlete
1626,7U1XWKHXNHNPY5F9,M,1998-12-22,26,Athlete
1627,7WM6HJ22V9UUNGPR,M,1996-10-13,29,Athlete
1628,7WUUF4BTEP22PTD6,M,1983-02-27,42,Athlete
1629,83LPTOAAJBHNH17R,M,1978-11-21,46,Athlete
1630,8638RFEUIXKNHJ2F,F,2005-06-16,20,Athlete
1631,8A04KDSTRXTZTWNW,M,1997-06-04,28,Athlete
1632,8OVHAH8HYM71FE1H,F,1982-03-22,43,Athlete
1633,8ROJDLLJ4HFV3OCI,M,1994-01-19,31,Athlete
1634,8T5B1WK9EZSXK88H,F,2003-04-02,22,Athlete
1635,93UUO3WTCZXN0I2Q,M,1968-01-06,57,Athlete
1636,9GW75B5ZYFDH0P3X,M,1996-06-24,29,Athlete
1637,9HYX5Y8MX9Q1US4C,F,1992-02-16,33,Athlete
1638,A1ZNALO69IB7688E,M,1996-06-18,29,Athlete
1639,A7XSAIHS26583EO5,M,1990-09-17,35,Athlete
1640,AEEANHFCUSNF7XZX,M,1989-07-22,36,Athlete
1641,AFGJLLK9H5MKW2PJ,F,1978-01-07,47,Coach
1642,AGAP5OBIPHAAVE6H,M,1990-05-07,35,Athlete
1643,AI7V07PYD904RXPG,M,2000-09-04,25,Athlete
1644,ARWX3A83WUKU2JO1,M,1977-02-18,48,Athlete
1645,ASVX6O97PE2XCCNM,M,1992-03-23,33,Athlete
1646,B0PYNAEZ3XVIH17M,M,1969-09-14,56,Coach
1647,B3ZHXY3ZGZN9K3J3,F,1999-11-30,25,Athlete
1648,BOQGGML6II84SRHW,M,1991-02-04,34,Athlete
1649,C11RSZ58VCCYT37V,M,1981-12-19,43,Athlete
1650,C4ASKGH8Q58ATSCR,M,1974-01-01,51,Athlete
1651,C4J9M6DV8T08POMD,F,1982-10-02,43,Athlete
1652,C4PJ299SU3H1IMBX,F,1983-06-27,42,Athlete
1653,CCT86N1D2LAFKZWU,M,1987-04-16,38,Athlete
1654,D0Y757TEX9TQG9ZP,M,2003-05-13,22,Athlete
1655,DDAO1D81ZIOJKAQ4,M,1991-07-15,34,Athlete
1656,DUO3Q9EDI262P5NN,F,1998-04-28,27,Athlete
1657,DYP5TLT469OMGVID,F,1988-10-28,37,Athlete
1658,E8YH2378RKLKPZQ8,M,2001-12-15,23,Athlete
1659,E9BDLSLFT7V8B44Z,F,,0,Athlete
1660,EVQEM8MJDPKHG0JC,F,1990-02-16,35,Athlete
1661,F3XIB70MDLBNGJXD,F,1974-05-25,51,Athlete
1662,FB589QGX7WLQKPL1,M,2000-07-04,25,Unified Partner
1663,FK24Q7023KC3LZK4,M,1976-12-18,48,Athlete
1664,GBQ4Y7ZZ975A9G6L,F,1986-10-18,39,Athlete
1665,GE9PFIQIDHQN3RU9,M,1996-10-13,29,Athlete
1666,GS3Z93TYABPE557C,M,1986-03-07,39,Athlete
1667,H14G1U3LEZXAZS16,M,1999-03-15,26,Athlete
1668,H3V171XFBRQXTKS9,F,1964-07-27,61,Athlete
1669,HJWEJK5EK0KKJDPP,M,1973-04-25,52,Athlete
1670,HTBNR69P9Z3M7UYU,M,1980-01-21,45,Athlete
1671,HWZA8EW1MFH00CP8,M,1981-10-20,44,Athlete
1672,I3NL4PYW0DIPNFIM,F,1993-06-07,32,Athlete
1673,I938BM3QVCRE4J8H,F,1977-09-27,48,Athlete
1674,ICNBJOBP1Y7JWXJN,M,1975-01-01,50,Athlete
1675,IEN8Z1MDHWTXSDQQ,M,1992-12-30,32,Athlete
1676,II89ICSYEN8MG531,M,1979-10-20,46,Athlete
1677,IKY6IP6E0OIN3I4L,M,1997-12-04,27,Athlete
1678,J2NM2I4G0TFM78D0,M,1981-03-24,44,Athlete
1679,JKCO936HNLO2TARP,F,1999-05-31,26,Athlete
1680,JY8XKBBHH80XPTJA,F,1991-10-04,34,Athlete
1681,K0KS598489BPHMEJ,M,1969-02-16,56,Athlete
1682,K0MCEAXS7FRMC47F,M,1974-11-10,51,Athlete
1683,K3D6BE2RGJEAAXQA,M,1979-02-11,46,Athlete
1684,K3GTIN4RQM4VI5Y8,F,1987-09-27,38,Athlete
1685,K9NVEZ4OKSN2Q7FD,F,1982-07-07,43,Athlete
1686,KGTHI401S34WON5D,M,2000-05-19,25,Athlete
1687,KI3AOBWEKZ5I0Z1L,M,1989-12-12,35,Athlete
1688,KQ83EX8P719C0Z8O,M,1981-03-09,44,Athlete
1689,L3BNP9DE44FQJ7YF,M,1996-09-08,29,Athlete
1690,L76ILU5BGQJWTRDG,M,1978-11-03,47,Athlete
1691,LER3D7NV3YEXUUG1,M,2003-03-28,22,Coach
1692,LIVKGG8QUXEF9XX5,F,1985-11-06,40,Athlete
1693,LS1JL0LBD3UR9QDH,M,1964-12-12,60,Athlete
1694,LZYTGIRB0FVPAKG7,F,1986-05-15,39,Athlete
1695,M6B40HFQE6QZC5GC,M,1976-06-28,49,Athlete
1696,MC3XK8MWPZK8SWOS,M,2001-06-17,24,Athlete
1697,MX5Y39MZT0XHHK31,M,1960-07-23,65,Athlete
1698,N450RTLJOM80H2H6,F,1975-01-08,50,Athlete
1699,N553HTXZGEYRS2BL,F,1994-09-16,31,Athlete
1700,N86EMPPHLP1TDUDQ,M,1993-05-07,32,Athlete
1701,N8HZBVBXUXTY2WMF,M,1973-04-17,52,Athlete
1702,N8VXYHDFR2PW82IA,M,1997-09-07,28,Athlete
1703,NPORH4Y4EV3CRYFF,M,1997-09-01,28,Athlete
1704,NRU6BBEK5S1IOCSU,F,1986-01-26,39,Athlete
1705,NSXRS1NN3KQ6GU4V,M,1985-12-08,39,Athlete
1706,NUBPITI8KAMP8VFY,F,1974-08-28,51,Athlete
1707,NVMV6901RPSYMR4X,M,1969-11-07,56,Athlete
1708,O1T4W680M7SJR7ZR,M,1998-02-16,27,Athlete
1709,O2BHZMMOQIHU3BY3,F,1979-10-29,46,Athlete
1710,OCFWVKR3LG3EAJ0O,F,1977-09-12,48,Athlete
1711,ODZ888JTGGB140H0,M,2000-05-07,25,Athlete
1712,OECMXA5JTPOD5WRO,M,1982-02-18,43,Athlete
1713,OQ2V9CKKVQ9IHDX2,F,1978-05-15,47,Athlete
1714,ORLJ6BJ1E634GETH,F,1992-08-22,33,Athlete
1715,OXVGCE2ECDIFJF36,F,2005-05-07,20,Athlete
1716,P7GPS7LDRKHHB61S,F,1957-05-14,68,Athlete
1717,P7P2C3QJAOGSD477,M,1973-06-17,52,Athlete
1718,PDE1UU3Y01VZ2GDB,F,1972-11-15,52,Coach
1719,PIIDIL70V5G4TE8Y,F,1980-01-20,45,Athlete
1720,PQ0DZMMX4MCG8SBE,M,1986-10-20,39,Athlete
1721,PRDLH2FTW64BAM92,M,1991-04-15,34,Athlete
1722,PV64YJKNMXS067FQ,M,1973-10-06,52,Athlete
1723,Q4X99DOM9JD4PSRY,M,1996-06-28,29,Athlete
1724,QPCJ4B6LJ8Q7CAUU,M,1998-11-24,26,Athlete
1725,QQNFF7T6NHPCXMLX,F,1988-04-04,37,Athlete
1726,QT7SGPTXIP5IVPBQ,F,1979-12-12,45,Athlete
1727,QUPB470BSPE7IZ6E,M,1992-10-07,33,Athlete
1728,R1TCPAKZCEDGZN63,F,1975-02-15,50,Athlete
1729,R4VWG80MZDDR13Q7,M,1971-09-03,54,Athlete
1730,R8RWXAHK6RSDOEOX,M,1996-02-07,29,Athlete
1731,REEKCWA1MGR5HQD2,F,1968-06-07,57,Coach
1732,RQZ7GNP93UICEFGI,M,1996-08-31,29,Athlete
1733,SDBP1W3PSIWGA9LQ,M,2002-06-22,23,Athlete
1734,SFST3SJUIFW4XVO4,F,1989-07-22,36,Athlete
1735,SHEVYZSYLXZKKFGB,M,2002-10-21,23,Athlete
1736,SO43QYA0EBRSXKF5,F,1978-01-17,47,Coach
1737,TBOOZ39HPEMYWFFU,M,1996-03-07,29,Athlete
1738,TSHIKGP5ZWL091QF,M,1999-05-18,26,Athlete
1739,UEVG2VWSD3OUEYH2,F,1981-11-30,43,Athlete
1740,UFD5Z30KBEN6QN8W,M,2002-06-03,23,Athlete
1741,V1JGIEVQGQI1E5ZK,M,1999-06-18,26,Athlete
1742,V6ASFRPKWO69DXMG,F,1970-06-09,55,Athlete
1743,VEYEM2JLUVMO9TS2,F,1987-03-23,38,Athlete
1744,VLKXMTLPDZOFR3VG,M,2000-06-05,25,Athlete
1745,VNKJZCHSRZH9G17K,M,1992-04-07,33,Athlete
1746,VQAQG21XVGONBSOV,M,1964-02-07,61,Athlete
1747,W9HPMT7UB3L89S6H,M,1998-11-08,27,Athlete
1748,WK5KV18NPVWV8FH0,M,1948-03-31,77,Athlete
1749,WPGMZ4BAJZKV11Z2,F,2004-12-10,20,Coach
1750,WREBADAQ46CKZDLG,F,1988-03-09,37,Athlete
1751,WWVOJPXJHUI7RYZ2,M,1990-08-02,35,Athlete
1752,WY4IMAS2VYEAZ8OK,M,1984-08-11,41,Athlete
1753,X89EHWFGBLGRR972,M,1993-03-16,32,Athlete
1754,XCALDA79RA9RXDZK,M,1969-09-27,56,Athlete
1755,XQQIEH1NIH4O7HCQ,M,1962-07-05,63,Coach
1756,XUKRN0K5QT8LI1BT,M,1992-04-21,33,Athlete
1757,Y5GZ2VCK5G2VBGSF,M,1989-05-08,36,Athlete
1758,YCZSBB6M9K8X7WAI,F,1981-06-29,44,Athlete
1759,YONUJ5I52XDDX1KK,M,1978-08-03,47,Athlete
1760,YR3TG6DIV9L7HCOP,M,2001-09-04,24,Athlete
1761,YXRRLHM0EVSS3LOW,M,1997-10-31,28,Athlete
1762,ZLZSHYCZM1PBF7O8,M,1963-09-21,62,Athlete
1763,ZTKX45H8UUS2Q5FB,F,1984-10-29,41,Athlete
1764,ZUWDY0EYHG5KNPAS,F,1982-05-12,43,Athlete
1765,ZZGAD5PY36OB4W26,M,1989-05-18,36,Athlete
1766,0K00W1S88RTYNZ3M,M,1993-09-24,32,Coach
1767,3OD1A2MLQZB0FHYF,F,1989-03-29,36,Athlete
1768,6NL2486F7Y6NYFUG,F,1997-03-10,28,Athlete
1769,722ZXPVEB867P7I7,F,1982-08-04,43,Athlete
1770,7REJ9WW6B13EQNI4,F,1992-06-09,33,Athlete
1771,7SSG1T9Z830ODK4K,M,1986-06-18,39,Athlete
1772,AC11RM4K4ZCKMSU0,F,1996-07-25,29,Coach
1773,DENUCS8F7F3G1NM5,F,1963-05-07,62,Coach
1774,EJWGMLUEEPHVSQV5,F,1994-06-05,31,Athlete
1775,HKDE8F80BAF2LI0A,M,1987-07-31,38,Athlete
1776,HOYEU3DX79SLF44W,M,1983-08-12,42,Athlete
1777,J2EBD8D8EISDT37D,M,1973-02-08,52,Athlete
1778,MT2DOXQ27EC1NV41,F,2002-09-24,23,Athlete
1779,RBWNWOJV97OL44PE,M,2000-07-21,25,Athlete
1780,WDLWWZBVNZL1GIT0,M,1980-02-08,45,Coach
1781,WSIO44ODFA46D5NY,M,1993-03-04,32,Athlete
1782,05I8BC24MLNENOJM,M,1996-01-12,29,Athlete
1783,06NR5BH9RVMSXCP6,M,1959-11-12,65,Athlete
1784,07LWTBBYVUHOKEPN,F,1957-04-02,68,Athlete
1785,0C8V75H7YBDNOIYG,F,1978-11-21,46,Athlete
1786,0J11G8HR5WQFP62Y,F,1990-05-23,35,Athlete
1787,0LGZCY0UX4JBRTG5,M,1984-09-21,41,Athlete
1788,0M0JAPDWE0YGMKZ3,M,1962-02-28,63,Athlete
1789,0OEKQSPXGZKTFKC0,M,1986-09-15,39,Athlete
1790,12JUZYQHZJL5A24N,F,1980-05-27,45,Athlete
1791,12KWJU4QWGII673E,M,1968-12-25,56,Coach
1792,14EA1O02ENOFP8CM,M,1956-12-17,68,Athlete
1793,14ZFMM4IFLE98HE0,M,1964-05-31,61,Athlete
1794,15JOPWQ2PR0NZT9A,M,1981-03-31,44,Coach
1795,1CQZOS5EUSOP40VD,M,1987-02-24,38,Athlete
1796,1GIUTCL2JLFOI7AY,M,1995-04-07,30,Athlete
1797,1MOJM5USXRIAENMD,M,2003-10-03,22,Athlete
1798,1NONAK8DZ2FIWBHP,F,1986-05-04,39,Athlete
1799,206UB87HS71Y6GR1,M,1985-07-16,40,Athlete
1800,221WP1JHJS5M9CIS,F,1990-10-19,35,Athlete
1801,2AKT6K4M8T1WYIQS,M,1982-01-22,43,Athlete
1802,2I5P86FSS64E1JXM,F,1996-06-26,29,Athlete
1803,2JBIN2QN9T6WI6BN,M,2003-06-11,22,Athlete
1804,2NPTSZ0KB90HSMGT,F,1965-02-13,60,Athlete
1805,2OZAF5ZWFSHA7A1W,F,1973-06-11,52,Coach
1806,2SD1OYWANBG5B0PH,M,1988-06-02,37,Coach
1807,2YO1IPUWUOD4UJMX,F,1970-05-15,55,Athlete
1808,2YXSGIM2EKY6910H,M,1992-06-22,33,Athlete
1809,3233L5NZW9SOVQ1V,M,1978-07-07,47,Athlete
1810,3250ZRGXSLNMJ5IH,M,1975-09-05,50,Athlete
1811,41GOBN1S0N0UVKD9,F,1993-10-09,32,Athlete
1812,465QINPAI7HHCJO2,F,1981-04-13,44,Athlete
1813,49EN4K4NO6UKJXTQ,F,1971-07-19,54,Athlete
1814,4DOYYI95T9K63QOX,M,1987-03-04,38,Coach
1815,4IMIOSMU1SGK3VHH,M,1997-04-28,28,Athlete
1816,4JENN23K29H6NIC0,M,1977-06-04,48,Athlete
1817,4OLKH0YH6XM89T5K,F,1979-07-11,46,Athlete
1818,4QPQL4I15HH75WDK,M,1986-02-14,39,Athlete
1819,4WQHY64AOL5VLEBI,M,1951-01-08,74,Athlete
1820,59E23PGL0FTI9CH0,M,1967-11-11,57,Athlete
1821,5ECIXZ6ID1VQBSR3,F,1992-04-05,33,Athlete
1822,5VEXVGWQL905X79A,F,1973-06-22,52,Athlete
1823,630FGPE8JQG3RU0M,M,1987-04-24,38,Athlete
1824,63GND72AVG7QSU70,F,1996-12-24,28,Athlete
1825,6C6L3C90E84M86JT,M,1996-04-25,29,Athlete
1826,6HN1PR4ON35JD2OH,M,1962-07-18,63,Athlete
1827,6LRMETRF59PSBQNY,M,1985-11-25,39,Athlete
1828,6VQH5K34WVS74R0T,F,1979-07-24,46,Athlete
1829,725JRYO1F5JKMADP,M,1998-11-11,26,Athlete
1830,730NCBWHYR5ILNUD,F,1970-12-26,54,Athlete
1831,73T4MV5Q4K3AS5SH,M,1974-10-22,51,Athlete
1832,7PQH2YJVXURMESRW,M,1988-08-29,37,Athlete
1833,7SAO3BDNEGVU8KLQ,M,1967-04-29,58,Athlete
1834,7T1APTHNXQPID8K3,F,1981-04-01,44,Athlete
1835,866OYG9SGVA60QBE,F,1982-01-22,43,Athlete
1836,87IQCMJ1FFIY0EU3,M,1966-11-15,58,Athlete
1837,88YFODHLJ6BCAGQI,M,1985-10-24,40,Athlete
1838,8HFA1GPSTM82WUA2,M,1970-05-30,55,Athlete
1839,8HG46UNY2A0HUVAF,M,1973-09-23,52,Athlete
1840,8IYU7T1I8NII62WN,M,1981-01-30,44,Athlete
1841,8JUUCQ53V8DCMT2B,F,1974-11-21,50,Athlete
1842,8Q4A558YCMQO8XD1,F,1977-06-08,48,Athlete
1843,94EEQUWXPLKXJU0V,M,1972-09-12,53,Athlete
1844,9EPD0GCLS7RJY5AM,M,1980-02-21,45,Athlete
1845,9KN7HBAU3Y84TY45,M,1962-08-17,63,Athlete
1846,9MG9SLZOBNQFG237,F,1992-10-27,33,Athlete
1847,9MRHPHO8KO7FG6SV,F,1987-06-20,38,Athlete
1848,9ZTEKYH2PXBQRD8S,M,1974-03-04,51,Athlete
1849,A21FE8ZYFXPJZVKE,F,1994-06-06,31,Athlete
1850,A4T7ND1LFWUNKCB8,M,1991-09-24,34,Athlete
1851,A50ZU664BBCR1CA3,F,1999-08-18,26,Athlete
1852,A7QT7VB2VAZ36CYA,F,1959-01-01,66,Athlete
1853,A9910ETTWMZTJTR1,M,1996-06-06,29,Coach
1854,AEASFS42K7ZGGVVR,M,1978-01-09,47,Athlete
1855,AJX8WIUN1XKFYL73,M,1984-01-16,41,Athlete
1856,AMWD3A5G8AWBB2QG,M,1957-10-29,68,Athlete
1857,BEF5YNQFHTVHVXO2,M,1963-11-10,62,Athlete
1858,BSPFH3YBJZGL1Z91,F,1994-07-17,31,Athlete
1859,BWQLFVJMU8534LXR,F,1994-12-02,30,Athlete
1860,C51GLP1PNK3Q4D9U,F,1993-11-22,31,Athlete
1861,CC4X8KFO2O3SI2PO,M,1987-01-26,38,Athlete
1862,D310Q4N8K1H5L9WS,M,1991-08-23,34,Athlete
1863,DDNHTJHJJKP0F27W,M,1965-02-03,60,Athlete
1864,DUU4O2ZLKFAEZLVB,M,1975-01-06,50,Athlete
1865,DVK2OO52H0K6OPIE,M,1975-02-02,50,Athlete
1866,DXU0UEZ85OLM55C5,M,,0,Athlete
1867,E0EO841QSLTT0G2G,M,1959-06-16,66,Athlete
1868,E6GMB2VEWSZHNIEF,M,1966-03-29,59,Athlete
1869,EHJY8PMREJ9TQIC8,F,1972-10-28,53,Athlete
1870,EMY5L5411JZJAW8C,M,1997-11-13,27,Athlete
1871,EN60BIOFX3IFFBQE,M,1976-06-19,49,Athlete
1872,EOCPFLKOQ9F6WDHQ,F,1962-01-08,63,Athlete
1873,ES51FAIBYNF5LKHM,F,1970-09-08,55,Athlete
1874,EWLC2SIEOW4OXUPI,F,1959-07-22,66,Athlete
1875,F3O5YFQNTC2AFNAR,M,1992-07-20,33,Athlete
1876,FOUF8YY4P1GNJ0WB,F,1967-10-26,58,Athlete
1877,GDEK27QI3C1MTBP9,M,1990-05-17,35,Athlete
1878,GH3CRNTC1WQ7VYLH,M,2002-12-21,22,Athlete
1879,GSSHL612FUNUM80Q,M,1996-10-29,29,Athlete
1880,GTAQMDCA4GBBDE6R,M,1978-08-04,47,Athlete
1881,H0CE2T4I2P7NPIJE,F,1970-06-18,55,Athlete
1882,H1VL6GT1S3YB8K1X,M,1990-01-12,35,Athlete
1883,H21ZUWKOA2VZH0P0,M,,0,Athlete
1884,H43WWHRQ0K4R3AX4,M,1962-12-01,62,Athlete
1885,H5QD9AILBK80APU3,F,1994-02-25,31,Athlete
1886,H9Z0QHBNGBG9G6XC,M,1974-12-13,50,Athlete
1887,HD1CHP7XT719L4HV,M,1974-03-28,51,Athlete
1888,HIL7OSRLLT0OKDBY,F,1973-10-09,52,Athlete
1889,HM43EA8QMQRZ1KWY,F,1972-12-21,52,Athlete
1890,HQHCOJT5Y2S80XW0,M,1964-01-21,61,Athlete
1891,HT5J1HCU1ZB01VUO,F,1970-06-23,55,Athlete
1892,HVU1YFMRY8JJX1AG,M,1966-02-17,59,Athlete
1893,I109URJFMH69CNYH,M,1979-01-30,46,Athlete
1894,I14UFYNHBXU0YP5I,M,1966-05-03,59,Athlete
1895,I9L4GJWGJ5KC8VHG,M,1983-04-29,42,Athlete
1896,ICJUDU4ERBE8V3P2,M,1984-07-24,41,Athlete
1897,IKX1DIC85A7R02EQ,M,1985-09-09,40,Athlete
1898,INF1A7F6D3LTIF13,F,1960-03-04,65,Athlete
1899,IYG6EN8EP1NW070R,M,1991-12-14,33,Athlete
1900,IZUB9V8UXAPBIMMF,M,1997-12-17,27,Athlete
1901,J36227KGS7L2YF6S,F,1984-12-29,40,Athlete
1902,JBUXX2XTQR9R6HRW,M,2001-08-09,24,Coach
1903,JQ6O3ODBL6LRMPK6,F,1994-06-04,31,Athlete
1904,JTX12NLPK35QZ3ZN,M,1994-02-25,31,Athlete
1905,K9CMPSGMFF0O780Z,F,1970-09-27,55,Athlete
1906,KOHEQ5W0B2LPU2I9,M,1987-08-19,38,Athlete
1907,KP774CKBQ6ATA5VH,F,1983-12-23,41,Athlete
1908,L1PD7QXYHE9FPOWC,F,1987-06-13,38,Athlete
1909,L5J11HULOSF4HEQD,M,1968-09-16,57,Athlete
1910,L73SW4QZYD1HKLAD,F,1987-07-28,38,Athlete
1911,L7OV7ZPO7IJFCL3M,F,1984-03-29,41,Athlete
1912,L8NDX9S5HRC64LU4,M,1955-05-20,70,Athlete
1913,LBHAC59XTFW8CH7L,M,1985-08-01,40,Athlete
1914,LE85MFGEYTR1NO9G,M,1988-06-27,37,Athlete
1915,LQNS2NXZ670BA21T,M,1967-04-05,58,Athlete
1916,LX94Q05XSLB3URID,F,1983-11-08,42,Athlete
1917,LY2BIUQGQ68ZQY44,M,1990-07-31,35,Athlete
1918,LZ3ZDUUYEN445WUV,F,1989-05-05,36,Athlete
1919,M7HQ81IQCAPGXKTB,M,1964-05-26,61,Athlete
1920,MC978ISSFJYP75IC,F,1974-09-15,51,Athlete
1921,MD6VIHLZRL4FHXRH,M,1996-12-24,28,Coach
1922,MLNPZJECQDD7U1EF,F,1970-10-02,55,Athlete
1923,MP2EUV1MZPRQPV42,M,1972-11-10,53,Athlete
1924,MUP9DSNICIZPSY5P,M,2003-03-12,22,Athlete
1925,MWU6FJOQUQB7MIC5,M,1981-05-05,44,Athlete
1926,MYXERRWW7ETL97ME,M,1989-07-10,36,Athlete
1927,N1DTN67PRNAP7BJK,M,1998-11-23,26,Athlete
1928,N8RY0M7C8H6K20YN,F,1990-03-29,35,Athlete
1929,NNK1QFD8S85Z0SLI,M,1991-10-13,34,Coach
1930,NP1SOFHVCH5AAS9V,F,1987-04-16,38,Athlete
1931,NQP7PTCDDYHROMRF,M,1982-10-31,43,Athlete
1932,NRJUO0GNZ139YTMH,F,1950-08-09,75,Athlete
1933,NSR67LEA1B84MLAM,M,1988-10-08,37,Athlete
1934,NUP4WY8L5NSTFW4N,M,1999-11-16,25,Athlete
1935,O0DIKKWCZEA1ET26,F,1961-08-02,64,Athlete
1936,O0HXJ85H89I14W4H,M,1967-01-08,58,Athlete
1937,O3ZZWNZ2F6ZGZ3IC,M,1974-08-23,51,Athlete
1938,O98SIVN5E2P85URA,M,1958-04-12,67,Athlete
1939,ODIA8T6VMOM2ARA4,M,1994-12-28,30,Athlete
1940,OMSO8CJIO7BATH8W,M,1984-04-20,41,Athlete
1941,OXW5KCR7OYD7GDOQ,M,1950-06-20,75,Athlete
1942,OZW68ODU38A35L94,M,1974-01-10,51,Athlete
1943,P2ECZU090ZSR8T75,F,1965-02-09,60,Athlete
1944,P75047T4DXKHTEHZ,F,1957-01-19,68,Athlete
1945,PAC0CHBURAYTLEGX,M,1963-12-22,61,Athlete
1946,PECJNVHYDPHUC8EU,F,1975-10-22,50,Athlete
1947,PG0UIHH16403XSTZ,M,1984-02-18,41,Coach
1948,PH4N6538YTYHIEKL,M,2006-05-13,19,Athlete
1949,PIC4GD2SV2TTU8VQ,M,1981-05-29,44,Athlete
1950,PITWN8KYEQG6QCL9,F,1985-04-17,40,Athlete
1951,PK0Y8T0SARG7JMAF,M,1961-03-19,64,Athlete
1952,PM668T95O8C3RVGC,M,1996-12-17,28,Athlete
1953,PSGT1QGYGIGX2P72,M,1982-12-26,42,Athlete
1954,PVDM9HY5EAKWA7YN,M,1965-03-25,60,Athlete
1955,PW6LZ8HI34N5ZM5N,M,1985-12-19,39,Athlete
1956,Q0HFBUNRXCMEPRT9,F,1976-09-10,49,Athlete
1957,Q1L9DK2M7J3M3ZM4,M,1967-06-03,58,Athlete
1958,Q4WM8XA0VVYZCECL,F,1994-12-02,30,Athlete
1959,Q5NPHM0S6KS6YLUF,M,1954-04-09,71,Athlete
1960,Q6JU4HUS5FTUEMK2,F,1982-12-23,42,Athlete
1961,QATU47DAJB5ZR013,M,2004-09-26,21,Athlete
1962,QC98EEQS7D0OUNEY,F,1988-04-30,37,Athlete
1963,QCONREYC2RJSLNU5,M,1974-06-16,51,Athlete
1964,QPX79P86EU5TOMGF,M,1972-07-24,53,Athlete
1965,QU23PHM7DJXH750T,F,1971-12-12,53,Athlete
1966,RCS60EFRQRH0WHQ1,M,1973-07-18,52,Athlete
1967,RE7QJY9A1VX8NFLQ,M,1998-01-28,27,Athlete
1968,RK3OQA2VZ2AJNL4S,M,1987-08-16,38,Athlete
1969,RVS6SXB4HND41SMD,M,1985-07-26,40,Athlete
1970,RYAHDKSR3Q9P4S9M,M,1973-10-06,52,Athlete
1971,S17D240J99T0J3UZ,M,1981-04-19,44,Athlete
1972,S4FM39Y176C1O5P0,M,1985-04-21,40,Athlete
1973,S8RYW4KU1YRR6502,M,1994-07-11,31,Athlete
1974,SC08EAKLZMPYFIWU,F,1985-02-04,40,Athlete
1975,SKJGXZM506A09NIR,M,1990-11-03,35,Athlete
1976,SLZDX86F7PZBXB2G,F,1979-07-29,46,Athlete
1977,SMBMB96XGB1ZJ20D,M,1972-11-11,52,Athlete
1978,SMPEYJZLXXJMOC37,M,1999-03-19,26,Athlete
1979,SNG6W4WZ6IKXRUMA,F,1965-06-18,60,Athlete
1980,SQG1LIZCP88HMLDB,M,1991-09-07,34,Athlete
1981,SRTOXK7HXEWF0S57,M,1972-06-06,53,Athlete
1982,SS3M64R7MKSA5HZ8,M,1965-11-24,59,Athlete
1983,SU8R4EK4RATHDTAJ,M,1996-07-03,29,Athlete
1984,SX7FSIEMJITE92EN,M,1997-03-03,28,Athlete
1985,T0EBXL3UP9AZ1IB1,M,1971-05-26,54,Athlete
1986,T262HUTM8371RHQA,M,1991-12-21,33,Athlete
1987,T3S75X7JNJ9UYWDR,M,1978-04-10,47,Athlete
1988,T4FTSJEJH1ICI9Q6,M,1957-02-11,68,Athlete
1989,T4JL4PWAUGLDD3R7,M,1969-08-22,56,Athlete
1990,T6N2G75WM1YW8SBQ,M,1993-06-03,32,Athlete
1991,T7KIOMFFN7WTRV8E,F,1980-04-21,45,Athlete
1992,TCKE9PF0Q9CMPB3M,M,1980-09-13,45,Athlete
1993,TSR19RWZKOPED2WI,M,1992-10-21,33,Athlete
1994,TYFMVFKLVG6GT56T,F,1990-10-17,35,Athlete
1995,U3EHJHZ3LMDLUITY,M,1983-03-05,42,Athlete
1996,U7Y0GETL46P47RA8,M,1987-11-19,37,Athlete
1997,UIFOJIZC86VTRF10,M,1993-01-16,32,Athlete
1998,UL2EPUZVXY2GV7H1,M,1985-04-23,40,Athlete
1999,UMVBN7KAVZNE5YH5,M,1993-10-02,32,Athlete
2000,UQSJGPIV39KGY9FP,F,1983-09-12,42,Coach
2001,UY7U8Q7VFZN6JA68,F,1960-04-21,65,Athlete
2002,UZ6DFP7E2K27SES6,M,1900-01-02,12,Athlete
2003,V0DFUIRUFOYVYY76,M,1976-04-13,49,Athlete
2004,V6D4HH2V02DN27HB,F,1970-09-25,55,Athlete
2005,V6L3D9JQ2KICJLL6,M,1969-10-20,56,Athlete
2006,V98ELHZZLS6PNPZ9,F,1974-10-12,51,Athlete
2007,VUDH4D8F2G6H30FH,M,1988-07-04,37,Athlete
2008,VVEA9K199P9VX7WX,M,1983-06-29,42,Athlete
2009,W5AASBVZI76WD6IS,M,1978-11-05,47,Athlete
2010,W6D0GLQPDKRUHLUT,M,1972-12-05,52,Athlete
2011,W7WQDYNSVCEWAVGO,F,1987-01-15,38,Athlete
2012,WGQV519PL6SU6W3F,M,1957-11-30,67,Athlete
2013,WJPMIHIUZTQM9EIJ,F,1963-03-29,62,Athlete
2014,WQGH44YUATWWKYIO,M,1977-09-18,48,Athlete
2015,WWK9D7FRF61F8H0W,F,1993-01-10,32,Athlete
2016,WZA7IOUQATS8NUFP,M,1989-02-04,36,Athlete
2017,X1EH38VQ7Z6BV270,M,1993-02-11,32,Athlete
2018,XA99V6JS83TD26Y6,M,1960-07-31,65,Athlete
2019,XC1ELPEDWGIX3UQU,M,1963-09-25,62,Athlete
2020,XJJ0JI4WP58R771K,F,1980-01-07,45,Athlete
2021,XLK8C2GYGRA8328K,M,1975-08-07,50,Athlete
2022,XQYG7C532WIIESAZ,F,1968-12-30,56,Athlete
2023,XTTE5XOKENMJROM1,M,1969-12-29,55,Athlete
2024,XU7JOL8HY2QCSX60,M,1962-02-09,63,Athlete
2025,XVEHO5E4XN5DN2EX,F,1982-01-18,43,Athlete
2026,Y0NM1U3GV48XNGL3,M,1990-04-26,35,Athlete
2027,Y8VVMWYHIUXR8YME,M,1986-04-21,39,Athlete
2028,Y8Z9N4HEIH3XFF4H,M,1974-11-23,50,Athlete
2029,YGH8KEO26JRRSAAC,M,1992-03-03,33,Athlete
2030,YO89THSY7HV318O2,F,1972-02-10,53,Athlete
2031,YUVNTOYE92WVV2A1,M,1998-12-28,26,Athlete
2032,YZFLW5R5VT38TVV1,F,1992-06-13,33,Athlete
2033,Z2L2H40LFMRJWYYH,M,1965-02-15,60,Athlete
2034,Z6LP2N373NYBI54D,M,1964-02-07,61,Athlete
2035,ZAOVB1JYO9N4BPBP,F,1969-09-16,56,Athlete
2036,ZF12DT3FVTDZ4YKH,F,1994-06-22,31,Athlete
2037,ZH269HS9RDK7CTBS,M,1969-01-28,56,Athlete
2038,ZKG0US20WSP3QACQ,M,1956-07-27,69,Athlete
2039,ZUVP9IIYIMPOYAGF,M,2000-11-07,25,Athlete
2040,ZXEYYUE4XRY8TAIO,M,1964-12-17,60,Athlete
2041,B66QHWTZAAQ55QWD,F,1996-06-26,29,Athlete
2042,M2184HA7D4VEVZPY,F,1986-03-13,39,Athlete
2043,MWC2JC5JNQXA12J6,F,1996-07-18,29,Athlete
2044,QXWWDUOT33R1GIBE,M,1986-02-22,39,Athlete
2045,U0W8T4RONZFD7UVX,F,1996-07-09,29,Athlete
2046,UKFJY9TWQWO5PDD9,F,1971-06-17,54,Coach
2047,WB45D1I785CRDN5D,M,1986-01-08,39,Athlete
2048,0THW9J5NPHCLXXRA,M,1966-03-24,59,Athlete
2049,2ARFT61EPFQLPXOT,M,1964-08-08,61,Athlete
2050,9WS6NV7H9QDY7500,M,1963-03-17,62,Athlete
2051,C22HEYUCN0JA4AVI,M,1995-11-07,30,Athlete
2052,C6HPEOH9ZC1FM3CY,F,1981-10-09,44,Athlete
2053,I0N3OPGW8RM2NC06,F,1951-11-25,73,Athlete
2054,LFINKBPKIM1E281H,M,1970-12-24,54,Athlete
2055,NPVI74EZWOCMEE50,M,1961-10-18,64,Athlete
2056,RCR69CPBY5YKR37X,F,1982-04-08,43,Athlete
2057,VR7F53XT55NDBN5J,M,1967-02-26,58,Athlete
2058,ZNUG5FWPQPVOFICQ,M,1960-04-01,65,Athlete
2059,1BFNMGWLPGSWHSDR,M,1998-04-25,27,Athlete
2060,1LREO5MBDAT8B9WX,M,1972-09-10,53,Athlete
2061,647J0LMIE9IBC2N7,M,1968-10-07,57,Athlete
2062,ECHPCWHWNWWMJWMP,F,1991-11-20,33,Coach
2063,EFXNFREQ15UQRVXF,M,1966-12-21,58,Athlete
2064,NLCWC6XYH1KNTPDW,M,1981-10-18,44,Athlete
2065,QGDUTWICPT4ZELOI,M,1993-06-20,32,Coach
2066,Y0D3AJINL8MF7NJT,M,1988-08-10,37,Athlete
2067,20BAZ84JSR9EZX1D,M,1979-09-04,46,Athlete
2068,2T5VTWX7TKXRL25Q,M,1966-02-17,59,Athlete
2069,4IKI71PVK7URPDNQ,M,1976-02-26,49,Athlete
2070,4YWZY09D0RAM0IBI,M,1991-07-31,34,Athlete
2071,5F325HJK2YK2LTQJ,M,1957-10-10,68,Athlete
2072,66X23QNUDOOP4QI6,F,1990-04-07,35,Athlete
2073,6CB974OR9BUAR9NI,M,1966-01-30,59,Athlete
2074,7ZOFBEPGO9PDH7TH,M,1968-01-23,57,Athlete
2075,83TL7AIGOYIOOPR9,M,1957-06-08,68,Athlete
2076,8BCRKHKYBW83VEU4,M,1974-02-17,51,Athlete
2077,9WEP2MTF9WVM8XXW,M,1979-05-09,46,Coach
2078,C4L3MQL0HDK720MN,F,1958-09-20,67,Athlete
2079,DFAVPAEL5TZOK9FG,F,1980-06-29,45,Athlete
2080,F5ATPEJ2KAD9RHIJ,F,1966-04-05,59,Athlete
2081,G4QZO6T3L3FVESG5,F,1971-01-18,54,Athlete
2082,HSBCSUP6VOTO0KUX,F,1976-12-02,48,Athlete
2083,HUG0PXW2Y1UPCS0J,F,1968-05-28,57,Athlete
2084,HYCGUA13Q9KESKU2,F,1964-12-15,60,Athlete
2085,I1WTCWJZ2XBD3FAW,F,1982-11-09,43,Athlete
2086,J2MRNE6MNOWIIS6H,M,1974-08-12,51,Coach
2087,J2Z20MKIK0IYXDOC,M,1995-09-03,30,Athlete
2088,JSWR7MWEIEGPF99K,F,1975-12-15,49,Coach
2089,K2F4R0YKEWK9HUBA,M,1966-10-01,59,Athlete
2090,KLE7HG7HPV1UEBT5,M,1984-01-25,41,Athlete
2091,LCOMVUVQTBBHKWZO,M,1970-05-13,55,Coach
2092,NH16UG6025BKNPVF,M,1973-04-13,52,Athlete
2093,O54SIADYWA6R3XXW,M,1990-04-18,35,Coach
2094,OA86C1MSXQK0O3X1,F,1955-09-25,70,Athlete
2095,OFJTZA6OASVFGKJV,F,1972-05-17,53,Athlete
2096,RRCV84JBJCAVJ5DB,M,1957-10-09,68,Athlete
2097,UF79TEQN90IOVFPG,M,1975-12-27,49,Athlete
2098,VADBRRUTJ2WCLZI6,M,1988-08-23,37,Athlete
2099,VBLPOO5VY9C9EBN0,M,1961-12-23,63,Athlete
2100,VJRX0REY1M1B2FYQ,M,1989-03-30,36,Athlete
2101,VOZR0GD67HKBKUX1,M,1985-01-06,40,Athlete
2102,W67ALVVNG2BKR1DF,M,1958-10-20,67,Athlete
2103,Y5OAP8ZFM4KQTVMB,F,1974-11-13,50,Athlete
2104,ZT909UY4VVIEMT03,M,1972-03-26,53,Coach
2105,0QV9F762OFQSB44J,F,1991-01-06,34,Athlete
2106,14VSDTAZE77DB1J8,F,1996-03-19,29,Athlete
2107,14YDPS60LJ4MNP2Z,M,1993-02-12,32,Athlete
2108,2G4H6AE32HTQNEX4,M,1997-11-02,28,Athlete
2109,2Z7WTLJGULKL1EHQ,M,1997-03-17,28,Athlete
2110,5RX6K2E3LQ5JRTN1,F,1994-06-26,31,Athlete
2111,8BRJ7I0TAEXB6OKK,M,1990-03-03,35,Athlete
2112,HJB8AXE4XZ22XWYJ,M,1978-11-20,46,Athlete
2113,0YRSS2UT0UNPWWZ1,M,1987-06-15,38,Athlete
2114,4V9HOLN49JY341GB,M,1967-08-11,58,Athlete
2115,57INCJASKHLKGV3W,F,1985-07-29,40,Athlete
2116,65XKDZ5OFY26JXN7,M,,0,Coach
2117,6WH5HQ8Z18ZNGM7V,M,2003-08-31,22,Unified Partner
2118,76K2JI6MP8L0UXUP,M,1971-02-09,54,Athlete
2119,97HMH6A7CSOB599V,M,1989-08-01,36,Athlete
2120,9CKHJNY5L6E9G36J,M,1975-10-27,50,Athlete
2121,9NI7TK99NPJETIXC,M,1992-04-10,33,Athlete
2122,9PTQIPBTALR2HLWN,M,1990-05-02,35,Athlete
2123,B2OE8G6L24385ZLS,F,1995-05-04,30,Athlete
2124,DLR4PG2HRNSRKZ5O,F,,0,Coach
2125,EZMGCN7P4KTIDS1J,F,1986-03-05,39,Athlete
2126,FM9WDTFYCUW4EDII,M,2003-07-11,22,Athlete
2127,HEMVPTIIRTGNXPK9,F,1997-04-03,28,Unified Partner
2128,J5JLB4XAFCQAIH76,F,1988-08-12,37,Coach
2129,MAON9T8PY9DU4R6G,M,1961-10-12,64,Athlete
2130,ME4GCOWV44XDIY3U,M,1994-12-22,30,Athlete
2131,NMFWVCJCZHXF9GQB,M,1990-02-22,35,Athlete
2132,ROFG1X4OHZUWXAM8,F,,0,Athlete
2133,S2TAFQYG3E67JAGX,M,,0,Unified Partner
2134,VGD8LJRAESP3NKT2,F,2002-02-28,23,Coach
2135,X3UETJ6QYXIAL8MC,M,1995-03-30,30,Athlete
2136,2AR67EQ6WPCM42QG,M,1999-02-26,26,Athlete
2137,38P1U08NRMYKB7E1,M,1964-12-09,60,Coach
2138,416XZMBSCB5BZRYV,M,1969-10-10,56,Coach
2139,5BZHDVZNP48L5RA5,M,1997-07-04,28,Athlete
2140,7FA4JQ8EZQCNVZNA,M,1987-01-07,38,Athlete
2141,87UUEZV4KP50DUXK,M,1999-02-16,26,Athlete
2142,C2HNNSQFGMHTHCSN,M,1973-07-06,52,Athlete
2143,CATXZTX6ANHG5XR9,M,1997-06-18,28,Athlete
2144,CBYQAJNVF3O2WBVZ,M,1985-11-10,40,Athlete
2145,CXEGTSTOXDTRNWIJ,M,2005-12-12,19,Athlete
2146,FDL9KIJZHMUYVSDG,M,1980-10-25,45,Athlete
2147,G8G27T8HG8G1IGOG,M,1996-06-14,29,Athlete
2148,HWQ7TJHMHYIR7GI6,M,1999-01-05,26,Athlete
2149,KC84D7ZSPX59ZI60,M,1990-07-23,35,Athlete
2150,MGMIBHV0ZEC60FPN,M,1989-11-28,35,Athlete
2151,MOA840FQ335BTFGS,M,2001-10-10,24,Athlete
2152,MXKU4WZEMYMUU7P5,F,1989-07-19,36,Athlete
2153,OMVAUR4IHAX79SEU,M,1998-12-06,26,Athlete
2154,Q8IUF3D3ZHN4OULG,M,1996-10-26,29,Athlete
2155,R7GJJ1U3F9N4BCDW,M,1988-10-03,37,Athlete
2156,RZTAO0E66SXPV9VX,M,1981-02-24,44,Athlete
2157,WTQLDPVZ86ZD6MGG,M,1972-12-21,52,Athlete
2158,XX3IFJ3WPA201LJL,M,1990-10-01,35,Coach
2159,Z71R3HMGV3CG3SBQ,F,1971-12-19,53,Coach
2160,01AFX1D9T2XNGOAT,F,1981-02-07,44,Athlete
2161,0Y8E0GH6EU90590P,M,1995-10-31,30,Athlete
2162,4KAN7ALEQONO891S,M,1989-11-08,36,Coach
2163,5H3P70OJ6ICTGDFJ,M,1971-12-10,53,Athlete
2164,61MWVKFWJJTYABFU,M,1998-04-09,27,Coach
2165,65P5SHBESW55T797,M,1998-07-28,27,Athlete
2166,6PH56FSRWBIS3ZAA,M,1989-06-25,36,Coach
2167,B2GVTPQN07FD6YPJ,M,1982-01-03,43,Athlete
2168,CA8IP8ENXVGV0MR4,M,1989-02-22,36,Athlete
2169,CBO5KFSS7UBDTZJX,F,1986-04-16,39,Athlete
2170,CVUWGDN4VBCQ0WZZ,M,2003-04-04,22,Athlete
2171,D09E8PZHLUP1TP79,M,1977-12-28,47,Athlete
2172,D5SESLH2XIXSAB4X,M,1984-01-01,41,Athlete
2173,DBEOPNMN6MMYUNUN,M,1975-07-14,50,Athlete
2174,FHC78PUCR7BQWV0Z,F,1989-09-17,36,Coach
2175,IHUQV1CGBWJGGC2M,M,1998-12-30,26,Athlete
2176,INT1QVB7JVHSXZ08,M,1986-09-16,39,Athlete
2177,IXG8KBHUONBRW2OB,M,2004-09-12,21,Coach
2178,LD6V4IVGJT06GBPG,M,2005-05-31,20,Athlete
2179,LRKDFZ094H26B7ZP,M,2000-01-05,25,Coach
2180,MOT352VMOYIYNAHO,M,1991-08-28,34,Athlete
2181,NV35KP86VNLLI1AR,M,2008-01-08,17,Athlete
2182,PCVBKRIY833SO10S,F,1977-08-14,48,Athlete
2183,SEB0SNSY2XDK45KU,F,1988-03-04,37,Coach
2184,T003724IMX57YDJ6,M,1981-05-18,44,Athlete
2185,TUSZX0WDYY4M0GUB,M,2003-07-18,22,Athlete
2186,U0ZWTHWCBX05A8ME,M,2000-07-05,25,Coach
2187,U2WU8M1JI4L00F0Y,M,1986-07-23,39,Athlete
2188,UQTSB2JH6OB448C8,F,1997-12-24,27,Coach
2189,VFCIUUW3Q8TAPCVW,M,2002-08-12,23,Athlete
2190,VPPO1IHM66W9Z8GT,M,1958-11-20,66,Coach
2191,YW68LN07QQUGQ786,M,1986-03-20,39,Athlete
2192,ZFCQ0MKIPW4Y1RDR,M,1964-09-14,61,Athlete
2193,ZLQHW5MJTYCBHQXZ,M,1961-10-24,64,Coach
2194,ZTW74ABHFFZD0D8N,M,1991-03-28,34,Athlete
2195,2FA42YKT5EP5WHQT,F,1985-01-22,40,Athlete
2196,5OAFETNB5LDB757W,M,1990-12-04,34,Athlete
2197,8NL9W4PTM28XAM83,F,1975-02-21,50,Coach
2198,8O2MCHOBEX43EV53,F,1989-01-29,36,Athlete
2199,B252M2DN0XZMPV31,F,1994-12-21,30,Athlete
2200,DAVLF21LKWPFRM0O,M,1953-04-25,72,Athlete
2201,DBHZGK8ZRMIN4A5P,F,1963-02-10,62,Athlete
2202,DK4T036PN4888L38,M,1994-05-09,31,Coach
2203,DPCNJC4MD0NO13TC,M,1963-08-26,62,Coach
2204,NJK06FE0G9LPMBDX,M,1971-10-01,54,Athlete
2205,OJELC96PULIQAPGR,M,1971-07-10,54,Coach
2206,R609ZE8V4HP9EU79,F,1996-03-09,29,Athlete
2207,VKDR1WLYKBK0ULNA,M,,0,Coach
2208,VL7U53WJULAJ4MT3,F,2001-08-10,24,Athlete
2209,XF4EUAQ69FAIPYM2,M,1997-07-22,28,Athlete
2210,0NVNRFLZY0ZQOWVC,M,1989-07-09,36,Athlete
2211,23YJQJWCIE1ZFMXC,M,1983-07-26,42,Coach
2212,2H64UGYD8VVAGW3G,M,1953-03-18,72,Athlete
2213,4DAZWS5I9BBXOSGW,F,1992-05-21,33,Athlete
2214,4W1YPO2UW9KO7488,F,1979-06-08,46,Athlete
2215,5AOGEIAEEP5970LP,M,1987-10-03,38,Athlete
2216,5LU36MI5V7RZSQYX,M,1991-06-30,34,Athlete
2217,84U3ZVUHAG65WKUG,M,1977-02-11,48,Athlete
2218,8A12FF6USE6BBMFG,F,1960-06-08,65,Athlete
2219,92OGXTWF0T7H0R2I,M,1974-11-01,51,Coach
2220,BPR3YCZ08QTW6JL9,F,1999-02-25,26,Athlete
2221,BVUI5CIPES4LL98Z,M,1984-02-18,41,Athlete
2222,CS2RCJYL0MWU5KC9,F,1991-01-26,34,Athlete
2223,CUW37I26THGDFJ98,F,1993-07-19,32,Athlete
2224,EOM4HLSGJJIQNH7O,F,1988-08-14,37,Athlete
2225,F794G9P6JBPK7QON,F,1992-07-29,33,Coach
2226,FX2GEBPX7NAUA7V5,F,1971-02-08,54,Athlete
2227,G3LCL0OCJVT1I1XR,F,1987-07-03,38,Athlete
2228,GGMAXCY5KWBG6OQR,F,1979-08-09,46,Coach
2229,HKS672ZA4SLNXABI,M,1972-04-10,53,Athlete
2230,HT0FXVEPTVFVFEC3,M,1979-11-04,46,Athlete
2231,IZ72JAJX5W85W9DB,F,1985-12-30,39,Athlete
2232,JZ6OEFKAAPI4R1WJ,M,1973-12-24,51,Unified Partner
2233,LFR6PCWBLVPJ04Q2,F,1991-09-12,34,Athlete
2234,LNXPBCQ5D8LWZV2B,M,1992-11-26,32,Athlete
2235,MVLR81R4HTHT0O5E,M,2001-07-20,24,Athlete
2236,O3HFBOXUG90B4A1I,F,1986-09-15,39,Coach
2237,P50Z79T16HEGFVLK,F,1976-05-04,49,Coach
2238,RQVJR5EFQ2GBMSXD,F,2003-11-24,21,Athlete
2239,S05GHPFXO46HJAT6,F,1987-04-24,38,Athlete
2240,S6Y98X1LV2Y9F19O,M,2003-11-25,21,Athlete
2241,SATKDA8B2OQZM307,M,1989-03-06,36,Athlete
2242,SGW4MZ3USHCTFUJG,M,1995-09-22,30,Athlete
2243,SUZ1XVNRVPWJ3BJP,F,1989-05-16,36,Athlete
2244,TGTR5594M5RT617D,M,1992-01-17,33,Athlete
2245,TISV3EVE9LI1E194,M,1987-09-25,38,Athlete
2246,TL5V2SDV7SHNR1G7,F,1985-01-16,40,Athlete
2247,TXCCMZL8AXJST7WR,M,1983-08-01,42,Athlete
2248,U9N9JEMEJ1BQ7379,M,1980-08-13,45,Unified Partner
2249,W53YCKOV0EJW1POK,M,,0,Coach
2250,XJ0TDAY386SVPDP0,M,2002-12-15,22,Athlete
2251,XNONMTM3B97IAJS8,M,1999-02-11,26,Athlete
2252,Y3YQLWWAHWHJ12JG,F,1977-10-19,48,Athlete
2253,YG7162280ITTW3UF,F,2005-02-28,20,Athlete
2254,0QFBYWL0BHLXBI27,M,1985-03-11,40,Athlete
2255,1W6RSM9KCRDNGLBA,M,1985-06-06,40,Athlete
2256,3P7Y44B4W8T2SV3C,M,1985-08-01,40,Athlete
2257,AFJPPKW1Q3T4BB8Y,M,1979-02-25,46,Coach
2258,HLY11W2QMXG15XIH,M,1980-04-07,45,Athlete
2259,IT7IONPKXG7M59T6,M,1985-01-03,40,Coach
2260,ITUSG4236UPOVLJD,M,1973-11-09,52,Athlete
2261,KOOADVHM393I4NL6,M,1988-05-11,37,Athlete
2262,L98F5QCXCDRZM4KN,M,1990-01-08,35,Athlete
2263,OL3MMXXNN56F4RQ9,M,1965-01-19,60,Athlete
2264,S58M41XTYANKVS9B,M,1970-09-23,55,Athlete
2265,V0N492SJM1G0D6GX,M,1987-06-02,38,Athlete
2266,VLMPFGE82ZWVH97R,M,1986-09-13,39,Coach
2267,1THVBIER11AQVNRH,M,2002-07-03,23,Athlete
2268,2S02HPCDBHGCCIGZ,M,2011-09-15,14,Athlete
2269,4KPHUN4X0M03BP21,F,1992-06-07,33,Coach
2270,4XZP5WAGMB1HBB7R,M,2008-08-05,17,Athlete
2271,5CZQIWBZEKSC11NA,F,2006-10-11,19,Athlete
2272,6ZEKWJGXOMWJ6DR5,M,2004-07-11,21,Athlete
2273,9DDMZ1V0Z5JGRM8V,M,1992-01-30,33,Athlete
2274,9GD8CY6ACD925CFJ,M,2006-10-11,19,Athlete
2275,9UOTYJY7TWJYR0UF,M,1987-11-08,38,Coach
2276,9ZPNMAHSHJ3R9U17,M,2007-01-29,18,Athlete
2277,B6XZAE1Q69VCWOFM,M,1991-06-15,34,Coach
2278,BH05RKZPJLMNCK08,M,2010-09-27,15,Athlete
2279,CS2S17NL2XLFPFH4,M,2004-12-04,20,Athlete
2280,EO5CSVKB13ZNNSW0,F,1965-09-11,60,Coach
2281,EXPB632117SQP7EM,M,2006-11-17,18,Athlete
2282,H1Z44MZ9XS1IXLE5,M,2013-02-05,12,Athlete
2283,QNBF2JM5757XZ8NO,M,2012-01-20,13,Athlete
2284,RG623V3JBJA1LEEK,M,2002-04-30,23,Athlete
2285,S65ZPHK5F86XH363,F,2006-04-27,19,Athlete
2286,SD42DB2C7IWVPOUM,M,2009-08-04,16,Athlete
2287,SH5PETUQ4WX7IUAD,M,2012-06-01,13,Athlete
2288,VY1VIS4LZ4D4AOMT,F,1982-09-12,43,Coach
2289,XJ4Y6NUQ4WLPEAQA,M,2009-04-02,16,Athlete
2290,YEB9Q6QIE2UDOHBJ,M,1996-11-08,29,Coach
2291,ZXB305KX3V1R3IYN,M,2009-04-22,16,Athlete
2292,004CL71UVEYA93FB,F,1953-08-11,72,Athlete
2293,0FR8MTOPOGCOO2CM,M,1970-12-06,54,Athlete
2294,0JXVJAH8RIEX4J2R,F,1990-03-24,35,Coach
2295,0XJZY8U32ZZ4JJYM,M,2006-11-09,19,Athlete
2296,0YJSN5DVXZEIGV12,M,2000-11-17,24,Athlete
2297,11IQJR819T01HRPY,F,1968-03-30,57,Coach
2298,27JEO5G8I0LP51W1,F,2014-04-03,11,Athlete
2299,2HKW2UR317URTZCQ,M,2012-04-18,13,Athlete
2300,2SPJ5K8HAUSGS6EZ,F,1962-12-08,62,Athlete
2301,35H6BNIHB3AJDYLG,F,2000-02-05,25,Athlete
2302,3H2ZYUZ0GUHEA4OF,F,1987-09-03,38,Coach
2303,3I7O9MIIN2RSOP8H,M,2003-08-11,22,Athlete
2304,3LWJAF9BHB0FKP05,M,1987-01-12,38,Athlete
2305,3ROVNED0880QZQG2,M,1991-03-30,34,Coach
2306,3V17GM8ZAODIFVE5,M,1989-02-16,36,Athlete
2307,3YTFTDQZ9VC7BI56,M,1956-07-08,69,Athlete
2308,4KAAOW1M4WLOX5QE,M,1996-06-05,29,Athlete
2309,4LB8213IBSEO1CTY,M,2011-01-20,14,Athlete
2310,4UHTA4XJPP2KOSSZ,M,1979-10-05,46,Athlete
2311,4UMO0MWYDPUOWQYI,F,1999-02-08,26,Athlete
2312,58XGB606ZAR4JUIE,M,1962-09-01,63,Coach
2313,59L9NYC0E2HBJKTQ,F,1964-04-16,61,Coach
2314,5J9QLTN99FXSO0QZ,F,1961-02-21,64,Coach
2315,5OMBRKB262KE6I5R,M,1993-07-31,32,Athlete
2316,5UR7RR04DV5MBEXT,M,2012-08-12,13,Athlete
2317,62YQNRQ34BBR5YGP,M,1997-03-13,28,Athlete
2318,68ESJ7UCRUTZPNMQ,M,2001-09-03,24,Athlete
2319,6J5UZEZ7BY9Q35RW,M,2011-02-01,14,Athlete
2320,72NH4ASETC3FMI85,M,2005-04-22,20,Athlete
2321,76BMCFWRXOJR2Z2M,M,1959-03-21,66,Coach
2322,83YLUOHWQ5J02MIW,F,2008-02-25,17,Athlete
2323,8T889PJP3195Q94I,M,1988-01-20,37,Athlete
2324,8W8V9FHK781631N4,M,1992-10-12,33,Athlete
2325,8WXQB0XCJMRBRFC4,M,1963-10-24,62,Athlete
2326,8X8GJNP8ZQLNAQDY,F,1974-05-29,51,Athlete
2327,8XTZNWJN8J507Q3X,F,2011-11-03,14,Athlete
2328,9O0Q9HPAL8TBYKO4,F,2000-03-11,25,Athlete
2329,9VYLMA0YXR4UR0O1,M,2013-02-03,12,Athlete
2330,A1MV9K06MTYD8VZK,M,2007-04-30,18,Athlete
2331,AHBB543GH8T4UBRH,M,1967-11-18,57,Athlete
2332,ARN1XH0KL8DLGJVJ,M,1994-04-27,31,Athlete
2333,B1LCBH77O1PQ2UKD,M,2003-01-22,22,Athlete
2334,B2ZHCRVJ0ZKB8IJJ,F,2005-07-30,20,Athlete
2335,B3Z4ATWQ37CHWF7D,F,1982-09-10,43,Coach
2336,BRHWM4RHHTPTCYYC,F,1945-09-21,80,Athlete
2337,BSFOOVJF7YQ39P8U,M,1976-09-24,49,Athlete
2338,BSLGR1QG2LGE75L3,M,1991-10-18,34,Athlete
2339,C2NGD05VLGAMS1WE,F,1954-11-05,71,Coach
2340,CQ09WV0NJDUPLC03,M,1994-05-12,31,Athlete
2341,CTXTJ8R2AXXE015Z,M,2004-06-26,21,Athlete
2342,CVA28RNURBL4BK8E,M,1968-09-16,57,Coach
2343,D6N08QTRU9GDT1YA,M,1979-03-08,46,Coach
2344,D9USOVV4SL90IE3D,F,1991-07-16,34,Athlete
2345,DN4C9SAM6FUGCJEY,M,1993-02-16,32,Athlete
2346,DTEWD0QX3LMB6CDV,M,1972-04-15,53,Coach
2347,DVAJED1WPC51HF1I,M,2000-06-02,25,Athlete
2348,DVL00J0P2GS9UK17,F,1957-07-31,68,Coach
2349,E4WPTBOKEB4JEWKC,F,1984-03-27,41,Athlete
2350,ESFZ4OG56WT2P9S5,M,1990-01-22,35,Athlete
2351,F6T62X0LV57PTOBW,F,1996-03-18,29,Athlete
2352,GA8P8VSAEL4WMT94,M,1994-04-11,31,Athlete
2353,GODKJ525CDDH7HSM,M,2007-05-02,18,Athlete
2354,H4NQ12CVHOZFD0MF,M,2006-05-29,19,Athlete
2355,H6JQ2EFVILI6QCB3,M,1983-06-17,42,Athlete
2356,HB3LM9MN3VRBYF9O,F,1999-01-30,26,Athlete
2357,HFB2D9T2TJU4SOVA,M,2004-04-28,21,Athlete
2358,HKIP5YWR08ZPN2EV,M,2003-07-11,22,Athlete
2359,IEDNURIOCRLD30MX,M,1999-06-23,26,Athlete
2360,IKXDDME4PM9994IL,F,1968-06-13,57,Coach
2361,ITUUB2ZA8YOZ4YQS,M,1956-12-11,68,Coach
2362,IUI7ZNGQXBU39UF9,M,1955-01-19,70,Coach
2363,J93RL2UGZIDSH03M,F,1970-04-30,55,Athlete
2364,JBXPNYBF1N0JXWL9,F,1954-12-12,70,Coach
2365,JEBNKYLDND4XVJDC,F,1967-07-05,58,Athlete
2366,JM3OGTI7ZJGC65YA,M,1974-06-29,51,Athlete
2367,JR32JKK1A48J99WP,M,1986-07-14,39,Athlete
2368,KIR79SFBWHTAHIPP,M,1952-10-07,73,Coach
2369,L1VL3EOE2VTKM5PP,M,2004-02-04,21,Athlete
2370,LDLM4J7TNOOUYA62,M,1999-09-13,26,Coach
2371,LJ48DPVBDP9SADPV,F,1967-05-09,58,Coach
2372,LM20C945XDFOF6AA,M,2011-08-05,14,Athlete
2373,LRF710XWDXBLGAXO,M,1999-09-09,26,Athlete
2374,LRPXL2VYYXKPDQ2V,F,2010-06-16,15,Athlete
2375,LTQMZKB12ZZ51QJZ,F,1973-11-22,51,Coach
2376,LWY4BXMRWC2D0E1E,M,1975-02-09,50,Athlete
2377,LZ5CL5UIU9GI19BP,M,1983-08-11,42,Athlete
2378,MC1QLCBV7TP1CAC7,F,2012-05-03,13,Athlete
2379,MCJDJVB2VEC8EH3G,M,1976-06-10,49,Athlete
2380,MFKQKL03W4J6NGKR,M,1953-04-24,72,Coach
2381,MHZPOFPFWPNCBO88,F,2002-12-19,22,Athlete
2382,MMUJQG9FGZP4YDCK,M,1992-04-22,33,Athlete
2383,MN86QD6U29SYALHQ,M,2009-01-06,16,Athlete
2384,MU2WXDEU0Y7VA93M,M,2007-08-13,18,Athlete
2385,N1L46LF0TYKDXSUV,F,1966-06-16,59,Athlete
2386,NJAZDXBR366K7CUM,M,1946-01-08,79,Coach
2387,NVWELJLPTGPCQJOS,M,1965-05-22,60,Athlete
2388,O4HCJC59JXATRJRL,F,1993-04-01,32,Coach
2389,O71TFYWQ8N8YI8GZ,M,1968-08-04,57,Athlete
2390,O93N0ZQ0Z7126WIH,M,1996-12-31,28,Athlete
2391,OJ2J9WLX2E82W0J7,M,1970-05-02,55,Athlete
2392,P23IR3LNYNR0R73A,M,1948-02-08,77,Coach
2393,P7UFEQOWK612LMFJ,M,1992-02-07,33,Athlete
2394,Q5H311NHZJWOO6FH,F,1964-11-10,61,Coach
2395,Q8DCS5TNVSBAAYV4,M,1997-12-18,27,Athlete
2396,QADDLBXE3INLHY78,M,1988-04-10,37,Athlete
2397,QAWAIT0M5XLTYRD7,F,2008-10-21,17,Athlete
2398,QCREY8RH8LONLPW7,M,1998-02-03,27,Coach
2399,QH43ZX734YFSHHZR,F,2005-01-31,20,Athlete
2400,R6DACCPXA8KEFNHE,M,1993-08-01,32,Athlete
2401,RCDW78SB9QLVVUIT,F,1956-05-29,69,Coach
2402,RYLAK93AYBMO38GJ,M,2001-08-27,24,Athlete
2403,S902P4Q9K8E5RZHX,F,1947-06-12,78,Coach
2404,SBR92OFKU9FE0JBR,F,2004-03-11,21,Athlete
2405,SYGLL72T08B65K3L,M,1964-01-23,61,Coach
2406,TAX8QOMJQVER0GKG,M,1982-06-30,43,Athlete
2407,TP5T129X2KKKUNTN,F,1999-09-21,26,Athlete
2408,TWUZQYQPEQPR27EE,F,2006-09-12,19,Athlete
2409,U9OLYX0B1GCT511J,M,1992-08-10,33,Athlete
2410,V08SXPR71GVFDQIS,M,1975-10-07,50,Athlete
2411,V9RA1B1KDSKGVXTB,M,2003-07-04,22,Athlete
2412,VRJMNGUHI6FSDO9L,F,1959-03-02,66,Athlete
2413,W5W2LI2F6HN8EEYL,M,1987-07-24,38,Athlete
2414,WLHAWU6TAYEBC79M,M,1984-06-17,41,Athlete
2415,WPYHVMI2VVKF2LHZ,M,1984-10-11,41,Athlete
2416,WWA96IENLT2PW4CV,F,1998-03-03,27,Athlete
2417,XDCB4AIJRCAJZINH,M,1986-07-10,39,Athlete
2418,XGGOXD1UOS2QTMR7,F,1961-09-14,64,Athlete
2419,YE2SKJFRFC6XCB8P,M,1981-04-18,44,Athlete
2420,YFWHQXCIL123RH48,F,2003-10-05,22,Athlete
2421,YJIC0A8J4ZO4929B,M,2007-08-23,18,Athlete
2422,Z7ESD3MSH1T5JBEX,F,1963-01-03,62,Athlete
2423,ZKW49HYPUX27PJO9,M,2009-06-01,16,Athlete
2424,1BWBK42CEXOMUE1X,F,,0,Coach
2425,B8LS683NYMKGSV0J,M,1993-04-26,32,Athlete
2426,EGBDJMHR185F20DT,F,,0,Coach
2427,QDOAOZJVH3PBL3CY,M,1997-06-07,28,Athlete
2428,U2KWTJ0CRE8ZTJL0,M,,0,Coach
2429,14EC0UI8E5AJ0VEV,F,1957-12-23,67,Coach
2430,1ZW95OQC4XTHKPCK,M,2009-01-07,16,Athlete
2431,5FWEXXYCECCTDUSL,M,2006-03-30,19,Athlete
2432,5XP45JPZZHK7DEE2,F,1964-03-23,61,Coach
2433,608FU1FQ0076RIZ8,F,1996-09-21,29,Athlete
2434,76XT8QJB11BA7S4V,M,1993-08-14,32,Athlete
2435,9SLNX1JDZIMKS4V3,F,1963-06-15,62,Coach
2436,EUKXO07LVSSV85Z3,M,1986-03-23,39,Coach
2437,IQ5MJ7R1PDGYF4N2,F,2000-06-22,25,Athlete
2438,LNSWONBWR364DQBW,M,1993-02-16,32,Athlete
2439,NPK8Y0233CQC6APJ,F,1996-02-05,29,Athlete
2440,OH1T15YTLU1L0TI6,M,2003-02-03,22,Athlete
2441,OLNGHH41021PL0DT,F,,0,Coach
2442,OUHMD3PRULQ6D8LI,M,2006-08-31,19,Athlete
2443,P1T715CMHLFBCAZY,M,1990-05-29,35,Coach
2444,P435T3EPJKVCGZKL,M,1990-08-06,35,Athlete
2445,SB398QQ14GVEK2LG,M,2006-09-21,19,Athlete
2446,SH5CYHQC6XGTOVO4,F,2003-12-03,21,Coach
2447,WDH38BSR8KOVLL50,M,2008-01-23,17,Athlete
2448,WS9NWNMQTIALHSDE,M,1959-10-03,66,Coach
2449,0R4S3GLIJ9L58XZP,F,2006-11-06,19,Athlete
2450,3BHFJB2T07Y0D7GT,M,2007-10-08,18,Athlete
2451,3RBL6IXAVJYVYMCD,F,2008-10-02,17,Athlete
2452,3S8WTQSC3570IV0V,M,2007-05-31,18,Athlete
2453,4SS103DKKCVRR4RH,F,2008-04-19,17,Athlete
2454,5FTF4EQU93WCQUKM,M,2007-07-15,18,Athlete
2455,5I444PG71DCCN89J,F,2008-06-15,17,Athlete
2456,6FZRU5Y740GKOOI2,F,1993-08-07,32,Coach
2457,6R43TA7H6I002CYA,F,2008-02-06,17,Athlete
2458,9ZXIWX18V1TQE32C,M,1975-05-24,50,Coach
2459,A2V7YJ40GJMUE502,F,,0,Coach
2460,ACI0HTXHWRFUC40M,F,2002-10-02,23,Athlete
2461,B8SXB63BPUP04XJW,M,1987-06-19,38,Coach
2462,CFV9T9Q26MR1JV92,F,2009-03-30,16,Athlete
2463,CPX5P0239BU1O9HA,F,2009-04-04,16,Athlete
2464,DGRBDZB5SU8PFLKM,M,2009-11-28,15,Athlete
2465,DPJDXQFBKIJDPPKN,M,1993-04-13,32,Coach
2466,HHL35MHA8D26CVSB,F,2009-06-24,16,Athlete
2467,HXMX8WMWRWF0DU0H,M,2005-05-18,20,Athlete
2468,I3690XRRKKFAE0KX,F,1966-09-19,59,Coach
2469,I3RRJLEOM7ROXRPJ,F,2004-12-14,20,Athlete
2470,I7896ONYFUX0M3MI,M,,0,Coach
2471,JZFMK9XTN1FXYF3H,M,2003-01-15,22,Athlete
2472,LIM1813WQK0NGBFQ,F,2002-11-28,22,Athlete
2473,MJNREL3Q9IAN5WFT,F,1980-07-20,45,Coach
2474,N8I9ZMON9M618GQK,M,2012-10-16,13,Athlete
2475,NCNN503W1V9VODCV,F,1971-04-07,54,Coach
2476,OE783ZP2LMNMJW8S,F,2010-10-30,15,Athlete
2477,OOHSQZV4BN9BSN9E,M,2004-11-12,20,Athlete
2478,P2CDHKBZP185KPU7,F,1962-07-12,63,Coach
2479,RIWYNN5OAED62USI,M,2007-04-17,18,Athlete
2480,SVU69MWARA3Y17XK,F,,0,Coach
2481,THEAXWWPRG37K2F6,M,2011-07-14,14,Athlete
2482,U0NEADOESE04F18X,F,1993-09-26,32,Coach
2483,UZT92PVUZXT2HTBN,F,1996-09-28,29,Coach
2484,V0TK6TGQINN4JGB2,F,1977-02-16,48,Coach
2485,XX309SCX33Y1JX3G,F,2004-06-15,21,Athlete
2486,Y8YTUGO6YPW4EVLS,F,2007-12-26,17,Athlete
2487,YEI353MYAE7WHGUX,F,2003-11-27,21,Athlete
2488,YZ5JNFEA3RBSSOP5,F,1998-08-24,27,Coach
2489,Z503GLC30Y05MSKV,M,2011-08-23,14,Athlete
2490,Z7RPXQQ6VMJQYUMO,F,1991-03-11,34,Coach
2491,ZGBY55RZ43EDY65V,M,2009-03-30,16,Athlete
2492,ZX07EXBOWKVWDPQW,F,2007-10-09,18,Athlete
2493,6TJWXGES2EDR1KTF,M,2009-11-06,16,Athlete
2494,BVDHCXM9EOWK6ULV,M,2009-11-06,16,Athlete
2495,1OS9DJF8RD1AUY3E,F,1966-04-14,59,Athlete
2496,25X2AFPKC5FXEH8V,F,1989-10-25,36,Coach
2497,3P8OKXWMCCIWP0MG,M,1995-12-01,29,Athlete
2498,68ABZTUVKOG9JWM7,M,1962-03-03,63,Coach
2499,92Z7X5CREX8NIWX0,M,1984-06-27,41,Athlete
2500,AHGCZKZUYEKKI6MY,M,1967-08-29,58,Athlete
2501,C0WJ0BPW6YEV7XHO,M,1986-08-26,39,Athlete
2502,CBL15XIX0VHSRDGK,M,1974-05-16,51,Athlete
2503,CZWCO0QG1TXFFHEF,M,1991-01-31,34,Coach
2504,DD38IK6RLKTQPBPQ,F,1976-12-29,48,Coach
2505,ERFRFYATB4T4N96F,M,1988-06-04,37,Athlete
2506,FZQGVO3UBO4WOJ4V,M,1963-04-19,62,Athlete
2507,H0SQUGN3E455UF0Z,M,1951-07-09,74,Athlete
2508,OFJ7B1GRTGXAUOHG,M,1973-07-06,52,Athlete
2509,RPOSVT3871UMF8BY,M,1966-08-09,59,Athlete
2510,SHH8HB4CJ3DC3NGN,M,1992-10-14,33,Athlete
2511,UF91V1OR2PHEQFRY,M,1981-12-20,43,Athlete
2512,V9CRE738TI0JCC4A,M,1972-07-14,53,Athlete
2513,W38E23751WR8MWXZ,M,1965-01-25,60,Athlete
2514,W40EFOVPOHSGJYIF,M,1971-08-14,54,Athlete
2515,0IGKG907KH9NG7MP,M,1963-08-22,62,Athlete
2516,2PHUPM2FAK6UKD5S,F,2002-06-14,23,Coach
2517,3QRG5UJZ0EDCU24I,M,1974-05-22,51,Athlete
2518,7MJK2PKW0QXZMHVE,M,1977-03-16,48,Coach
2519,8CQ12MO3LPXY0L3A,M,1981-01-19,44,Athlete
2520,8MMVAYEGER37COH0,M,1998-09-03,27,Athlete
2521,8TE49C0A5Q1FXWZU,M,1971-06-14,54,Athlete
2522,8VEZ5PQ2DUUV4S92,F,2002-07-18,23,Coach
2523,926Q5MO629XMBKUZ,M,1999-04-29,26,Athlete
2524,9VHGX1KK5QBCGWKO,M,1960-05-13,65,Coach
2525,9YH8OZVVTNAR6REK,F,1992-04-03,33,Coach
2526,A0YGY3PP66I6TFBY,M,1986-11-28,38,Athlete
2527,BGF1JQDBULCXNZ8D,F,1979-10-26,46,Coach
2528,BGPXI1XXUAKODKZY,F,1964-05-01,61,Coach
2529,DAILZQ8VLM63HR8Q,M,1987-07-30,38,Athlete
2530,DLX5I3JOX26FG473,F,2000-07-01,25,Coach
2531,DS0KVRP66IEVQE0Q,M,1992-12-14,32,Athlete
2532,DU6ROLY40UHO7KGG,F,1979-10-27,46,Coach
2533,DYSY7Y01RQVNJL5B,M,1974-12-03,50,Athlete
2534,EFMM6POE5LGM0K5T,M,2002-01-05,23,Athlete
2535,EL3UDEARO8OGJM88,M,1967-05-19,58,Athlete
2536,F1DXZLPOAKXFJEYF,F,1979-04-21,46,Coach
2537,FM0S92ZEJROLNZJK,M,1971-11-03,54,Athlete
2538,G8NC2FI17A49EQ0N,M,1973-09-06,52,Athlete
2539,GD4A0IS3P9FFLZ95,F,1967-11-04,58,Coach
2540,GW99SAHWPKYPO4B0,M,1978-08-25,47,Athlete
2541,HGVRUMKYEZSOFE49,M,1984-06-07,41,Athlete
2542,IPHVKZGBTQDNE69P,F,1987-10-26,38,Coach
2543,J7EPUFZDFTLWKJ48,M,1990-12-01,34,Athlete
2544,J8QX4LM1OKHO1A4A,M,1998-01-19,27,Athlete
2545,JUHMUODE2N7A74MM,M,1969-05-05,56,Coach
2546,K1A3NU03BPL9HZ3L,F,1990-05-10,35,Coach
2547,K364R9PMTQ8E6366,M,1972-03-27,53,Athlete
2548,K3E3W66KWLILM355,M,1979-05-18,46,Athlete
2549,KO4699RAWY1NDICA,M,1968-09-09,57,Athlete
2550,KTNU93ETR9UT0M71,M,1997-09-19,28,Athlete
2551,L8ROW7EKHZTRZBQW,M,1984-12-11,40,Athlete
2552,LMPD4ZFACF8W198Y,M,1957-12-14,67,Coach
2553,MLCO5P64YS04XKLX,M,1989-05-19,36,Athlete
2554,N7HWGBQ5T4X6FKX5,M,2000-01-27,25,Athlete
2555,NS8LJG9JU516DVEI,M,1988-04-15,37,Athlete
2556,NSBIF5MYMITMY9DE,M,1982-10-14,43,Athlete
2557,P7PP2W4IPE8YUFXT,M,1973-01-22,52,Athlete
2558,PST28DOXSM6R02BX,F,1982-07-03,43,Coach
2559,Q9U4152ZZXLIFG53,M,1972-10-26,53,Athlete
2560,QC6F10W3B175VI2N,M,1991-08-06,34,Athlete
2561,QFSUFDNRYPA376EG,M,1955-08-28,70,Athlete
2562,QQ8X8ND59D9AI98O,F,1998-08-07,27,Athlete
2563,QREV2W7XQ22C38O7,M,1981-01-26,44,Athlete
2564,RDOQCLKRQ9HY7VLV,F,1976-12-06,48,Coach
2565,SQY00W4EGWDP2U8U,M,,0,Coach
2566,SWZ8NZHK8NKTHIRE,M,1958-04-24,67,Athlete
2567,T8EMHSQACLGVTQZD,F,1993-08-24,32,Coach
2568,TDQTF5HOD2IK41Q5,M,1977-04-22,48,Athlete
2569,V61PIFG5WG85YQ3F,M,1965-02-28,60,Athlete
2570,V74Z5CFJXITFWFW0,M,1995-07-06,30,Athlete
2571,VE5ONEC28PBW8E4E,M,1978-03-11,47,Coach
2572,W1A1WSRNHAQX937X,M,1994-05-13,31,Athlete
2573,WFEEXMAPOPETL1IF,F,1989-08-03,36,Coach
2574,WNHBKVIXMP93W9O4,M,1955-02-16,70,Coach
2575,X6DKJBFX11E6YFUX,M,1995-03-31,30,Coach
2576,YVHBDDKBCURTFVU7,M,1995-06-04,30,Athlete
2577,ZL68KZ4W68ZNZZNZ,M,1967-06-14,58,Athlete
2578,1AQELX9TN6PBDFR0,F,1972-04-11,53,Athlete
2579,5SQ8H2MTUQEDSMZQ,M,1983-05-09,42,Athlete
2580,6WR2HI8XPAV5MUL6,F,1978-04-18,47,Coach
2581,9HF2N0I24MQ1O7RA,F,1977-02-27,48,Athlete
2582,9KM03P3Q2D8IC10Y,M,1973-08-30,52,Athlete
2583,BGJ3CLL100JVEXKS,M,1988-08-21,37,Athlete
2584,BMGANLQ57UGOB9PI,M,1989-05-22,36,Athlete
2585,D4GGUQCYSUYO8UC3,M,1976-06-04,49,Athlete
2586,F0VYVTT418KXZA05,M,1982-07-02,43,Athlete
2587,MXKL8CBDF4487747,M,1975-07-31,50,Athlete
2588,NE10I7AZ8L3C7XNF,F,1979-09-16,46,Athlete
2589,OTLR7AKEH7VZQN05,M,1967-01-20,58,Athlete
2590,Q3PL0IRND7KH2NPH,M,1970-10-30,55,Athlete
2591,Q84S5CF3VDXBFBEI,F,1975-02-17,50,Coach
2592,TEG5AHJFOXS6HK7O,F,1967-02-23,58,Coach
2593,VIFCIR0K0CF8IC4Z,M,1974-08-24,51,Athlete
2594,VPYLXB533JPZVGAL,F,1971-09-05,54,Coach
2595,2VQEKMAJTY2T6FIK,M,1959-06-12,66,Coach
2596,32QOWIM6RDP1OQGQ,F,1943-08-09,82,Coach
2597,4UCW5CIIYCHJSR2U,M,2005-03-09,20,Athlete
2598,67YHS5V2XTTLMSY9,M,1963-03-02,62,Athlete
2599,9N1UOVCZ96RLW04W,M,1986-01-04,39,Athlete
2600,D2O43WCZJBAYURTM,M,1978-08-24,47,Athlete
2601,F32H1948WC24LAHY,M,1992-12-28,32,Athlete
2602,GBZBH2YZO6FH1PUS,M,1983-11-14,41,Athlete
2603,GMX6GGFC05OCG94T,M,2008-10-08,17,Athlete
2604,I3N85N4HO4XRRMUC,M,1947-03-11,78,Coach
2605,I6G8NS674NYOATGO,M,1961-04-14,64,Coach
2606,IFP0AX2K5BBEEB8J,M,1992-03-23,33,Athlete
2607,K90H8SK63KZP831D,M,1968-04-12,57,Athlete
2608,LXIMB5W79QXLEMWE,M,2006-05-11,19,Athlete
2609,MZ6P15NX4G7ZUMDM,M,1990-01-07,35,Athlete
2610,MZQPVA8WZD2COC76,F,1949-11-12,75,Coach
2611,NHLB4N86M314O8J8,M,1973-09-05,52,Athlete
2612,NU9FS49AIPCBH894,M,1958-04-12,67,Athlete
2613,O5SNWIX7UU13JUUQ,M,1951-03-25,74,Coach
2614,OEPF88U7861LMWG5,M,2004-03-31,21,Athlete
2615,P360ZEMH8FIJHXCH,M,2010-07-14,15,Athlete
2616,PDU3XHI85S2QDNX8,M,1984-09-07,41,Athlete
2617,PNZC6DDVH9HFFZ68,M,1988-10-24,37,Athlete
2618,PU57CX9OC59DEE9T,M,1965-06-05,60,Coach
2619,R555F90A6ETX3OIS,F,1952-10-29,73,Coach
2620,SFJQ6MFWNZ7QUDOB,M,1970-07-26,55,Athlete
2621,TKS9O051UH2GR7UL,M,2007-10-23,18,Athlete
2622,TWEQVJSXA7X1IVH2,M,1987-09-18,38,Athlete
2623,U1YNN4800G1550ME,F,1978-08-07,47,Athlete
2624,WD2T4QE6ZXZXLHJS,M,1956-04-03,69,Athlete
2625,0LX4V9OMH1C3GJTU,F,1968-08-01,57,Athlete
2626,0PRWIMWYMPOSX47N,F,1971-05-27,54,Coach
2627,0YQIAIO2J1UMDBBL,F,1964-12-03,60,Athlete
2628,0ZOEX3F7P2I9YLTM,M,1966-04-07,59,Coach
2629,1O0HYMXAMLZ6FHVN,M,1985-02-22,40,Athlete
2630,1S7AF9K4Q6LI2HAF,M,1964-06-20,61,Athlete
2631,23NU4LMSPS7H9E5I,F,1966-10-19,59,Athlete
2632,23WRAQNPKEAB1SRC,F,1982-10-05,43,Athlete
2633,2QHJN5CWC0EVPZ8D,F,1964-12-30,60,Athlete
2634,4XCOO4IQ8KFTQ3Y6,M,1998-07-07,27,Coach
2635,5OJFZNDJXNZJFQNE,M,1967-09-23,58,Athlete
2636,6U29MSC00CKTL809,F,1964-05-04,61,Athlete
2637,7JLAKP0GWG5YHAN8,F,1986-07-07,39,Coach
2638,8USY0XCXSMQLA9ZF,F,1959-02-04,66,Athlete
2639,95N283H5GTPWUDOQ,F,1994-02-09,31,Coach
2640,BFBSUMWKG2TO2C31,F,1996-09-21,29,Athlete
2641,BHH19CSGCIZNW2AX,M,1966-08-04,59,Athlete
2642,BMYXCQ1IBYK1JNDO,F,1969-09-17,56,Coach
2643,BNOHW296A9NIRQA4,M,1971-01-08,54,Athlete
2644,D5PJ1HDXEK27VX4F,F,1966-08-01,59,Athlete
2645,DGHQGEXK1OGE2V5Q,M,1975-01-26,50,Athlete
2646,DNAMU90IT0FDIF68,F,1996-12-27,28,Coach
2647,E9NK7JIFTSXHTP7Z,M,1969-08-16,56,Athlete
2648,EV10NIQVQTK5B189,M,1973-01-09,52,Athlete
2649,F24W5M2J9YMYSU5Q,M,1987-06-10,38,Athlete
2650,H0AOXBPU5KSTBS7G,M,1991-02-09,34,Athlete
2651,H1OTH9PLZKCWEHUA,F,1988-08-08,37,Coach
2652,HOAGGW6TQYZ0NW2E,M,1999-07-15,26,Coach
2653,J35XAHSMUR33HRRE,F,1977-07-15,48,Coach
2654,JS51FM4VNUQPPVEH,M,1964-04-01,61,Coach
2655,KTU033HFG2X1JT4X,M,1971-07-27,54,Athlete
2656,L81NY5GQQGP81XPH,M,1993-02-12,32,Athlete
2657,LLYO0QEDSVGC87EX,F,2001-05-22,24,Athlete
2658,LP1X25NMYSB8TKVA,M,1974-08-02,51,Coach
2659,NQ5G23NYPQ0WC9WO,F,1992-09-02,33,Athlete
2660,O6RG3G4OAGUQWFX1,M,1964-06-21,61,Athlete
2661,ODLXUW2IKWKL52ZB,M,1969-06-19,56,Athlete
2662,OYVNMNNJXVP3TEY4,F,1973-11-16,51,Coach
2663,PYWGPAOBZM84174M,M,1998-03-26,27,Athlete
2664,RQ6PSKHIIYBUZ188,F,1975-09-06,50,Athlete
2665,SDDPAFLG8TTHN4CR,M,1991-06-27,34,Athlete
2666,TADUAPTPH0DMT73X,M,1962-11-02,63,Athlete
2667,UY274P2ZGKTD9JG4,F,1973-02-06,52,Athlete
2668,WIVC0ETMMWZWTBBJ,F,1963-09-22,62,Coach
2669,WQASE4BI2YPHMG9E,F,1996-11-08,29,Athlete
2670,XU6REMQMLGKZ3JDO,M,1969-11-27,55,Athlete
2671,YFB3FHIIFWDHGF8M,M,1972-05-28,53,Athlete
2672,YKDQCRSURJHNBOH5,M,1995-01-11,30,Athlete
2673,Z8QQUSFCTF6QJFPY,F,1969-10-12,56,Athlete
2674,ZA1BCPS2JR5VASGN,F,1982-11-02,43,Athlete
2675,05VAXFYRGBQ5SYPC,F,1955-12-27,69,Athlete
2676,2AL2YK327961MHV5,F,1947-09-14,78,Coach
2677,48Q035QO0873S3T7,F,1984-10-15,41,Athlete
2678,4JNCT1N5GIIY0K8V,F,1959-06-25,66,Athlete
2679,4RWEN8XVCIGV5H7Z,F,1978-09-12,47,Athlete
2680,8API36FOY8MO4TV1,M,1982-11-09,43,Athlete
2681,A96B5Y2D0AM83ZJY,M,1949-08-10,76,Coach
2682,BRVM31SR8ZVCMVZ9,M,1981-12-03,43,Athlete
2683,CKXSJKOYOTUYXO14,M,1978-09-12,47,Athlete
2684,EONWELNZS9O043RS,F,,0,Unified Partner
2685,FPSYV4ILKDVT4LQF,M,,0,Unified Partner
2686,FYLZV9A16U6CK36E,M,1963-06-27,62,Athlete
2687,KWA4L5K7MCQA21HY,M,1960-03-23,65,Athlete
2688,KXQU53PD57D38NY0,M,,0,Unified Partner
2689,L0HFQ5FNXOPGYTDV,M,1983-08-24,42,Athlete
2690,MERFTCQA2CSV8S5K,F,1956-06-01,69,Coach
2691,N4QUMDIMKY7YFDIF,M,1982-04-19,43,Athlete
2692,VH1OUNBHFEHT6Z95,F,1961-01-06,64,Coach
2693,XI4MNF1KVZFX1L8H,F,1971-12-01,53,Coach
2694,1UF1KJ21Z33NZPBA,F,,0,Coach
2695,37WSOUP7U9M9G1S2,F,1965-07-28,60,Athlete
2696,3HITRXZTYL590VBK,M,1976-12-19,48,Athlete
2697,47CMNEUOYV2NK48Q,F,2001-12-11,23,Athlete
2698,6XA07X5HW297204Y,F,1973-07-01,52,Athlete
2699,73DL7VFXFH82JDMY,M,1951-11-29,73,Athlete
2700,7Q727HVHXL20VNLL,M,1997-09-25,28,Athlete
2701,7X3JNY1GKYY4DGMU,M,1999-03-18,26,Athlete
2702,83BSHFDW4HF38946,M,1971-06-18,54,Athlete
2703,86XKVQZ765G2WVXY,M,1976-01-11,49,Athlete
2704,9CZGMB6KM5KFND9M,M,1989-06-21,36,Athlete
2705,9EVAHTOOVQAVUSYC,M,1966-05-03,59,Athlete
2706,A4LPB20SRCP7SUXD,F,1972-11-28,52,Athlete
2707,B3TS63OOOQL5MI92,F,1989-10-19,36,Athlete
2708,I6GWV8M7NOED7Q13,F,1997-03-08,28,Athlete
2709,II1TERG0N0X9W2SR,F,,0,Coach
2710,IIIPXWELPNFRQLP6,M,1989-01-11,36,Athlete
2711,JBCQD5UPD80YA3FW,F,2001-04-29,24,Athlete
2712,MEYGDU3B4I65I1EK,F,1965-12-05,59,Coach
2713,OQPF9QHLUK9JDXGX,F,1987-09-29,38,Coach
2714,R8ATN5OSTE8DQDJI,M,1991-09-25,34,Athlete
2715,VDELS5V3YHOHRUT9,M,1977-12-27,47,Athlete
2716,VL0VB3JFBXQ5U7P4,F,1999-07-22,26,Athlete
2717,XHK1TL4WRMUYHNQL,M,1993-02-12,32,Athlete
2718,Z5T641PHJO0IA6SL,F,1992-12-27,32,Athlete
2719,06B26INK4CMTDA45,F,1990-04-17,35,Athlete
2720,0MH0UQVILFUFXUQB,F,1989-07-01,36,Athlete
2721,0Q9PTZFOCXS2BGGV,F,1979-11-09,46,Athlete
2722,1NUIXQO5HLV6DDY0,M,1995-03-07,30,Athlete
2723,1TWBO305HV1WHSJH,M,1982-10-09,43,Athlete
2724,2TT812KO3DQOLE43,F,1970-06-24,55,Athlete
2725,4D6TVB0NNEVW6USS,M,1961-12-22,63,Athlete
2726,4X1LPL93QH646O8U,F,1974-07-28,51,Athlete
2727,4XM9O1QGTYY6NPO7,F,1986-12-10,38,Coach
2728,57CT4DXMVGL0Q8EB,F,1959-08-13,66,Athlete
2729,57Z6PZ3KU4NBK4KA,M,1979-11-29,45,Athlete
2730,6F3O0VH4I7QZLIRQ,M,1984-07-25,41,Athlete
2731,6SJAR9XKQ1ELCRXB,M,1994-02-20,31,Athlete
2732,7BVR0IAJHYTXRCNF,F,1976-09-16,49,Athlete
2733,8KZIEKWFUYCISG0Y,M,1988-11-20,36,Athlete
2734,8LBMOCPYYCBIE7GE,M,1997-06-13,28,Athlete
2735,A2DI9H8Y94GLAMQK,F,1976-12-19,48,Athlete
2736,C7MJ1DO5CAHYL4TV,F,1962-11-24,62,Coach
2737,CFQ1ZFVJJBDAHMII,F,1992-07-22,33,Athlete
2738,CVQL8VBTU3ZL3XNY,F,1998-05-12,27,Athlete
2739,D3UWY9I8OJMX85DX,M,1974-11-22,50,Coach
2740,E6R7Y22QDX4F5X89,F,1996-01-27,29,Coach
2741,EIIM781HELRJL7J7,M,1990-12-31,34,Athlete
2742,EQSSUGXIDGBXKCCC,M,1983-02-13,42,Athlete
2743,F2O33BIK8VAZT636,M,1972-02-11,53,Athlete
2744,F3L03IUP420REFY6,M,1977-04-21,48,Athlete
2745,FG03XOH9UT7ONPK2,M,1985-04-15,40,Athlete
2746,FLTLXT7WOCS2XXHJ,M,1973-06-08,52,Athlete
2747,FW8VQO6NUBUZS17B,M,1969-05-10,56,Athlete
2748,I7TOK8N4XDNTTZ3S,F,1948-04-21,77,Athlete
2749,I8705JZRBQB8X85K,F,1960-12-15,64,Athlete
2750,ICJ6J08MHP6UMCS7,M,1987-10-13,38,Athlete
2751,JOHNO24UUEDXT6FJ,F,1986-02-15,39,Athlete
2752,K1J6KGMKMXNUM24G,M,1987-10-06,38,Athlete
2753,L0CCIVCNKUWTF8BY,F,1976-07-06,49,Athlete
2754,M8A5Y94D6VLRUZ27,F,1978-08-10,47,Athlete
2755,M8EE8NRCWBCGLUK1,M,1990-06-01,35,Athlete
2756,MATTILM27TCFTRQ3,F,1967-04-04,58,Athlete
2757,NOXUMVN8R3EHEKS6,M,1999-08-23,26,Athlete
2758,NUBRXXA3RI4PYO5S,M,1985-04-15,40,Athlete
2759,NUF3CZZ57CKZYC1O,M,1964-11-21,60,Athlete
2760,PZIG7C5PWW1YBAOR,M,1957-04-16,68,Athlete
2761,R78DU4ED39EH91IG,M,2000-08-10,25,Athlete
2762,REFVEE01TI4EL7EG,M,1963-05-09,62,Athlete
2763,RH5KADXTHUVT5O2O,F,1981-10-18,44,Athlete
2764,RJWQ69X3PYMT51OQ,M,1972-09-30,53,Athlete
2765,ROOJD12OSN7XF8GD,F,1976-09-29,49,Athlete
2766,RXP0SJINCPD87ZWJ,M,1978-09-01,47,Athlete
2767,SB15M8VUI5O98RIM,M,1981-06-03,44,Athlete
2768,T83E7P83F9HN2NYF,F,1960-07-23,65,Athlete
2769,URRT2Q3IQWPMNC52,F,1999-12-06,25,Athlete
2770,VVIHP15FZJBWN4OU,F,1985-05-13,40,Athlete
2771,VVVLIYG35A1GTXZT,M,1975-06-20,50,Athlete
2772,W53IKBGBKN2UP13F,M,1973-07-13,52,Athlete
2773,W5EDQ2287PA3EPF2,F,1957-08-12,68,Athlete
2774,W7Y8KE0YBB5TKYB2,M,1990-06-30,35,Athlete
2775,WGP7IIPNBXRJE8YD,F,1965-07-30,60,Coach
2776,WN9NHEWXVZT845LT,M,1983-12-28,41,Athlete
2777,WYV14SP8YQ0RATRD,M,1973-11-13,51,Athlete
2778,X6EGKVD2ZOSDCJT8,M,1965-06-14,60,Athlete
2779,XIJQ47CVWJSD9QNE,F,1956-08-06,69,Athlete
2780,YY5MYAC67XSROIVZ,M,1990-05-16,35,Athlete
2781,ZX0WUXAC9FHA14YU,M,1978-10-16,47,Athlete
2782,0AJ9WOE6BG4YFYCM,M,2010-03-19,15,Athlete
2783,0D11IRN6RYVZW0Y8,M,1986-06-05,39,Unified Partner
2784,0F11J11GDAG3QM3U,M,2004-02-06,21,Athlete
2785,0FXSMPGMVHI2QSBB,M,2000-05-05,25,Unified Partner
2786,0KYP7NW2U64VL98S,M,1983-12-20,41,Unified Partner
2787,0RX7694WQJSB2LS2,F,1963-07-22,62,Coach
2788,0X7LSJ6VZLSVUT82,M,2007-07-02,18,Athlete
2789,0XCHUILU55SCRX4O,F,1990-03-13,35,Coach
2790,0XF4Z5GZGQ6K1CTY,F,2007-11-28,17,Athlete
2791,15U5DL6N155O0AMV,M,2003-08-01,22,Athlete
2792,17OMH7G7Y8H0BSLJ,M,2005-11-29,19,Athlete
2793,1CG7FY2M0WESH303,F,2005-01-13,20,Athlete
2794,1DED4LQ3CRX1UUC3,F,1997-06-22,28,Coach
2795,1DRGII9JAREPRWZH,M,2008-05-26,17,Athlete
2796,1GU8QNM4VAMGH7VY,M,2004-11-22,20,Athlete
2797,1LMOEMQP8SMHPDRM,F,2010-10-19,15,Athlete
2798,1M3DUC6UREQK6FEI,F,1989-07-25,36,Coach
2799,1M7EYRIVTUBOY09L,F,2003-09-22,22,Athlete
2800,1MZD9L89AXQPSBH4,M,,0,Athlete
2801,1PARBCJEXRGDOGLA,M,2007-05-15,18,Athlete
2802,1V4SHFMOC34GESMM,F,1990-12-08,34,Coach
2803,1VEGUOGZZX4F3MB7,M,2006-07-11,19,Athlete
2804,20ZXTYVNLCER2SDF,F,2006-02-15,19,Athlete
2805,23VX1WSCMAHWCDMO,M,2006-06-02,19,Athlete
2806,28WUPDA1IIRVDIZE,F,2006-01-25,19,Athlete
2807,2F16W26VTBOULRRY,F,1997-02-26,28,Coach
2808,2G3CHP5P7KZVCNL8,M,2008-05-29,17,Athlete
2809,2GLPK1EVMA13URN8,M,1979-06-03,46,Coach
2810,2R08FP6WPEC6FPC6,F,1995-04-26,30,Coach
2811,2R3KXFWNW8QJHU5G,M,1979-08-12,46,Coach
2812,30W8XHHF36B5RMN8,F,2010-03-25,15,Athlete
2813,31DN303WRDJFZE4C,F,2008-03-27,17,Athlete
2814,34910EJ1TFEM5NHJ,F,2007-11-13,17,Athlete
2815,3CC07ZE68YU9XX3G,F,1956-07-22,69,Coach
2816,3UWVO1KDC0W5WY53,M,1966-11-06,59,Coach
2817,41RKERT659UQO6OR,F,2006-08-10,19,Athlete
2818,4DNJ1IFWQ57D4DZY,M,2006-08-25,19,Athlete
2819,4E93V3U3YTCXO4H2,F,,0,Athlete
2820,4Q7PAXADJW6GIL7O,F,,0,Athlete
2821,4S3U1V2VNTL5X9R6,M,2006-11-27,18,Athlete
2822,4YYVQOCQ7320TK6G,M,1991-03-20,34,Coach
2823,553WI8A7NGWNX1ZI,M,2009-10-25,16,Athlete
2824,57ETE3PLPO4OLVHL,F,2008-01-30,17,Athlete
2825,5B24AHU4P066DAFT,M,1999-05-13,26,Unified Partner
2826,5E5Z1OET7G4EBL68,M,2008-07-18,17,Athlete
2827,5HAOWS4G1OVXJXC2,F,,0,Coach
2828,5IDTZQIIWC6IIYWH,M,2007-09-17,18,Athlete
2829,5MESRUM8IOBU32XQ,M,2005-08-19,20,Athlete
2830,6BZW474V7DALBP5A,M,,0,Athlete
2831,6MQ51BIYRV1LQGN0,F,,0,Coach
2832,6NCGK37EBV0EHOH4,F,1988-03-31,37,Coach
2833,7PX7NFGNPMPCWUXJ,F,1982-09-04,43,Coach
2834,7SQEVBM0656UEZ92,F,1999-07-13,26,Coach
2835,7U65NOE1U2K58FLH,M,2011-08-28,14,Athlete
2836,7VJX9CK3ABNRPZZU,M,2004-09-04,21,Athlete
2837,81O16E5BA0OOENJG,F,,0,Athlete
2838,8HBUIQM7ZNEO3AGG,M,2007-06-04,18,Athlete
2839,8L2VX1IM7B8FP4KK,M,2009-10-23,16,Athlete
2840,8V17BL0CDPDO5YI9,M,2003-09-30,22,Athlete
2841,91RV4VY0DXM5MVLD,M,2004-03-09,21,Unified Partner
2842,926URU9E952NCQ1J,M,2007-03-29,18,Athlete
2843,9D1KMTV6X691ISDL,M,2011-12-07,13,Athlete
2844,9GAU1GT2XHM3BTE5,M,1979-04-08,46,Coach
2845,9OU7X8U29UDOQUIC,F,2006-08-18,19,Athlete
2846,A7YDOFN5M9P2UAXF,M,2006-01-21,19,Athlete
2847,A8Y8HFMZSU48AMDC,M,1980-03-23,45,Coach
2848,AOLGLM7R2R5QJJOT,M,2009-03-22,16,Athlete
2849,AUHXFABH3N2EUQFI,F,2006-07-08,19,Athlete
2850,B15RHRYY0KOL980F,M,2009-11-27,15,Athlete
2851,B9C9LJAF95SNZ0Y8,F,2005-11-24,19,Athlete
2852,BCXG28FQEXEU1AX7,F,,0,Athlete
2853,BFGUIWHN5X5A3XMO,M,2009-08-14,16,Athlete
2854,BIDX2PBXJXYU5WLQ,M,2007-05-29,18,Athlete
2855,BK3YCW3ZAZTJF0XZ,F,,0,Coach
2856,BQXKDNPU9YK2O2I9,M,2004-08-06,21,Athlete
2857,BRWUSF6V45I8RP3F,F,2004-05-18,21,Athlete
2858,BSN15BZ7XCPS2EHE,F,2005-10-06,20,Athlete
2859,BWEG3UD1ESB5VDBY,F,1994-12-24,30,Coach
2860,C4C1K4DDR40DT06M,M,1984-04-10,41,Unified Partner
2861,CDMRYW2SWNPZRM01,F,2007-02-14,18,Athlete
2862,CESSSV61VN9XYZ5W,F,2010-11-09,15,Athlete
2863,CF2QC026FTM537KQ,M,2003-07-01,22,Athlete
2864,CHGIE59S13CB5VQT,F,2008-12-18,16,Athlete
2865,CL882M017SX2KGBD,M,2005-11-13,19,Athlete
2866,CSIKILL0TQNVC426,M,,0,Athlete
2867,CZMS03FIZD0Z43ME,M,2009-12-14,15,Athlete
2868,D9H71FE29PJYX4RO,M,2004-06-16,21,Athlete
2869,D9I7DYJ1XR4UA69F,F,1974-12-02,50,Coach
2870,DADHI1JKT2737CNM,M,2006-07-20,19,Athlete
2871,DAWY7EVY0ZS5DD01,M,2010-05-18,15,Athlete
2872,DDLPENJH3EVTN0IV,F,2009-11-26,15,Athlete
2873,DJS4ZGY6EHV77L2N,F,,0,Athlete
2874,DTB8E0CIT17GP7PA,M,2004-06-16,21,Athlete
2875,E3JBSS2OCQ9DWY0D,F,2007-01-16,18,Athlete
2876,E4IJT1BHI6TOQZ7L,M,,0,Athlete
2877,E5TZPF1E4N5AAJN1,M,2005-09-01,20,Athlete
2878,E8LC00G3YPBP17OZ,M,1976-06-15,49,Coach
2879,E8WVE3NIYJZNG127,M,2008-08-18,17,Athlete
2880,EJRJAG464WDZEQSB,M,2011-04-13,14,Athlete
2881,EKR6AA94QYPF8MH1,F,1992-11-13,32,Coach
2882,ELKK7CORO5B5X10V,F,2008-07-15,17,Athlete
2883,EQH6JHKEC131KSZ0,F,1998-07-31,27,Coach
2884,ESBIBKNSR0O198TX,F,,0,Athlete
2885,ETU86V6BCJOMS9T9,F,2005-05-13,20,Athlete
2886,EV5KGU6QUA8W183L,M,2008-03-26,17,Athlete
2887,F0E4YG1TM4GQ42T8,M,,0,Athlete
2888,F3SHMNNAR9RG45W6,M,2009-01-18,16,Athlete
2889,F7OM8SZ5BKBD778X,F,1995-09-28,30,Coach
2890,FBO5U4GHK4OWH6ZK,M,2004-01-19,21,Athlete
2891,FOGGVVUEOC0GOWSV,F,2006-12-07,18,Athlete
2892,GLPLG9L27SNDSSAC,M,1995-09-04,30,Coach
2893,GOSHK3FQM4XR7NFH,F,2003-05-21,22,Athlete
2894,GTB5ZFTQUH5SCKO7,F,2004-03-14,21,Athlete
2895,GUFSRH8XF3V6ZIS8,F,2008-08-18,17,Athlete
2896,GYYW9T4X0TIWAUBE,F,,0,Athlete
2897,H30QHF0WSKNS0P7J,F,2008-10-13,17,Athlete
2898,H3AZJWZEHHA006KI,M,2005-11-29,19,Athlete
2899,H7YICKCABVRNGZ5V,M,2006-02-24,19,Athlete
2900,H8FUTPIO2R607UJT,M,1992-03-27,33,Coach
2901,HFNDJNI2DVRBEOC9,M,1954-10-12,71,Coach
2902,HM34126JGWNPP6BH,M,2008-11-14,16,Athlete
2903,HOWCUIHBM71EC5L2,M,1998-07-13,27,Coach
2904,HR87YZ3VN3ITHAY4,M,2008-11-26,16,Athlete
2905,HRK7O52APOUMFGS4,M,2008-09-16,17,Athlete
2906,I3LJEQ1EOZIGDHDL,F,1993-02-23,32,Coach
2907,IAW8O8RLKGPH8FE9,M,1980-01-26,45,Coach
2908,IQ75Z3GY1KS8VLRF,M,,0,Athlete
2909,J09KJNL9LL3DN7AH,M,,0,Coach
2910,J51IT1D5TPQG0S6Z,M,,0,Athlete
2911,JDT92I7FG6TLBH97,F,2007-09-25,18,Athlete
2912,JGNX4PPA9AKBZO3V,M,,0,Athlete
2913,JLCHHBPQCW22L1YI,M,2005-06-03,20,Athlete
2914,JN8WLQ2SRN98L09Q,M,2005-10-26,20,Athlete
2915,JOE9G63CV0QYJE54,F,2004-12-29,20,Athlete
2916,JVWLUGAI5YXFDR6D,M,2006-10-23,19,Athlete
2917,JWNWYMEL1M6P5BBK,M,,0,Athlete
2918,K1A49HPFDPI1R46O,M,2011-08-10,14,Athlete
2919,K7U0E04YYRU3T4N8,M,2008-07-27,17,Athlete
2920,KCZSIC7WGDEJKHM2,F,2005-01-24,20,Athlete
2921,KHECUQ7QQZ4LE1TL,M,2007-11-03,18,Athlete
2922,KKQMFV6Q99FJPCUA,M,2008-03-26,17,Athlete
2923,KWXSPMA5M9ZCBIJO,F,1996-10-04,29,Coach
2924,KZMPC17I6C8KTARZ,F,2007-07-04,18,Athlete
2925,L3U4UVYCKRSSAC9F,M,2005-08-12,20,Athlete
2926,LASHAIMRE5BTEZR1,M,2008-03-22,17,Athlete
2927,LHFMI4UYCOX37KGM,F,2009-12-06,15,Athlete
2928,LLI3PZZDAN3CE0KD,M,2007-09-24,18,Athlete
2929,LO353C95H6PPFBHV,F,1984-10-11,41,Coach
2930,MPBLGH6VIGKBATZX,M,2004-06-03,21,Athlete
2931,MS57HAPJBGKKU2N4,M,2009-06-23,16,Athlete
2932,NNDPZCG9FHKBIVOE,M,1995-04-10,30,Coach
2933,NP6SMJI6PCFKO66A,F,,0,Athlete
2934,O2FWO1DP5FJSW3HJ,F,2009-03-04,16,Athlete
2935,O5U91NUXE6OH1T09,M,2003-02-28,22,Athlete
2936,O5X9QGJW2D37PLXS,F,2011-10-27,14,Athlete
2937,OD8J2Q2D43STZ0G7,M,2005-11-29,19,Athlete
2938,ODC64Y44Z6OB4SCT,F,2004-09-09,21,Athlete
2939,OP0WJQGO8ZZHP8HM,F,2002-05-21,23,Coach
2940,OSQRXML9AIECDH4Y,F,2005-01-13,20,Athlete
2941,OSU19H10OEBLWQNG,M,,0,Athlete
2942,OZ3ZJWH1LTUVL2UI,M,2006-02-09,19,Athlete
2943,P7OEH9SWBX22R58B,M,2005-12-14,19,Athlete
2944,P8XKOCKRXH1QO8HA,F,2008-05-30,17,Athlete
2945,PJVIWPILCLF3WN9L,F,,0,Athlete
2946,PMI3VDKRJXOY8WR1,M,1954-01-05,71,Coach
2947,PSVIA8P0NDVHMBPM,M,2007-11-02,18,Athlete
2948,Q2TB3HCEA42BIPQS,F,2009-11-21,15,Athlete
2949,QBE9HUN0E4O9AUER,F,2001-02-09,24,Coach
2950,QCRFTTL12JSCCD5L,M,,0,Athlete
2951,QFT7I7MJ03OTQALU,U,,0,Coach
2952,QKB6OCUDONXNJT9Z,F,2005-06-18,20,Athlete
2953,QNSEMLBHEDD26V7B,F,1990-04-19,35,Coach
2954,QXFQLDQQX1JIIGA3,F,2004-07-25,21,Athlete
2955,R8LPSW7O8BQBN19D,F,1985-01-21,40,Coach
2956,R93UWUGM7F6U7GIG,F,2008-11-29,16,Athlete
2957,RAPTLHSRJKR7TUP4,M,2009-01-09,16,Athlete
2958,RAX43ODNHGBW2AC1,M,,0,Athlete
2959,RHXH3AG2K5J5LI6X,F,2008-08-28,17,Athlete
2960,RK0WQYQFU97CXC2K,F,1995-03-30,30,Coach
2961,S8ZXBXFVEM1PHBXQ,F,2007-12-24,17,Athlete
2962,SF7NC31FUPM7HF2D,F,,0,Athlete
2963,SI4YIM1WPC8VP8R2,F,2005-09-19,20,Athlete
2964,SRA4PS1VKVSDF7JP,F,2009-09-11,16,Athlete
2965,SSM0GR2KQ8SOJ8O1,F,2005-05-13,20,Athlete
2966,T0QBP1IVOTOD9BUN,F,2011-11-09,14,Athlete
2967,T1JLKANP6V3YVJ2H,M,2005-01-13,20,Athlete
2968,TEGZGIAGW2CV9F6T,M,2008-01-20,17,Athlete
2969,THJYBV1LPWDZ9DOD,M,2009-03-09,16,Athlete
2970,TJZ0HWL20H31K1AH,M,2008-12-04,16,Athlete
2971,TL5C7QC6A4OSHGGX,M,2004-02-09,21,Athlete
2972,TNKPS4I205DBGE2P,F,1992-02-17,33,Coach
2973,UB9XZ9N65PMVT60N,F,1996-10-04,29,Coach
2974,UG9OD0C2CTEQ2T6V,M,2005-04-18,20,Athlete
2975,UJC14A4S1MK5HNNJ,M,2009-03-23,16,Athlete
2976,USPDU5J82PQG96N7,M,2005-06-20,20,Athlete
2977,UUAJW82GTA786NPL,F,2006-02-17,19,Athlete
2978,UX79DUHOMA7IWWX8,F,,0,Athlete
2979,V241QT8IA1PTTGCC,F,2005-08-25,20,Athlete
2980,V3HA3UKJZCZCRPEH,M,2007-11-29,17,Athlete
2981,V43UTAJ8VC7DKNN4,F,2006-06-15,19,Athlete
2982,V6ASVKJWF8F5FU7X,F,,0,Athlete
2983,VFZEP9XJ3OBSLFED,M,1985-10-28,40,Coach
2984,VG2IXGC5BKTFW5VJ,F,1966-05-26,59,Coach
2985,VOJ7HYOHG25E8J74,M,2006-06-14,19,Athlete
2986,VR6TG7C4IY0VZ1RK,M,2008-10-08,17,Athlete
2987,VUUZGAE6KWZHGZWQ,M,2005-05-25,20,Athlete
2988,WAFAPWNYOGN1JJ9V,M,,0,Athlete
2989,WNCT6CTW77QD3G9X,M,2007-05-29,18,Athlete
2990,WNDXIRWLL1AIRT1D,M,2004-12-29,20,Athlete
2991,WPTPW1GFPZXDECLF,F,2007-01-08,18,Athlete
2992,XC0VT50NT187PZXX,M,2009-02-02,16,Athlete
2993,XCOJIQTNKT214UAB,M,2008-05-06,17,Athlete
2994,XD7LPEJT0QG6KLZ7,F,2006-12-05,18,Athlete
2995,XE2FBNLQU00K3J1T,F,1992-10-19,33,Coach
2996,XE8D3KUNS3TNMEJ8,M,2004-08-29,21,Athlete
2997,XFMEFXXCXKQ0SFDY,M,2006-02-24,19,Athlete
2998,XRXIZ0GTPX5I1S7X,F,1998-02-20,27,Coach
2999,XULAI5I0NKW86V0M,F,2009-04-19,16,Athlete
3000,YRO1T9X4I6R9V9XZ,M,2009-11-21,15,Athlete
3001,YZF8SP2S3ZD8BDYK,F,2008-02-09,17,Athlete
3002,YZZPOAH5HZ9F04QK,M,2006-02-14,19,Athlete
3003,Z08KWBYNBSYR2P94,U,,0,Coach
3004,Z967C148D534NLPK,F,1991-07-14,34,Coach
3005,ZA5OMEDV4IU79AP9,M,2008-09-27,17,Athlete
3006,ZHDTJDSMZT084R5Q,F,2006-08-31,19,Athlete
3007,ZK3804SDED75ODNA,F,2011-05-27,14,Athlete
3008,001O91NNW62RZP97,M,1997-06-14,28,Athlete
3009,0TTALAJWH92X0KOG,F,1995-07-18,30,Athlete
3010,1FE58V1Y0U0Y7K2A,F,1996-07-02,29,Athlete
3011,1LLWL8ZOKU51OMK8,M,2003-03-31,22,Athlete
3012,1YUUXHAGBOLYWZ0P,M,1982-03-03,43,Athlete
3013,2LIMEVTYT8U2DSDX,M,1994-10-18,31,Athlete
3014,32691FH1DZ2JBB51,M,2000-06-06,25,Athlete
3015,40WZ4DQFDC9M9RVT,F,1974-03-19,51,Coach
3016,44K9PG0OZGTBD4AR,M,2004-01-05,21,Athlete
3017,4M0QIORZ1H8VVC3A,F,1996-03-26,29,Athlete
3018,4ZKGFSE0ETL7V1FN,M,1958-08-29,67,Athlete
3019,5IRNKASYBYKDFX3U,F,2008-02-22,17,Athlete
3020,64V9NK5GNOK2XVL6,F,1991-04-25,34,Coach
3021,6DO43T3VIO6W2X4O,F,,0,Coach
3022,72H4M8VG3VJ9WBE7,F,1975-03-18,50,Athlete
3023,77HGWH61ZYBUUOYX,M,2004-07-15,21,Athlete
3024,7KUBJ6ZG056ACFOV,M,1975-06-30,50,Athlete
3025,8YV16F3HXLYMR7E9,M,1986-02-14,39,Athlete
3026,95I9XNUPES7621EO,F,1967-02-14,58,Coach
3027,99R42RR47QWW8DF5,M,2007-07-17,18,Athlete
3028,9ZTYXT43O0N4A4XU,M,2006-04-11,19,Athlete
3029,A2UOJC899F0WDPT8,M,1968-05-21,57,Athlete
3030,A7OPE6F0JI8KNOYH,F,2004-10-19,21,Athlete
3031,BDMT564RMXCL1X7S,M,1998-05-06,27,Athlete
3032,C2QPEZ6RZ09YA9EL,F,2009-11-05,16,Athlete
3033,CQ3JQWYR3URQ99ZR,M,1955-07-12,70,Coach
3034,CWCYX45PVHDM7CLC,M,1982-04-05,43,Athlete
3035,D2CUKOSWGZT7C712,F,1993-04-29,32,Athlete
3036,DQVU1C46IFVI9T6E,F,1960-06-22,65,Coach
3037,E8M5LDOQV7RQD3LY,F,,0,Coach
3038,EHXKL55OBMLP9HE5,M,1969-08-13,56,Athlete
3039,EI6XR3QLL2S0EYUU,F,2005-07-08,20,Athlete
3040,G1DBAFKZIZDDOR1O,M,1988-09-22,37,Athlete
3041,GGTCQXBMOB3JOQMY,F,1985-03-01,40,Coach
3042,GT0P1J5SYM1W0SW4,M,1986-03-21,39,Athlete
3043,GU6T0LOGKDH9B0JP,F,1998-06-12,27,Athlete
3044,IBAT62MUDPCNEN2W,F,1989-11-24,35,Athlete
3045,IKRW9A9PK1MWCP1D,F,1993-10-22,32,Athlete
3046,JE488T3OUPD8V1QT,F,1997-09-19,28,Athlete
3047,K4E2MA5TOPV076DS,F,1989-08-02,36,Coach
3048,KNDIESSAU0F0HOBL,F,2005-08-01,20,Athlete
3049,LIXD9G4TNCXFCRS8,M,1982-08-07,43,Athlete
3050,N8P1B58DDROXRE6Z,M,1995-10-14,30,Athlete
3051,NSSC7C81ZIPV45GG,M,2004-01-06,21,Athlete
3052,OTBJD3WVOA01PR7N,F,1995-08-20,30,Athlete
3053,PBTEHCJRUSXOMV70,F,1987-07-09,38,Athlete
3054,PIEAD82QF0XFC655,F,2007-01-18,18,Athlete
3055,Q23KTIZ9ZAT41JQ8,F,1966-11-25,58,Coach
3056,Q3WDZ5NG5JIY669Q,M,1990-07-14,35,Athlete
3057,QJ59OO7S8VKIY65W,F,1995-09-02,30,Coach
3058,QPSR87YAQS3RHB4Z,M,1992-05-09,33,Athlete
3059,RH5DDGOFA6R9AICV,M,2005-01-05,20,Athlete
3060,RIVMP3RMHANFD6E5,F,,0,Coach
3061,SSHZN0XEUWKEZFAE,M,2002-12-31,22,Athlete
3062,SSSVROK3FPESJ1KY,F,1978-02-15,47,Athlete
3063,T9M3ND85KBQKK4NB,F,2002-08-10,23,Athlete
3064,TGWISS2P0QCH401V,M,1978-12-03,46,Athlete
3065,TLRS47S4GKT7RFYV,M,1991-03-06,34,Athlete
3066,TVAB2V5Q3Z8QK3NI,F,1955-01-07,70,Coach
3067,TWXTFYTTEM2WGEI0,M,1984-05-30,41,Athlete
3068,TY5D8C1QNW1X62A9,F,2005-04-20,20,Athlete
3069,U9XG3P3Z4H4CF57A,M,2003-06-24,22,Athlete
3070,UDRBMF87K0C76JCL,F,2001-01-15,24,Athlete
3071,UMBPQ298PGII1ST2,F,2007-02-26,18,Athlete
3072,W4Y0OHKP2IGWXC5F,F,1985-05-14,40,Coach
3073,WHBCIVH71BGMO4WR,M,2010-05-29,15,Athlete
3074,WO09NZZ09WLBFFVS,M,2005-07-08,20,Athlete
3075,WPFBVQAIQO9JWZXS,M,2010-03-17,15,Athlete
3076,XB9MLKHM0R2YV1AJ,F,2002-12-13,22,Athlete
3077,XW7IR2LPPS7I2UJ8,F,1993-02-26,32,Athlete
3078,XZA78UBPZPXG5DTE,M,2001-03-09,24,Athlete
3079,Y9EWVSI8248GDE3C,F,1976-10-21,49,Coach
3080,YKPR5AI9TVLO2BYR,M,1989-01-18,36,Athlete
3081,Z0YVURTLDH8VMXZF,M,1975-09-12,50,Athlete
3082,0D9OSZ8NGXQT7YMH,F,2001-11-15,23,Athlete
3083,1PXT8TZDS2QZ9OGW,M,1962-06-25,63,Athlete
3084,1T7A6C8RNZE7RHD5,M,1966-07-13,59,Athlete
3085,1TP57PAL7KE1KROV,M,1997-10-22,28,Athlete
3086,1VM6R2STOTDWQJO6,M,1988-07-29,37,Athlete
3087,1WITFXTHJBDU38PE,M,1953-11-20,71,Athlete
3088,1Z6B9QRIBNT058TW,M,1961-11-21,63,Athlete
3089,20TUFY63GTYD0JKS,M,1961-11-22,63,Athlete
3090,21GJDVQ0LUIM5HBT,M,1960-08-06,65,Athlete
3091,24TK5LMKN1GHJROR,M,1996-10-26,29,Athlete
3092,2G7PL0KK1E4G1F1S,M,,0,Coach
3093,2TEJV848B4U4UAV9,M,1959-10-08,66,Athlete
3094,2X22WRT0I1W7NE3E,M,1958-09-13,67,Athlete
3095,2Y16SD5K8HHYUXWE,F,1944-02-22,81,Athlete
3096,2YQZBEMVX7WNGDW2,M,1971-08-03,54,Athlete
3097,30LZVJ87IRXDYT65,M,1999-11-10,26,Athlete
3098,39U41EPQG79NUVWF,F,1961-03-02,64,Athlete
3099,3H08ZHP65V7ZSDSX,M,1995-07-12,30,Athlete
3100,3N21H402D24Z5GNP,M,1969-06-15,56,Athlete
3101,43IMM24AG3QZQA5O,M,1945-11-28,79,Athlete
3102,4B0VZOFS6D8RRHDX,M,1957-02-22,68,Athlete
3103,4NVE2O9CTKP2I59G,M,1958-11-23,66,Athlete
3104,4SIXBE7Z1RGFL83R,M,1958-03-19,67,Athlete
3105,4UWYNXLIRZXMX105,M,1959-09-21,66,Athlete
3106,51BUVBWMIJAOAD1O,M,1966-10-29,59,Athlete
3107,54BOBW4B0L1YND46,F,1966-01-01,59,Athlete
3108,5UKJ1MFP88DFL7VW,F,1962-12-19,62,Athlete
3109,60VQ066GT9O406G5,M,1961-06-20,64,Athlete
3110,6BETRTJ9B7TSS3TQ,M,1959-10-20,66,Athlete
3111,6GTPNIKHUASPY4WV,F,1991-11-25,33,Athlete
3112,6MKZ16CDIAZ8Y9J5,M,1954-01-24,71,Athlete
3113,6OF8R113FCQ3C8H6,M,1974-02-25,51,Coach
3114,6S3DVZTORTQXQD2W,M,1960-07-09,65,Athlete
3115,6VHFECUUNVE4KS2J,M,1992-12-01,32,Athlete
3116,6WJJBTS7CGMTVO9M,M,1970-11-18,54,Athlete
3117,73CZ0LZCI9EH5B2T,M,1967-05-27,58,Athlete
3118,73EYUCV7TDCR310R,M,1969-05-07,56,Athlete
3119,783MEY7BP26BT5RW,M,1975-01-31,50,Athlete
3120,7NRIL6RFK2TNNYFV,M,1970-08-02,55,Athlete
3121,81309Q3XYMZ4L372,M,1992-06-14,33,Athlete
3122,81BPEXNUVWCHFF1E,M,1970-02-27,55,Athlete
3123,82MORS7CFLZWUQTH,M,1965-09-15,60,Athlete
3124,89GAES0VJASIBK2X,M,1973-08-18,52,Athlete
3125,8ES1860EW5AIFS4R,M,1992-09-10,33,Athlete
3126,8JLUMAGJB7IKE0SY,M,1957-11-13,67,Athlete
3127,9CESIBOB7KCE1YEQ,F,1990-01-17,35,Athlete
3128,9GM6D3LCTHSG1O7J,M,1945-09-26,80,Athlete
3129,9KE05G5PMZHW937S,M,1969-11-26,55,Athlete
3130,9QKKGSEI4LXI8LUE,F,1971-05-10,54,Athlete
3131,9TLGCLDB0OND8T87,M,,0,Coach
3132,A87TG2DX7BGOPGBG,M,1965-09-07,60,Athlete
3133,AM03UH5O749UJHRH,F,1973-09-01,52,Athlete
3134,AR3G3A3PGPAYFE1S,M,1972-03-29,53,Athlete
3135,ASV9K1F6FOLEBA6P,F,,0,Coach
3136,BL7BJ2VRHH3PLG93,M,1956-04-17,69,Athlete
3137,BZ0LVB1BNTBA6K51,M,1958-01-11,67,Athlete
3138,C0RRMWJGV8BUZ5MT,M,1959-12-04,65,Athlete
3139,CHBNPJT9QWOWM620,M,1959-11-19,65,Athlete
3140,CI55QUI28IB6S9LE,M,1958-05-21,67,Athlete
3141,CNQ8Z9YQTXERACO9,F,1974-04-06,51,Athlete
3142,CUCJ9NN9SO9XJ0IX,M,1958-07-02,67,Athlete
3143,CVN8RH70IQFTRORR,M,1969-03-25,56,Athlete
3144,CWTCXIMKKXX8R4G8,M,1981-07-10,44,Athlete
3145,DBXCLQW26A52JGR5,M,1970-11-09,55,Athlete
3146,E4GSSKM3RVDDXTSP,M,1982-04-20,43,Athlete
3147,E7QCE3NZMBGH91OJ,M,1993-05-06,32,Athlete
3148,EZKYJ4TT9F669FE2,M,1951-05-03,74,Athlete
3149,F4EHO9NT573IUV4U,M,1981-05-21,44,Athlete
3150,FBP38K34CI7624VV,F,1957-07-01,68,Athlete
3151,FFO4UX1GGJ71CDV6,M,1967-11-06,58,Athlete
3152,FRAOH1SBT9YNIFQU,M,1990-02-13,35,Athlete
3153,FVK4Z3INVIICJJEX,M,1950-02-22,75,Athlete
3154,FX219TWG966GE09Y,M,1955-07-10,70,Athlete
3155,G096SMOOCTQZLB1Y,M,1963-08-15,62,Athlete
3156,G116QHE6MP5K44DY,M,1963-05-19,62,Athlete
3157,G50IUFEO4JP6K62T,M,1965-09-14,60,Athlete
3158,G7MZJJ7APN29MKZD,M,1952-01-13,73,Athlete
3159,G9MTB94M5T41YCVJ,M,1964-02-26,61,Athlete
3160,GFH57R6ZVHZN0EJB,F,1991-02-24,34,Athlete
3161,GJXHI6BL322FSBNU,M,1960-11-12,64,Athlete
3162,GLGWSQBT67E7MAIZ,M,1961-03-29,64,Athlete
3163,GMZYOTVREVQ24URG,M,1952-05-31,73,Athlete
3164,GR13YH3CWK1CR5JS,F,1975-12-29,49,Athlete
3165,GRNT1NLBYJTD49Z9,M,1946-06-30,79,Athlete
3166,GUBXC4Q47X0ZZ06J,M,1967-04-10,58,Athlete
3167,GVWGG23BP4R6WSW1,M,1990-02-13,35,Athlete
3168,GXI88KZW10473JMP,F,1983-09-29,42,Athlete
3169,H2XOPT4LZLWXQLQ4,M,1967-12-23,57,Athlete
3170,HD5NEPINW2YAAV3F,M,1974-05-25,51,Athlete
3171,HGSJ6KWRAEB9IPG8,F,1951-01-02,74,Athlete
3172,I2QXMOSIZI0P767F,M,,0,Coach
3173,I5HSZ9IA0U2Q07LH,M,1944-09-14,81,Athlete
3174,INHUPLVCHJGZYRCV,M,1959-04-22,66,Athlete
3175,IRPZJK8U2JE2IGHF,M,1964-05-21,61,Athlete
3176,IVHXMDFLJ4O3CLM3,M,1974-06-21,51,Athlete
3177,JN6UQG4TA1EJDWY0,M,1969-06-21,56,Athlete
3178,JPGVR0BXT3UHY7P9,M,1965-08-11,60,Athlete
3179,JUASPSKMNEN2EDC5,F,1961-11-11,63,Athlete
3180,K7E7L4C3KVCVSN3N,M,1966-06-09,59,Athlete
3181,KFU5BOD3A58D90S1,M,1955-11-28,69,Athlete
3182,KHEVPHAHTNY1IFGN,F,,0,Coach
3183,KJZKS7DSVRT3AGW7,F,1956-03-06,69,Coach
3184,KNUTN51URGVD8A37,M,1991-04-16,34,Athlete
3185,LHVAH7SCSH35KI60,F,1969-07-15,56,Athlete
3186,LJ6JYQQGFKGOR8VC,M,1964-02-27,61,Athlete
3187,LVOJLJBAM4EUS513,M,1998-04-16,27,Athlete
3188,LX5J0ZPEHAKZX21V,M,1974-12-11,50,Athlete
3189,LY86W2TKSSSYJV5L,M,1984-01-02,41,Athlete
3190,MH1CIKZFUSCVO2B1,M,1966-09-15,59,Athlete
3191,MJMG9QK92N8BWE5G,M,1968-03-31,57,Athlete
3192,MJTXIX3H53BSPYH8,F,1956-07-19,69,Athlete
3193,MJVN97D5RMN8AMZN,M,1989-10-11,36,Athlete
3194,NHR7QLV2SNM6VGBN,M,1959-04-24,66,Athlete
3195,NMNV9NYOA1U8STIP,M,1960-08-01,65,Athlete
3196,NN01Q91A2OYYJN7L,M,1963-10-04,62,Athlete
3197,NPYO8QMHXU37169R,M,,0,Coach
3198,O7SSP3T08U0HZHL4,M,1969-05-24,56,Athlete
3199,OF2EVGRFO91Q2QHH,M,1953-12-12,71,Athlete
3200,OI9RUAG0Z85YY8ZO,M,1955-05-14,70,Athlete
3201,OLJD8DLLBJ5K86VZ,M,1962-08-17,63,Athlete
3202,OLZYY0BDUKVD9D86,M,1965-11-01,60,Athlete
3203,OM9CYJ7N27ZVW0E8,M,1977-11-02,48,Athlete
3204,OPAUPS9PJ4T7AQ4L,F,1968-10-14,57,Athlete
3205,OTGVX52XQCICEO1S,M,1954-01-11,71,Athlete
3206,PMTNITE7E0COQUBL,M,1965-12-27,59,Athlete
3207,PT9JHO2C9LVYSB5K,F,1964-04-04,61,Athlete
3208,PWJYZT3GWAQDFEOQ,M,1960-06-25,65,Athlete
3209,Q22U7A8T1BZ60CVI,M,1999-11-10,26,Athlete
3210,QEKQKEALWUEWBINF,M,1968-04-20,57,Athlete
3211,QGIL5ADS1FR492LI,F,1960-03-07,65,Athlete
3212,QH4P4U2OKSULPLGQ,M,1987-09-05,38,Athlete
3213,QIJXM0FTI05X2U3B,M,1966-03-27,59,Athlete
3214,QJ8P8R9RWFQBTDCI,M,1976-11-18,48,Athlete
3215,QNPOPYWL1EJZ3PCJ,F,1965-08-31,60,Athlete
3216,QQ9N38NUPJLJNKJM,F,1992-03-23,33,Athlete
3217,QS3TGLUYWSFEQSI3,M,1959-10-17,66,Athlete
3218,QTKL55X4S94S9O3R,F,1962-06-13,63,Athlete
3219,QVO0X1RLXIUMRM19,M,1949-07-04,76,Athlete
3220,R0JLN5278R4PK1VB,M,1962-11-16,62,Athlete
3221,R8X10IBZIIPIJHA9,M,1958-05-29,67,Athlete
3222,RF8NO0BD19WTMVZM,M,1961-05-06,64,Athlete
3223,RQY0C4ZCTN6XNHUJ,F,,0,Coach
3224,RQYLHGP01RX0VCSV,M,1988-05-30,37,Athlete
3225,RX6LDOWPVFX88KG2,M,,0,Coach
3226,RYV3MSOW4JAK0WS9,M,1966-01-25,59,Athlete
3227,S00PB03DZAKBR4VB,M,1963-09-27,62,Athlete
3228,S34SXU5H3R533G3L,M,1994-03-13,31,Athlete
3229,S54KSRYLL82BXI9E,M,1966-01-08,59,Athlete
3230,SBSGF5BTAFDKZW5L,M,1959-08-21,66,Athlete
3231,SHMR52BZ63OLH6W5,M,1989-02-03,36,Athlete
3232,ST8RKDQOYKKAYE2D,F,1985-02-16,40,Athlete
3233,TG855F9TWR7VRHEC,M,1965-09-19,60,Athlete
3234,TGXGC7JHM7BI5YDA,M,1952-04-25,73,Athlete
3235,TNOYX33SDYW5KX8A,F,,0,Coach
3236,TOIRUPIXL4GLV8ZE,M,1962-09-11,63,Athlete
3237,TV6NCW41DP93GEUK,F,1967-04-15,58,Athlete
3238,TXU4D2EG0Q1ZS6T4,M,1963-12-15,61,Athlete
3239,TZPYJRSE24FYYH3F,F,,0,Athlete
3240,V2QH1NS1C302QZLZ,M,1966-04-26,59,Athlete
3241,V5WMHRR95Z0STRVQ,M,1959-12-10,65,Athlete
3242,VBDN1G40D452G19W,M,1964-04-17,61,Athlete
3243,VE7L2O2DOTWL7G5K,F,1968-08-03,57,Athlete
3244,VHLNHU13GBOOQ2KC,M,1971-06-05,54,Athlete
3245,VL8O5RBD51AG5Q81,M,1961-01-15,64,Athlete
3246,VLI5JT9HQ73S60E9,M,1981-11-06,44,Athlete
3247,VRCHQCXW7PUBXT2L,M,1961-08-01,64,Athlete
3248,VRHQN842OXIQLVXP,M,1955-02-21,70,Athlete
3249,VSZE0R3JFFRXVZSS,M,1962-04-13,63,Athlete
3250,VTQBG0J28UCXM3ZK,M,1983-04-28,42,Athlete
3251,VV8ZFINP5EQGJ1HZ,M,1994-01-21,31,Athlete
3252,VWWBQ056EJSDJVVH,M,1960-07-06,65,Athlete
3253,VWZMPPM0YD6CU3CJ,M,,0,Coach
3254,W7IZFDTFAT8ODP39,M,1944-03-23,81,Athlete
3255,WEAJKEU82XQYT9ZT,M,1958-01-28,67,Athlete
3256,WGNHV5TB2TXLJ0DN,M,1966-12-14,58,Athlete
3257,WZFTZQQCRZVL7CB6,M,1959-01-17,66,Athlete
3258,X17YOTMWBTKQCPNR,M,1998-10-30,27,Athlete
3259,XF49A1GP6TM0QLCA,F,1971-02-06,54,Athlete
3260,XQXGKKDCBZ9I75VC,F,1975-11-01,50,Athlete
3261,Y39B4UGC9N71DSS8,F,1962-07-03,63,Athlete
3262,YMTYGBLT17TGCCF2,M,1967-07-10,58,Athlete
3263,YO1CKFUBPQ75TWFX,M,1963-12-01,61,Athlete
3264,YQCGLN9REOHUXSON,M,1955-10-03,70,Athlete
3265,Z2M4BZOE68HFYENS,M,1998-09-07,27,Athlete
3266,Z7P905JQEIHN35I0,M,1962-06-20,63,Athlete
3267,Z92R161H3CUI5KB5,M,1969-03-06,56,Athlete
3268,ZD7ARXSRVXHC0PAL,M,1960-12-04,64,Athlete
3269,ZI4H03WFRG5IAC4I,F,1965-04-08,60,Athlete
3270,ZJQ129ZPWUB0VPZO,F,1996-06-14,29,Athlete
3271,ZVEWCKE5D1M02ADL,F,1969-09-02,56,Athlete
3272,ZWDCI03PJV0MZC88,M,1983-06-28,42,Athlete
3273,ZWJ4QZOCMN6VXPSF,M,1963-09-09,62,Athlete
3274,2IKLDP6AMBSTF949,F,1973-01-30,52,Athlete
3275,56ZQLU1TXG4DMRJH,F,1982-05-29,43,Coach
3276,LG5U5YT9DTTSGYRV,F,,0,Coach
3277,N24JIOYC8DQN0JO1,M,1996-09-03,29,Athlete
3278,RZZV5SBRBWO7X85W,M,1998-04-27,27,Athlete
3279,STUNQLBSJAMLOWG1,F,1990-11-07,35,Coach
3280,T5VN4P231ETEK01T,M,1965-07-17,60,Athlete
3281,TE4XKJZREA8FZ7VX,M,1973-08-15,52,Athlete
3282,U23XVDI74W58QFU3,M,1982-01-11,43,Athlete
3283,UKNV2VXEI3OAMTEI,M,1961-09-26,64,Athlete
3284,ZGDU3BX4TYS0ILMU,F,1972-02-14,53,Athlete
3285,1G0HS5Z17DEOFMAI,M,2010-07-27,15,Athlete
3286,24Y1297T01CGWJ9Q,M,2012-04-17,13,Athlete
3287,5UZ5KUIWRSUTCTPW,F,1994-02-07,31,Coach
3288,6UG3YEPA8JPAE0ZB,F,2007-05-11,18,Athlete
3289,APCXA2RWJ0WT4MXP,M,2006-12-05,18,Athlete
3290,C0LCV1AXHSOFOED2,M,1996-08-06,29,Coach
3291,CPG2RNUT3GO77YWQ,F,2012-07-12,13,Athlete
3292,F7CB5JVU0W3URBZ6,F,1993-10-07,32,Coach
3293,FOQX8G2X6UNU6SWW,F,1976-06-01,49,Coach
3294,GJKO77DC1FVU67F9,F,2010-09-29,15,Athlete
3295,I9VUAPN7MKKT0E0C,M,2012-12-31,12,Athlete
3296,NJDOKVXHWCOKWUSW,F,1998-05-08,27,Coach
3297,W9HU6S0KUOMY5FTE,M,1985-04-29,40,Coach
3298,YYHTA4Y1HX1FNVFZ,M,2009-10-17,16,Athlete
3299,00BKM94J4INLRQAF,M,1990-11-15,34,Athlete
3300,0M9DRRMDJ1NDEP82,M,1979-06-05,46,Athlete
3301,1ZBO3JS5KD6BBM9C,F,,0,Coach
3302,2W99HI0G6JG3438W,M,2002-12-11,22,Athlete
3303,3EQWAC0AQCIEMBFQ,M,1956-10-29,69,Athlete
3304,3JMVY7B4UQ7VW3W9,F,,0,Coach
3305,43ORX7A4BVWALBVH,M,,0,Coach
3306,4FK3907IAJE4O5O1,F,1973-07-09,52,Coach
3307,5D578KSLJ6ONPB75,M,1961-10-09,64,Coach
3308,5X0SVR2WBYGPT2KT,F,1990-06-02,35,Athlete
3309,606F19QYWI0W4LIB,F,1987-04-24,38,Athlete
3310,6ANAOADHIPM2NMOF,F,,0,Coach
3311,720EZNZQOTN96MCQ,M,1989-06-03,36,Athlete
3312,7VO16WH0G5DUYAYF,M,1980-05-20,45,Athlete
3313,83I5396XASPAAD8O,F,1991-04-18,34,Athlete
3314,90AKD5OP81QZT149,F,1998-03-08,27,Athlete
3315,9CK42HOT22V1LYVZ,M,1958-06-09,67,Athlete
3316,A2VEE6VD5UFAWY5T,F,1960-07-30,65,Coach
3317,ABB7BZYWRBZYVM14,M,,0,Athlete
3318,BIDHA5HER822PISH,M,,0,Coach
3319,DAHSHA7FYJTKI8WK,M,1991-03-17,34,Athlete
3320,DRIDAWQ115AWJ5UM,M,1994-09-05,31,Athlete
3321,E0RP32CJE4GAFOSM,F,,0,Coach
3322,F4AIUM6G6ZC25DTA,F,1958-09-02,67,Coach
3323,FDDS3H2017SZUUAJ,M,1990-05-27,35,Athlete
3324,G7Z2EZN8NMQJH6ZW,M,1960-01-19,65,Athlete
3325,GA5MJEXAIMY2ITBC,M,1999-01-20,26,Athlete
3326,GCC04N1H15A0CEK9,F,1998-12-24,26,Athlete
3327,GG7RF3CGHB9Q3LG8,M,1956-05-15,69,Coach
3328,HC37M1RGOQ6CLYLI,M,2000-03-23,25,Athlete
3329,I2J3D31VVW1AREAG,F,,0,Coach
3330,IHD1VJ6Y79SOMJ4B,M,1996-01-08,29,Athlete
3331,J6QPABHOTPJ7TWS4,M,2000-05-14,25,Athlete
3332,J9LM2X3LR51N16S9,M,2000-06-13,25,Athlete
3333,KB77Q19SEGGNVY87,F,1983-03-24,42,Athlete
3334,KE4PFO8GMQI51DV9,M,1988-11-02,37,Athlete
3335,KJZJTPYWS9TRV6BX,M,1999-10-01,26,Athlete
3336,KTIEJLNBKN4194E3,M,1987-12-19,37,Athlete
3337,KZ80ML3W6HZUSGH0,M,1973-06-18,52,Athlete
3338,LLKLV6MNX3JRS41W,M,1960-09-09,65,Athlete
3339,LQ588HCKXGV7SZTW,M,1972-08-06,53,Athlete
3340,M0ELS0W1ZTR29IW9,F,1970-05-29,55,Athlete
3341,NYGPMURW1VZABVU4,M,1966-03-18,59,Coach
3342,O0J5CM4MDNUQ560B,M,,0,Athlete
3343,P0NS20QZ0FBE9198,M,1962-02-21,63,Athlete
3344,PU46HU8DU8UAF1KN,M,1975-10-25,50,Athlete
3345,PW0CVAD2IP5JHNAL,F,1981-06-13,44,Athlete
3346,QHYEYKPWFE20MKZZ,M,2002-03-10,23,Athlete
3347,QU11FYDVIKFUI7AD,F,1982-04-17,43,Athlete
3348,R1NRMX7MSUCEMBEP,M,1990-01-03,35,Athlete
3349,R720YXQHC7XPV7CZ,M,1974-03-09,51,Athlete
3350,SMUG45FBSVDNQV54,M,1991-07-04,34,Athlete
3351,STLXAHGXDODJR0KS,F,1982-08-16,43,Athlete
3352,T5MD73TT38JTQA9C,F,1961-08-15,64,Coach
3353,TV36LQ73GF5RJSVV,M,,0,Coach
3354,TZUYNVPQ97IP5BBP,M,1958-02-05,67,Coach
3355,URAPAI45I4U6P7ZH,M,,0,Coach
3356,V3P2TIAWNI6FQBIA,M,1983-09-08,42,Athlete
3357,VNFPKRG1O87D61SB,M,1966-09-08,59,Coach
3358,W4TIJHGRKVF70W12,M,1965-01-05,60,Athlete
3359,WK00DPEJ6M7ZMUOE,M,,0,Athlete
3360,YN1OIJHEHQ5CTZRM,F,1994-04-06,31,Coach
3361,3UOVISJISUIVVC7B,F,1959-09-18,66,Athlete
3362,E7V13CKRF1ZE558E,M,1972-02-13,53,Athlete
3363,KTO5Z2X48WMAGE1Z,M,1983-06-19,42,Athlete
3364,P2R70EVHQLTAVYGS,M,1965-05-04,60,Athlete
3365,51BGL0PJCXQCE87I,F,2002-12-20,22,Coach
3366,A3ZNH5C3BUSM8HJJ,F,1966-06-24,59,Coach
3367,A4LRTMQ1X1CIH6XT,F,1983-01-12,42,Athlete
3368,AYXG61O4RWKGQG1L,M,1989-07-03,36,Coach
3369,DPHG05Y5L6N1KSCJ,F,1975-08-29,50,Athlete
3370,EP0BM41KB99ZBCIF,M,1995-07-02,30,Athlete
3371,FAT8GDLCX5FDN6KZ,F,1971-01-08,54,Athlete
3372,FVAZNOWJ0TEPOQYY,F,2000-08-02,25,Coach
3373,G5SHC7XPHPXGLCFB,M,1981-10-03,44,Athlete
3374,PK7ZISARDS5RFEC5,M,1989-05-16,36,Athlete
3375,Q9D5QXRMIL9FH7I1,M,2001-11-11,23,Athlete
3376,Q9OFHV1R23KC256Q,F,1980-03-12,45,Coach
3377,QCHXB1NJ2NL5TWFM,F,1990-01-24,35,Athlete
3378,QI3K6PJGUUM5BBU1,F,2000-11-07,25,Coach
3379,S1K6GLQ7IC4N48ET,F,1991-10-29,34,Coach
3380,UKDV6B7A1HI52IBM,F,2005-11-23,19,Athlete
3381,XK3BIHH5CLJDM43K,M,1995-02-03,30,Athlete
3382,YRBTTC8YG33POKWK,F,1988-03-24,37,Athlete
3383,ZXIX8F4OJXNLT54Y,M,1983-11-09,42,Athlete
3384,0DLJ8F6VD8NBURCY,F,1992-01-19,33,Athlete
3385,173JJMTWHODJ7X6A,F,1960-08-02,65,Athlete
3386,1WB80KTJ2LZ4EFTJ,F,1996-08-13,29,Athlete
3387,2R6LPNET0DO3ACKY,F,1996-01-06,29,Athlete
3388,2XQ49AEX7ULAMVHY,M,1978-11-10,47,Athlete
3389,3DLYLEX3ZN7N9Y87,F,1992-01-06,33,Athlete
3390,3GEP8P8HY7H9H0YU,F,1985-04-18,40,Coach
3391,3IRC8UWDEAS3KXPY,F,1993-03-31,32,Athlete
3392,3Y8WTRABG0UCDAD3,M,1977-07-18,48,Athlete
3393,4AW5JDLDY1N01LQU,M,1992-11-13,32,Athlete
3394,4YNGGFQP94AKZMHR,F,1986-01-03,39,Coach
3395,50GUHPP43NCPGZEM,M,1984-03-23,41,Athlete
3396,5NE66TGE3ILLOG5E,M,1998-03-01,27,Coach
3397,65AI5BVZJ5JT1GH0,F,1994-04-25,31,Athlete
3398,6XY6H15N3DRPJDCL,M,1992-09-18,33,Coach
3399,75KAL8UN7AKM49YB,F,1994-08-10,31,Athlete
3400,7LXT1Z24U1IZU5OJ,F,1987-02-12,38,Coach
3401,7SVUW9GHO6CLR7KU,M,1974-11-25,50,Athlete
3402,7T2JTAWG93L9UBMS,F,1991-07-20,34,Coach
3403,8WNSUCZP4B8FZMVK,F,1987-02-05,38,Athlete
3404,9PIGOK7I23ID4TAE,F,1986-08-04,39,Coach
3405,AAQ1YOVNBFMHKHRS,M,1979-07-19,46,Athlete
3406,AU1UK1CC1R1CTI00,M,1958-03-29,67,Athlete
3407,B331IPSJ2BRTPUV9,M,2002-03-05,23,Athlete
3408,BO3PQ984KPG22XIY,M,1958-02-10,67,Coach
3409,CFZ05HDDAKET0OJV,F,1990-07-02,35,Athlete
3410,CJ3FKJVB2YIYP4MM,F,1992-05-31,33,Athlete
3411,CNLYQQJ6INLKJV3L,F,1969-08-25,56,Athlete
3412,D9IJKVIU5J8NKR2U,F,1983-10-17,42,Athlete
3413,DL86ZU8572BWZSPM,M,1990-12-14,34,Athlete
3414,DU55I1BKU0H27WJQ,F,1983-08-17,42,Athlete
3415,ELJSVX60E3DY20MS,F,2004-07-20,21,Coach
3416,FBHGMKY862YTVVPY,F,1993-09-06,32,Athlete
3417,FKB5HBM9R8EPTIYN,M,1978-03-03,47,Athlete
3418,FL4D6HWBBI03MGJP,F,1987-05-08,38,Athlete
3419,FO4GLFRQBFS53YZH,M,1965-01-04,60,Athlete
3420,FUOIGEDNL2W53DBZ,M,1973-09-05,52,Athlete
3421,GUEF3733RCVLMY1R,M,1993-11-05,32,Athlete
3422,HIS9F8LA6O0535E8,F,,0,Coach
3423,IOVVSXG3PFPIPDPH,F,,0,Coach
3424,JUN362OXOP3A6JQG,M,1965-09-30,60,Athlete
3425,JZ5NEFLBNW8NWCVS,F,2001-08-20,24,Coach
3426,K1BU0Q54XFH1FDCH,M,1991-07-03,34,Athlete
3427,KA2T5IVW72T2YSTM,F,1973-09-05,52,Coach
3428,L31WJUXPO57NOX98,F,1983-01-10,42,Athlete
3429,MW8XP56VNF0F3AYD,F,1980-04-23,45,Athlete
3430,N96K87AZNHEKSDPL,M,1992-04-09,33,Coach
3431,O3V4PIHXGVWILVAG,F,1999-01-12,26,Athlete
3432,OI1CFB1O609YTUMM,M,1990-08-26,35,Athlete
3433,OMPMR70X1IK025OX,M,1986-09-16,39,Coach
3434,PI3I7QWC2IAFMKNL,M,1975-08-21,50,Athlete
3435,Q1IYAX7GEJZPCUL5,M,1991-01-10,34,Athlete
3436,Q95JALWBFG8YBTGY,F,1990-09-01,35,Athlete
3437,R5MBLIU1W9J08YAN,F,1985-12-03,39,Athlete
3438,RNA6NDYAK5XN92BI,F,1993-06-26,32,Athlete
3439,RWU2LVVYW4R8YGLF,M,1988-03-18,37,Coach
3440,SGNHBCPJB79PXOJC,M,1964-03-06,61,Athlete
3441,U56TUJRUEGUNO9EB,F,1995-09-08,30,Athlete
3442,U7XLZLK18VMRHD8J,M,1985-02-05,40,Coach
3443,U86GVIEE16UUPV6H,F,1980-11-10,45,Coach
3444,UDDEX371VXGIK1K9,M,1973-06-12,52,Athlete
3445,UE0NFSLH3M7WUNIA,F,1968-12-13,56,Coach
3446,UQKYC1VY9GNO52BM,M,1995-12-31,29,Athlete
3447,UZ79MY25ZY18KOMC,M,1993-01-11,32,Athlete
3448,VBY7W93WTX2VKI37,F,1977-06-22,48,Athlete
3449,VCTFR1MIJ4KRDZTI,F,1991-02-12,34,Coach
3450,W7HTFTI1531ILID5,F,1988-11-03,37,Athlete
3451,WHBHZ685SIUHHQC5,M,1975-09-09,50,Athlete
3452,WIGP4TNY7G6YA91T,F,1997-10-25,28,Athlete
3453,WS6Q01E6T6ZSP69N,F,1969-04-03,56,Athlete
3454,WSA2DQ9VF0JGT9L0,M,1992-10-06,33,Athlete
3455,WUNH95Z5OXC21PRV,F,1967-09-29,58,Athlete
3456,XHAUK5S66LQ3OYR0,M,1966-01-23,59,Athlete
3457,XMGWF5I2OQ5ZBWFM,F,2001-12-23,23,Coach
3458,XTF5C8GQUJSOJ42A,M,1981-06-10,44,Athlete
3459,Y0SZIMBDAK3QOL3L,F,1957-12-24,67,Athlete
3460,Y6288NH4HZO3PTMR,M,1991-09-05,34,Athlete
3461,YQT2NWRNJW4OY5Z2,F,1988-03-13,37,Athlete
3462,YWH03RKDJ58HXMI4,M,1977-12-25,47,Athlete
3463,0GC18Y5RPYGKRX0I,M,1968-07-14,57,Athlete
3464,1H9X3WARI9O63YTP,M,1985-08-06,40,Athlete
3465,1TH1GD53M8KO420J,M,1992-06-15,33,Athlete
3466,62G7TM5VYEMO41QC,M,1951-11-23,73,Athlete
3467,C59VK2MXS6G9X12N,M,1984-02-10,41,Athlete
3468,C86ODO94ED79R890,M,1989-03-23,36,Coach
3469,I8K4Q20GPXUFOJ21,F,1994-08-06,31,Coach
3470,IEUNYCBFLFCO6SUZ,F,1993-09-24,32,Coach
3471,KXON0R2QMLTFJMXS,F,1987-06-02,38,Coach
3472,OO4L0CLTEWPITEH6,M,1999-05-22,26,Coach
3473,TJ1L97VHTD2UQD7G,F,1984-08-31,41,Athlete
3474,VQ8RNKJHBFPUTWMQ,F,1988-09-18,37,Coach
3475,YDSFFF5VSXWCV9GN,M,1987-07-23,38,Athlete
3476,2WV1EWE65X3BQGG2,F,1980-01-14,45,Athlete
3477,4V2YCAQN6JMIIOCW,M,1986-02-05,39,Athlete
3478,CLVP7DDV11XLB10K,M,1977-12-20,47,Athlete
3479,FR3D23O4X4AYT3F1,F,1971-06-26,54,Athlete
3480,GTQC4B437SPJP1Z4,F,1991-11-30,33,Coach
3481,HIT6HJJW0VT4OG5I,M,1994-07-27,31,Athlete
3482,L1Q7LILASLXKGAWE,M,1972-01-04,53,Athlete
3483,M2A6HYMXR1B1R76Q,M,,0,Coach
3484,O3WD66VPDAVX5DX6,F,1983-03-17,42,Coach
3485,OZY6LQ1VCAHTRP5S,M,1985-04-09,40,Athlete
3486,W9NGHX8102UKZV6O,F,,0,Coach
3487,ZQM6DZNDYSWYDOJ8,M,1986-02-05,39,Athlete
3488,0QMSGS47T96QP5VP,F,1967-11-19,57,Coach
3489,3O3VQRXNYEUKPSV3,M,1989-04-14,36,Athlete
3490,3SQO04YY7UFPEPKV,F,1956-02-04,69,Coach
3491,3W2DXRUOW1QEREDJ,M,1960-01-02,65,Athlete
3492,3XXY3NUN8FP9FGJH,F,1982-10-06,43,Athlete
3493,4KFHZP7OMA8BHD4K,F,1967-05-13,58,Coach
3494,8GXLS0QAOLFNKRKM,M,1972-09-28,53,Athlete
3495,8JV7GA3ETSE0IG03,F,1988-03-10,37,Athlete
3496,ICYQ8MSQS7ATUOTH,F,1981-02-05,44,Coach
3497,JO2PKDN0OZ0KTA7T,M,1969-07-08,56,Athlete
3498,LC6ZI6Q5TLU16PG4,M,1975-05-09,50,Athlete
3499,MLZOQEHBEPKDBIWM,F,1975-08-31,50,Coach
3500,NAJ9F3DNIXH23SAU,M,1963-11-24,61,Athlete
3501,OGCLM6QGQAPEWV5H,M,1976-12-26,48,Athlete
3502,RVADE9Z5UJ8FIYT1,M,1994-08-07,31,Coach
3503,SQYM9TFRL15192BO,M,1979-02-19,46,Athlete
3504,ST22BSVI4TGI8HP4,M,1971-05-17,54,Athlete
3505,XCWBG20J5WV6NBWF,M,1944-10-13,81,Coach
3506,YBAC7CQHEBABAZU9,F,1978-09-02,47,Athlete
3507,13MWHJ9OG3WZWRHV,M,1966-07-28,59,Athlete
3508,2776BP77PODAPIMQ,F,1979-01-26,46,Athlete
3509,8GOOZ08D2NDU6T1I,F,1963-08-07,62,Unified Partner
3510,93R0KC3UEU9338YF,M,1966-01-30,59,Athlete
3511,JUPR1XMTPD6PU1B8,F,1960-12-29,64,Unified Partner
3512,KADKCCPX4RCSBWDY,F,1986-03-31,39,Athlete
3513,LJL4JXFWU0E8APCP,F,1975-06-04,50,Unified Partner
3514,LJYU46904G8IPG9V,M,1985-06-09,40,Athlete
3515,M2R0Y1PQ6XVBPZWO,M,1999-05-06,26,Athlete
3516,NBWYYCIG4JVX2KL3,M,1967-11-02,58,Athlete
3517,NMTDAASK6K0NVH90,M,1989-02-28,36,Unified Partner
3518,T3C85YDFHOHPQ174,M,1953-04-24,72,Unified Partner
3519,V24HMX3GW1MJHAQV,M,1969-03-22,56,Athlete
3520,WDH94UXABSHHF8KU,M,1949-07-23,76,Athlete
3521,XM07M9Y5JR07D1UO,F,1959-06-29,66,Athlete
3522,YH66HF98VLRPQRLG,F,1989-08-02,36,Unified Partner
3523,0KMD0BAOVP62H1MB,F,1991-09-23,34,Athlete
3524,2L37L2I24HX6IAN1,M,1985-01-05,40,Athlete
3525,2X22E2GDQZ1DI8BE,M,1988-03-12,37,Athlete
3526,40KGUE81WMA8ZBCF,M,1964-06-24,61,Athlete
3527,5BPTTAVGLDMM6RS5,M,1968-07-28,57,Athlete
3528,8SMI7ZM9Q2S2B7J1,F,1976-10-02,49,Athlete
3529,8ULPIM7TGY9FQOM6,F,2003-03-25,22,Athlete
3530,8ZCC9QMP2VIWHV64,M,1964-11-08,61,Coach
3531,8ZWEQHR60QDQLAT7,F,2011-03-15,14,Athlete
3532,9LQUNL902Z70B1Q9,M,1997-02-26,28,Athlete
3533,9R721YC3Y3T200U6,F,1976-09-13,49,Athlete
3534,A507CAIW3U639YK9,M,1975-06-11,50,Athlete
3535,C51JGOYVBUTXXOBD,M,1960-09-13,65,Athlete
3536,E2NAENG92YZV088X,M,1954-12-31,70,Athlete
3537,E7GPH2DCZN34H74D,M,2001-12-01,23,Athlete
3538,EKKUC5DGYVFR55QD,M,1981-02-02,44,Athlete
3539,GCCIXN37IMI739YO,M,1960-09-15,65,Coach
3540,HEHKB1BVTT8OH6J9,M,1999-01-25,26,Athlete
3541,HK591JDPSWVBBKFM,M,1986-12-21,38,Athlete
3542,HLFFQXV00SBRYL7E,M,2008-10-13,17,Athlete
3543,I6KEXQR96TIEZRRR,M,,0,Coach
3544,IPK4GNRH7F02Z0IY,M,2002-09-03,23,Athlete
3545,JCHUWPQ4VV5XHGH4,F,1971-01-02,54,Athlete
3546,JW9T9UMA0TW2Z36N,M,1985-12-30,39,Athlete
3547,KGIKWRH157P1RQBR,F,1993-04-14,32,Athlete
3548,L6U1UY1XVLFJ0VNB,F,1965-12-07,59,Coach
3549,LG0Z36PI8N08USUZ,F,1981-05-14,44,Athlete
3550,OP33TGZCS0YXDIPW,M,1976-08-12,49,Athlete
3551,PFB7E0QY9I87WOOG,M,1988-08-31,37,Athlete
3552,POR4W8G9047ETE6U,M,1982-05-27,43,Athlete
3553,QED7O6Q9UJANE5VO,F,1971-09-22,54,Athlete
3554,REOAMVTSPIJKPJL2,M,1978-07-29,47,Athlete
3555,TOI6J2TVM66OKA66,M,1976-10-24,49,Athlete
3556,TY9JQK5RGM91KF3W,M,1972-02-09,53,Athlete
3557,UROZDJS6CNUC6EW4,F,1974-07-21,51,Athlete
3558,VI2XBL4WG7D8HV03,M,1974-10-15,51,Athlete
3559,WRGOR43XAF592ASG,F,1962-12-18,62,Athlete
3560,X2GFVH7XGTARLYON,M,1963-03-20,62,Athlete
3561,Z5JXAQ50G0WJQU2K,M,1993-01-13,32,Athlete
3562,ZC0YYOH9EA4NK0VU,F,1986-02-24,39,Athlete
3563,46MKX1U5SWW23RQI,F,1996-03-08,29,Coach
3564,52MRDVAU59ZGTSVZ,M,1986-01-29,39,Athlete
3565,5QVV53C4NGFN5I59,M,1985-05-18,40,Athlete
3566,A2H38XI4FBHLNE8Y,F,1976-03-08,49,Coach
3567,AD75RILDLDNZSKAA,F,1968-11-28,56,Athlete
3568,CHFSMEXTWXK9H376,M,1967-09-27,58,Athlete
3569,EYZ79E9HEQ2B12UE,M,1989-04-29,36,Athlete
3570,F1FQ13DURB07X4CK,M,1983-12-12,41,Athlete
3571,GQADLOLDP13BVLTQ,M,1991-02-17,34,Athlete
3572,HIU837TP2GEODM37,M,1970-03-13,55,Athlete
3573,I66J8PCAZFHG8LMZ,M,1959-07-27,66,Athlete
3574,KC55WHEZXP4NUHCV,F,1980-04-03,45,Coach
3575,KIZSJIYDHMFRV852,F,1968-03-20,57,Coach
3576,LAFMCKY06D0KMI50,M,1973-09-11,52,Athlete
3577,LXZWUP3YEV9Y515P,F,1972-07-03,53,Coach
3578,QF8XWSV1A1F1ZTXP,M,1986-12-15,38,Athlete
3579,SUFYWMNAMSX242LA,M,1970-09-18,55,Athlete
3580,UQVS00J9OC9WG70I,M,1981-11-24,43,Athlete
3581,Y253RF0ZT1GEXEY8,M,1963-05-31,62,Coach
3582,YT4BPI0T7VLTGRJL,M,1981-02-28,44,Coach
3583,0J6HG1RBUJLDLTS1,F,1966-11-15,58,Athlete
3584,0ZYLNM74TTB0LBO1,M,2000-05-02,25,Athlete
3585,129L0LGQK6RR9CKY,M,1992-01-03,33,Athlete
3586,1BNJSSM4MYAAQIFU,F,1993-04-08,32,Coach
3587,1SIU5LLM0JHH5RFE,M,1962-04-12,63,Coach
3588,1VWU6IZBX2GOKTEB,F,1995-10-14,30,Coach
3589,1XXPRNRQWBGPJIVX,M,1994-10-21,31,Athlete
3590,24SFHKDJKB3HQNLM,F,1969-02-03,56,Coach
3591,26L5P1KEKYYNTY8K,F,1978-11-08,47,Athlete
3592,3BOQ2H5IN462J6CD,M,1976-05-21,49,Athlete
3593,3EEJG4KKMTBPRZ3C,M,1983-11-30,41,Athlete
3594,4T66UG7MZTQX9V88,M,1972-01-07,53,Coach
3595,4Z61WM22ZU2YS9M4,F,1977-02-22,48,Coach
3596,63Z0MNUB91RSKMI7,M,1977-05-10,48,Athlete
3597,6LW0OCNUP1O8VD36,M,2001-09-08,24,Athlete
3598,6OIWP1JSLH49F02Y,F,1991-07-26,34,Athlete
3599,6OYR4AHKSOVDP9Y1,M,1983-06-23,42,Athlete
3600,7UJE714ARISBB27L,M,1979-09-10,46,Coach
3601,7UKXO4AAAEA5X4RO,M,1996-07-01,29,Athlete
3602,8AWBEII6SAWE1CBV,F,1983-12-02,41,Athlete
3603,8ES9TAIU1GK8OR0M,F,1984-10-07,41,Coach
3604,97UJ6VB5OP1VYI92,F,1983-12-12,41,Coach
3605,9SHNZ8KZLE7R8HUJ,F,1973-04-27,52,Coach
3606,ACN86CU7NVKGU0PH,M,1982-09-17,43,Athlete
3607,AVOW8NWL3987ESCZ,F,1981-06-09,44,Coach
3608,B6QNZJK7R04BF8SP,F,1972-12-04,52,Coach
3609,DP0N6VQY700OI7FL,F,1967-12-16,57,Athlete
3610,EJ762PE8R20X88R5,F,1970-10-01,55,Athlete
3611,FTLX9F2KJQDVOG22,F,1971-12-04,53,Coach
3612,GPEN8A47PNNASVUJ,M,1978-05-05,47,Athlete
3613,J1CB6XFZM1OI5YZZ,F,1985-03-02,40,Athlete
3614,JHQL22O4MPCWXV1M,F,1996-10-10,29,Athlete
3615,KEKUT1BSH62ENMZ7,F,1988-11-13,36,Athlete
3616,KZEDP7E9HDZF8CCD,F,1977-12-17,47,Coach
3617,LPO1OZMHOYRL97D3,M,2000-11-27,24,Athlete
3618,MK4STYYAMQT1D2DN,F,1967-06-02,58,Coach
3619,RHWABL4RAFOEYJ5J,M,1974-06-25,51,Coach
3620,RP3B1H65AQ9B483X,M,1989-09-11,36,Athlete
3621,T7ELSZHHRFEVBL6O,F,1973-05-25,52,Athlete
3622,U4JUMBGTNK8GSDIZ,M,1995-03-12,30,Athlete
3623,UWYAVXZXHKOT0TJB,M,1987-07-06,38,Athlete
3624,UY6L3V5C1HR0RX1M,F,1983-11-22,41,Athlete
3625,V5MNNLM1VRWS0V5Y,M,1993-07-15,32,Athlete
3626,VGWAW471W7Z7XCP9,M,1996-04-24,29,Coach
3627,VHHHITS26IKLIGXY,M,1982-05-14,43,Athlete
3628,XL4UBVJP6K8IJFGB,F,1961-06-09,64,Coach
3629,XY0L0ENMXWBYUE3I,F,1977-04-20,48,Coach
3630,YVZH0LC0ANNTVBWI,F,1977-05-08,48,Coach
3631,Z2RLHWT8A76YHM2S,M,1979-08-23,46,Coach
3632,ZCHQBBSEBVB5WYLL,F,1987-08-28,38,Coach
3633,A72DEBLVIQQY0QRQ,M,1993-05-07,32,Athlete
3634,H7VKRLFBY2JGI7F7,M,1997-07-29,28,Athlete
3635,ILMVLGYZ76PT4GU7,M,1993-03-19,32,Athlete
3636,NA7ZCHKZKF0S9I2S,M,1988-06-22,37,Athlete
3637,RXR9GGZIZ5RHWW00,M,1995-02-13,30,Coach
3638,4Q5ZQ6IG4NGYAVF4,M,1986-08-07,39,Coach
3639,7STEVWWCX26AA15Y,M,1984-07-23,41,Athlete
3640,8A21ADTA2350AHMT,M,1988-10-30,37,Athlete
3641,EA8ABZCN9YLA8G6B,M,1986-06-30,39,Athlete
3642,NQ5GJHGW2EGCYDCR,F,1989-03-09,36,Athlete
3643,QGAVQ1E37L26Z75B,M,1970-04-21,55,Athlete
3644,RYCF3CBBNAC7ZSX7,M,1985-06-09,40,Unified Partner
3645,TIOCE7TV6TNH7IIY,M,1992-04-14,33,Athlete
3646,WX3ALXNJDNJVUSWC,F,1982-04-05,43,Athlete
3647,YIFSJMW58ZHKL5VG,F,1999-10-29,26,Athlete
3648,6L1SN725YWHHGD1E,M,1959-11-04,66,Athlete
3649,B14NTK7UJIH7YK2Q,F,1977-12-12,47,Athlete
3650,EK08KG6UEKSUS1FR,F,1967-03-16,58,Athlete
3651,FV7IXVCINMSW939N,M,2001-09-01,24,Coach
3652,II3T7W3SDHOAII5F,F,,0,Coach
3653,IU7OSL84HMOMO1H1,M,1987-07-03,38,Athlete
3654,LN3MBB6J5IAYXWQX,M,1964-04-16,61,Athlete
3655,LSGTS42XHVJNRZZZ,F,1990-02-06,35,Athlete
3656,MBH6HCRDLFLGX2ZY,M,1974-11-06,51,Athlete
3657,MPP34T062C58K5CW,M,1966-12-09,58,Athlete
3658,ONFGCTUAUE5Q2LDJ,F,,0,Coach
3659,QA46Y9CPJJX419NQ,M,1970-12-29,54,Athlete
3660,T0TQRRSEXO27RJWB,F,,0,Coach
3661,W38G0E7O2RQVG31N,M,1990-06-20,35,Athlete
3662,XUZQJEIVC8ABBCAX,M,1964-09-06,61,Athlete
3663,Z0HRTPLIXPZAHFGC,M,1990-05-29,35,Athlete
3664,ZPZZLEAYQ6OUI5QV,M,1986-09-16,39,Coach
3665,ZQOMSPI6MV5JLPV2,F,1993-12-09,31,Athlete
3666,080PXJ9IMXFGWVUX,M,1967-01-06,58,Athlete
3667,1EMXY7Z6HEFB2E73,M,1980-07-10,45,Coach
3668,2M8PZC6N8UZUCNAO,F,1967-08-20,58,Coach
3669,43LE4P9YG3HJ7UZZ,F,1972-06-14,53,Athlete
3670,4PMX0RFKF1HDJF3Y,F,1979-03-19,46,Athlete
3671,55T9RTBT8Z21U06W,M,1992-12-16,32,Athlete
3672,6P8K9MDYX08JWQWX,M,1992-01-22,33,Athlete
3673,9CZRHR44Q4ZQUCMN,F,1999-09-25,26,Athlete
3674,BJ00RHZSMZRA6QLY,M,1975-09-10,50,Athlete
3675,BY40WOIPO2XEKY8P,F,1985-11-30,39,Athlete
3676,D1CAPBBQPE455CUZ,M,1961-04-05,64,Athlete
3677,DE53AMOZB3OWG81A,M,1983-04-15,42,Athlete
3678,G60GVWC33X20L4OV,M,1972-11-29,52,Athlete
3679,J7BFBAEHEEG43FMS,M,1972-11-25,52,Athlete
3680,KPC1QBX19ZBCRTAQ,F,1969-10-26,56,Coach
3681,L3WA9VR0EIOHTDC6,F,1986-07-04,39,Coach
3682,POODAGAF8YPAF7FC,F,1978-09-04,47,Coach
3683,TS2JE3BNQU1T9GEJ,M,1979-09-09,46,Coach
3684,W1T29PTCO5UGWGOP,F,1971-11-17,53,Coach
3685,X48O69AZJ93ITU2L,M,1988-09-29,37,Athlete
3686,XAZ5GUB6MT8540KK,F,1987-12-20,37,Athlete
3687,XXIIUDQNJA12WJ6I,F,1964-08-15,61,Athlete
3688,ZBN83H3V7DC9INPI,F,1972-06-14,53,Coach
3689,ZN9SNZUD4LB0WB4S,M,1990-12-11,34,Athlete
3690,6QJI0Q0PPOKAD7K0,F,1962-09-11,63,Athlete
3691,75DN07QIM8XJ57E5,M,1981-08-08,44,Coach
3692,7AX70VKT73N0TPD2,M,1997-04-30,28,Athlete
3693,9L9QDBMPLXAL6W4F,M,1996-09-02,29,Athlete
3694,BMVZEG8D0C13U3AD,M,1997-09-16,28,Athlete
3695,CHMU04GXB6ZP5VZJ,M,1996-09-18,29,Athlete
3696,DAIV48QOXI4DDVHB,F,1972-05-26,53,Coach
3697,F0ISD9FUY4GSIH63,M,2002-05-22,23,Athlete
3698,KT20EA53IA6QF72N,M,2001-12-06,23,Athlete
3699,LZL0EEY97ODM4TG3,F,1999-05-30,26,Athlete
3700,N39ZF0SFGV9TOKRO,M,1989-10-25,36,Athlete
3701,P4ONRPOJ1VJ191JZ,M,1986-01-05,39,Coach
3702,Q6P81F9U7FSU1CKP,F,1968-04-30,57,Athlete
3703,R7GXE7SYXZAUCNWH,F,2001-03-20,24,Athlete
3704,RFOPLI1VG54ZQTSV,M,1998-05-27,27,Athlete
3705,WY5HWJIOWMA3G4JG,F,1979-07-02,46,Coach
3706,XQE150S1WAKDY2TI,F,1967-08-19,58,Athlete
3707,0UVGT0ACB3P4QDAI,M,2001-02-07,24,Athlete
3708,1M1MEXD2R3YS9IJQ,M,1983-11-18,41,Coach
3709,2NDJ1BP0TA7SBO2F,F,2005-06-09,20,Athlete
3710,3FBLP1YE83BROFGQ,M,2004-11-20,20,Athlete
3711,4M7PAJPJ4TNEVCNV,M,1996-12-25,28,Athlete
3712,5UD7BYT4IXN6A9A2,M,1997-06-18,28,Athlete
3713,6HM036R81MJBPLV5,M,1991-10-04,34,Athlete
3714,6O4KE1VECYMLQWWS,M,1995-08-21,30,Athlete
3715,7EYJGTV3VAJHRBM4,M,1997-05-06,28,Coach
3716,8HMHIM4XA03ROMDN,M,,0,Coach
3717,9KF25FROWA8NK3SH,M,1998-10-27,27,Athlete
3718,B18CDIE6R01XQ2SW,F,1980-10-06,45,Athlete
3719,BM4HJVYJZGXP6VZU,M,1990-09-18,35,Athlete
3720,CWTWGM2O7QPEYXKM,M,2006-09-01,19,Athlete
3721,D7GPH2FE927KOEYY,M,1992-08-13,33,Athlete
3722,DKJNVCH89RH1G6JV,M,1981-12-10,43,Athlete
3723,FJ4J0R6LKU6DWVKP,M,1999-07-25,26,Athlete
3724,FZK84H572MJV4XRF,M,2006-06-20,19,Athlete
3725,G6FQMXKWU7NU35K3,F,,0,Coach
3726,GIS0BXFLDORDI8PJ,M,2006-06-28,19,Athlete
3727,GISNY64IZ2PPIG4G,M,1995-07-05,30,Athlete
3728,HTX78EEMON10EKOO,M,2001-04-26,24,Athlete
3729,IUDH8143P42ZEFUX,M,1995-03-06,30,Coach
3730,LQP7UV8M3IB5LW1B,F,1990-03-13,35,Athlete
3731,LT3TJRBOMKA26YBI,M,2007-08-12,18,Athlete
3732,M20LIWLIZKCO6PFD,M,1999-02-21,26,Athlete
3733,MHPG70SQ82RZ2X9B,M,2006-04-29,19,Athlete
3734,MQ45XVUC95Q406S2,M,1993-12-14,31,Athlete
3735,NFKC169D5SXJEW96,M,1992-09-25,33,Coach
3736,NQ0UC2EGPTMUNH2U,M,2007-12-12,17,Athlete
3737,PI5ZYHBPJFSEB7NT,F,1999-07-27,26,Athlete
3738,PL88PB7RNCYO1SKQ,F,2000-02-17,25,Athlete
3739,R3SFFC3K1B813FUZ,M,1988-04-22,37,Athlete
3740,S6EN4QRL1MRVBTQB,M,2000-04-04,25,Athlete
3741,SO5TGN1EQ3J9CYU0,M,2004-07-29,21,Athlete
3742,TKZGIDJTWSVR88ZF,F,1992-07-07,33,Athlete
3743,VI2X0B9L1YVFUTHT,M,1995-12-10,29,Athlete
3744,WBCTX9A3RDW10BND,M,2005-11-27,19,Athlete
3745,X1A2ZCLDVUUK8BMW,M,1978-11-19,46,Coach
3746,XSJBSRICAJF2SPYR,F,,0,Coach
3747,YA7A5MAXK1OBOPV5,M,1973-02-14,52,Coach
3748,Z98DUVDTUQ54IQJW,M,1997-09-07,28,Athlete
3749,ZR9Q0HVAD81HQ55Q,M,1983-09-23,42,Athlete
3750,ZZ27BFAGON4KHRE8,F,2007-02-08,18,Athlete
3751,1KMFD3GC2AB66YGH,M,1993-02-02,32,Coach
3752,41B57TI2B2SYDDRF,M,1943-12-05,81,Coach
3753,9USZ6B9PZQTT4UC7,M,1960-12-08,64,Athlete
3754,AD1N1ZEO0Q29R6W6,M,1971-04-24,54,Athlete
3755,C6MJVSFZBCIIZGSB,F,1969-04-02,56,Athlete
3756,FT8IOIQU6NIZ6OW9,M,2019-09-19,6,Athlete
3757,JK2GXMXA77VHLOK6,M,1953-03-18,72,Athlete
3758,L1TMY85LKW34Z0C8,F,,0,Coach
3759,LYMU6IUU9ZB7OZXE,M,1974-08-15,51,Athlete
3760,MPJ09W2PBFNSFETV,M,1969-07-09,56,Athlete
3761,TV3LKFJW6OIIVP5S,F,1955-04-21,70,Coach
3762,YKGUXVVN0YIUXZI2,M,,0,Coach
3763,ZVJ8WTL0GWUY3FZF,M,1970-07-01,55,Athlete
3764,042KEKVRVPCE53A0,F,2000-05-13,25,Athlete
3765,09BAUP0I6V44TX40,M,1977-04-23,48,Athlete
3766,0C6SLTTYGUD41IY6,M,2001-12-19,23,Athlete
3767,0E5GMEQXBTZGTY09,M,1983-06-04,42,Athlete
3768,0IWX5XSM9NWWY4E0,M,1986-02-26,39,Athlete
3769,0M1MX3DRYEVT3GVU,M,2013-10-10,12,Athlete
3770,0ZAHOJ108NKJXAES,M,2005-03-03,20,Athlete
3771,0ZDRQMD7QE1BRZYJ,M,1983-10-22,42,Athlete
3772,13VL248CH2ZEZ342,F,1984-09-19,41,Coach
3773,17JMMND1QVV8HO16,M,1998-04-13,27,Athlete
3774,18LC2UAKBE1KNZZY,F,1959-05-06,66,Athlete
3775,1DJHSST3X78EM3B9,M,2004-03-19,21,Athlete
3776,1DM8QI5UAQZEWO99,F,1973-11-23,51,Athlete
3777,1I4D9YLAF7SIQ4ZH,M,1987-10-29,38,Athlete
3778,1ID59M34UGP35P6X,F,1965-12-31,59,Athlete
3779,1P9EO7KKCFVK5JUU,F,1981-12-12,43,Athlete
3780,1VRG84VF4H49Z2AZ,M,,0,Athlete
3781,22S48QS1Q9GNECXP,F,1977-09-01,48,Coach
3782,2D2T7HVV37618YTC,M,1983-11-23,41,Athlete
3783,2XZUT8LOF0ITZKIP,M,1996-05-15,29,Athlete
3784,33PL1PEXH7JC40LI,M,1980-06-24,45,Athlete
3785,354WG2X8WQY9R0WS,M,2006-12-16,18,Athlete
3786,36AA8F12LBKYGFU3,F,1969-11-23,55,Athlete
3787,3FJPOCDJ50YKZD3T,M,1993-04-01,32,Athlete
3788,3OI44PBCLDZLBEC7,F,1985-10-03,40,Athlete
3789,3RZTBFMMODACNGR5,M,2005-09-05,20,Athlete
3790,44KRL03G3JJB2H03,M,1978-02-24,47,Athlete
3791,46LO7UEODUV3BTQM,M,1991-05-21,34,Athlete
3792,48C239EEEBWN9HYA,F,1963-01-24,62,Athlete
3793,48X69MVRQQNB12FV,M,1990-10-17,35,Athlete
3794,4H3C2O3W82LL008E,M,1997-07-17,28,Athlete
3795,4JGB7OA7VEPL62AG,M,1991-06-07,34,Athlete
3796,4MYNK39IAW1FKY1K,F,1982-06-03,43,Athlete
3797,4Q8UP4MHCW650HDM,M,1993-12-14,31,Athlete
3798,4ZM8YCL1FPK2KS22,F,1978-11-13,46,Coach
3799,55MLJWA9V9A3RB4Y,M,2006-03-30,19,Athlete
3800,55SUB20H1FZU1SSU,M,2000-12-22,24,Athlete
3801,59JOSFDGVD68OZML,M,2001-10-15,24,Athlete
3802,5AVNV81MCXUZ334L,M,2002-09-01,23,Athlete
3803,5G4QO9W709JYSNMG,F,1998-07-17,27,Athlete
3804,5IFUGI204Y8KRKPM,M,2004-12-17,20,Athlete
3805,5QY9TDBPRCZCH0CM,M,1997-09-14,28,Athlete
3806,5UBM7U17E8U6ATAQ,M,1992-03-18,33,Athlete
3807,5XXYNREEF2JFI33A,M,2003-10-06,22,Athlete
3808,61NPUPEQUBOXZN2W,M,1993-12-15,31,Coach
3809,6322QC9NVEIU38L7,F,2002-03-18,23,Athlete
3810,69KOWS093DSL580I,M,1970-11-26,54,Athlete
3811,69XE60EHS0WQG6EB,F,1988-08-29,37,Athlete
3812,6BEM6FDIGLZFQI0K,M,1977-10-04,48,Athlete
3813,6BOCP1W6ENBM1ZLM,M,1968-08-15,57,Athlete
3814,6LIJMF99IVNXGSXS,F,1983-10-22,42,Athlete
3815,6OU3EJOC8OPXK7EV,M,2005-09-28,20,Athlete
3816,6XXOF217VWOAZ43L,F,1998-10-28,27,Athlete
3817,74S0I2MD50VDKFFI,F,1989-07-23,36,Athlete
3818,7AKK4VOGKKVI7PY8,F,1969-06-08,56,Athlete
3819,7CSH9S1CUF6G1MYN,M,1982-02-14,43,Coach
3820,7FFLQ6164WRJB4JV,M,1995-09-19,30,Athlete
3821,88BF2S69DCN4VGS1,M,1999-05-24,26,Athlete
3822,8BTH3RO4FPFN0J6X,F,1999-06-19,26,Athlete
3823,8LJGN8AKU0G250FC,M,2006-12-12,18,Athlete
3824,8QW2WX8TEFAQE14M,F,1995-02-11,30,Athlete
3825,8RACCKMKQZV9GMWH,M,1974-03-11,51,Athlete
3826,8U154DUY6FK3U83X,M,2003-12-12,21,Athlete
3827,8ULQ2Z00U7E8H6A4,M,1975-02-26,50,Athlete
3828,9APSYYQ4TW6C6PXD,M,,0,Unified Partner
3829,9THI9YJCSESSJWVB,F,1963-10-27,62,Athlete
3830,9WJRG3BXXKRK6M4A,M,2001-08-09,24,Athlete
3831,9YP8CMMIX2F16HC2,F,2000-01-01,25,Athlete
3832,9YZ372ZHZ41LGVFA,M,1988-09-02,37,Athlete
3833,A86ZLOXWFJB60VKQ,M,1974-03-19,51,Athlete
3834,ALTH8Y26N8H3PSJP,M,1999-01-26,26,Athlete
3835,B84UXSIMFT4PBXJP,M,1973-02-15,52,Athlete
3836,BKMGAFXVED4DB7UA,M,2000-06-21,25,Athlete
3837,BLKCOWEGKVZ0TUBQ,M,1994-06-30,31,Athlete
3838,BPFAJ278G654VGEZ,M,2006-08-02,19,Athlete
3839,CB9TU02VKQE40GVJ,M,1991-07-03,34,Athlete
3840,CU6TZI2QBHSZZO9O,F,1973-05-09,52,Athlete
3841,CYZWKNW6FN0XV6F3,M,1998-07-08,27,Athlete
3842,D86MQ0PAIJXQLNB2,F,1962-03-10,63,Athlete
3843,D88147X4RMO37PN0,M,1991-07-22,34,Athlete
3844,DHNQYN37LKRPTGZZ,F,1995-01-29,30,Athlete
3845,DQJSCX6GBNH6AFIV,M,1991-09-13,34,Athlete
3846,DR59QT8W3Q4WTGX6,M,2000-01-06,25,Athlete
3847,DSWLUM1KRK14F2QX,M,2004-03-23,21,Athlete
3848,E64AEVNBA1PSZGDE,M,2009-03-10,16,Athlete
3849,EC6X6FIMBQ70VKAD,M,1966-05-06,59,Athlete
3850,EXPU5TFLNYXIJGIQ,M,,0,Coach
3851,FBUZFK0TV5N03PPK,M,1989-08-14,36,Athlete
3852,FICS6U4GL11AJOAG,M,1965-01-30,60,Unified Partner
3853,FX7NOF7I90KPDEP9,M,1996-04-03,29,Athlete
3854,G2DTU8GXOKCCG9PF,M,,0,Unified Partner
3855,G50HQU8O7HVVSBS3,F,1983-04-05,42,Athlete
3856,G57BBP5RANX4RAXH,M,1996-02-11,29,Athlete
3857,GVPMAUVQMEK4Y34N,F,1988-05-18,37,Athlete
3858,GXMWDWH5I3SZLWG1,F,1993-03-09,32,Coach
3859,GZ95F8K06Y92KQHX,M,1996-12-09,28,Athlete
3860,HBF6X3O7LG31UP67,F,1993-05-28,32,Coach
3861,HI6YOMA1W893WVA3,F,1985-10-23,40,Unified Partner
3862,HLD2JEZCB3S8XVKQ,F,1992-04-19,33,Athlete
3863,HOZD2J2TKQEP9698,F,1961-09-27,64,Coach
3864,HS3697J75GASFDRI,M,1991-03-27,34,Athlete
3865,IBWJJKJ5KZR0KSRA,F,1999-01-08,26,Coach
3866,IHMS9IJKXJZZOJO7,M,1972-07-24,53,Athlete
3867,IIV7EUWLUXA6NGJU,M,,0,Coach
3868,ILHR2GMYHBPTH4F9,M,1984-06-06,41,Coach
3869,IU9NYAJ7QEYISKX0,F,1981-07-23,44,Coach
3870,IZAUSSE12PZS0AZO,M,1968-03-09,57,Athlete
3871,J0OT3FMVR950M22E,F,2006-11-14,18,Coach
3872,J15K5XMKZOQFBCNP,M,2006-12-19,18,Athlete
3873,J1I6B4B2XPTDWJTU,F,1975-10-04,50,Athlete
3874,J32ENRQ0D0QG6S2G,M,1987-06-03,38,Athlete
3875,J3SVG0CYLVPFJPM9,M,2010-04-08,15,Athlete
3876,J4FJSB7S1HQM6AOH,F,1985-06-20,40,Athlete
3877,JAG2T2D77G7M93KD,M,1982-02-14,43,Unified Partner
3878,JAXFKGWQ0CRTYRHS,M,2000-01-22,25,Athlete
3879,JE0DGW1QRYF9GR68,M,2005-06-07,20,Athlete
3880,JFD1DCBB0FWBCFNF,M,1991-05-26,34,Athlete
3881,JR6A4M3E45VR2RR1,M,1994-10-02,31,Coach
3882,JW9O9XI9BWLLINKO,F,2006-09-30,19,Coach
3883,JWJZSNLX30NW3270,F,1998-09-07,27,Coach
3884,K4MFXLR3DP6VRZJ7,M,1980-03-30,45,Athlete
3885,K7VOIQCQTIXVG2JR,F,1985-07-17,40,Coach
3886,K9A8X3HKMF6AE9JX,M,1998-10-21,27,Coach
3887,KE43EECH6W1SAB8I,F,1988-12-16,36,Athlete
3888,KLO4OSNN9QN36DU9,M,1999-11-12,25,Athlete
3889,KMBGUG5JPCOAOFVB,M,2010-06-06,15,Athlete
3890,KVMVDKG07167ABKC,F,1982-08-12,43,Athlete
3891,KW2QO7AYBDVL6W62,M,1981-10-06,44,Athlete
3892,L0AU6OTDH0W1NRNG,M,2003-04-08,22,Athlete
3893,L4QJRVS5NMJNJ6ND,F,2000-07-06,25,Coach
3894,L59A19NZSY4LWFEE,M,2006-09-09,19,Athlete
3895,L96LGJRPKZUYK2N6,M,1987-06-17,38,Athlete
3896,LGYBYSWXOSI9MWMD,F,1995-08-23,30,Athlete
3897,LVHG5JGSP84DWR6J,M,1966-03-12,59,Coach
3898,LYK6AY1YCPK9EMCH,F,1958-11-16,66,Athlete
3899,M0JE8NCGFW28LK0L,M,,0,Unified Partner
3900,M2DZDHF25ARMQMKR,M,1990-02-23,35,Athlete
3901,M4ULXJA4ZR3AWYIM,F,1991-06-13,34,Athlete
3902,N0NJ1CLZUODMRGC9,F,,0,Athlete
3903,N523I9UXOMAJ14RZ,F,1984-04-10,41,Athlete
3904,NCWPQZE7VXZ5FX6G,M,1986-05-26,39,Athlete
3905,NH3S191QQM3MC8OF,F,1981-08-03,44,Athlete
3906,NN1BHNCUM0P90AWO,M,1996-01-04,29,Athlete
3907,NP1FNHJ5I5VN3RH3,M,1997-05-16,28,Athlete
3908,O7B87LPVIV1S36FE,F,1982-10-26,43,Athlete
3909,OD48O60T5YI19OUU,M,1959-03-13,66,Athlete
3910,OELMED639H3R4YEA,M,1990-06-26,35,Athlete
3911,OHSW0FW1A2PDE5RP,M,1970-01-14,55,Athlete
3912,OLYVQE3WYEG9D15T,M,1980-07-10,45,Athlete
3913,OMWNNVU95AABLR63,F,1983-01-29,42,Athlete
3914,OOVVQ6JJLN9PTENE,M,1979-02-11,46,Unified Partner
3915,OQ8K805OBCN5V9LW,M,1987-09-19,38,Athlete
3916,PWFS7LKTZYJQ8H51,M,1997-12-01,27,Athlete
3917,Q6TA80VAZ2BJZMQO,F,1979-02-02,46,Coach
3918,QAZP5BP5T90TTUAZ,M,1964-08-22,61,Athlete
3919,QL9VAXMNOOYYV3BV,M,2006-11-14,18,Athlete
3920,QN2QSGM26XFW8KU2,M,1963-03-30,62,Athlete
3921,R9V92EGRE4X9X7LK,M,1984-09-24,41,Athlete
3922,RBIY6FXQTCJZSCC5,F,1981-04-24,44,Coach
3923,RIP9E2EDYMY1YWNL,M,1998-01-12,27,Athlete
3924,RL29RUDMN18YB2A1,M,2003-05-21,22,Athlete
3925,RLKJNKFZZCFH3Y78,M,1992-11-01,33,Athlete
3926,ROSC0HKXNJDHMZB5,M,2011-07-07,14,Athlete
3927,RUC3E3AEFS1D7YFX,F,1982-12-07,42,Athlete
3928,SI3L01C0EUR3TCBF,M,2010-10-05,15,Athlete
3929,SJ9GUUBYVFM29DR5,M,1999-12-02,25,Athlete
3930,SMZWCSSPQPE5576T,M,2002-09-03,23,Athlete
3931,T1ALQ0FCTWQLDSKQ,M,1972-03-04,53,Athlete
3932,T5ZGQING8SLVQQ1G,M,2010-12-14,14,Athlete
3933,TBZPTM51ZT66DGLT,F,1980-10-18,45,Athlete
3934,TMZXYNEVO74BRW1G,F,2003-09-09,22,Athlete
3935,TP8ZK9TPVNANOLVX,F,1987-03-26,38,Coach
3936,TUO7B250N4XDZ4TO,F,1956-07-26,69,Athlete
3937,TXVVNTT78F7YD2VC,M,1996-04-26,29,Athlete
3938,UCJRGEXRWJD8QJLR,F,1974-03-25,51,Athlete
3939,UELMDUK0KIY9T9AA,F,1960-07-11,65,Athlete
3940,UGNA3U2OU2I5HH3N,F,1982-08-03,43,Coach
3941,UUI6HJ700C8H3995,M,2002-11-21,22,Athlete
3942,UV7AOYOTJ4LV6GJ9,M,1974-09-15,51,Athlete
3943,UXFVVMXVH7XWODNH,F,1963-06-30,62,Athlete
3944,V3IYRMT9S46S87S3,F,1993-05-19,32,Athlete
3945,V85WMJN0K3SPNENW,M,1992-10-14,33,Athlete
3946,V9N0D3UHOBUNEDH9,M,2006-01-23,19,Athlete
3947,VLEVDCZ4DQTGCFCF,F,1978-08-22,47,Athlete
3948,VQ8WAT7UONQUIINN,F,1999-08-23,26,Athlete
3949,W1D6KHRHVUPUE3AR,M,1971-08-09,54,Athlete
3950,WFZDIGF6XCC9CFQI,M,1988-04-16,37,Athlete
3951,WH0RMTUOTSOIGQLR,M,2010-06-09,15,Athlete
3952,WITMCD3C962S6K98,M,2009-05-31,16,Athlete
3953,X1BP6MTSEWR19G42,M,2001-09-02,24,Athlete
3954,XGX194YVS2OZJV7S,M,2012-03-14,13,Athlete
3955,XI04FIK0MAH1MXT7,F,1996-05-17,29,Athlete
3956,XIF1UO1I1VA96PO3,F,1991-01-13,34,Coach
3957,XQS5RAK7KYJO836H,M,2001-05-11,24,Athlete
3958,XUABMHW7T4G0A5DQ,M,1984-12-15,40,Athlete
3959,XYECD0NUUB71YB5K,M,2002-06-26,23,Athlete
3960,YDB5XCLXSVC48POI,M,1995-11-28,29,Athlete
3961,YEVD8C6X4J71QFFJ,M,1981-04-03,44,Athlete
3962,Z93IMGK3WNM5XHBR,F,1980-05-30,45,Athlete
3963,ZJD6MOC645M02ZGR,M,1973-01-13,52,Coach
3964,ZPSN4TF2AR7SHLUD,F,2003-01-21,22,Coach
3965,ZVD393KGKWSNNRPY,M,1997-03-17,28,Coach
3966,4GRFPLAMW1DNWZ40,M,1996-06-12,29,Athlete
3967,81KV5LWUDYYMLPRD,F,1997-06-18,28,Athlete
3968,825167RD68GQNRZ2,F,1983-02-14,42,Athlete
3969,83W7DFB46E95JFXG,F,1972-06-19,53,Athlete
3970,A5YXYINNOG55756U,F,1995-04-13,30,Athlete
3971,AFHKVX2OYRA4GR13,M,2000-08-01,25,Athlete
3972,E7Z8K3P5V20TPRWO,F,1981-07-31,44,Coach
3973,EXCOSHZFIS269UE4,F,1964-07-08,61,Coach
3974,G2NVMDOMQ23ODK41,F,1977-01-05,48,Coach
3975,K908HXMK0I1KUTIV,M,1999-01-29,26,Athlete
3976,MIZAOLKZLHOZACIY,M,1985-03-21,40,Athlete
3977,O4WCVXASFJQQQE59,F,2003-01-29,22,Athlete
3978,P2J3A2ORI3221UPU,M,1965-06-21,60,Athlete
3979,QO6RYAPGKWDKJWYM,M,1989-08-06,36,Athlete
3980,S60QB6MR39OBEXML,M,1987-08-16,38,Coach
3981,TL09ZDYDDUJGBWIY,M,1986-07-02,39,Coach
3982,U47LWVLG3TETHP0A,M,1988-04-14,37,Athlete
3983,ANR642WB149ZLK0A,F,1991-08-25,34,Athlete
3984,XT2RS1K1GCEDZIJJ,M,1960-02-10,65,Coach
3985,3IVTMDYOX3FTONE0,M,,0,Coach
3986,6J8WYPA5WFGEB3J4,F,1979-12-28,45,Coach
3987,GGRS4B2TWZF2IYYB,M,1987-10-02,38,Athlete
3988,1F47DKEZIW1OIAER,M,2007-11-27,17,Athlete
3989,9XZ8Z1VWI1MDVDMW,F,1996-10-01,29,Athlete
3990,A9AYY8RUKSCD0W8I,M,1958-06-26,67,Coach
3991,D0HIJKMYPQ7EX0KQ,F,2001-09-15,24,Athlete
3992,H2JV03QVD61RKN4Y,M,1988-10-02,37,Athlete
3993,L36UFX6O9N88ZG9K,F,1998-04-07,27,Athlete
3994,OGQ925YIQK7UCUYE,F,1965-09-10,60,Coach
3995,QTPFMZKFO0JP84IH,M,1992-06-26,33,Athlete
3996,S3KJJUDL9CWQDFUT,F,1971-10-10,54,Coach
3997,SR2HN34BVH2BDU84,F,1979-09-19,46,Coach
3998,SRXV5517FDHSV0RX,M,1959-02-18,66,Coach
3999,UKQ53JN44IV2NNQG,M,1991-03-17,34,Athlete
4000,VD7L6UJ4CQDKMLP6,M,2005-07-27,20,Athlete
4001,VM749XSAFG5WDB2Q,M,1996-10-01,29,Athlete
4002,40FB80687ZFZQFKG,M,2002-02-01,23,Athlete
4003,4OXPOUMEZBNIOGC2,M,2010-07-13,15,Athlete
4004,5PD3R6HNA4NKUGQ5,M,2004-03-23,21,Athlete
4005,6CXGJAC1RI35V5LV,M,2000-12-11,24,Coach
4006,BH2SYX1E0Q1U8E2K,M,2011-05-31,14,Athlete
4007,BT2N6LP5H0QVPZSZ,M,2012-06-30,13,Athlete
4008,E134V02YGGXNC23C,M,2005-11-15,19,Athlete
4009,GMSRODKLXI9W53NQ,F,2003-03-12,22,Athlete
4010,HOH6M30OUD7W06CZ,M,2005-01-06,20,Athlete
4011,J7J6ZA1U18VZQWEQ,M,2009-06-23,16,Athlete
4012,MDWY5S6XDD2E80G3,M,2007-02-11,18,Athlete
4013,O9UPJT3ARDG1GJAC,M,2011-04-24,14,Athlete
4014,OWF59GQ6ZTMMIKJS,M,2008-06-19,17,Athlete
4015,TN3BERUF4LI17BL1,M,1995-08-02,30,Athlete
4016,VI35OZYJNP3K4RYP,M,2004-03-22,21,Athlete
4017,WZIQTX8GAX0D8QIZ,M,1987-07-26,38,Athlete
4018,Z5QF9IUSUMNCOJYJ,M,2008-07-01,17,Athlete
4019,ZCZPBNYR0YQUZYJE,M,2002-05-07,23,Coach
4020,2CN4TO9YT7YB383O,M,2001-02-05,24,Athlete
4021,3963RT61BTLU8A3B,M,1983-08-22,42,Athlete
4022,39GHCJ48NPKAII32,M,1981-07-23,44,Athlete
4023,5JAEVKN88SHK6IA6,F,1983-10-07,42,Athlete
4024,7IUFQXYLYCKH73DZ,M,1961-12-30,63,Athlete
4025,97SUASEGGOYBR5UC,M,2002-02-06,23,Athlete
4026,ASZ25Y07SR7915YM,M,,0,Athlete
4027,B0Q4GLO434JSXD63,F,1991-05-31,34,Athlete
4028,B9SPPN18ZYAOKWZI,F,,0,Athlete
4029,FA2CKKIM6586MGS4,M,1994-02-14,31,Athlete
4030,FOIYR49B4NA13SN0,F,1971-12-01,53,Coach
4031,IBTO1CL4IAI0HLA1,F,1967-07-20,58,Athlete
4032,JHK63EGVN9BC72JA,M,1967-11-24,57,Coach
4033,OPGU7FPVNPA8V3A8,M,1968-09-07,57,Athlete
4034,PNENTAMJHVD7FDD6,M,1983-06-14,42,Athlete
4035,PXG3ENNDJMHYFKGV,F,1984-05-18,41,Athlete
4036,Q2P6L5QH6XFU2YK3,F,1991-10-07,34,Athlete
4037,QXH0E6HG4K248C90,M,,0,Athlete
4038,VFYN6NERV3LMTC90,M,1990-07-12,35,Athlete
4039,XCILBI472JOI1NBW,M,,0,Coach
4040,YCSC122TDP4U6YVZ,M,1986-01-31,39,Athlete
4041,0ET6GC9IP2QXJSJ8,F,1968-01-11,57,Athlete
4042,0EUTRQ7C7TOLNZL4,M,1980-04-15,45,Athlete
4043,6006QM3GSJ3IGHJ2,F,1958-08-09,67,Athlete
4044,61S4VZKK6EBXWS5T,F,1964-07-25,61,Athlete
4045,61V90TYRNZ0OMZ8Q,F,1975-09-25,50,Coach
4046,75IWPE1YVTOEX7X3,F,1965-06-07,60,Athlete
4047,76XWDMMKXB3PTVAK,F,1965-05-10,60,Athlete
4048,8FTSO6FB1WZXS70R,F,1962-02-09,63,Athlete
4049,9P6NDK00G4SE1NAU,F,1955-09-20,70,Athlete
4050,DWM90C8Q11DAHO3N,M,1980-05-26,45,Athlete
4051,GC2AMH2H1WU0HBL0,F,1993-06-01,32,Athlete
4052,JXS3GBRJBIHS4KLD,F,1978-02-21,47,Athlete
4053,LH4AFUVNSZQSR467,M,1958-02-17,67,Athlete
4054,M6FIBDS7CVM8TENV,F,1952-10-01,73,Athlete
4055,MFHO0O43ZN2OJIEY,F,1971-11-13,53,Athlete
4056,ROE6T60QXQ3HQQDI,M,1992-02-07,33,Athlete
4057,RV7WZLG3B4GQ9TSZ,F,1965-09-14,60,Coach
4058,VSU1CYVM2OP6NMLD,M,1986-04-10,39,Athlete
4059,ZBQMRWW15BY5P6UO,F,1992-08-31,33,Athlete
4060,10HGFYIMRRRAXU0J,M,2003-02-07,22,Athlete
4061,6UVLC677KBBZ5VYK,F,2000-06-26,25,Athlete
4062,7CM4IBUG3C0BQAAT,M,2000-06-22,25,Athlete
4063,APIDS7LSU85NUC2J,M,2003-04-03,22,Athlete
4064,FGCJBBVDQQYZ6L4Z,M,2002-12-08,22,Athlete
4065,I66HVZBRBDZTCGLH,M,2004-05-24,21,Athlete
4066,IGJ5VDHLTM8N3ZYA,M,2001-04-08,24,Athlete
4067,K3BLXM73L3I1XRLB,M,2002-09-19,23,Athlete
4068,PJNVE8MZN7QE7DGY,M,2002-06-17,23,Athlete
4069,QI313KT7VUT7X05M,M,2001-07-20,24,Athlete
4070,20PETD0SX5SS64RP,M,1988-03-22,37,Athlete
4071,64HWIURX3OA7UWNB,M,1976-01-22,49,Coach
4072,84MNNKOAKJ8Y9YXY,M,1972-05-01,53,Athlete
4073,ELL63EC79G3FJ7Q5,M,1986-10-05,39,Athlete
4074,GGY1MWMK9886WTA4,F,1984-12-27,40,Athlete
4075,IWX0JVSX0T355AMA,F,1988-08-10,37,Coach
4076,N20G2JOXO7IV1AMT,M,1997-04-07,28,Athlete
4077,QIQSP4QLB40VFQ40,M,1987-06-01,38,Athlete
4078,QPV635BHKELMWG8F,M,2001-06-28,24,Athlete
4079,UX62VY4ZGQQZZZX8,M,1986-05-24,39,Athlete
4080,VV82HKBSDEQE6KH6,F,1990-07-08,35,Coach
4081,YI7YE5S1NKWYMLJM,F,1978-12-24,46,Athlete
4082,2DZB38907U8L3RQ0,F,1961-11-28,63,Coach
4083,49S6Q8RELQ67RH4E,M,1962-09-26,63,Coach
4084,7MEVJOOC7HWPOXQO,F,1964-02-01,61,Coach
4085,8KA3TUASKD64MTAA,M,2009-06-07,16,Athlete
4086,DMXTA9XNPPQWVXFO,F,1997-04-10,28,Athlete
4087,E5SCYMJHGEVZ8K73,M,2003-08-30,22,Athlete
4088,I4S4NRRBGQ2L3HOS,F,1998-08-07,27,Athlete
4089,IEC08E39327MQW64,M,1982-04-29,43,Athlete
4090,LGEOPXH29GSP3UWS,M,1983-07-11,42,Athlete
4091,NTEKL8RA3EKB1SR9,M,1985-04-09,40,Athlete
4092,OJVYYRG9DU40YP2Q,F,1988-12-01,36,Athlete
4093,PJ00AWWR8HISNJL9,M,2002-09-16,23,Athlete
4094,QG4YRVPGXRI3ZQVJ,M,1978-07-10,47,Athlete
4095,W9BJ2EXXKX22RPE6,M,1962-01-05,63,Coach
4096,XFCSVHTOU4WSXT2B,M,1994-03-15,31,Athlete
4097,ZSRTNYGA4HAX3020,F,1989-07-01,36,Athlete
4098,1NZIEWD75RPWK560,F,2003-04-09,22,Coach
4099,3FO7XWAV7LO4WD5T,M,1993-03-14,32,Athlete
4100,65GFY28WPSVCMHOX,M,2003-06-14,22,Athlete
4101,9DXTHGTS4YFG88G1,F,1997-07-25,28,Coach
4102,C4O3UN81ISD8KKKP,M,2000-10-01,25,Athlete
4103,F9TWSWMOPE4JT7N7,M,1989-08-08,36,Athlete
4104,IJ326MDDX7HR9SRK,M,1981-05-01,44,Athlete
4105,PW6ULFDD0VRU9D1K,M,,0,Athlete
4106,RTI7163QPSENRR93,M,1983-07-25,42,Athlete
4107,X61TD3DDZVQN1A5O,M,1979-11-25,45,Athlete
4108,07YP6PWCO9Z7F988,M,,0,Coach
4109,0JVKX1COLLWDF0UX,F,1971-09-26,54,Athlete
4110,5VWT10G3N417ALCW,M,1958-02-21,67,Athlete
4111,7XYFHP7M9MNZMY2O,M,1970-02-12,55,Athlete
4112,B1919KIU4LP2VW8T,M,2001-02-09,24,Coach
4113,RFDM7XJLDLM8LVZ7,F,1966-09-24,59,Athlete
4114,RUM21ORQ18QS0HCB,M,1964-12-01,60,Athlete
4115,S2KSZXAZ6GHMRYZZ,F,1972-01-01,53,Athlete
4116,VKCBLX7O5LV80ON5,M,1962-09-02,63,Athlete
4117,1SF9BWQ5ZAIJ05WP,F,1994-03-22,31,Athlete
4118,442I31LZ6R6CCMKA,M,1979-10-03,46,Athlete
4119,4RT3841Z35CUQBUS,M,1978-04-04,47,Coach
4120,6LK94UM69WL07VY3,M,2001-09-07,24,Athlete
4121,8C12WRCGOEO57BKY,M,1988-11-19,36,Athlete
4122,94FE616L366DCDLX,F,1992-02-28,33,Coach
4123,AQQVJQ2CAQZEW7UF,M,1980-07-04,45,Athlete
4124,CFRSLF1FIOEDHGXV,M,1971-07-29,54,Athlete
4125,CGO86DSXPUSD76OB,M,1979-01-29,46,Athlete
4126,CIXAQD4XK3XHJKW1,M,1986-07-09,39,Athlete
4127,CSX6XPTG5KOW1DFI,F,2019-09-26,6,Coach
4128,D4VBR0N9VN07E42P,M,1981-01-24,44,Athlete
4129,ICOXA3UZDOXVZCAU,M,1971-03-30,54,Athlete
4130,LMN2IT8MVEF70RWM,F,2002-04-18,23,Coach
4131,M7FE4Z79NVI4K5P7,M,1992-08-30,33,Athlete
4132,MQQPYVPZQ90FF2CE,M,1976-10-09,49,Athlete
4133,Q1EK4COOMHBGEI68,M,1982-06-21,43,Athlete
4134,S70JXC56CJIMRUV2,M,1990-08-07,35,Coach
4135,SPIAM3NPDLUCTU3Z,F,1987-06-19,38,Athlete
4136,SYOWC7N1EY2S1J4T,M,1992-10-28,33,Athlete
4137,T8PRBZRJGEL911GD,M,1984-08-05,41,Athlete
4138,UMWHY0IN0CWHVL97,M,2002-01-22,23,Coach
4139,VFW3SEZ40BVDSZWW,M,1987-10-28,38,Athlete
4140,WQV28KEAAGDHMKOT,F,1973-11-09,52,Athlete
4141,YP7PJ4MEQ4MR6J2Q,M,1987-07-18,38,Athlete
4142,Z3GL7EKUNQVWXYFT,M,1980-08-20,45,Athlete
4143,5PNG4LFH8UR7RWNE,M,1956-02-22,69,Athlete
4144,6XOV3UAJJTGXIX01,F,1966-11-26,58,Athlete
4145,8X2PN968PK4GR4ED,M,1951-05-07,74,Athlete
4146,VL869QV93158AWH2,M,1997-07-10,28,Coach
4147,VNERTBZLH7PRB1AK,M,1983-12-11,41,Coach
4148,X6CEP79TKSA6VGC8,F,1970-08-24,55,Athlete
4149,1HEK329JBFQCY0HV,F,1971-10-02,54,Athlete
4150,1K70UIUUHBKM45B3,M,1962-06-09,63,Athlete
4151,1MI4YEI700FLCDZM,M,1996-09-30,29,Athlete
4152,47H604E775XTSVIM,F,,0,Coach
4153,9XIA8RUASE3DWLC3,M,1985-02-06,40,Athlete
4154,D7NVBEZA85UKEDPM,M,1981-02-09,44,Athlete
4155,DQ8GHEWFWHAD0XQO,M,,0,Coach
4156,G1VCDUW75P5VBG0K,M,1985-11-30,39,Athlete
4157,HPJKWICE74S6JC13,F,1980-05-06,45,Athlete
4158,JSQYMGI5QW0DW9BI,M,1978-02-09,47,Athlete
4159,LDS3X20GPJC00QTA,F,1983-08-18,42,Athlete
4160,M31OULF8AORCW31Y,F,1996-09-19,29,Coach
4161,MJIX3M3DP6ZRA7Z6,M,1961-08-09,64,Athlete
4162,TMG8L0X5N4M0N55W,M,1987-01-13,38,Athlete
4163,WZMQ9JCJGBQUWFLE,F,1983-06-23,42,Athlete
4164,YP7VXS9X5EOJZ6KO,M,2002-06-15,23,Athlete
4165,YQAH1UP776JP5ROJ,M,1988-07-06,37,Athlete
4166,ZC5NW4S4O1DAMRPW,F,1962-07-18,63,Athlete
4167,ABV9GK3JDEKO8BKO,M,2010-03-31,15,Athlete
4168,O1VURTMY4TWZD14G,M,2011-08-05,14,Athlete
4169,O67OS3WQ8SYO2IXA,M,1972-08-30,53,Athlete
4170,PI42FF80R1F90DP3,F,2005-09-13,20,Athlete
4171,SDQN5OR43MK40E1J,M,,0,Athlete
4172,V0IPEYGEC5WU73ZO,F,1976-04-30,49,Athlete
4173,YAAIMEOH8N8FDQEO,M,1986-02-06,39,Athlete
4174,ZTEPWJ2Q1GR9M6QE,M,,0,Athlete
4175,0W2CZ43JO0TL02T4,F,1989-07-19,36,Athlete
4176,15XJ29QOXUVNDCHO,F,1994-09-09,31,Coach
4177,1SI8GIMK5MS3VR8B,M,,0,Coach
4178,2WIHLT920S87AA8G,F,2007-10-21,18,Athlete
4179,2X0GWD9M5X023UIY,F,,0,Coach
4180,3268YHIS23IFJ38W,M,,0,Coach
4181,5B6FM2USKR9NGNTO,F,2007-11-02,18,Athlete
4182,6TWS9W8MKAC5RBBT,F,1992-06-01,33,Coach
4183,6XOKV48TVFE0ZK1P,F,1998-04-16,27,Athlete
4184,9RS7GA10IUM0W691,F,,0,Athlete
4185,AFTWT49KAKFHWOXT,M,2007-03-29,18,Athlete
4186,CBNR5G90LYZDVIDN,F,2003-11-05,22,Athlete
4187,CXU0JHOJTB8GI6FV,F,,0,Coach
4188,DG0LZV9AVZRYSUEC,M,1995-08-18,30,Coach
4189,DZCN8U4NV7APLDO0,F,2008-12-22,16,Athlete
4190,ES5XRXG9R1UGUNTR,F,2002-12-13,22,Athlete
4191,G315NFB1PR92L9WY,M,2003-01-31,22,Athlete
4192,IAW71WCFENMGT0SX,F,2017-08-23,8,Athlete
4193,J55943VVN2B2VFB4,F,1999-11-15,25,Athlete
4194,JZ7PQEL5R7HO7U0R,M,,0,Coach
4195,LMDZP1C2SMJ4C76O,F,,0,Athlete
4196,N8X6T1H7XZO5OV3E,F,1996-12-30,28,Coach
4197,OLG1ABAZKG78U265,F,1996-12-30,28,Coach
4198,Q7LEWNBPUK5U7DTF,M,,0,Coach
4199,QIUAKGWV3VU7LQ11,F,2010-11-17,14,Athlete
4200,SDKA2M9VYZGQ3D3X,F,1945-12-06,79,Athlete
4201,SIFFLERIW4O9S8LX,F,2001-01-17,24,Athlete
4202,TKE36XEK0JSOSMS7,M,1991-06-18,34,Coach
4203,U4LVKDQSRDT8K2GM,F,2006-10-02,19,Athlete
4204,UAPKET6AALFD9KM1,M,2011-04-17,14,Athlete
4205,UCG8LTLFLA15G0WS,M,2009-03-15,16,Athlete
4206,VOCQ5VU0EKV1KNBG,M,1996-02-18,29,Coach
4207,W3VBUKYYIBFZDKHE,F,2005-11-15,19,Coach
4208,W9TJEWMOR2YGPKQ8,F,1961-07-13,64,Athlete
4209,WS8NXOT0SNMTMWON,F,,0,Athlete
4210,Z0WA0SH2SPOB6Q9K,F,1961-04-25,64,Coach
4211,ZXWKX3HEFOFX6WO1,M,2001-08-19,24,Athlete
4212,2VKFV62LLG6ZDDH1,F,1992-03-27,33,Coach
4213,4KYIEKJ3VKWLN182,M,1965-01-05,60,Athlete
4214,5N0M9JTBDLL0402R,F,1998-01-06,27,Coach
4215,5WYDCFOY4IAWS5RG,F,1993-08-25,32,Coach
4216,6LMQJ3SZEN3ISEDN,M,1963-12-31,61,Athlete
4217,9Q1VI4S4YWJ1Q5EA,M,1997-03-10,28,Athlete
4218,AYAHNB95ZVXIXKUL,F,1992-08-27,33,Coach
4219,BSN46V7G7HZRTB69,F,2001-02-03,24,Coach
4220,BTP77WPLHUKBJJGH,M,1978-07-19,47,Athlete
4221,EDVVDZ91EOW237GR,F,1980-01-04,45,Coach
4222,G2H9KI2J4X8WTKV1,F,1972-03-26,53,Athlete
4223,H1BCB692XL60BEV6,M,1968-09-20,57,Athlete
4224,H7D42E4Z2J1I2UW8,M,1965-05-03,60,Athlete
4225,HUF6EI34J0M98JYH,M,1993-10-09,32,Coach
4226,KXY7L6V1XKSCO14O,M,1991-05-11,34,Coach
4227,L8COJY80SK3SBYPP,F,1987-10-09,38,Athlete
4228,LBOVVU8WMDQM84MY,M,1979-10-18,46,Athlete
4229,LHAT5WD4GCPCPZEG,M,1966-01-08,59,Athlete
4230,NO0SHFE11RDEAZV2,M,1959-07-04,66,Athlete
4231,NPOTVFW2B8RXX9C3,M,1992-09-24,33,Coach
4232,PSTSEG7CLPN1L7HT,F,1993-04-29,32,Coach
4233,PVY6VBN6PJXJEOSU,M,1997-08-25,28,Coach
4234,TAN8R2OKT5CQIL5G,M,1983-07-05,42,Coach
4235,V2AKNPPROJDD30A0,M,1970-06-27,55,Athlete
4236,X7KEA1XLLDG1X01I,M,1977-12-09,47,Athlete
4237,0HGHWM00GCN1QCU0,M,2013-03-15,12,Athlete
4238,0TBSB3CKKKRESW30,M,2011-10-09,14,Athlete
4239,1HUSMFKTSUSFPT8X,M,2009-07-23,16,Athlete
4240,1R901E1BDHU94208,M,1974-12-13,50,Athlete
4241,1SJQPV536HPDBCKX,M,1952-06-30,73,Coach
4242,1VNW3BG698AH5BQD,M,1998-07-30,27,Athlete
4243,3PRM9Y0MCS1QX1EB,M,1998-01-05,27,Athlete
4244,51R57P3GYMTGO3EJ,M,2011-09-11,14,Athlete
4245,55ZZBJLFAUDI0G7H,M,1999-04-12,26,Athlete
4246,5A9B8QI9J09BTSTQ,M,,0,Unified Partner
4247,6BXGM2IL2XV1CGWJ,F,1993-07-03,32,Athlete
4248,6NURQ4Q4ZNILUJ90,M,2014-05-08,11,Athlete
4249,7JLZU5P7BODUOZJL,F,1983-05-05,42,Athlete
4250,AFKP7O51SCXE8QNU,M,2013-12-27,11,Athlete
4251,ASNQCNEMH0RE8PUT,F,1983-02-22,42,Coach
4252,C448JKJIWHTV2YQE,M,,0,Unified Partner
4253,CAROLZYC45OKCU7L,M,1993-10-27,32,Unified Partner
4254,CMWC1VJ8NAMWTQQ2,M,1966-10-30,59,Coach
4255,ECYUHFRGVCIMX8XV,M,1982-01-25,43,Unified Partner
4256,F2AVDKM2S0ZVGML5,M,1973-08-18,52,Athlete
4257,I1NMM0BXRX57LA2I,U,,0,Unified Partner
4258,KGDENZAX6T95NCP4,F,1998-07-08,27,Athlete
4259,KYTVKUWSQ1TWNZT7,F,1989-08-18,36,Athlete
4260,LF9FMZ8NFSG41QRL,M,2000-12-12,24,Athlete
4261,MATTU7S90L925F0E,F,2010-07-18,15,Athlete
4262,N1NZ9F63IG830LFX,F,1999-06-21,26,Athlete
4263,NWUYAUGW0BDA5XR9,M,1999-05-14,26,Athlete
4264,O1PKJIRONE575L02,F,,0,Unified Partner
4265,P0H4CLBKMOIZCIBT,M,1995-08-17,30,Unified Partner
4266,PNWLEE8YX7SQ7W3T,M,2002-09-20,23,Athlete
4267,PXE2IEGAI85RRCOW,M,2002-06-11,23,Unified Partner
4268,RS2WC0CTX32P97DV,M,2004-03-15,21,Athlete
4269,SRRUFOYNKK8IJWXA,F,2003-04-29,22,Athlete
4270,T1EV9A19NG6S3XLV,M,2011-08-18,14,Athlete
4271,T28DAZU6O5JN2CTH,M,1999-05-14,26,Unified Partner
4272,TG4AFVOOM1ZG9IV2,M,1990-12-29,34,Athlete
4273,U0KG27G67ZIFUC7W,M,1999-04-30,26,Athlete
4274,UONMGPGJNYD2T69Z,M,,0,Coach
4275,V1A68CLCXVZYNZ8P,M,2001-05-14,24,Unified Partner
4276,XHFHBB62JBSIW3LH,M,2005-05-13,20,Athlete
4277,XJ5J1OGI2E0VYKS8,M,2005-04-05,20,Athlete
4278,XNRJP1MH8VE1O6EQ,M,1992-10-16,33,Coach
4279,Y7X4J4W2OOG4CA9S,U,,0,Unified Partner
4280,YV4PFA01GMWENVEY,M,1999-05-14,26,Athlete
4281,Z59W09WAB4W9BUXJ,M,2001-10-01,24,Unified Partner
4282,ZKKNN9947ERX2YRA,F,2007-12-26,17,Athlete
4283,ZLIL72MWOJ7I6ZNK,M,2011-04-02,14,Athlete
4284,ZSCK9DS03CEMVRL7,M,1991-03-19,34,Athlete
4285,0UURECWGIRTZKPVC,M,2000-03-21,25,Athlete
4286,1FWYOCCEO0JHZTKN,M,2000-08-22,25,Athlete
4287,2W22E8GDQ8NE81DR,F,2010-05-09,15,Athlete
4288,33OJH3DH67YWSCOJ,F,1970-09-29,55,Coach
4289,3TJO0PR3J8C60IHN,M,2001-09-18,24,Unified Partner
4290,6AL6IEEFUTVOQX10,M,2007-07-22,18,Athlete
4291,9CQSZ00EYJQBS1PS,M,2001-03-07,24,Athlete
4292,AL11MOIRVMDCI64V,M,2004-07-21,21,Unified Partner
4293,AL164W6RQ407ZCF6,M,1998-06-20,27,Unified Partner
4294,AX3N924UVEJTEA9H,F,2004-03-23,21,Athlete
4295,BSRWSM0UTIXUHG6A,F,2002-06-19,23,Unified Partner
4296,CAMOBPWCLJ2BRZTS,F,1993-01-26,32,Athlete
4297,COV9JOC230HYYF7T,M,1989-04-14,36,Athlete
4298,F7G38XD7XWQTTAOF,M,2009-01-31,16,Athlete
4299,FZBNDUXF51UDZI2Z,M,1997-12-23,27,Unified Partner
4300,H8H9HVAEE36LBIP5,M,2001-01-13,24,Athlete
4301,HUZBP2MJB8XMGTI3,M,1999-06-01,26,Athlete
4302,IKJZZDN34MAYV9E3,M,2015-10-28,10,Athlete
4303,J8133O552YU6Q2L0,F,1971-07-30,54,Coach
4304,JZ16210RDTH9Q04H,F,1965-06-04,60,Coach
4305,L5BPET9D3PN963JO,F,1992-10-04,33,Athlete
4306,M1CC60UIORLX6KGA,M,2003-06-06,22,Unified Partner
4307,M86D97J96SJ854UX,M,1996-08-15,29,Unified Partner
4308,MO20DLORZI3LLELH,F,1993-03-16,32,Athlete
4309,N952JKBI4VKEZT45,F,1992-01-31,33,Athlete
4310,NQWNNWCJS9DLH6UE,M,1989-03-17,36,Coach
4311,O77FMO80YLW7TY4D,M,2012-12-05,12,Athlete
4312,OI7RY97QI7ZB8EPC,F,2006-10-26,19,Unified Partner
4313,OV5ZIA47ENRZRPB3,F,2007-08-24,18,Athlete
4314,QOJ134NHK7IQ5V86,M,2012-03-21,13,Athlete
4315,RM9CG0QQDX6VK8OQ,M,2007-06-05,18,Athlete
4316,RXN80A8EVIS34LMX,M,1997-03-06,28,Athlete
4317,S7DGAY9X7S4SSJ5B,F,1994-10-25,31,Athlete
4318,T5XQOITDANMQ5N0Z,M,1998-11-27,26,Athlete
4319,TGPJH7U09LJ6HGC7,M,1999-03-09,26,Unified Partner
4320,TTKPRSJQWTIW79YM,M,2008-03-25,17,Athlete
4321,U87OS23F80BGCVRG,F,1979-08-16,46,Coach
4322,V31IN0OOS4369NGI,M,1999-05-01,26,Athlete
4323,VNVNT58WFIAHTE9Y,M,2013-06-13,12,Athlete
4324,WEZ2IXGADB1F6RSH,M,2008-05-05,17,Athlete
4325,WUNOYNRG1NBUF3YZ,M,1982-07-15,43,Coach
4326,WWMJ95WG0XONXRJM,M,2010-01-12,15,Athlete
4327,X7Z9VH3I5OO2CXTD,M,2010-11-21,14,Athlete
4328,XEYKW0LV2AJRSH9Y,M,2006-07-11,19,Athlete
4329,XRBNL2ZAXB5A426U,F,1997-11-11,27,Coach
4330,YQHX3L4D4E7QZMC9,F,1997-07-28,28,Unified Partner
4331,Z2GZ6C5NUR31NGO4,F,2006-03-23,19,Unified Partner
4332,ZPGUORJPHFIOFB8Z,M,1999-05-10,26,Unified Partner
4333,6H58CYS8FK5K50WF,M,2000-08-28,25,Athlete
4334,DAH15XU38Y7LIIX0,M,2006-04-07,19,Athlete
4335,FIAIJDKQGIPFLF3T,M,2006-09-18,19,Athlete
4336,HSZVN1R92VGWDFIP,M,2008-10-25,17,Athlete
4337,IDYYMVSEUHGIPA9J,F,1999-06-18,26,Athlete
4338,L2ALFVYXDZQWKZEC,M,2005-10-10,20,Athlete
4339,Q94BW2T09QB2LTCL,M,1999-04-20,26,Athlete
4340,TGLZNBPKLCWAOQID,F,1996-04-25,29,Athlete
4341,WL8Q91N0DY01WXWV,M,2010-04-08,15,Athlete
4342,WN1BBB0OSID2KMH7,M,2001-02-28,24,Athlete
4343,ZGMYXGGR2KFVYUFQ,M,2007-10-02,18,Athlete
4344,07FWWR2ZDY1QM3CK,M,1984-01-23,41,Athlete
4345,1BMC66EGWFLUTJYV,F,1998-05-20,27,Athlete
4346,1MVQC3A9VYLVTZ4A,F,1995-10-25,30,Unified Partner
4347,2ID3BPRZZZF3B1QJ,F,1959-01-22,66,Coach
4348,4OFXLR7DBW4FQHU8,M,1997-12-02,27,Athlete
4349,5E6Q6EZDZC2TVMLI,M,2006-02-27,19,Athlete
4350,5P4X6VP19ILTPYKT,M,1998-08-04,27,Athlete
4351,611INB9137HLPJTF,F,2008-05-28,17,Athlete
4352,6HVQY4ACU16KEHP0,M,1983-08-22,42,Athlete
4353,6RBODO0LSUVPMPJU,F,1970-03-24,55,Unified Partner
4354,750SVJBWT27XC510,F,,0,Coach
4355,7EVV3J29UMOM70CM,M,2006-06-12,19,Unified Partner
4356,7QY95ALOR1JU8IVY,F,2008-09-26,17,Unified Partner
4357,9AURLU8UNTA9NPUN,F,1977-04-26,48,Unified Partner
4358,9QMS58UY1SLR0ARR,M,1994-09-17,31,Athlete
4359,A1G1EYQS7NMSDMBN,F,2011-12-05,13,Athlete
4360,AZZJ63YF5I6NZK2E,M,2013-04-18,12,Athlete
4361,E9CY9IVBAUOEL9EJ,M,1980-08-25,45,Athlete
4362,ET1EGE8AELCOD2K1,M,2006-09-09,19,Athlete
4363,EWDCLYJB5I7X3IWX,M,2007-06-22,18,Unified Partner
4364,G6X6HC0PVT3DACVT,F,1976-07-05,49,Coach
4365,HL3QZSZB4UQAV9SX,M,2005-10-13,20,Athlete
4366,IA8SDHCLDPL2TYK4,F,2004-07-04,21,Athlete
4367,IAKIPL6AL9DZ092U,F,1974-11-21,50,Unified Partner
4368,J9UMWEQ53Q6BSO8U,F,2007-05-29,18,Unified Partner
4369,K8OX6R4P0HQVPG99,M,1981-07-06,44,Unified Partner
4370,MMN6KLIR395CL6DX,F,1970-12-03,54,Coach
4371,N7MBD95706XDHM9A,M,,0,Coach
4372,O5PU5C7OIXA7BNNU,M,1975-09-22,50,Coach
4373,OS74MQQLNKIJBOGQ,M,2010-03-14,15,Athlete
4374,S3PK7VXLUGT109ZW,F,1975-12-07,49,Unified Partner
4375,T0LGACLK5XM8FLX6,M,1982-09-13,43,Athlete
4376,T2MI0OEEAQFT2C1O,F,2000-03-22,25,Athlete
4377,UUZZ2Q6XSOQAECQ3,F,1972-06-08,53,Athlete
4378,Y9BXI7E37U3GU3AA,M,2000-05-18,25,Athlete
4379,10548IM9GBXICDQP,M,1999-01-25,26,Athlete
4380,120BVHKGMU5A0OHC,F,1996-11-08,29,Unified Partner
4381,4XLZMCA53UNERXQ7,M,2004-03-18,21,Athlete
4382,5URFG9LR4U1UECND,M,2008-05-28,17,Athlete
4383,5W6JP7405JF1FGUQ,M,1979-09-11,46,Unified Partner
4384,6W509FHJ48XR9NHJ,M,2004-11-08,21,Athlete
4385,6ZICYZYS16MW2NHJ,M,,0,Unified Partner
4386,775VOXQ2CYG26BGZ,M,1984-11-16,40,Athlete
4387,79VP1CCIDB3TW3XB,F,1975-12-06,49,Athlete
4388,7L8WVW5EMXVKBRVL,M,1996-02-01,29,Coach
4389,868L8R62LCRXS9KQ,M,1998-08-20,27,Athlete
4390,8I7TYUPQLDS05D02,M,2005-10-24,20,Athlete
4391,8STROM8GE8G70PM1,F,1944-09-27,81,Coach
4392,9XN9RILBMOGD712T,F,1993-06-25,32,Athlete
4393,AF5J84SFZEO33YIW,M,1963-04-10,62,Coach
4394,AIOFNNT2M99FSCSW,M,,0,Unified Partner
4395,BWC5KSRNGQJ829VC,M,1976-07-10,49,Athlete
4396,C68RK8YIQWBA1G0S,M,,0,Athlete
4397,DBOB1OBYF4G1FN95,F,1990-04-06,35,Athlete
4398,DUIBG59NW7BDLOP8,M,2003-06-14,22,Athlete
4399,DV6JVWJZA1U1H3IS,F,1979-03-26,46,Athlete
4400,GN3QBPPAF33TL8NS,F,1966-01-14,59,Athlete
4401,HLX33DP7CN28MV9F,M,1979-06-26,46,Athlete
4402,J0YUFBP31JY4ZGYS,M,1971-09-11,54,Athlete
4403,J6SKXNFDC2GJESGX,F,1972-08-03,53,Coach
4404,K8OWVEH7UPVF9SQR,F,1988-05-23,37,Unified Partner
4405,KQ912PJBXM7VHCG8,M,2007-03-16,18,Athlete
4406,L23AI29U79EDO1OE,M,1995-01-03,30,Athlete
4407,LYWX1WIOLM86T4NQ,F,1997-06-26,28,Athlete
4408,NSB7BZNDSGXAVJNX,M,1980-11-15,44,Unified Partner
4409,PDOALW3ENHA7VIZC,F,1959-03-13,66,Athlete
4410,PL2V1L5B9HDRA8ZX,M,1953-10-02,72,Coach
4411,R50IMXEVAK76NQUA,M,2002-08-12,23,Athlete
4412,RDMU6SCTYZB1JH7V,U,,0,Athlete
4413,VZBEBKH8W1EDO6O7,M,,0,Athlete
4414,W3DY8KINB4IBIVEN,F,,0,Coach
4415,WLRZZKRQ0X47D4I7,F,1970-01-14,55,Athlete
4416,YGSB68KX3UGJ019N,M,,0,Unified Partner
4417,0EAHAOKGD0L7HAA8,M,2001-06-14,24,Athlete
4418,36XJEYW4MAOFI014,F,,0,Coach
4419,006JCY6A5PKCVBXC,M,1972-12-12,52,Athlete
4420,00C4KT4QWQH0RVKP,M,1981-04-13,44,Athlete
4421,00DVTIY02LFW32Z6,F,1964-08-20,61,Athlete
4422,00MQZQRETKBHQJYO,F,,0,Coach
4423,00MRQID97RSBBF11,F,1959-06-28,66,Athlete
4424,00PWODFEVM02N639,F,2008-04-06,17,Athlete
4425,00V0TFUC7UGQES8X,M,1961-08-04,64,Athlete
4426,00WFCS51UWBSZD4D,F,1990-12-01,34,Athlete
4427,012VT9PHBYEBI7U8,M,1994-06-27,31,Athlete
4428,018ZG200RKYER29Y,M,1993-08-09,32,Athlete
4429,01MN2T0OYZHUBXSQ,M,1988-09-25,37,Coach
4430,01P76UPCN52S9W4C,M,1968-07-20,57,Athlete
4431,01SW6QWTK9N7PTBI,M,1977-06-10,48,Athlete
4432,02129G3XZZLMUFI3,F,1963-05-01,62,Athlete
4433,026X2H5JP6M9A7J7,F,1973-03-05,52,Athlete
4434,029PVRBLNOCM1CMA,M,1997-01-28,28,Athlete
4435,02EQ4HK46IA3XPSA,M,1992-10-15,33,Athlete
4436,02W34LUMCXE254BX,F,1966-10-01,59,Coach
4437,02XC1T3ATMC0WESW,M,1983-11-23,41,Athlete
4438,03CILZ15UC9Y00HF,F,1973-06-29,52,Athlete
4439,03CXAECBXBPRRKB3,F,,0,Coach
4440,03DR3TUPQA3XLH8X,M,1983-08-30,42,Athlete
4441,03KVKUGSPSH68Z8Z,M,1983-09-22,42,Athlete
4442,03TD46DD61EMGFX4,M,1977-08-19,48,Athlete
4443,03V70P5FXDA1YT52,M,1985-09-24,40,Athlete
4444,03Y81XR2M8FVIEPZ,M,2000-08-30,25,Athlete
4445,04BYK0IH14SUJR74,M,1987-06-26,38,Athlete
4446,04EPRDY1JKDLBC91,M,1964-03-07,61,Athlete
4447,04GP10PFAC9PXO53,F,1981-06-22,44,Athlete
4448,04TNHFUG57MIL9NE,M,1974-02-20,51,Athlete
4449,04XS2ZZEBG65OYYU,M,2003-03-21,22,Athlete
4450,05KX4AG9VAO1LAQT,M,1991-12-10,33,Athlete
4451,067B6X0CJ6BGUXJI,F,1993-03-18,32,Athlete
4452,068GR1ZTMBIPKVGG,M,1981-04-24,44,Unified Partner
4453,06IVJ67VY2BVJ304,M,2000-10-13,25,Coach
4454,06PHPT19P496LLTB,F,1993-06-29,32,Athlete
4455,06Z1WWGZB8E9L199,F,,0,Coach
4456,072UFTS2X5H7VEPT,F,1977-02-26,48,Athlete
4457,076FR6M0EOYIV08M,F,1979-06-13,46,Athlete
4458,0874P77ENL4E23LM,F,1992-05-25,33,Athlete
4459,08B2BQLFNZ2QSOA9,M,,0,Unified Partner
4460,08B4854BB796R5C4,M,1988-01-20,37,Athlete
4461,08BSZB7G57XK7D09,F,1991-08-12,34,Coach
4462,08S1KHID3LN1GVTV,M,2008-06-11,17,Athlete
4463,08UC0BC8G4WQ3LUJ,M,1983-01-29,42,Coach
4464,08V7ALR0RRKS4MTW,M,1995-12-27,29,Athlete
4465,099D5BW0HSFBIPWP,F,1976-09-08,49,Coach
4466,09A6WU9KTFL4KWRP,M,1985-05-29,40,Athlete
4467,09CV6V6GVNPBTVQ5,M,1982-05-20,43,Athlete
4468,09N0K2Y7DLKJGMEI,M,1984-01-20,41,Athlete
4469,0A77C4ZKDD6Y84MA,F,1968-08-08,57,Athlete
4470,0AMOJ984J8V56DPX,F,1965-12-24,59,Athlete
4471,0APZ1ITKIUTVPA3T,M,1956-10-07,69,Athlete
4472,0AQ5Y9Z864AZEYV6,M,1986-09-16,39,Athlete
4473,0AYSDLE85RNDLMCT,M,1999-01-31,26,Athlete
4474,0B122NVOIS8SYFWT,M,1953-02-01,72,Athlete
4475,0B38Y3NMIOBQ5ICM,F,1993-08-03,32,Coach
4476,0B6BGHH581SLPD0F,F,1973-10-08,52,Athlete
4477,0B6ZKYNUBCATKF6N,M,2000-06-10,25,Athlete
4478,0B90LGL4V3WJBR6G,F,1966-03-07,59,Athlete
4479,0BBQTYJX638J3KJ0,M,1990-04-09,35,Athlete
4480,0BE9O6K91MADH252,M,1960-09-18,65,Athlete
4481,0BQB040AKHLD2U95,M,1978-06-25,47,Athlete
4482,0BUH5Y53CWYA2IYM,M,1970-04-11,55,Athlete
4483,0CBZLY0BT2SIKJZK,F,1998-08-28,27,Athlete
4484,0CG3CU89B8MQ3A0N,F,1971-10-13,54,Athlete
4485,0CKC8ZYBSE8G3DU7,M,2009-10-19,16,Unified Partner
4486,0CMOVWNBBFTIUCSZ,M,2012-10-18,13,Athlete
4487,0CQIMPN9QJ6CF1XB,F,1974-11-27,50,Athlete
4488,0CU3GTS7MD75CHZ8,F,1992-06-11,33,Coach
4489,0CUE4QEXI2HDCN37,M,1977-06-04,48,Athlete
4490,0CUIEY5HMNP82WUC,M,1995-10-10,30,Athlete
4491,0CY79DDEDQV9ELQP,M,,0,Athlete
4492,0D2KJ3R5QZ3ANMNN,F,1988-10-04,37,Athlete
4493,0D5TMYX7EF3L37IR,M,2005-01-26,20,Unified Partner
4494,0D75RREA0DV9VFJI,M,1971-05-18,54,Coach
4495,0DC7L4QP6397C2DN,M,1966-11-04,59,Unified Partner
4496,0DGSQ9RZ58214WOW,F,1992-07-17,33,Athlete
4497,0E0YPGVVLF9QGD1T,F,1956-07-15,69,Athlete
4498,0EAEQPA1WQTXIU4Z,M,2000-03-23,25,Athlete
4499,0EK1JVHRB37SBAIW,M,1992-07-31,33,Athlete
4500,0EUP24TL8594NGO0,M,2002-07-21,23,Athlete
4501,0EWVXYOYPR2TB83D,F,1984-04-10,41,Athlete
4502,0F5GNXO65TAOF41E,F,1985-07-15,40,Athlete
4503,0FMXRKNNWTS1ZGSV,M,1979-03-14,46,Athlete
4504,0FX2KTJ6I78OMQB9,F,2000-12-05,24,Coach
4505,0GH549KDN5AES3WJ,M,1949-02-27,76,Athlete
4506,0GITNXR8VCODW4BR,M,1995-04-22,30,Coach
4507,0GOIZUCG7C3TF8RH,F,2000-06-25,25,Athlete
4508,0GYCMMXXMJTG4KJY,M,,0,Athlete
4509,0HF4EQW74A6MYNTY,M,,0,Unified Partner
4510,0HF6MFHHCCMVVZW3,M,1967-10-25,58,Athlete
4511,0HKTFAWNKTO2U41Z,F,1946-03-05,79,Athlete
4512,0HV0HPZF1WRYCP29,M,1984-09-19,41,Athlete
4513,0HXYJQ70VH0UBBMD,M,2008-03-31,17,Unified Partner
4514,0I61K89ICICGF8EX,M,1954-09-17,71,Athlete
4515,0IAAETQ1Z298A1P4,M,1943-07-12,82,Coach
4516,0IFA0FKND75ZEVQU,F,2003-09-09,22,Athlete
4517,0IGLTWDI7ZGWI8NC,M,1968-10-23,57,Athlete
4518,0IILMIN31JZ39KG7,M,1983-06-03,42,Athlete
4519,0IM2O01Q2RXBSCCI,M,1994-03-24,31,Athlete
4520,0IR1IXMCGUTITJIH,M,1966-10-27,59,Athlete
4521,0ISH1XCTYL2BUJ89,M,1998-02-23,27,Athlete
4522,0IWSUOQZU59GLXSA,F,1987-05-29,38,Athlete
4523,0JMY55C9LMOSD9JC,F,1993-05-23,32,Coach
4524,0JPOJEQ62E5VH000,M,1994-06-30,31,Athlete
4525,0JYCAC351FHVCOIJ,F,1970-07-16,55,Athlete
4526,0K6Q8392OM5W3ZCA,M,1987-03-01,38,Athlete
4527,0KOQ5QZV7GH39MWT,M,1986-06-13,39,Athlete
4528,0KTXG41M9Y2BXPFP,M,1996-11-08,29,Coach
4529,0KY82CWMC2XPEOVE,M,1947-02-10,78,Athlete
4530,0L2KXU6UZH0BXGBO,M,1964-04-10,61,Athlete
4531,0L72ZKDEPWPXOEH1,M,2010-05-20,15,Athlete
4532,0LALPE7JT086KEPR,M,1999-06-06,26,Athlete
4533,0LBZZPBOCZVHBW0O,M,1989-07-30,36,Athlete
4534,0LC95MP82SY2JV3E,M,1972-11-19,52,Athlete
4535,0LIDDL45LPT1K0BH,M,1987-05-24,38,Athlete
4536,0M4DRCW1T2EA6TQ0,F,1995-09-22,30,Athlete
4537,0MDURO4JKYVATYQM,M,,0,Coach
4538,0MHDS3ZVT1T368EU,F,1947-01-19,78,Athlete
4539,0MNHAOJ65HQAVQ7K,M,1980-04-29,45,Athlete
4540,0N7TMVN13GLFRZO5,F,1998-04-15,27,Athlete
4541,0NBM8P6O38LFDJNB,M,,0,Coach
4542,0NBTQ3Y9EDBPT7GS,M,1996-10-08,29,Athlete
4543,0NM1YBB4WD8B75JW,M,1993-06-15,32,Athlete
4544,0NODWM39U8AYZMJG,F,1963-04-24,62,Athlete
4545,0NYSMUYSL5S7KRI8,M,1975-05-03,50,Athlete
4546,0OA8VO08PIZDW01Z,F,1982-11-07,43,Athlete
4547,0OBE8KG8312VI2G2,M,1970-03-11,55,Athlete
4548,0ODZ8RRULSU75GWD,M,1979-07-23,46,Athlete
4549,0OEBZ9T8HH39S4U0,M,1973-01-01,52,Athlete
4550,0OHXF0WCOAROK57O,F,,0,Unified Partner
4551,0OJEW13TUJS47N61,M,1978-03-10,47,Athlete
4552,0OLWHYSBD6GOSSPN,F,1994-10-01,31,Athlete
4553,0OZQUATUZJKWMFQ8,M,1981-08-21,44,Unified Partner
4554,0P2ITLZVY53AIWNV,M,2004-08-07,21,Athlete
4555,0PDRHWNQDX43R29U,M,1995-01-22,30,Athlete
4556,0PO0DOY8E7TG1ZNB,M,2014-07-29,11,Athlete
4557,0PVCTU7NX81I8MCZ,M,1989-11-23,35,Athlete
4558,0Q9YAS19GEJAHF04,M,2000-07-21,25,Athlete
4559,0QJY27XA86VA6DC1,F,2003-07-17,22,Coach
4560,0QMIFOHOWE1YJ37F,M,1993-09-13,32,Coach
4561,0QQ4BEE5KYBWYFZQ,M,,0,Unified Partner
4562,0QS89SJ597NQXEGU,M,,0,Athlete
4563,0QUX6YYNY76XJJAD,F,1997-07-11,28,Coach
4564,0R7BFDJRJOODHC2F,F,1978-03-14,47,Unified Partner
4565,0R7P7H29DKQG2JWW,F,,0,Volunteer
4566,0RHWGYE80JJ1WQHC,M,1995-12-18,29,Athlete
4567,0RLLUBPXZY4OKD6H,F,1980-11-24,44,Coach
4568,0RP2ISBVJ3BW4733,F,,0,Coach
4569,0RY7CZHXDXKK539V,F,1954-11-29,70,Athlete
4570,0S0KK3HLY33EL3AS,M,1969-09-15,56,Athlete
4571,0SE7CDUOACNKP8C9,M,1961-05-02,64,Athlete
4572,0SGZ6QD532U0F9J3,M,1993-07-17,32,Coach
4573,0SNA45LXTKPS7NRR,F,1958-12-08,66,Athlete
4574,0STRV4RL3948JTFU,F,1987-02-12,38,Coach
4575,0SZ04D3P8ASIT3PC,F,1984-09-18,41,Athlete
4576,0T1RQVYSGFVG5BN2,M,2000-06-26,25,Athlete
4577,0T3VCWZ2MZGAOMF8,M,1967-08-13,58,Athlete
4578,0T5FGUXBSIW7SD1W,F,1963-07-10,62,Coach
4579,0TNC7C5HN0GJW3IW,F,2003-04-18,22,Athlete
4580,0U6A1PJD8PFLHP59,F,2007-08-02,18,Athlete
4581,0UCD9QC36OWVOXJP,F,1956-08-06,69,Athlete
4582,0UDMUI85ONZCYJN6,F,1986-02-17,39,Athlete
4583,0UG3NO61GATCBHCY,M,1985-06-14,40,Athlete
4584,0UHQG7VCNGAA1G99,M,1970-09-08,55,Athlete
4585,0ULRN0UIGN7C2SED,F,2000-06-19,25,Athlete
4586,0ULZEAL0TWM3HQP5,M,1971-02-04,54,Athlete
4587,0UQV8R5SITN01BTP,F,2002-02-01,23,Athlete
4588,0UTB6FDYWRW75Q7I,M,1958-03-10,67,Athlete
4589,0UTE268QGR88CGB5,M,1996-11-19,28,Athlete
4590,0V0K2LQW1AH5GZDH,F,1995-10-15,30,Athlete
4591,0VBK07FVN7EAW839,M,2005-11-05,20,Athlete
4592,0VEZ1Q6B7Y1HT0F8,M,1995-02-06,30,Athlete
4593,0VFF2ICU3FWGBQJD,M,,0,Athlete
4594,0VHEZ9LUQLUDM6PE,M,1998-06-06,27,Athlete
4595,0VO0H09SVC0YERHZ,M,1952-12-18,72,Coach
4596,0VY93W51P1BPQPRP,M,1998-08-19,27,Athlete
4597,0WGXJHHLS0CE78VF,F,1988-07-04,37,Athlete
4598,0WL6OMDEDVNEL2QQ,M,2000-01-21,25,Athlete
4599,0WT4YHUG1SELGK47,M,1987-01-15,38,Coach
4600,0WVJO0273JROQOEC,F,1989-07-17,36,Unified Partner
4601,0X3JHX3DPQNM2LAR,F,1972-05-31,53,Athlete
4602,0XDS8YXMJUJ2ZZ8Z,F,,0,Athlete
4603,0XF8NJPLXBV3S10O,M,1976-04-14,49,Athlete
4604,0XMT9C25564I4GXW,M,1962-12-03,62,Athlete
4605,0XNJWP8O4B0AIWNW,M,2001-02-06,24,Coach
4606,0XQ3IXQ4U8YNBDCG,F,2007-10-15,18,Athlete
4607,0XR5WX54XMT45SJY,M,1992-10-27,33,Athlete
4608,0XS03NJNPEI2RGSF,M,1984-12-09,40,Athlete
4609,0XT7M040MBG9J1GP,F,1982-07-01,43,Athlete
4610,0XVLCOVUKU6SQKWF,F,1996-11-05,29,Athlete
4611,0XYLY0X6QLNP8W9G,M,1991-11-28,33,Athlete
4612,0YA4FM5T3OXN4AKZ,M,2007-03-13,18,Athlete
4613,0YAFTUC8E768H7JO,M,1978-12-04,46,VIP
4614,0YGVNYA0HDO78E8N,F,1987-05-07,38,Athlete
4615,0YRM5J70LN6E38ZJ,M,2009-05-27,16,Athlete
4616,0YRTM4YV7LMZX11F,U,,0,Unified Partner
4617,0YU9864QACVCH2BO,F,2001-10-01,24,Athlete
4618,0YYDRJT03QK2MM1R,M,1999-12-07,25,Athlete
4619,0YZFV9H9V3NKYC5I,M,1963-09-21,62,Athlete
4620,0Z08OUC6UYCPXX4M,F,,0,Coach
4621,0Z1KCWIYQRS8YMCN,M,1991-10-15,34,Athlete
4622,0ZO6D00HJRD7WTJC,M,1980-01-21,45,Athlete
4623,0ZTWMDOBRINWI3FE,M,1999-01-08,26,Athlete
4624,0ZWUNBLFYEWV5HI3,M,1995-03-07,30,Athlete
4625,10ARNRJ7NHHPFBUV,M,1997-04-06,28,Athlete
4626,10BDHKL8OMO7WDBF,M,1966-01-04,59,Athlete
4627,10COWQWIYH3VHY54,F,1995-12-05,29,Coach
4628,10G87A8CRUZWF2FY,F,1993-06-02,32,Athlete
4629,10KCX1AFTNZHWADA,M,1994-08-27,31,Athlete
4630,10LJ7NUMCK4SHH5S,F,1974-08-29,51,Athlete
4631,10RIXOW8HQDWN8OJ,M,1964-11-13,60,Athlete
4632,10UCCIG977ZVPAZ9,M,1968-12-18,56,Athlete
4633,10UWVEQ4737OETQT,F,,0,Coach
4634,10VUYPKG3NPX90EP,M,1999-04-15,26,Athlete
4635,110D11I60KQLGX8A,F,1985-11-25,39,Coach
4636,111OMJY36E5JBVHD,M,2000-04-13,25,Athlete
4637,11HQH06ID5CLP8RO,M,1998-09-23,27,Athlete
4638,11JV4M00AX8PILOW,M,1996-05-21,29,Staff
4639,11P6OI18ORA4SJY4,M,1968-02-27,57,Athlete
4640,11SAYG77G1BT697U,F,1967-10-03,58,Athlete
4641,11TWHI1Z1TS0FNNE,M,2005-03-14,20,Athlete
4642,11ULVDG32A52FU01,F,1962-09-21,63,Athlete
4643,11VRPGU5N5SOHAIX,F,1984-04-10,41,Athlete
4644,124MEPZM9N3SO7SL,M,,0,Coach
4645,129R43EG3TSK7Q7Q,F,1971-03-25,54,Athlete
4646,12LL6XUIQTSGSPE1,F,1973-06-29,52,Athlete
4647,12NCEHVB7D76DUBZ,M,1999-06-27,26,Athlete
4648,12OFNUOA0PO4HPKT,M,2004-05-17,21,Athlete
4649,12XZWXI3IQ4T2EKG,M,1954-05-17,71,Athlete
4650,12YZ31GBMBQUSZMX,M,1982-09-12,43,Coach
4651,12Z57C5B7T1RW2YV,F,1983-01-05,42,Athlete
4652,130B8UVA5TJAE63B,F,,0,Athlete
4653,131XN8KFUFFI4W19,M,2006-07-14,19,Athlete
4654,1322JQGWUVIV2L8B,F,1997-09-01,28,Coach
4655,137AZ9A1JT84Y4L3,M,,0,Unified Partner
4656,137NGSTG6GEHTP2U,M,1974-06-05,51,Athlete
4657,13BAF8T2LI6N92X7,F,1996-09-25,29,Athlete
4658,13HQW3HKHHLXMKVG,M,1999-04-20,26,Athlete
4659,13IK6VHSZ19G8BFJ,M,2005-06-18,20,Athlete
4660,13PNTGZFNNH1DXEI,M,1999-09-19,26,Athlete
4661,13YXV6X23OSYMSHH,F,,0,Coach
4662,144LU84PE8PR0WAK,F,1973-12-06,51,Athlete
4663,14EURXHMT7XIZ3L2,F,,0,Coach
4664,14ULLUT6GM3J48J4,M,,0,Unified Partner
4665,14WFU1ZPL6KTE4K9,M,1980-05-03,45,Athlete
4666,151CCEQ26A73UGOC,M,1968-09-24,57,Athlete
4667,155R42ENSH0WLL9C,M,,0,Unified Partner
4668,15EKUUHYFEFVIGB0,M,2006-02-28,19,Athlete
4669,15THY4WMOZAS2XA7,F,2001-10-16,24,Athlete
4670,15UR83HFN1A2KFXK,M,2000-07-14,25,Athlete
4671,163TRKXDGQTDXLII,F,1993-08-27,32,Athlete
4672,1685KYOSI7A6EP1S,M,1992-02-28,33,Athlete
4673,16DL989T0YQVLDWZ,F,1993-10-15,32,Unified Partner
4674,16UBR6W0W1BIRLYB,F,1975-06-10,50,Coach
4675,16X5YEMY91T338IM,F,1999-07-29,26,Athlete
4676,16XMA8CC5XWIOQ6Y,M,,0,Coach
4677,172Q1TCGNWMIDYRV,M,1989-01-07,36,Athlete
4678,176DU5CI34P61MNV,F,1997-12-05,27,Athlete
4679,17810OHVQG0BWNOE,F,2001-04-20,24,Athlete
4680,178JKBZS6EAANKIM,M,1964-08-20,61,Athlete
4681,17C6HVSWMCZ7FSFO,F,1985-03-22,40,Athlete
4682,17EXFOEJU6VKY48P,M,1980-12-22,44,Athlete
4683,17J7FW49YZM4IOBN,F,1988-08-11,37,Athlete
4684,17RCRWY8KU4P406L,M,1992-09-17,33,Athlete
4685,18JUEJ2DVBG6JL9J,M,,0,Athlete
4686,18K4EM9MDZA89FJK,M,2002-08-02,23,Coach
4687,18KC501MT35DRD44,M,1942-09-27,83,Athlete
4688,18OHEJBWZEL4MM2A,M,2011-10-01,14,Athlete
4689,18UOVMWF5PNBZ7ZL,M,1999-10-04,26,Athlete
4690,193W5Z7FH7V2SWXO,M,2010-01-29,15,Athlete
4691,19AAX92HRL0M4WBO,F,1977-04-10,48,Athlete
4692,19I41OZHKYGLNZ6J,F,1972-11-08,53,Athlete
4693,19OZ8PSD28YC94L7,F,1980-10-23,45,Athlete
4694,19UNY85C63VFGHT9,M,1993-02-04,32,Athlete
4695,19WQXLOL2V4UYVU1,F,1985-02-04,40,Athlete
4696,19YG5EV0D3N4DAD7,M,1992-09-16,33,Athlete
4697,1A03C7NLKXPFQHOL,F,1955-08-11,70,Athlete
4698,1A1M365L372L0IDR,F,1995-08-07,30,Athlete
4699,1A4H7F9BMC3ZJA9P,M,1989-11-19,35,Athlete
4700,1A9JEJG166QR0NR9,F,1987-07-07,38,Athlete
4701,1ACJLS30ES9QSP1S,F,,0,Coach
4702,1AH2YV9A2VSB1Z6Y,F,1999-11-21,25,Athlete
4703,1ASL7KGQ0E3J26OE,M,1976-12-11,48,Athlete
4704,1B3RC14UZ1GEYGKV,M,1997-12-31,27,Athlete
4705,1BKDBABPY0W0WIBO,F,1953-02-21,72,Athlete
4706,1BKGQTDN7OH216B8,F,1998-07-10,27,Coach
4707,1BVGUC27UUY8U33M,M,1986-06-09,39,Coach
4708,1C2LSBRS1W6XED8M,M,1974-04-16,51,Athlete
4709,1C7E7CGHNSMSL27K,F,1990-07-11,35,Athlete
4710,1C9FVMK0D04YHA61,M,1957-03-09,68,Unified Partner
4711,1CPI5XMS9EK49XCA,M,1964-06-28,61,Athlete
4712,1CTY3PXL06D1PI45,M,,0,Athlete
4713,1CY9LAM0Y28SG6LS,M,1967-06-23,58,Athlete
4714,1DBM2PB75H3L352T,M,2002-10-28,23,Athlete
4715,1DN9VJTNAWD8RO63,F,1969-11-04,56,Athlete
4716,1DSJ393B57PUK4RH,M,1974-03-09,51,Unified Partner
4717,1DY37U3B2RUCTYA0,M,1997-10-29,28,Athlete
4718,1E78XWQTW904L478,M,1995-08-10,30,Athlete
4719,1EQ3W43QFSNULCWE,M,2001-04-19,24,Athlete
4720,1EQMUWEISNM2F8S9,F,1983-12-02,41,Athlete
4721,1EQXTEP20HDBN2MS,F,1968-05-28,57,Coach
4722,1ETGZXN7VKWG6HBX,F,1975-07-15,50,Athlete
4723,1EVFOXWQX52FQEND,M,1995-11-17,29,Athlete
4724,1FJ3V0YF0699SBKM,M,1982-07-24,43,Athlete
4725,1FPAXRYGXUAEJQ4X,M,1966-10-04,59,Athlete
4726,1FYBXG7SDM2ZU6PE,M,1957-05-31,68,Athlete
4727,1G6DZH3P3FI1T867,F,2008-06-18,17,Athlete
4728,1GABPJSWCSRLGX34,M,2009-09-05,16,Athlete
4729,1GAE7UV2T4IXE4T4,M,,0,Athlete
4730,1GD2ZR8E67L7RJL8,M,1989-04-29,36,Athlete
4731,1GOF1HP34NXBX9EV,M,1989-09-06,36,Unified Partner
4732,1GP97ZSLMX27GXX2,F,2005-08-18,20,Athlete
4733,1H0V7YJ6B2HLK2CZ,M,2004-10-29,21,Athlete
4734,1H49OGI6KIGPI8QT,M,1969-07-28,56,Athlete
4735,1HFDZ6P8HC2QFVJQ,M,1969-05-27,56,Athlete
4736,1HKB9Q9Q095DZS44,M,1987-07-02,38,Athlete
4737,1HQXUTMJEP8463XF,F,1962-01-15,63,Athlete
4738,1HV3PCXOCWZQQCC7,F,2009-04-03,16,Athlete
4739,1I23GDSOT8VVG777,M,1980-01-12,45,Athlete
4740,1IA59Z2OMEHGNA4F,M,,0,Athlete
4741,1IFHB5OIDBC2XR03,M,1965-04-20,60,Coach
4742,1IH8F5IXG7DEMXRA,F,1985-05-01,40,Athlete
4743,1IKY4KGMKD1I2TU0,M,1977-05-12,48,Athlete
4744,1IOBMMIKL5O1FL69,F,1945-03-03,80,Coach
4745,1IUGCJEF9W86S3UK,M,1985-03-21,40,Athlete
4746,1IZXXGORAQK2PO8S,F,1957-07-19,68,Coach
4747,1J0THN4IRDVD7GYH,F,,0,Coach
4748,1J1POCDLPT665N6Q,M,1987-04-27,38,Athlete
4749,1J2114T2S5CL98I3,F,,0,Unified Partner
4750,1J3XGW9G1SZF7UAT,F,2001-01-20,24,Coach
4751,1J6OKEFC36FW4FDC,M,1974-01-11,51,Athlete
4752,1J87RF27CSXMT03N,M,1971-04-03,54,Athlete
4753,1JDRDGYDOCZ3J5QP,F,2003-02-21,22,Athlete
4754,1JHBQBVTSF14HO2J,M,1965-07-26,60,Athlete
4755,1JKNAOEHQQR550D4,F,1963-07-31,62,Athlete
4756,1JPAKVBZN7CV6482,M,1995-06-29,30,Athlete
4757,1JT04VFE47WVD65S,M,1992-05-14,33,Athlete
4758,1KCHPX7YBNEQOMRM,M,1993-11-20,31,Athlete
4759,1KK6GYA2XVZ4J0S9,F,1963-12-18,61,Athlete
4760,1KQE8KUA93MK6Z0Z,F,1967-06-28,58,Athlete
4761,1KYTNQJ1E8W5D624,M,2011-03-12,14,Athlete
4762,1L14AWPO7S5JNIQX,M,2000-07-19,25,Athlete
4763,1L2UU04QWROK2SWL,F,2005-09-16,20,Athlete
4764,1L4NCEXPARLIN1T6,M,,0,Unified Partner
4765,1LA73LJM2VSSXLKM,M,1982-05-22,43,Athlete
4766,1LCZRT7NVUJKK2LR,M,1968-01-02,57,Athlete
4767,1LUF59JX1CZUAZ3X,M,2004-11-22,20,Athlete
4768,1M0BKRZEDH27TQMX,F,1979-02-23,46,Athlete
4769,1M0RD2JKV5G3ZA3K,M,,0,Unified Partner
4770,1M3AXSMG8YRJGWHS,M,1995-06-15,30,Athlete
4771,1M66SR0C56X1NSP9,F,1996-08-07,29,Coach
4772,1MQH1CA5WOEHOYNF,M,1969-09-18,56,Athlete
4773,1MWJVBD9RWEDQBC0,F,1996-07-10,29,Athlete
4774,1MXDKFS0OGUSPV0C,M,1990-03-09,35,Coach
4775,1N8ZSM0LEFBS8520,F,1950-06-30,75,Athlete
4776,1NAKKGYDIWQI600V,M,2012-01-20,13,Athlete
4777,1NIZ45UTL5K4VVUS,F,1998-02-28,27,Athlete
4778,1NJX3E0UUEXCOT4U,M,1999-06-25,26,Unified Partner
4779,1NMFCVDTNPVX0H3J,M,2002-02-01,23,Athlete
4780,1NRRWK2K392XCB4N,M,1951-07-02,74,Coach
4781,1NZ1NQ92O7EUSULO,F,1953-05-13,72,Athlete
4782,1O70IEGB686TT643,M,1963-01-13,62,Athlete
4783,1OLLIM36YFK18DO7,M,1981-01-12,44,Athlete
4784,1P2KO8I8745E3O2H,M,1974-03-26,51,Athlete
4785,1P41KSC9P4OOLNR7,F,1970-01-29,55,Athlete
4786,1P8WJH8OGW9MZMMM,M,1997-03-04,28,Athlete
4787,1P9KYJ89C9VHV7ZC,M,1991-03-11,34,Athlete
4788,1PETX2FKP1DZCRXA,M,1980-01-16,45,Coach
4789,1PG6NIX4CNXCTT6Q,F,1947-01-14,78,Athlete
4790,1PH23BOWBZYJXYJT,F,1987-06-22,38,Athlete
4791,1PNYR3NOV3EHZH2H,F,,0,Coach
4792,1PQW7VDANECD4Y76,M,1960-07-04,65,Athlete
4793,1Q4TMW654QROP99B,F,1965-11-22,59,Coach
4794,1Q5YRSST0GX7614A,M,1984-01-02,41,Athlete
4795,1Q6RSQ0PKN6JLSE6,M,1983-08-02,42,Athlete
4796,1QDO8VSITBNGXEKM,M,2000-11-27,24,Athlete
4797,1QK46VYA742BP8K3,M,1989-09-05,36,Athlete
4798,1QR3JSM41QLYB2G2,F,2008-01-08,17,Athlete
4799,1R6IW6KVE9X1LF4S,M,1998-08-22,27,Athlete
4800,1RFQB5YEFVI4GNSM,M,1977-01-21,48,Athlete
4801,1RWOTS2A2X5RYP4Q,M,1995-07-18,30,Athlete
4802,1S041OZFXVPL8XNA,M,1989-07-12,36,Athlete
4803,1SDXAECXAQEC4RQC,M,1976-08-09,49,Coach
4804,1SGS3ZBUWDFFLBYY,F,1989-09-26,36,Athlete
4805,1SHYB5DM0WXB6G1K,F,2008-02-11,17,Athlete
4806,1SSZTENTDUAV46MP,M,1988-08-04,37,Athlete
4807,1STLN8Q7MP0IW7DM,M,1991-03-06,34,Athlete
4808,1T47G5FH4EXYOGRR,M,2008-08-11,17,Athlete
4809,1T9DZM1PUV6NN5N0,M,1969-06-07,56,Coach
4810,1TID3ZP9OWDF80WP,F,1968-03-21,57,Athlete
4811,1TLUOCQGUJT97XCW,F,1993-11-24,31,Athlete
4812,1TO4GIMFS4D44OR3,F,1961-04-07,64,Athlete
4813,1TPHYS4LDUV4EAL4,F,2003-06-05,22,Athlete
4814,1U6K0K99I568T3GA,F,1989-04-20,36,Coach
4815,1UXJB405GNECCUVX,F,1953-04-04,72,Athlete
4816,1VCB0R9QGVG2E4F2,M,1983-03-28,42,Coach
4817,1VCIMANB5FMEH8CU,M,1965-03-25,60,Athlete
4818,1VJ7MO1N5DNQE7OF,M,2007-07-14,18,Athlete
4819,1VVOZK0EJUKHBEOK,F,1989-07-11,36,Unified Partner
4820,1W1VA1BQXKNQ7YWO,F,1995-10-04,30,Coach
4821,1W4PAB1Y659E79WJ,F,1984-10-02,41,Athlete
4822,1W5F9RVJA3KAYB6H,F,1996-12-26,28,Athlete
4823,1WD4QKXYMASCHNGS,M,1953-11-12,71,Athlete
4824,1WECB6TON925HV6G,M,2003-07-10,22,Athlete
4825,1WGRST5CZX88SRPD,M,1961-02-12,64,Athlete
4826,1WKX8HKQ3NVX0GTH,F,1974-07-27,51,Coach
4827,1WN854C2FV6RDF55,M,1955-03-05,70,Athlete
4828,1WS9W8FE7M0MQWCX,F,1985-12-05,39,Athlete
4829,1WSXHXZR7VHQ10OO,F,,0,Coach
4830,1X6BL8VEZL48XX6A,M,1974-06-22,51,Athlete
4831,1XAV7E2D5LORB9K3,F,1980-08-05,45,Athlete
4832,1XDF093BCMEC0I6N,M,2001-01-01,24,Athlete
4833,1XILFU3DEFZK73RP,F,1997-08-09,28,Athlete
4834,1XM3RV5D13QYZU23,F,1984-05-06,41,Coach
4835,1XSR2AC3QK8LW1NX,M,1969-01-23,56,Athlete
4836,1XXR7OY32ZRZNE7I,F,1982-01-09,43,Coach
4837,1XZK9PY3RMKHX9WN,F,1989-06-10,36,Athlete
4838,1Y6CBQP8PVQZMGTV,M,1974-02-16,51,Coach
4839,1YF0SCEHZ90A061V,F,1988-02-15,37,Athlete
4840,1Z8J4Q93FXHP1NIF,M,1984-01-04,41,Athlete
4841,1ZMM94YMTZF63K8N,F,1985-01-24,40,Athlete
4842,1ZNTLU18EFZ5P7VG,M,2002-07-12,23,Athlete
4843,1ZU8MPKH43SZZCTB,M,1968-01-30,57,Athlete
4844,1ZWPMA3ULWV5W7XN,M,1965-06-16,60,Athlete
4845,207RWFRZKAUR7252,M,1999-08-04,26,Athlete
4846,2099MEZCXX996ZYA,F,1998-04-15,27,Athlete
4847,20AZCQKPP1SW46N4,M,1971-04-21,54,Athlete
4848,20BSJD0CY0T60SHM,F,1996-12-24,28,Athlete
4849,20E7ULUKAHKMB9Z8,M,1973-12-12,51,Coach
4850,20PXNVI10S2KFGXU,M,1979-07-24,46,Athlete
4851,21C3BGFOQPLYMVI8,F,1995-10-28,30,Athlete
4852,21QSV4JTSBDQ6W78,M,2001-11-26,23,Athlete
4853,21TEJVFLO5FR067G,M,1994-12-31,30,Athlete
4854,21V3Z4PZIR16AE1C,M,1996-11-22,28,Coach
4855,21X2ZETVYP1N2Q1F,M,2005-05-17,20,Athlete
4856,225V0H2WYSX59LPS,F,1992-06-30,33,Coach
4857,230VGQC4C3XNCM1T,M,1986-12-21,38,Athlete
4858,23V5G1QCAP5VWUOO,F,,0,Coach
4859,23X2H2Z4BHW16H6F,M,,0,Athlete
4860,23ZLD3ZFJ5F0LHMK,M,1948-02-22,77,Athlete
4861,240CI579IAWG8JIH,F,1968-04-14,57,Athlete
4862,241DVO9VH5F3WSGU,M,1983-06-13,42,Athlete
4863,248OW52PAL54A44G,M,1985-03-30,40,Coach
4864,24C5NZEU95SOKNA4,F,1961-10-23,64,Athlete
4865,24K7IIOU1YFWVLTC,M,2000-09-30,25,Athlete
4866,24NR6H9U0QS8LWEG,M,1998-07-31,27,Athlete
4867,24ZI6VJ95IIPA33X,F,1978-03-14,47,Athlete
4868,25FXSIN5LEK8KZK7,U,2000-01-02,25,Coach
4869,25T1OVR82UX0UWAZ,F,1970-08-21,55,Coach
4870,25UY259EUP04BNZU,M,1947-05-17,78,Athlete
4871,263R4HWUI5O4PFAM,M,2001-07-22,24,Athlete
4872,26ARX1K4FAXAG6ME,M,1992-07-29,33,Athlete
4873,26CCAG1QTVX59JBY,F,1998-07-31,27,Coach
4874,26FE6KNIBC11MYUQ,M,1992-05-02,33,Athlete
4875,26LFP30MIOR6UWKL,F,1956-09-02,69,Athlete
4876,26TQ26QTVXOZZGBS,F,1999-06-08,26,Athlete
4877,271EZV7K31G68CGX,M,1994-04-03,31,Athlete
4878,280JFG7TD3Y7N8P3,M,1962-02-11,63,Athlete
4879,28J2IWDLOVPDW4OI,F,1986-02-05,39,Coach
4880,28LOA8O3MWZ3043B,M,1947-06-03,78,Coach
4881,28OP6Z52GLINKI5G,M,1970-02-12,55,Athlete
4882,28X46M8VTCO9S4L5,F,1970-05-11,55,Athlete
4883,294RGBOLZL294W5D,M,2000-02-04,25,Athlete
4884,297GFBTPSLLT237O,M,2000-09-07,25,Athlete
4885,29EX4Z39MT32IG4W,F,,0,Staff
4886,29N48VB1UJ7VHYBE,M,1971-10-27,54,Athlete
4887,29X8KHCF50S1HS2X,F,1971-12-16,53,Coach
4888,29XS4L1FSQVG4FWK,F,1976-02-08,49,Athlete
4889,29ZK083P9UTWQ16C,M,1967-01-03,58,Athlete
4890,2A7YBNN2HC3ZL76T,F,2009-06-05,16,Athlete
4891,2ACKK550LH16I7L5,M,1999-08-14,26,Coach
4892,2AH64N06MD7YW6JR,F,1962-10-12,63,Athlete
4893,2ALF870I6YSO5HZC,M,1979-07-19,46,Unified Partner
4894,2ASDXL8I80WGQJMU,F,1964-05-20,61,Coach
4895,2ATA4EI50A60L4MF,M,,0,Athlete
4896,2BOACQT165QP8L8D,M,1900-01-02,12,Athlete
4897,2BOMCXQFXT2MSU38,M,2004-11-19,20,Athlete
4898,2BY106H4FOS7NTG7,M,1974-11-30,50,Athlete
4899,2C228KEJI1M5S28B,F,1952-03-21,73,Athlete
4900,2C3R0XDF3DT2M567,M,1990-07-10,35,Athlete
4901,2C4HB1MPNNNTOPC3,F,1971-06-20,54,Athlete
4902,2CQ1B16LNQSLAI7A,F,1971-12-01,53,Athlete
4903,2CU8GVWQWPDWH4KX,M,1970-05-24,55,Athlete
4904,2D0WSSNA6FBRBN8C,M,2000-09-19,25,Athlete
4905,2D634TGKG6BMZCZE,M,1963-01-04,62,Athlete
4906,2DETQHMJ9O3FVUIZ,M,2004-07-13,21,Athlete
4907,2DOF6WDJPNF0CN41,F,2001-01-04,24,Athlete
4908,2E2M0HZ3B5EYIDTW,M,2007-01-28,18,Athlete
4909,2E9HUK5YYQ5M2DBA,F,1984-07-04,41,Athlete
4910,2EKOAIHDAVEOATZC,F,1980-08-20,45,Athlete
4911,2ELZSIYCR9GH6Q43,F,1982-01-05,43,Athlete
4912,2ETOU8ZTQMFJNF6K,M,1967-02-21,58,Athlete
4913,2F2NN8TLFQFMNIMH,M,2011-07-07,14,Athlete
4914,2F3Q3MUFU4N983B7,F,1995-06-05,30,Coach
4915,2F63B2WWCBHJCSVP,M,1993-12-24,31,Athlete
4916,2F70AEHMZRURPA5V,M,1967-04-28,58,Athlete
4917,2F75NA84I3YVD7H1,M,2005-05-03,20,Athlete
4918,2FDUO59EUXCLXE1K,F,1975-08-23,50,Athlete
4919,2FET195V0X9BQGEJ,M,2000-01-19,25,Athlete
4920,2FTJW63RU0W704WO,F,1998-11-18,26,Coach
4921,2FWDBDU8WZ3MUTTS,M,1933-11-13,91,Coach
4922,2G5A9FUY3HQXEBUX,M,1981-10-10,44,Athlete
4923,2G96W3XBLLME0425,F,1954-04-11,71,Athlete
4924,2G9PI4S07L13H529,F,1959-07-17,66,Athlete
4925,2GEXLPWSLI0XEWK2,F,1979-11-11,45,Athlete
4926,2GGWH5INZY5CITCY,F,1993-09-14,32,Athlete
4927,2GQ3WIHQV4GRJL2I,M,,0,Coach
4928,2GW7UJLCL88VGW8Y,F,1974-07-24,51,Athlete
4929,2HB9RIZXTMJ5ICRR,M,1988-08-09,37,Athlete
4930,2HE9SEET0DE1TK4Y,M,1975-06-29,50,Athlete
4931,2HHYABB2O8PKNESR,M,1991-09-02,34,Athlete
4932,2HMP21X921LBHTTN,U,,0,Unified Partner
4933,2HP6RBH0E0AL75RR,M,1977-11-17,47,Athlete
4934,2HTZFORFKTX379GK,M,1997-05-28,28,Athlete
4935,2I7R2PDGJASWQ59O,M,1990-12-05,34,Athlete
4936,2IMHCXJR1931X6F3,F,1988-09-27,37,Athlete
4937,2ISULZRCIY9CCYE5,F,1983-05-05,42,Athlete
4938,2IU9DUO0R0SR75NF,M,1966-07-05,59,Athlete
4939,2IVW03C14YKM62ID,F,1983-08-03,42,Athlete
4940,2IYMP91ZZVPUMUPF,F,2000-04-17,25,Coach
4941,2J37D7DH221B7P7G,F,,0,Coach
4942,2J5M4ILVV3XKNE8D,M,1964-10-01,61,Unified Partner
4943,2JBML0JZLDK8Q6IF,F,1982-07-01,43,Athlete
4944,2JKA7FX4XNYAS3JZ,M,1966-05-06,59,Athlete
4945,2JR0DPM76T9C49Q2,M,1970-02-12,55,Athlete
4946,2JVKP2TLMF9GGKOS,F,1985-02-12,40,Athlete
4947,2K9BXK2AVWVNFPL2,F,1982-03-03,43,Athlete
4948,2KN84068MLHKP23F,F,1988-08-01,37,Athlete
4949,2KWNGFC3YW819R9A,M,1954-03-22,71,Athlete
4950,2L3O1D6E4MG0VA87,M,1975-09-01,50,Athlete
4951,2LF4ILEKFM8TM8SF,M,,0,Unified Partner
4952,2LM4IOLW7FDXLK2H,F,1948-05-30,77,Coach
4953,2M1AQ113Q8946DVD,M,1979-06-05,46,Athlete
4954,2M6SY6IQP25Z0SMF,M,1998-08-07,27,Athlete
4955,2M9Z1FU60M3E4CLG,F,1959-12-06,65,Athlete
4956,2MFJQS6UM1FZ7NC6,M,1957-12-21,67,Athlete
4957,2MP9V2H1KD48A3D8,M,,0,Athlete
4958,2MPUF7XQQIBCDSLL,F,2000-05-04,25,Athlete
4959,2MTMA1097RB3NAEF,M,2005-06-14,20,Athlete
4960,2N5WW6PJ9OZ2HBVN,M,,0,Unified Partner
4961,2N60S7ITY2SGTBUX,F,1996-12-11,28,Athlete
4962,2N6AGZWIE6XDTJZM,M,1994-12-13,30,Athlete
4963,2NIY5ZNUJDNXB0ZF,M,1975-11-19,49,Unified Partner
4964,2NQNMSR844D4FZX2,F,2000-04-05,25,Athlete
4965,2NS34P9GWMDM32YA,M,2003-01-15,22,Athlete
4966,2NXABZIAC2OR1S5I,F,,0,Coach
4967,2O10S23XMAC4UX4B,F,1972-04-07,53,Athlete
4968,2O4FMFRT9YNG16HU,M,,0,Athlete
4969,2OJIFSF5XM427GDW,F,1999-08-25,26,Athlete
4970,2OL9PUA38E9JWZLV,F,2004-10-02,21,Unified Partner
4971,2OO5817P4QQ7IVUB,F,1995-08-01,30,Coach
4972,2OVV3JSHQBY9IY4F,F,,0,Unified Partner
4973,2PM9Z6ZP35T7TKZD,M,1993-06-01,32,Athlete
4974,2PUG7N8TSFZ9PWVF,M,,0,Athlete
4975,2QAUGHS4HVIVVCQQ,F,2000-07-30,25,Athlete
4976,2QB1S2NW8CQVFI9Y,M,2000-11-30,24,Athlete
4977,2QE0952C340MVKQB,M,1963-11-27,61,Athlete
4978,2QM188LX01QONHUO,M,1991-01-31,34,Coach
4979,2QRALX31KP8EZ7NO,M,,0,Coach
4980,2QYT040J4S3P3AN3,M,1987-04-20,38,Athlete
4981,2R1WSIFS5LM4QVJH,M,1987-10-23,38,Unified Partner
4982,2R4M61AKWYJHW130,M,1948-12-16,76,Athlete
4983,2RAR298405GIW395,F,2000-10-20,25,Coach
4984,2RCI38EBXC2EQJGT,M,1996-10-21,29,Athlete
4985,2RKCU52OUME7JRPW,F,1980-10-28,45,Athlete
4986,2RSUUROKFDGQKTR0,M,1956-11-10,69,Athlete
4987,2S29TED0HBIYZ62Y,M,1951-10-19,74,Athlete
4988,2S607F5B70FQNG0J,F,1982-11-09,43,Athlete
4989,2S8LWU7LGGWF9SU9,M,1996-01-22,29,Athlete
4990,2SDKM7R41ROIABZ9,M,1960-04-04,65,Athlete
4991,2SFXCJCBEB9Q4ZGV,M,1995-06-18,30,Athlete
4992,2SO475QDT8I2GQG8,F,2001-04-20,24,Athlete
4993,2SV4F5UTM8CAF69K,F,,0,Coach
4994,2T3ZE8QLW7UBIFMA,F,1981-06-24,44,Athlete
4995,2TUNV9EES9X4615T,M,1966-12-02,58,Athlete
4996,2TVMSBX318W9HM8A,M,1995-11-22,29,Athlete
4997,2TW2LQLQVB6PCUN0,M,1969-04-22,56,Coach
4998,2TZM3PFWW8L7IJUS,M,1999-11-14,25,Athlete
4999,2U1V2RK58CDJG0LG,F,1972-03-26,53,Coach
5000,2UD3NBZPIL9QVK7R,M,1960-09-09,65,Athlete
5001,2ULPN75Y46FW3H0J,M,1995-11-19,29,Coach
5002,2ULVKASRH5SH2EGX,M,1994-03-06,31,Athlete
5003,2UWLBLV3FBCAIQ6G,M,1999-05-25,26,Athlete
5004,2V3789O9N0LSOCJM,M,1959-12-02,65,Athlete
5005,2V72WGI3DITVBLDK,M,1983-05-02,42,Athlete
5006,2V987BP1SD7CF1WC,F,1973-05-05,52,Athlete
5007,2VBIEOXLR5ANAYGU,F,1970-04-06,55,Athlete
5008,2VJ4CJVVL62NZXU6,M,1983-04-14,42,Athlete
5009,2W3GIARDHCJ1BTSI,F,1990-03-24,35,Athlete
5010,2WDDFDI9EVGG9WMZ,F,1978-02-04,47,Athlete
5011,2WEJ5Q8S4KJFZ4MP,M,1989-05-09,36,Athlete
5012,2WGCLXONV8N92BN2,M,1978-05-17,47,Athlete
5013,2WSYBGDLPZHNBLZ3,M,2007-12-26,17,Athlete
5014,2X3O0I4I9PLDA3TN,F,,0,Coach
5015,2XM9QIN99OL4WSV1,M,1997-05-02,28,Athlete
5016,2XSRJGOAF1H4BCDL,F,1980-01-07,45,Coach
5017,2XXTHDEWU79T44LX,M,,0,Athlete
5018,2Y2WWEBLEAF4DZJ2,F,1969-07-17,56,Athlete
5019,2Y3L9L7SU2K8F7R4,M,2006-11-20,18,Athlete
5020,2YAAVJZQB6ES4PA6,F,1958-12-30,66,Athlete
5021,2YAP4BKMF5NKHG7S,F,1985-01-24,40,Coach
5022,2YAXCMNWNCRHAFJV,M,2006-02-07,19,Athlete
5023,2YDH00H7MZ39T5PD,M,2002-09-19,23,Athlete
5024,2YHE8OESVDMR7WPS,M,1954-05-19,71,Athlete
5025,2YT2OMRN96SR7LU0,M,1985-01-22,40,Athlete
5026,2YU85DSU0KNIJWP4,F,1979-02-10,46,Athlete
5027,2ZSJSKR83B35V379,M,1976-10-26,49,Athlete
5028,30ELRMZGFJT94IKP,F,1967-08-25,58,Athlete
5029,30J2FW61SYZLPYN7,F,1980-10-22,45,Athlete
5030,30LU89MUDOMQ15R0,F,1968-01-28,57,Athlete
5031,30S0ZV4ILOJCKRI7,F,1965-09-13,60,Athlete
5032,316WOS8M00U2IEZR,M,2001-02-22,24,Athlete
5033,31FXLGWPSJRACXCQ,M,1953-05-13,72,Athlete
5034,31KAQN2K5RRK0ST0,F,1966-08-12,59,Athlete
5035,31KYQ2JS8QQ0G1AV,F,1962-08-08,63,Athlete
5036,31XBQVBTHQ51PECI,F,1962-07-13,63,Athlete
5037,32050YBLLSX856ZI,M,1976-08-29,49,Athlete
5038,3211C2VD304R8EMC,F,1967-02-20,58,Athlete
5039,32C8NK25DB3P5ODR,F,,0,Coach
5040,32CL6VZN7KA0SB5Q,M,2003-06-29,22,Athlete
5041,32DBV8D74EWTPFS1,F,1961-07-26,64,Athlete
5042,32NP20CMKYPGBXV8,F,,0,Coach
5043,333T3H3EB7K9N3SI,M,1951-05-24,74,Athlete
5044,337HWLOLZWO29JHI,M,1986-01-03,39,Athlete
5045,33B7AMP4D8WTNEIU,M,1998-05-31,27,Athlete
5046,33DKZ8C21SEDEL8O,M,1970-12-17,54,Athlete
5047,33E6KW5QH7ZZFZ35,F,1986-10-15,39,Athlete
5048,33J8OKEQNLEY4HMO,M,2000-07-30,25,Athlete
5049,33N2TMGLONOR0AKG,F,1992-07-28,33,Coach
5050,33SV2NGEWKIPVWIO,F,1960-03-11,65,Athlete
5051,3415SMUNCNUXULSY,F,1970-08-25,55,Athlete
5052,3424OMOFEHQ8SXT5,M,2000-08-26,25,Athlete
5053,344LVBWNQCYR12V3,M,1968-02-25,57,Athlete
5054,3468KOQ2B0DS60E6,M,1996-04-04,29,Athlete
5055,346R1DM8ZGJGR1NW,M,1977-03-23,48,Athlete
5056,34C279SP6JOIL3XD,F,1966-04-19,59,Athlete
5057,34DFK77UX348V0RZ,M,1969-07-22,56,Athlete
5058,34I274RIS20GKTYO,M,1975-04-27,50,Athlete
5059,34K0L3QEEYZR77B8,M,1974-08-19,51,Athlete
5060,353YGSMAJMB9W27C,M,,0,Athlete
5061,357PIKEB33OZXSN9,M,1987-07-24,38,Athlete
5062,35H17CC2UHFDIBJP,M,1985-09-02,40,Athlete
5063,35KT3O1FKV8FB047,M,1976-11-14,48,Coach
5064,35MOMI7DSZQQ9TQL,F,1964-04-14,61,Coach
5065,35NGT60NBICMA9WG,F,1973-06-27,52,Athlete
5066,35UKW9PC1SDXWEC5,F,1989-08-14,36,Coach
5067,369JXPFEQAM4GQ3G,M,1974-12-11,50,Athlete
5068,36AV4EZNCBII5FMY,M,,0,Coach
5069,36EIYIY3DNL3OM94,F,,0,Coach
5070,36PVKRLRYIZFI1HM,F,1991-12-18,33,Athlete
5071,36QGBOLUI4UDNQ0L,F,1988-05-22,37,Athlete
5072,36TOOA9J8BAR3D6I,M,1973-11-17,51,Athlete
5073,372ZOJJ5D2AAXBTO,M,1987-05-13,38,Athlete
5074,3798SZXB76CYEYS4,M,1999-07-19,26,Athlete
5075,379T9ZXOZFZCUOX0,F,1988-10-02,37,Coach
5076,37GSQJ2EGCHF3SM9,M,1974-12-01,50,Athlete
5077,37R9N62P6U4OW032,F,1962-08-12,63,Athlete
5078,382BOUTB5NC1LYVG,F,2006-06-29,19,Athlete
5079,387SQMDBQWQVF330,M,1998-06-17,27,Athlete
5080,38BYXJVO2D0QKPGQ,M,1974-11-11,50,Athlete
5081,38FSKTM3HKLNM4HS,M,1996-08-14,29,Athlete
5082,39FRNJ3RJXKDBJVH,M,1974-04-03,51,Athlete
5083,39GC0O8N4KUOCS1S,F,,0,Coach
5084,39INSTCDB0UQAMIB,M,1997-06-05,28,Athlete
5085,39RC99QGZH4QZXYO,F,1992-02-20,33,Athlete
5086,39S420KCSCTLL7A4,M,1957-10-29,68,Athlete
5087,39SJKE5PLZWUJCCZ,M,1962-11-14,62,Athlete
5088,39TOVWZVMJM7F98U,M,1999-04-28,26,Athlete
5089,39VP82KWRAL20U85,F,,0,Unified Partner
5090,39XYPV4QJ3JM8CEG,F,2002-12-26,22,Athlete
5091,3A27BAKJVDKC45B8,F,1969-09-13,56,Coach
5092,3A8USB2SC1C2H8Q7,M,1957-07-30,68,Athlete
5093,3ABK5KELEHIJQVW2,M,1996-03-17,29,Athlete
5094,3AEJRPF6GNMRYVDP,M,1972-03-17,53,Athlete
5095,3AFJ1KH00B91OF0S,F,2014-07-08,11,Athlete
5096,3AIMQQD8Z2U9P2RE,M,1963-03-22,62,Athlete
5097,3AYNKDO4A1F22KOG,M,2011-07-25,14,Athlete
5098,3AZBBUNQ0NNJM6C3,M,1966-01-19,59,Athlete
5099,3B3G147OEI5M3BJ1,F,1948-08-19,77,Coach
5100,3B8OQ3N7UYZX2ACP,M,1977-06-29,48,Athlete
5101,3BBG5K1TC9MOEG1T,M,1990-03-19,35,Athlete
5102,3BBMOYF0Y8XMIC82,M,1987-06-19,38,Athlete
5103,3BZQOLZ719H5ANYM,M,1956-01-26,69,Athlete
5104,3C6CUP8CX21YNL61,F,1989-08-25,36,Athlete
5105,3C75PMG482AO8CS1,M,2004-01-03,21,Athlete
5106,3D126WCEOVNA2Z8L,F,,0,Coach
5107,3D3UPXAOM6TFK2DE,F,1983-02-12,42,Athlete
5108,3DMC4H4UJUBN3DUC,F,,0,Coach
5109,3E232F8KJ7Y69OTF,F,1991-10-11,34,Coach
5110,3EG4RFKLPGU3PR16,M,1976-08-06,49,Athlete
5111,3EQBKOGRXG4RO5VC,F,1946-08-12,79,Athlete
5112,3ESKDOO2XUK5SWPY,M,1972-05-10,53,Athlete
5113,3F04KWBDSZO4VRPJ,M,1967-10-23,58,Athlete
5114,3F91AN4TI0B4J9UT,M,1993-03-25,32,Athlete
5115,3FGOSMTNJGOG0V6O,M,2009-03-21,16,Athlete
5116,3FMD0KS3BZD8LQIA,M,,0,Coach
5117,3FVIUBNQNML1O6OK,M,1994-04-01,31,Unified Partner
5118,3G4EEEZ9YCGTRLAS,M,1960-07-03,65,Athlete
5119,3GBXCLUD4Z0KQQ0A,M,2003-03-10,22,Athlete
5120,3GPZKHC2AG2OXWUV,M,1954-02-04,71,Athlete
5121,3GXU2UYUUU6GGG07,F,1949-08-08,76,Athlete
5122,3GZS8NSZZDUTHDLS,F,1993-09-07,32,Unified Partner
5123,3H0PT6LBZLNS991J,F,1950-04-04,75,Athlete
5124,3H54KA8EBAXCDQXO,M,1967-10-15,58,Athlete
5125,3HAF6EXVWRBW2XQ8,M,1966-02-03,59,Coach
5126,3HG5Z8NPJRH0OTV9,M,1961-12-01,63,Athlete
5127,3HXDBZ9FLV5BF80X,M,1967-08-02,58,Athlete
5128,3I2Z8WJ4OT2ERDBD,M,1956-04-27,69,Athlete
5129,3IHJ829ZTEZI72U1,F,1974-11-14,50,Athlete
5130,3IJHLTWQU0F4FUKL,M,1932-02-01,93,Athlete
5131,3IR3EQ57RPCRZ8RH,F,2003-02-19,22,Athlete
5132,3IZCAZ1PBLX9KHV1,M,1998-06-21,27,Athlete
5133,3JCZWPHTGIV8YB8R,M,2002-10-15,23,Athlete
5134,3JNF22E77AIBDKG6,M,1971-06-19,54,Athlete
5135,3JOUNCZL4TERO3GS,F,1988-08-09,37,Athlete
5136,3JUOP98G3ZEM6KUP,M,1990-03-22,35,Athlete
5137,3JX6JPJS3TW4QU2O,M,1995-02-19,30,Coach
5138,3JZODOK4VATFN3WY,F,1986-12-07,38,Athlete
5139,3K0IXQ6MK3HYSGFS,F,1997-08-27,28,Athlete
5140,3KHCWON67LKHP7F7,M,1962-03-17,63,Athlete
5141,3KJF6GVKJUW61QWP,M,1968-11-10,57,Athlete
5142,3KLSIXP4POUJN472,F,1976-05-18,49,Athlete
5143,3KU5M0YSF7FMGZOP,F,1965-12-10,59,Athlete
5144,3L44INUINGE77M5R,M,1969-03-31,56,Athlete
5145,3LJDJF8MMJ75COFN,F,1984-02-21,41,Athlete
5146,3LOVJ3BR3FWZVEXY,F,1981-03-02,44,Athlete
5147,3LR3VKJKP9NC2LDL,F,1978-05-29,47,Athlete
5148,3LSYHD8HK67SZRDP,M,1974-06-22,51,Athlete
5149,3LVE7S2684T16D06,M,1951-07-01,74,Athlete
5150,3M7CFEE8FDT14DBF,M,2001-11-19,23,Coach
5151,3M8AOC1JJL47NFNX,F,1963-04-01,62,Coach
5152,3MD4DR5XFIG4UNWY,F,1985-03-08,40,Athlete
5153,3MJBY9GPIWO93HXN,M,2010-11-27,14,Athlete
5154,3MYH21SKASDPRS9U,M,1967-10-13,58,Athlete
5155,3N2GGVB7YLL2GO66,F,1994-01-19,31,Athlete
5156,3N5UKQTU30I4CN4Y,M,1990-03-15,35,Coach
5157,3NECOVCG81JE0H4O,F,1956-03-08,69,Athlete
5158,3NKDD1W0BSPWFE2T,F,,0,Athlete
5159,3NR6HG5GGXDP2I3Z,F,1980-04-01,45,Athlete
5160,3NV8LN1JVC197AUU,M,1982-06-08,43,Coach
5161,3NVXU6MVM1UGOVY2,M,1994-12-19,30,Athlete
5162,3NY55W7DM6LSEN4M,M,2002-05-01,23,Coach
5163,3O7P1CD8N4M6VWV7,M,1962-09-14,63,Athlete
5164,3OEEYE0SI0ZPXTHZ,M,1979-08-06,46,Athlete
5165,3OJZYQ62Q3HU4GUS,F,,0,Coach
5166,3OXZFF64BMG98T6A,M,1999-09-07,26,Athlete
5167,3P87B9Q1RYSEX59L,M,2002-05-11,23,Athlete
5168,3PHUOJLQYQ223A7T,M,1973-08-25,52,Athlete
5169,3PM3H47E704IWXF8,M,1983-09-19,42,Athlete
5170,3PM5UH4NAYQ4ND9P,F,2000-03-03,25,Coach
5171,3Q2LP24HBIY1IQW9,F,1979-01-17,46,Athlete
5172,3Q67ZTZP6C6VT0V8,M,1958-12-01,66,Coach
5173,3QFDDA6RR5281C2H,F,1962-09-13,63,Athlete
5174,3QK02PHGBZR74ZQT,M,1980-07-03,45,Athlete
5175,3QQ1YYAFMJC3Y1VY,F,1994-10-17,31,Coach
5176,3R4J51FD4N3K8FUG,M,1975-10-15,50,Athlete
5177,3R6F8Q0MA0BLAL62,M,1963-10-16,62,Athlete
5178,3RHIXSEP64CD74G5,F,1993-12-20,31,Athlete
5179,3RL85JJUU33TXYUH,F,1970-06-26,55,Coach
5180,3RSS841I06XEZWW5,M,1981-11-07,44,Athlete
5181,3RUZZJS59A7LQV4W,F,1970-03-01,55,Coach
5182,3S8Z35C1R8NYXFIO,M,2002-01-01,23,Athlete
5183,3SYDPSVEH5AE3V3T,M,2008-02-06,17,Athlete
5184,3T5ST9GVTEE1L1N0,M,1993-04-05,32,Coach
5185,3TD4M469I16NFD25,F,2001-09-20,24,Athlete
5186,3TIHNN5BG21Y6SG2,M,1957-02-18,68,Coach
5187,3TV5559FX664UQ19,F,1986-06-21,39,Athlete
5188,3TX4G0FOTYFSQ4GS,F,1996-09-10,29,Athlete
5189,3TX4KHMC1CSMWLXU,F,,0,Unified Partner
5190,3TYUUTX13R8NZS5J,M,1983-09-20,42,Athlete
5191,3U5XP43VR2NA0W08,M,1966-07-17,59,Athlete
5192,3UDNXI3I1S2RXPCC,F,1990-09-04,35,Coach
5193,3UEF6GG4SGMFMBSO,F,1989-02-16,36,Coach
5194,3UNQNR1JK65WS48W,F,2003-11-19,21,Athlete
5195,3URNO3IE0REYO2K3,M,1961-08-05,64,Coach
5196,3V4BZOXIBWITVE9K,M,1967-10-02,58,Athlete
5197,3V5PED4VGKRNFWE6,F,1977-03-27,48,Athlete
5198,3VGFC9VNIOT2SUJ8,M,2008-10-11,17,Athlete
5199,3VSPFZP5DMHCWRC4,M,1996-12-02,28,Athlete
5200,3VTRTU8G7CKVKT36,M,1979-02-08,46,Athlete
5201,3W75P1JGPNZUP5SM,F,1982-03-19,43,Athlete
5202,3W8OA3BMMJZYF3QV,F,2008-02-29,17,Athlete
5203,3W8TUPX22KKLT9VQ,M,1978-02-05,47,Athlete
5204,3WEN21ABV0H28E5J,M,2011-09-29,14,Athlete
5205,3WKPIEQ5SQCGBZ4Y,F,1971-07-08,54,Athlete
5206,3WMD5HQC7F2RKFH6,M,2004-12-13,20,Athlete
5207,3WNT8D5T2O14D3BE,M,2000-05-09,25,Athlete
5208,3WRS31WZY6UGYR29,M,1973-06-01,52,Athlete
5209,3WU0UC5HJK6TZZMU,M,2002-07-09,23,Athlete
5210,3WXO3M9FHD08BL5Z,F,2002-06-18,23,Athlete
5211,3X68OX65J982AL65,F,1993-10-08,32,Athlete
5212,3X6XUAW8A53SNOF3,M,1979-12-28,45,Athlete
5213,3X7TLXYP0DV25PI9,M,,0,Unified Partner
5214,3X99YDAYJXJWGGH4,M,2001-06-30,24,Athlete
5215,3X9J80NGFG42GFNF,M,1994-12-18,30,Athlete
5216,3XFK7AVOIPECYKHB,M,1985-04-15,40,Athlete
5217,3XTRUPCHNV1BISE6,F,1973-11-16,51,Coach
5218,3XWL12B970LD280C,M,2004-03-18,21,Athlete
5219,3XZLZF19I609Z77V,F,1977-06-13,48,Athlete
5220,3YAVWSRO408CPL2I,F,1979-01-24,46,Coach
5221,3ZDAL6QLXJ9ING3K,F,1974-12-15,50,Athlete
5222,3ZFOHATXGE1B83V5,M,1967-08-04,58,Coach
5223,3ZMVXHY0HMNV4FSF,F,2006-02-04,19,Athlete
5224,3ZNBTLQXB6T4E717,M,1992-08-20,33,Athlete
5225,3ZO5SD58G33ZB4XB,M,1999-07-26,26,Athlete
5226,3ZYH85R6AUC4PTGB,F,,0,Coach
5227,400JULQLMV0RD7P4,M,1983-07-21,42,Athlete
5228,409M43VW81RU9FNS,M,1977-05-28,48,Athlete
5229,40JQUHOP6QV9VV8Q,F,,0,Staff
5230,40MB4B1W07LBAHCV,M,1977-10-24,48,Athlete
5231,40WXBREWR3R8YH77,M,1998-01-27,27,Athlete
5232,4102AFJ5RA2IIED7,M,1993-10-10,32,Athlete
5233,415C9ND3SKJP297Z,M,2009-01-08,16,Athlete
5234,419EC5HBRLHN2RES,M,1994-10-24,31,Athlete
5235,41DV5OF51IN1VLPD,F,1994-09-23,31,Athlete
5236,41O3485SUBYFDLL4,M,1992-10-29,33,Athlete
5237,41V7KYCSUHW82HUP,M,1974-06-25,51,Athlete
5238,423656SGC9PX7VKI,M,1992-11-10,33,Athlete
5239,42IGFHU8XB9XTQSU,M,,0,Unified Partner
5240,42KO1DY9DNP0LNLT,F,1975-02-19,50,Unified Partner
5241,42MIYBBSO55WRM1A,M,1987-03-13,38,Athlete
5242,4317AL0LVE5Q8CSM,F,1974-09-19,51,Athlete
5243,43GB30LAY6MOFCS1,F,1975-02-18,50,Coach
5244,43HTW6LNUXWTCATZ,F,1997-10-22,28,Coach
5245,43KAP6MQVJXFEVM7,M,1991-11-15,33,Athlete
5246,43SOLBJQHDDDOXMB,F,1998-05-08,27,Athlete
5247,43TO7CHA8YM29298,M,1994-09-01,31,Athlete
5248,43WU6E3QNXA58QN2,M,2002-11-13,22,Athlete
5249,44C16X6MBO43TNO5,M,1984-03-18,41,Athlete
5250,44K1VE4H712NCV81,M,1964-07-22,61,Athlete
5251,44K9DJDDU6QPXIAP,F,1994-05-13,31,Coach
5252,44PFNEU17UY2DTUR,M,1998-05-16,27,Athlete
5253,44SFBBXX32C6VOSH,F,1969-01-02,56,Athlete
5254,44ZM66RH02JJ9NRT,F,2004-10-20,21,Athlete
5255,45IBIL3VASJ9O3R6,F,1968-04-14,57,Athlete
5256,45JIAW53BGN6IA2Y,F,1957-11-27,67,Athlete
5257,45KZOFSM7993D5LT,F,1994-01-05,31,Coach
5258,45XTJ5RYOAHEFVAT,F,1949-06-23,76,Coach
5259,45ZUXRUV5RGBB6PD,M,1951-02-04,74,Athlete
5260,464F93QNXN95ZXOW,M,1962-06-09,63,Athlete
5261,464NXF8TOG8MOW2D,M,2010-04-22,15,Athlete
5262,46D5X7NBU6WQEDKT,M,1959-09-23,66,Athlete
5263,46IARV5SJTJAS88G,M,1998-06-27,27,Athlete
5264,46KKR48X5UAPNSWR,M,1971-09-25,54,Athlete
5265,46O65A2LAK1P9764,F,1958-08-03,67,Athlete
5266,46OOTAHOK857Z0IF,M,1991-05-22,34,Coach
5267,46TQN7OAXCZEPCLU,F,2009-01-24,16,Athlete
5268,471WSSUA23LJXY1J,M,1997-05-20,28,Athlete
5269,475BFVV69SSF45ZY,M,2004-08-11,21,Athlete
5270,47IK4S6P2TDTAGY0,F,2004-12-14,20,Athlete
5271,47U1CWWD8PT1ZAIG,M,1960-09-18,65,Athlete
5272,47UQNESGE1XI4I8O,M,1976-06-18,49,Athlete
5273,48489VWH76S0GN3S,M,1998-11-21,26,Athlete
5274,485U1KOZ8QW2B2FB,M,1960-07-24,65,Athlete
5275,486NVQ2KVMW1FM8W,F,1968-01-06,57,Athlete
5276,48D4HYKE7JJK29LA,F,1950-10-14,75,Athlete
5277,48GJ3IBFJKSBIN6Z,F,1972-07-24,53,Coach
5278,48HM6XGZXMQTFR7Z,M,2008-02-04,17,Athlete
5279,48NX31HZ048XJYYQ,M,1996-07-23,29,Unified Partner
5280,48RVKP9ZPIT1ZHRU,F,1987-01-09,38,Athlete
5281,49AKK4XLN1AJGZ5W,F,1983-09-06,42,Athlete
5282,49HRM22Q1T2MG8FL,M,1980-09-01,45,Coach
5283,4AIFHDOA9TKD6RBI,F,,0,Coach
5284,4AJR79X1D6JE9L81,F,2007-03-27,18,Athlete
5285,4AKSM4MJ1WO933TJ,M,,0,Athlete
5286,4ANPHLG103V8IG2Z,M,1986-03-26,39,Athlete
5287,4B4Z8EY3FM6TWDJ0,F,1948-04-21,77,Athlete
5288,4B7RCTVUD43F5QPR,M,1962-12-19,62,Athlete
5289,4BHC4Y40G9SPTBLI,M,1999-01-13,26,Athlete
5290,4BU0X1IQTS2E587G,F,1988-08-09,37,Athlete
5291,4CA2L28EP2TXW6G4,F,1981-04-18,44,Coach
5292,4CFI1KR27JIN2HLZ,M,1999-10-04,26,Athlete
5293,4CFM0YAAASK3RV2S,M,1975-10-01,50,Coach
5294,4CJZ7BTTZYKY47UZ,F,1998-04-09,27,Athlete
5295,4CMBRB6F0WD4L2N5,F,,0,Athlete
5296,4CMNUBMPAGXTV7JF,F,1992-09-06,33,Athlete
5297,4D028MBM87ILLSQF,M,1987-01-21,38,Coach
5298,4D6MFEXIC6QJ3KL7,F,1999-09-19,26,Unified Partner
5299,4D8AA4SRYMIFL7QD,M,1989-08-28,36,Athlete
5300,4DD3AL1OXEPFMLML,F,,0,Unified Partner
5301,4DIB6H4B9CDL0URZ,F,1995-02-10,30,Athlete
5302,4DO782XOQNH5W38C,F,1942-06-09,83,Athlete
5303,4DRS2202RNI7W6IY,M,1999-06-22,26,Athlete
5304,4DWDJJOTJEGYZBDG,M,1988-04-12,37,Athlete
5305,4DYMHKN9H5R1TI6P,F,1957-09-05,68,Athlete
5306,4E8C63VYJ3V5H3HA,M,2009-04-12,16,Athlete
5307,4EIXEHPAXW99IN93,M,2001-10-16,24,Athlete
5308,4EJU1UGK9K9KEKX5,M,1956-10-07,69,Coach
5309,4ELS3OO426KSUPGE,M,2011-09-29,14,Athlete
5310,4EV9VD1RG12M80LX,M,1960-08-26,65,Athlete
5311,4F2AI5202VA8ICYO,M,1994-02-07,31,Athlete
5312,4F3UJXDBSKI86ZDI,M,1954-01-22,71,Coach
5313,4F5UB100Q1OXZ37M,F,1994-05-16,31,Coach
5314,4FA34EDFVGLCGLK9,M,1962-03-02,63,Athlete
5315,4FCJCHNW48HO80GM,M,1960-01-23,65,Unified Partner
5316,4FEOEJUHBA3WVJ3J,F,1986-03-24,39,Coach
5317,4FHL24V1FPTDJMSF,M,1996-08-23,29,Athlete
5318,4FPF3VMXQ3SDH8RS,M,1993-10-12,32,Athlete
5319,4FUD7PM4OHQIUJL3,F,2006-10-26,19,Athlete
5320,4GC9RTTNQNRF9868,F,,0,Coach
5321,4GW970EYU19GQOQP,M,1962-03-01,63,Athlete
5322,4GXJKZFEDMTSZSEH,F,1990-03-15,35,Athlete
5323,4GZV8P028V75KWV5,F,1989-11-13,35,Coach
5324,4H2NS0ASFD0TABJ6,F,2001-05-15,24,Athlete
5325,4H36NZ5WEY766KQ7,F,2005-03-09,20,Athlete
5326,4H6OTH2Z5VEFQBZI,M,1963-11-09,62,Athlete
5327,4H7J3D3QL2OR7KGL,M,1966-12-23,58,Athlete
5328,4HEFMFMDP36WCB6W,M,1965-03-07,60,Athlete
5329,4HGWOOYHZK7WTKNI,F,1979-06-15,46,Athlete
5330,4HQIU93AMX17Y3UM,F,,0,Coach
5331,4I0YNRU5ZUB9MM2E,M,1977-06-14,48,Athlete
5332,4I371W4SJ5PP9633,M,1976-11-26,48,Athlete
5333,4IAM4DGCVVAX67ZL,F,1985-11-25,39,Unified Partner
5334,4IH8YJ5H7FJGTNBI,M,2000-12-28,24,Athlete
5335,4IUKT0004AFP8SE0,F,1992-05-31,33,Athlete
5336,4IXNDQRQF94NO5AI,M,2002-08-27,23,Athlete
5337,4J6PWTOE8UTAPA1K,F,1981-06-18,44,Athlete
5338,4JM1J07PO240MOGX,F,1982-07-15,43,Coach
5339,4JOMFPI9K8EJCJJB,M,1990-06-09,35,Athlete
5340,4JOMVEF9SRPBQ3BW,F,1991-07-23,34,Athlete
5341,4JTRA6MJZWE0UTKU,F,1985-05-24,40,Athlete
5342,4K4KNTTB5KAQH580,F,1998-11-25,26,Athlete
5343,4K5CEOSD9A6TNOAO,M,2004-09-03,21,Athlete
5344,4KL0BEMA6CTK01G4,M,1968-02-01,57,Athlete
5345,4KNA0B4138EAQA4J,M,1982-01-01,43,Athlete
5346,4KP6PQFYU6ZCAM2E,M,1964-02-27,61,Athlete
5347,4KPGSGS7XPF4TW7J,M,1964-11-02,61,Athlete
5348,4KPI8UCGNG8YERUJ,F,2011-12-14,13,Athlete
5349,4KR89HIB7Q3OUM01,M,1998-02-06,27,Coach
5350,4KRCWN7G0HY2VKP4,F,1968-10-20,57,Athlete
5351,4KT5D2TKF1NBH13C,M,1999-03-26,26,Athlete
5352,4KTYK1S1C7N8E31I,M,,0,Unified Partner
5353,4KYO6K9HGAVTZXQA,M,1952-08-26,73,Athlete
5354,4L1460VWB7NL0332,M,1976-09-11,49,Athlete
5355,4LA7IG3Z17K2JCYJ,M,1993-01-15,32,Athlete
5356,4LNEDSUALS385TUQ,F,,0,Unified Partner
5357,4LZQEVB6KFX0RQ07,M,1954-09-05,71,Athlete
5358,4M26AKHJ1I52BAQG,F,1966-05-07,59,Coach
5359,4N1ONQWUZGK97B17,F,,0,Coach
5360,4NCJO7NDLQ7X4JKK,M,1981-10-07,44,Athlete
5361,4NFZB6SKB5Y2SGNO,M,1958-05-05,67,Athlete
5362,4NHJQSVLGJ7J2V0S,F,1998-10-11,27,Athlete
5363,4NZSP97PQNT6JOBH,M,1994-06-07,31,Athlete
5364,4OELLVCNLUJEWLE0,F,,0,Coach
5365,4OG6DDXARM3UKON7,F,1965-12-17,59,Coach
5366,4OI85IFQWK0110PF,M,1970-01-12,55,Coach
5367,4PBGL1VE4UL4VPYR,M,1996-03-21,29,Athlete
5368,4PC951PY8AGAIHH0,F,2004-03-17,21,Athlete
5369,4PNPIY6ELH5KHHZH,F,2003-06-13,22,Athlete
5370,4PV2YILXL770E0A8,F,2009-02-19,16,Athlete
5371,4PXSYJ2XOYX2TVYX,F,1994-03-24,31,Athlete
5372,4Q470L38W88UYP3X,F,1987-04-15,38,Athlete
5373,4Q6B5LMPANJYZD5E,F,1992-06-19,33,Coach
5374,4Q71N2D5BYBWG6EZ,M,1991-05-30,34,Athlete
5375,4QCJAUMDOKBK60UU,M,1971-11-15,53,Athlete
5376,4QLRR8R9RFFFW43W,M,,0,Coach
5377,4QNVTSSCGAGOSB64,M,1990-09-06,35,Athlete
5378,4QRTW0ZWI7NNIPUR,M,1964-04-14,61,Athlete
5379,4QX5M82HUEP1HDN7,M,1971-07-03,54,Athlete
5380,4QZU8U5QL74P5U2Z,M,2004-11-07,21,Athlete
5381,4R1WNILQODEHQY78,F,2002-07-22,23,Athlete
5382,4R3AC5ZJS4EI21FT,F,1990-06-20,35,Athlete
5383,4R5SQG3JZQB14PCX,M,1992-05-21,33,Unified Partner
5384,4RB2GPENJN26MYJD,M,2005-03-11,20,Athlete
5385,4RE4GA3F1HZLR1F7,M,2004-01-14,21,Athlete
5386,4RFY75SR53HHR1OI,F,1989-12-23,35,Coach
5387,4RLBR3CFIEX1WON0,F,1964-05-29,61,Athlete
5388,4RLGDN5GK8CPHTXZ,M,2006-02-08,19,Athlete
5389,4RMGZXDHWQXY1KVI,M,2004-03-26,21,Athlete
5390,4RNQ8861YRMIBN3R,M,1989-10-27,36,Athlete
5391,4S0GQR10UESL9P31,F,1960-06-05,65,Athlete
5392,4S1GZXCLNBXQZDNR,M,2010-04-22,15,Athlete
5393,4S1MRLSZYVNE9NMG,F,1995-08-09,30,Athlete
5394,4S8P8EN7ILFQX761,F,1993-12-22,31,Athlete
5395,4S9LDM2EAK0ZO9RW,M,1999-06-07,26,Athlete
5396,4SA2TSBQVHZ442MU,M,2002-10-04,23,Athlete
5397,4SEO78M9NZYXY7XC,U,1997-04-17,28,Athlete
5398,4SJ4GQ1PMQYICJ97,F,1959-05-03,66,Athlete
5399,4SMBB79FD2VAZGAA,M,1952-10-23,73,Athlete
5400,4SMTULCQLDFNPGOI,M,1970-01-10,55,Athlete
5401,4T6JXHLXT75NLE1A,F,1960-12-01,64,Athlete
5402,4THR6FU6DK8XW7DW,M,1978-09-30,47,Athlete
5403,4TKW51261WRQQ9YN,F,1960-02-13,65,Unified Partner
5404,4TTO2VH6NNINTJK4,M,1997-09-02,28,Athlete
5405,4TWJ4QAT23E7XUZW,F,1949-08-14,76,Coach
5406,4U477A149GCSCSV7,M,2003-12-26,21,Athlete
5407,4UA2CYCXSXCLKADI,M,2008-02-10,17,Athlete
5408,4UH76WOVYWJBSRU5,M,1992-10-13,33,Athlete
5409,4UL4KAXKRCX6QGB2,F,1983-07-28,42,Athlete
5410,4UNVP9W0F8TJDXSE,F,1992-12-10,32,Athlete
5411,4UZWXE9OF2224CZ5,M,1999-05-19,26,Athlete
5412,4V1SZOGFICQYO8HV,M,2000-04-09,25,Athlete
5413,4VA9MMIRHG90J671,F,1987-03-19,38,Coach
5414,4VCHMY7AXGVR6J2R,F,1968-11-27,56,Athlete
5415,4VKMMV1J3OZHT6UM,F,1977-02-21,48,Coach
5416,4W2TBNUK26THEYU0,F,1981-11-22,43,Athlete
5417,4X3JM27DQT3TH0GF,M,2009-02-20,16,Athlete
5418,4XAKH3E544G041VT,M,2000-06-27,25,Athlete
5419,4XDYCJHHRDCO32U6,M,2004-05-18,21,Athlete
5420,4XE1X5HI8IMI5AXT,M,1957-04-20,68,Athlete
5421,4XX898BI83OP1V72,F,1976-06-20,49,Athlete
5422,4YD07IIO01S4X3QY,F,,0,Coach
5423,4YF63OTTIB05V4MG,F,1966-08-14,59,Athlete
5424,4YSQXRZO9THJJHFU,M,2002-08-26,23,Athlete
5425,4YTP1ME3V8CNNF3K,F,2009-06-10,16,Athlete
5426,4YW90C94A02J3CIW,M,1961-08-22,64,Athlete
5427,4Z3F1MURJNXB4CAV,M,1964-01-18,61,Athlete
5428,4ZASFLNMQ2ZDIRDL,F,2008-10-09,17,Unified Partner
5429,4ZBFRZTPF0PWYP86,M,1954-12-21,70,Athlete
5430,4ZH4AK1NNUV0A99U,M,1999-09-24,26,Athlete
5431,4ZS4LELK58LDM3MU,M,1996-07-13,29,Athlete
5432,50YJOYDV2EQW6T8G,M,1966-08-10,59,Athlete
5433,51906Q9YE1ZWOCAS,F,,0,Coach
5434,51FGOAUSUT4YCISL,M,1964-10-21,61,Athlete
5435,51K50DU3C0NFM7G3,M,,0,Unified Partner
5436,5211L6UG9TDWGWRR,M,1975-03-23,50,Athlete
5437,526GCHPPY8NZDCMK,F,1982-03-31,43,Athlete
5438,527WLXI6IN30N52E,F,1975-11-12,49,Athlete
5439,52A5Z3RVTW2T32MO,F,1984-04-04,41,Athlete
5440,52B08G18SQ0749J8,M,2001-02-15,24,Athlete
5441,52IM8EJ013FY9RYR,F,1991-02-28,34,Athlete
5442,52WLT25R2YS5EOWJ,M,,0,Unified Partner
5443,540YO0S10CFZXZAV,F,1995-04-08,30,Athlete
5444,54121JIRJWMKY1ZS,F,,0,Coach
5445,54KIJCD2LLBEJY4E,M,1991-02-23,34,Athlete
5446,54OCW4H1KZMJFM5N,F,1980-04-29,45,Athlete
5447,552K2IK0IQ6H95ZE,M,1975-04-02,50,Athlete
5448,55978XRSVT1BF51F,U,,0,Unified Partner
5449,55ILWTHPMLRL5PF8,M,2002-05-23,23,Athlete
5450,55MCHFZCY2HWY25W,M,1970-07-07,55,Athlete
5451,55OG90NTITL6HQPZ,M,1993-11-14,31,Athlete
5452,56R1C06X5ANMYBXT,F,,0,Coach
5453,571W8GPUPE8IF0DP,F,1965-05-03,60,Athlete
5454,573VGIQZ7T59ZRGA,M,1999-02-18,26,Athlete
5455,575YQ6WO57X7Z4JP,F,1989-05-18,36,Athlete
5456,57CLPJDMGL2APNAT,M,1995-07-16,30,Athlete
5457,57D8DTXG045Q2MQE,F,1973-06-22,52,Athlete
5458,57DYHN376S1LYSW0,M,2009-04-08,16,Athlete
5459,57IWPGJCQAR2DZI8,F,1952-04-11,73,Athlete
5460,57RJ9G79SEIEZPKH,M,1988-02-28,37,Athlete
5461,58C4PXN1NK713P19,F,1996-10-28,29,Coach
5462,58ERUR0NYO4FT60K,M,2000-11-29,24,Athlete
5463,58G6E3C7CWF8WF48,M,1985-06-26,40,Athlete
5464,58LP7BQWNYODJLXT,F,1996-03-26,29,Athlete
5465,58YN9KW9S13T333N,M,1959-01-12,66,Athlete
5466,59A42PJD9MEU08D6,M,1964-09-22,61,Coach
5467,59RCWIZ3H7SN19LH,F,,0,Coach
5468,5AGX7PLWYV5B7QP4,F,2000-01-02,25,Coach
5469,5AJ4V3RAKRL5ISPE,F,1952-06-10,73,Athlete
5470,5AKMJ43B5SKBRN1M,F,1991-09-06,34,Coach
5471,5AMACZI0CRQNB2CL,M,1995-12-06,29,Athlete
5472,5AQ9SHYWHL5Q5ME6,M,1985-02-03,40,Athlete
5473,5ATK95TUYARM7JWU,M,1968-05-12,57,Athlete
5474,5AU1YBJUG9IPUYNJ,M,1991-07-02,34,Athlete
5475,5AUM36GJJBA2QC11,F,1984-06-03,41,Athlete
5476,5B1MRMAZB881FPAC,F,1998-05-24,27,Athlete
5477,5B3ABFTVVHTMMDJ9,M,1997-11-17,27,Athlete
5478,5B3OKZ6Q1RENXZKQ,M,1978-05-13,47,Athlete
5479,5B7V5N4OXYUEBLF5,M,1997-04-22,28,Coach
5480,5B95O9HTWT5EM1GZ,F,1994-11-12,30,Athlete
5481,5BIGJOZG66F9JEL5,F,1991-01-13,34,Athlete
5482,5BLMIVOU0VCRVQ1X,M,1968-04-28,57,Athlete
5483,5BM9QE9L88Q1GG16,M,1991-11-26,33,Coach
5484,5BPJ5GCA5QHAEXV7,M,1984-10-01,41,Athlete
5485,5C0OVW40F9JUXFOY,F,1955-08-19,70,Coach
5486,5C0Y9FZT72YGVC2J,M,2007-03-17,18,Coach
5487,5C2Z56LWGS3F7B19,M,1999-02-26,26,Athlete
5488,5C485TGQ3264UEDJ,F,,0,Coach
5489,5C48LSR853L9DK9E,F,1996-08-02,29,Coach
5490,5C6HIJ9XOWASJCSA,M,1953-07-14,72,Athlete
5491,5C7LXEDEJREOJ10U,F,2006-01-18,19,Athlete
5492,5CEXRUW2BDF9Z2HS,M,1979-04-03,46,Athlete
5493,5CRUE35DXXIGRYGQ,M,1984-07-03,41,Athlete
5494,5D2NU7EZVEWN19HP,F,1979-04-20,46,Athlete
5495,5D64R09N56LJY33X,M,2001-04-26,24,Athlete
5496,5D8NFZ6ZDYLNMEF2,M,1972-12-18,52,Athlete
5497,5DJX9OUL7F6UAR24,F,2002-11-14,22,Athlete
5498,5DOWG2HC68BJ8C8G,M,1949-07-09,76,Athlete
5499,5DT0KD1VN4068QM2,M,2000-06-01,25,Athlete
5500,5DTMP2T7Q8VBTZK5,F,1946-07-09,79,Athlete
5501,5DZXWMMJ5N6BRLIG,F,1988-10-17,37,Athlete
5502,5E08J3JA4X9OLAW9,F,1988-10-26,37,Athlete
5503,5E10PASJU46S1Q58,F,2009-09-09,16,Athlete
5504,5E6CVGWGLP81KZ49,M,1973-04-19,52,Athlete
5505,5E8OPENGHA0ZRXYE,F,1989-05-05,36,Coach
5506,5E9KK9L2KLP38MDF,F,2000-10-11,25,Athlete
5507,5EAGMY4EUL6IUG0Y,F,1970-05-09,55,Athlete
5508,5EMQO98CHLW96HGW,M,1982-05-15,43,Athlete
5509,5ERHPXXTS08B03W1,M,1973-05-04,52,Athlete
5510,5F45MLAQ1QCR9E7T,M,1990-09-29,35,Athlete
5511,5F5ELV0RRH2HTQUM,F,1993-03-28,32,Coach
5512,5F6B5U2T656LDSJM,M,1987-10-25,38,Athlete
5513,5FCRVDGXTB46Z2SX,F,1964-01-17,61,Coach
5514,5FGYBA5RIW2D4C8M,M,,0,Athlete
5515,5FYOITSP7S5A4JRG,F,1989-03-17,36,Athlete
5516,5G01QYSFLX9GEWBZ,F,1982-04-02,43,Athlete
5517,5G1B5EDFO8C5CJI0,M,1995-06-03,30,Athlete
5518,5G2B4L9DXRJEFYD4,M,1978-11-15,46,Athlete
5519,5G8SU6UOE80QWWA7,M,1946-05-23,79,Athlete
5520,5GNOQC1A98JQ5CZ9,M,1983-03-04,42,Athlete
5521,5GP6H1B5QL2B2E87,F,1974-03-17,51,Athlete
5522,5GSF8OQCOW5DAUAH,M,1973-02-13,52,Athlete
5523,5HFZSGLQIHXORPBX,F,1973-09-02,52,Athlete
5524,5HLAWAJ41WTB8R7J,M,1990-09-21,35,Athlete
5525,5HM45JY6U0WTGFTC,M,1993-10-01,32,Athlete
5526,5HO7YFTE5JZUMEZ1,M,2002-05-07,23,Athlete
5527,5I05YKTFEOQTCJDF,M,1993-08-12,32,Athlete
5528,5I16GH34EEXJIM85,M,1964-12-08,60,VIP
5529,5IE020NE2Z2A12M6,M,1949-07-29,76,Athlete
5530,5J1PFXCWIXMPB8FZ,F,1990-10-26,35,Athlete
5531,5J2TMUDY931OL2EZ,M,1995-12-28,29,Athlete
5532,5JAJ3Q5C6N33MYPV,M,1960-01-27,65,Athlete
5533,5JHTNO639Q1K1X80,F,1990-11-06,35,Athlete
5534,5KFLF15YOEX3RQRX,M,1979-06-15,46,Unified Partner
5535,5KG0TIVL8GWK9W7A,M,1962-10-16,63,Athlete
5536,5KHLS7VEOJKH590N,F,1984-01-27,41,Athlete
5537,5KLWWVLNCG7BCY8C,M,1978-08-25,47,Coach
5538,5KQ5N4MM6USU7IWX,M,1968-05-17,57,Athlete
5539,5KZ61ZSFKZUCZ2FI,M,1963-05-07,62,Athlete
5540,5L5TDGFJH3CYVM3M,F,1992-01-04,33,Athlete
5541,5LEZFOLIXFSVR31K,M,,0,Volunteer
5542,5M2TN53JQQB5IXC2,M,1959-04-02,66,Coach
5543,5M8J9ZSULY6CQNZM,M,2004-05-03,21,Athlete
5544,5MBFEWG1BYGO1DAR,F,1986-01-19,39,Coach
5545,5MBMJQ0UPH0VR76R,F,1985-05-31,40,Athlete
5546,5MHEH1NVUBJ5QI37,M,1957-09-02,68,Athlete
5547,5N4X130HONVYZKQW,M,1970-01-22,55,Athlete
5548,5N7MGFR3K8DD6MTP,F,1997-08-13,28,Athlete
5549,5N9Z2BBQDJSORR07,F,1991-07-23,34,Athlete
5550,5NB1PIZFV5S932WN,M,1988-08-11,37,Athlete
5551,5NG8J66GL70IK7C8,F,1976-04-13,49,Athlete
5552,5NLM2R9Y03PW4VGW,F,2011-12-13,13,Unified Partner
5553,5O3ZY5NE23854TVA,F,1965-10-20,60,Athlete
5554,5OFPMSIM54KITCQ1,F,1988-05-27,37,Athlete
5555,5OH1MCK470ZRTHTY,M,1993-03-18,32,Athlete
5556,5OJRBPYR3FTRWWDQ,M,2002-06-28,23,Athlete
5557,5OYXVHG6XCGFX95Z,M,1989-12-08,35,Coach
5558,5P7SUAZZZ2E2GMF4,F,2009-07-03,16,Athlete
5559,5PCRSF52M209025K,M,1955-07-17,70,Coach
5560,5PG38Q2CYCI34O3M,F,,0,Coach
5561,5PRX1WQRLLIJU7AK,F,,0,Coach
5562,5PUPOKNQTX85BB7T,U,,0,Unified Partner
5563,5PY7CMCD8IKN61BX,F,1973-01-01,52,Athlete
5564,5PZRYLYM06BMYVHR,M,1995-05-05,30,Athlete
5565,5Q88LVIRD4ZJ8DMD,M,,0,Coach
5566,5QKZDLZFT44EA0E8,M,,0,Unified Partner
5567,5QPLS466CNHDCSVU,M,1962-12-07,62,Athlete
5568,5R2DKHU6663SAZK1,M,1943-06-20,82,Athlete
5569,5R4VR3F5JWSRJPNP,F,1997-11-21,27,Athlete
5570,5RHT0EBJAK48KZWG,M,1988-02-03,37,Coach
5571,5RRA83TLUCO2IBHM,M,1988-08-23,37,Athlete
5572,5RT9VXSAOQJ5PYJ0,M,1960-03-22,65,Athlete
5573,5RUF5DLXLRCK730H,M,,0,Unified Partner
5574,5S1SDLNA3DFZKMTG,M,,0,Athlete
5575,5SA3RFE0CA18IPHY,M,1957-09-30,68,Coach
5576,5SLDX2V9ETAOBGPA,F,1986-01-03,39,Athlete
5577,5SN48TD6P1PIMPG7,F,1962-10-24,63,Athlete
5578,5SQEFVA5F25FAC5R,F,,0,Athlete
5579,5T4O6H64CAQEOW94,U,,0,Unified Partner
5580,5T57VUNNUA4NTNPI,M,1963-02-06,62,Athlete
5581,5T7UEX4HPH575AFQ,M,1994-07-13,31,Athlete
5582,5TNG350AU63I65JT,F,1974-05-05,51,Athlete
5583,5TQH6UK29V8PD7N1,M,1981-09-26,44,Athlete
5584,5TT7SHN8VUTWR8FC,M,2000-12-06,24,Athlete
5585,5TZGSLHWUDDR5QNI,M,1971-06-28,54,Athlete
5586,5U0ADI3MNWEDR7Y2,M,1963-07-12,62,Coach
5587,5U41B1569F3VX2RX,M,,0,Unified Partner
5588,5U7YLN8A5J6PYFR3,F,1980-10-09,45,Coach
5589,5UAXTYL5CBQAHXVI,M,1957-04-06,68,Athlete
5590,5UT0UL3U84SWMXOJ,M,2012-08-16,13,Athlete
5591,5UY3YVV9PGP9M3KH,F,1980-07-26,45,Athlete
5592,5UZQNHV470S1IHKQ,M,1970-08-01,55,Athlete
5593,5V0F24ASBMPZRYBA,M,1985-03-02,40,Athlete
5594,5V1UJ51QE5VQVSEZ,F,1951-03-18,74,Athlete
5595,5VE6P1YLRLF7N5SK,F,1958-11-27,66,Athlete
5596,5VWQVKNLIHAFLYEP,M,1994-10-26,31,Coach
5597,5W5LT4J0HRI3MAZG,F,2004-05-21,21,Unified Partner
5598,5W78GZG7KOCFBDGN,M,1995-06-07,30,Athlete
5599,5W9TAUP713F38IQV,M,1992-10-09,33,Unified Partner
5600,5WACUPZVMYHCBK1L,M,1996-07-04,29,Athlete
5601,5WJQL0DV5WBE3JQY,F,1994-07-05,31,Athlete
5602,5WTTM6XP6TWYVP94,F,1960-04-08,65,Athlete
5603,5WTTYZICAG6D5HUD,M,2007-10-29,18,Athlete
5604,5WUBL6S9F31STTQC,M,1978-12-28,46,Athlete
5605,5XG76HKDERUD51A9,F,1986-03-11,39,Athlete
5606,5XHD2GVI75KK3J0U,M,1949-09-09,76,Athlete
5607,5XMJE1B9ZCTRT7D9,M,1970-02-11,55,Athlete
5608,5XRH6SME6ETH1Q04,M,1948-11-01,77,Coach
5609,5XWW7PK9PSS091UJ,M,2002-04-25,23,Athlete
5610,5XXXHIFBVSZO1658,M,1982-12-30,42,Coach
5611,5XZFWK8JTH3I59KW,F,1985-06-05,40,Athlete
5612,5Y37KIDHCCEZLKK5,M,2008-12-23,16,Athlete
5613,5YDCS3SS7DQ2NUTY,M,1986-06-10,39,Athlete
5614,5YDJV42SDWJ29QI4,M,1968-03-09,57,Athlete
5615,5ZEQ8TPPXUUK9W38,M,1947-08-19,78,Athlete
5616,5ZLDK1HY5EY7VN2M,M,1983-12-17,41,Coach
5617,606ATWCLIHZNU44H,M,1940-12-19,84,Athlete
5618,60I6P8Y4OA25URZE,F,1997-03-12,28,Athlete
5619,60LBZC6YJJEKBIBD,F,1990-10-17,35,Athlete
5620,60PZE0H1GS57B9OA,M,1998-02-07,27,Athlete
5621,60QZ0U5DTHT9EM00,M,1953-03-22,72,Athlete
5622,60REPZ5Q4UEEWM9Q,M,1997-10-11,28,Athlete
5623,60TZ3JQWGTRX5U6O,M,1961-06-16,64,Athlete
5624,6134W4CJNG80U7VU,M,1973-03-31,52,Athlete
5625,6135Z9P3QLODZBGZ,F,2005-07-08,20,Athlete
5626,615GCCDR4HQJT0SU,M,1993-01-24,32,Athlete
5627,61DKFTS4KIP8V0UO,M,,0,Coach
5628,61EYAI3SD3G3KRT7,M,1958-06-23,67,Athlete
5629,61EZD0TD94Y9Q6FJ,F,1993-06-25,32,Athlete
5630,61FNNRTD5OWYAKT2,M,1979-09-22,46,Athlete
5631,61JC2M663WQX00TE,M,1961-04-20,64,Athlete
5632,623NUNI1LG2HCFW9,F,2001-03-30,24,Coach
5633,6282H62R9GJFS3G1,F,,0,Staff
5634,62GE8Q6988PTG672,F,1998-08-20,27,Athlete
5635,62JLCDNKN8Z6KAG3,M,,0,Athlete
5636,62MBHBL19P3PE2VU,M,2003-10-03,22,Athlete
5637,62VD579JBVGI7LSQ,F,2000-01-13,25,Athlete
5638,630R7P8YSB11SENQ,M,2012-03-20,13,Athlete
5639,633KKADX6QR38ZR2,M,1992-06-16,33,Athlete
5640,63GJ4HL5NUUJO30N,M,1959-10-11,66,Athlete
5641,63VW3VS19TTQC9BX,M,1977-08-11,48,Athlete
5642,64D1S93RTH18XWX4,M,1976-06-06,49,Athlete
5643,64FDRGY56VD87ELJ,M,2000-06-07,25,Athlete
5644,64TGMN3W69WC7WWJ,M,1986-06-11,39,Athlete
5645,64WC51FV9CFWS7Y3,F,2001-08-11,24,Coach
5646,653JAVZ5BQHWG98N,M,1978-06-27,47,Athlete
5647,653TUAEXKFZLJ4IC,F,1996-09-28,29,Coach
5648,6548HE4GZIJU5YBR,F,1993-07-14,32,Athlete
5649,656UIB2SXUFBFRJZ,F,1985-08-16,40,Athlete
5650,65CHIY9DS5IDOTL6,M,1956-07-08,69,Athlete
5651,65E125N2W6RYU1H3,U,1998-06-03,27,Athlete
5652,65SBTPAHF5KGWOP0,F,2001-09-23,24,Athlete
5653,66KA1LHCLUOUL934,F,1998-02-21,27,Athlete
5654,66PNLGFQB6BCVR2K,M,1965-03-26,60,Medical
5655,66QWR033AJS6ZI9I,F,,0,Coach
5656,66VO8NUQ2JRAAVP7,M,2001-09-19,24,Athlete
5657,66WVC4G3K6JYGV2D,M,1995-12-11,29,Athlete
5658,66Y3YB31Y434HESN,M,1993-06-16,32,Athlete
5659,671Q1EFDM4OKSSVE,M,1984-08-08,41,Athlete
5660,67680Z72LDEODM9R,M,1990-02-11,35,Athlete
5661,67H44IGUZ6AN35J4,F,1987-11-30,37,Athlete
5662,67IGB4THS6KRSULX,M,1965-01-14,60,Athlete
5663,67R8K3A2RB815U24,M,2012-01-18,13,Athlete
5664,67VMZ9G1ZNLJ1B1W,M,1988-09-22,37,Unified Partner
5665,68567E5WONQKI2UY,F,2000-07-24,25,Athlete
5666,685OTVOPPJO1ZNKT,M,1984-07-15,41,Athlete
5667,6862TIU8BLODS37Y,F,1979-01-04,46,Athlete
5668,6873KH4TULP8DKN1,F,1965-12-04,59,Athlete
5669,687P8EOZL5OLD64V,M,1998-09-19,27,Athlete
5670,68JQTMZU3MNIU42K,F,1950-10-23,75,Athlete
5671,68NSHXPX682LKHYK,M,1978-06-18,47,Athlete
5672,690YZTG758MYVVZR,M,1975-12-13,49,Athlete
5673,69A9WW09D3FMN9VM,M,2005-02-04,20,Athlete
5674,69LXBM9WI826EFVF,F,1994-04-12,31,Athlete
5675,69V75JD1UDUM9DFX,M,1974-06-20,51,Unified Partner
5676,6A3WI5I63XD5OH72,M,1993-04-25,32,Athlete
5677,6A8OK0EN94G60Q9B,F,1997-11-28,27,Athlete
5678,6ABPPKWAYCV0LT9D,M,1974-04-01,51,Athlete
5679,6AE4UFFFTRSEGUPF,F,1995-06-04,30,Athlete
5680,6AORWTZ7CX5GANF9,M,1992-04-30,33,Athlete
5681,6ARM30KDGTB3G86J,M,1992-02-15,33,Athlete
5682,6AU456IOB7QSRDIS,M,1992-03-28,33,Athlete
5683,6BI1S72Q45EHH9AF,M,1997-11-29,27,Athlete
5684,6BNXCP96NLIIDP56,F,1992-04-17,33,Athlete
5685,6BQ8AY4HLVO8YS2H,F,1965-04-17,60,Coach
5686,6C53OUX1D4U8328E,F,1962-11-17,62,Athlete
5687,6COICX24ZL8T5360,M,1994-07-17,31,Athlete
5688,6CPCJ04AAKSGE9I9,M,1977-07-13,48,Coach
5689,6CRKOA94QB8P2SIB,M,1980-08-04,45,Coach
5690,6CV8EXYNXIVGWPOE,M,1961-12-04,63,Coach
5691,6DDO1HRI037MI3OX,M,2002-12-05,22,Athlete
5692,6DEWNPLOGXP3LUU4,F,1994-06-20,31,Athlete
5693,6DH7PNGSLDCJX0JB,F,1998-06-23,27,Athlete
5694,6DL433TPPAX9IWCG,M,1989-02-28,36,Athlete
5695,6DSIKRJI29WSYJ68,F,1977-11-04,48,Athlete
5696,6DXCHZMGGE2TES9K,M,1975-05-05,50,Athlete
5697,6EIA9JIECIBBLECE,F,2009-07-08,16,Unified Partner
5698,6ELZJB54VGB981TR,M,1952-02-16,73,Athlete
5699,6EOVXED8Z2XXS2SR,M,1979-09-10,46,Athlete
5700,6FEA5KOXS8WMXVLH,F,,0,Athlete
5701,6FJQ24F29I22Q9Z0,M,1997-06-26,28,Coach
5702,6FTP2NQXYE7B3I6P,M,1996-10-04,29,Athlete
5703,6GJ3QBYOAWISF0OW,F,1965-10-24,60,Coach
5704,6GOA7XW773TP2IIX,M,1977-04-08,48,Athlete
5705,6GRH6U3FDILJYAC8,F,2001-08-18,24,Athlete
5706,6H116XJDA8DLV7ZE,M,1975-01-16,50,Athlete
5707,6H1A88QER85JG4VY,F,1975-05-23,50,Athlete
5708,6H8IXD0RYU5OEI2M,F,1990-06-15,35,Coach
5709,6HUT8LZ8I6O2CSEQ,M,2000-07-22,25,Athlete
5710,6HY3Q1M0G2978EL8,M,1983-03-27,42,Athlete
5711,6I2E8L722GQQ0K9V,F,2009-03-07,16,Athlete
5712,6I361MHY2PAOR2T8,F,1988-01-24,37,Athlete
5713,6IY87TXIWZW8ZFO6,F,1987-04-16,38,Unified Partner
5714,6J2CTACCS9Y08PFS,M,1982-06-17,43,Athlete
5715,6JFJF26F0Y9PB5NR,M,1995-08-30,30,Athlete
5716,6JVQFG6UHJ0OGW2I,M,1994-05-21,31,Athlete
5717,6K315ZKH20LB3KKS,M,1954-01-11,71,Athlete
5718,6K49A6VVQA08V0XR,F,1997-06-12,28,Coach
5719,6KBBE7904U74XXG5,M,1999-11-25,25,Athlete
5720,6KDHDCYZ1WAI9EA6,M,1991-12-20,33,Athlete
5721,6KFH7TG0FMI0A05I,F,1983-09-06,42,Athlete
5722,6KOJ6DYYNAUEDMAU,F,1981-02-22,44,Athlete
5723,6LMXU06WVWIFR8T2,M,2003-04-21,22,Athlete
5724,6LV9S6V7I29Z6HM2,M,1987-12-02,37,Coach
5725,6M0JSS425B3HRQ1A,F,2010-01-23,15,Athlete
5726,6M2MCLWJZTVW7CTZ,M,2002-06-14,23,Athlete
5727,6MLD0SCRN77C0DGR,F,1998-09-11,27,Athlete
5728,6MNUN9TIRLD5OJQE,M,1995-08-13,30,Athlete
5729,6MPADR2ZSUTDQUF7,M,1974-08-26,51,Athlete
5730,6MSRDKK8RPKXDS2Z,M,1987-11-17,37,Athlete
5731,6MU6QNRV7ROJPIDR,F,2005-01-11,20,Athlete
5732,6N36DCCOAPAPL0LP,M,1959-08-27,66,Athlete
5733,6N5FOXS1GUUPHHA9,F,1992-05-14,33,Coach
5734,6N91MSX7JB2T6H2N,F,,0,Coach
5735,6NMKNZKZQBNASKF3,M,1983-11-15,41,Athlete
5736,6NYHAM7CJ2S8VINO,M,2001-11-23,23,Athlete
5737,6O52TM9UGXACY0HY,M,1961-06-06,64,Athlete
5738,6OBBJZ6CM790W4FY,F,2002-05-07,23,Athlete
5739,6ON8TX74G34YNMCC,F,1971-01-07,54,Athlete
5740,6P0RLY1Q2BM7PO98,F,1991-06-24,34,Athlete
5741,6PCGR5EJ6AB7HO0H,M,1974-03-08,51,Athlete
5742,6PXZT5LHJQK949JH,F,2001-06-06,24,Athlete
5743,6Q3DZFLE8D9YQFP8,F,1989-03-30,36,Coach
5744,6Q54HCC2NO8GF4UR,M,2000-09-11,25,Athlete
5745,6Q92EMWZDIH6UY4J,F,,0,Coach
5746,6QEX3GGO5TWINHGQ,F,1959-11-11,65,Athlete
5747,6QK8OUZOQK4JZOJP,M,1984-05-25,41,Athlete
5748,6QNMBYKE9JIAFLAV,M,1984-04-06,41,Athlete
5749,6QTJUWW8BZ1N5WHP,F,,0,Coach
5750,6QVS98FKOC4S7FGQ,F,1978-07-30,47,Athlete
5751,6R5A5KTNEL60TE4E,M,1984-08-15,41,Athlete
5752,6RCBYFI9A5QLRU4V,F,1965-10-04,60,Athlete
5753,6S6ZXGGM8XLJ3QAN,M,1961-02-26,64,Athlete
5754,6S8C0RM88PF30RRE,F,1967-01-30,58,Athlete
5755,6SLUIOAVS4K42EBU,M,1987-02-24,38,Athlete
5756,6SRJBZT8AMUAN8OJ,F,1998-09-07,27,Coach
5757,6SY32FKGHM6BAGAF,M,1964-11-02,61,Athlete
5758,6T1I3MZNB1WBUB9I,M,2000-10-10,25,Athlete
5759,6T31A26HT92UTZU7,F,1987-02-03,38,Athlete
5760,6T4TE92Y2YSX1B75,M,1997-01-27,28,Athlete
5761,6T7XUCBH2M09TF4K,M,1982-01-08,43,Athlete
5762,6T8ZUJ54T6QJB63B,M,1997-08-09,28,Coach
5763,6TCNRN08G3TXKRL3,F,1978-03-05,47,Athlete
5764,6TEJZNL2M9P4X4XW,F,1990-07-19,35,Coach
5765,6TG6LUQG03XM0K7Y,F,,0,Coach
5766,6U11EYVOSV2RA6XU,F,1978-12-01,46,Coach
5767,6U6K9OZ25RMIC7Y8,M,1989-07-07,36,Athlete
5768,6UIRXJIU026VYDSE,M,2002-03-06,23,Athlete
5769,6ULHQ4B4I2OF8O5C,M,,0,Coach
5770,6USKVXBPU7P0CUXR,F,2002-01-01,23,Athlete
5771,6UU743PIWQZZPRVM,M,1979-05-21,46,Coach
5772,6UV88SITKVX6AFL7,M,1957-06-06,68,Athlete
5773,6V6J98SHCIFJ3WFA,F,1992-04-20,33,Athlete
5774,6VLYLL6SSE4T7P5B,F,1998-06-29,27,Athlete
5775,6VQNRL3UV4PQYWBK,M,1994-06-13,31,Athlete
5776,6VY1S3J8IUA5NI5C,M,2007-06-20,18,Athlete
5777,6W67U3LM9HUPDNZB,F,2001-11-28,23,Athlete
5778,6WB1GE9F7MFOVMFW,M,1988-12-07,36,Athlete
5779,6WRL5ZS9G7UY1GUA,M,2005-06-23,20,Athlete
5780,6WX9TY6USVA5P5SM,M,2002-08-26,23,Athlete
5781,6X4DP1AXRCKDDN95,M,1970-05-09,55,Athlete
5782,6X5MOP83JR2WSX9Q,F,1900-01-02,12,Athlete
5783,6X9E1EIZI6VXVPQS,M,,0,Staff
5784,6XLITYKU5PZU6TPP,M,2007-11-22,17,Athlete
5785,6XXREU94OL6PG5B7,M,1953-07-05,72,Head Coach
5786,6Y05G85TV0TLNXXS,M,1967-02-17,58,Athlete
5787,6Y0HDBWRLVNL3BDR,M,1964-04-21,61,Unified Partner
5788,6Y584KOXSD6H41OZ,F,1997-09-27,28,Athlete
5789,6Y7U9TOCPJCLX57K,F,,0,Coach
5790,6Y88X1MSCEGW1K7H,F,1986-04-16,39,Athlete
5791,6YDPPPSMNPQOKLAV,M,1998-04-02,27,Athlete
5792,6YMN8SLOFEG0HE08,M,2013-05-22,12,Athlete
5793,6YR72UTMOL1PED0O,M,1982-01-26,43,Athlete
5794,6YSFDBBPJAURTSUU,M,1996-04-12,29,Athlete
5795,6YXK47FONOD9HCUU,M,1969-06-06,56,Athlete
5796,6Z8SQN1C03V8DTS7,M,1992-03-17,33,Athlete
5797,6ZCYNR86BTWLPYXU,M,,0,Unified Partner
5798,6ZJ34Y1WX23J3X2U,M,1955-03-12,70,Athlete
5799,6ZKU9AEDS41M1GRT,M,2000-12-17,24,Athlete
5800,6ZNQIAZ9K7HZUU9O,F,1959-04-01,66,Athlete
5801,6ZQFICL3P14A958Y,M,1954-03-26,71,Coach
5802,6ZRJXO38KGITMNFW,M,2006-10-16,19,Athlete
5803,6ZS2QVVO6CFRAM3W,M,1954-02-09,71,Athlete
5804,6ZU5M7XWZPWFL4WN,M,1966-06-26,59,Athlete
5805,700JYCIGCQ60B0TN,F,1966-01-07,59,Athlete
5806,7018YKE570XYK8EQ,M,1973-09-18,52,Athlete
5807,70FRP0DCEV82YR3Y,F,1984-01-05,41,Athlete
5808,70IGVE4U8NQGK88E,M,2002-12-09,22,Unified Partner
5809,70MQO7XNEAKQWHCN,F,1980-08-18,45,Athlete
5810,70O4R5MYSK2ZIF0D,M,1979-12-24,45,Athlete
5811,70S2H6YKURM51QO1,F,,0,Coach
5812,70SL656RHQXFFLWW,M,1963-12-17,61,Athlete
5813,70SSCUJOXNXAJ9FE,M,2000-04-13,25,Athlete
5814,710NO14K3EFTSIVL,M,1988-04-12,37,Athlete
5815,712391D962UEXAGB,M,2003-08-05,22,Athlete
5816,7132BFWKFUGOJ3IZ,F,1997-12-21,27,Athlete
5817,715Z6OMZ36JZSQQ3,M,1970-01-25,55,Athlete
5818,71BXTF11ERA5QKUA,F,,0,Coach
5819,71I8HLQUG3SBU37K,M,2010-01-12,15,Athlete
5820,71N5APTBJJIX2MH2,M,1945-04-19,80,Athlete
5821,71T0OC8XACFD6I92,M,2006-09-17,19,Athlete
5822,71YFZXA9FWK27DCC,M,,0,Coach
5823,722RYE76J2TAJEGF,M,2003-08-06,22,Athlete
5824,723KLC7B9AIGE53S,F,1994-09-09,31,Athlete
5825,72MDPCI7R157RID8,F,1981-10-09,44,Coach
5826,72Q41E0NGTRR0ZKK,F,1965-03-05,60,Athlete
5827,72XVQTJXRJG99F9X,M,1996-09-25,29,Coach
5828,731EZPTR89RBAJIN,M,1989-07-06,36,Athlete
5829,737IIM9IN63VUU93,M,,0,Coach
5830,7386T0V3FUO2UF0B,M,1970-02-21,55,Athlete
5831,739N1URMNIBLKQDS,M,1990-11-23,34,Athlete
5832,73AKSSTBKHI5IM1A,F,2009-05-26,16,Athlete
5833,73L0QBXYUC973BTG,M,1992-03-16,33,Athlete
5834,73MQULBN37DDNTWW,F,1991-01-21,34,Athlete
5835,740E5PVLO1KDNP8Z,M,1990-03-04,35,Athlete
5836,7413UP2CYKJCBR6Q,M,1994-10-02,31,Athlete
5837,741TE84Z7YXJC0HG,M,1996-08-01,29,Athlete
5838,744B5U49YVX5SUUQ,M,1989-04-11,36,Athlete
5839,747NULYFYF6ZT3MB,M,1971-05-13,54,Athlete
5840,74C3IHPQ7SK3GA7S,M,1953-01-02,72,Athlete
5841,74KCQBALE50CI9WG,M,1988-12-30,36,Athlete
5842,74ZFD3LRGVNH4K0V,M,1996-01-02,29,Athlete
5843,751MK76SX3MRXY5P,M,1984-11-27,40,Coach
5844,755MQ1BJ09NOX3UN,M,1980-12-23,44,Athlete
5845,759JA25WX0WXAEZV,M,1965-06-21,60,Athlete
5846,75K44ST34BR8CZKJ,F,2001-12-29,23,Athlete
5847,75LRE0J4S4DXFOIT,M,1961-01-29,64,Athlete
5848,75T8XBKNC1ZMCWYP,F,2001-02-20,24,Athlete
5849,75ZGG8Z1641TBK48,M,1977-12-20,47,Athlete
5850,767OPQ9RSYDB823J,M,1969-04-26,56,Athlete
5851,76E7K78S72J041S4,M,1999-04-18,26,Athlete
5852,76SPFVZGUA1GRADG,M,1966-10-04,59,Athlete
5853,76ZPGAHJQLYDW9GA,M,1994-03-14,31,Athlete
5854,77P0IHIPWZH8MU8W,M,1992-11-13,32,Athlete
5855,77VMWZOFN5IZ0K5E,M,1972-03-21,53,Athlete
5856,785S4P77NY3SFKXE,M,2003-03-19,22,Athlete
5857,78BHAKU22G9A1437,M,1962-01-13,63,Athlete
5858,78BSII34E4KE4CQK,M,1941-07-10,84,Unified Partner
5859,78BTFJGYDLHT8BOV,F,2007-10-23,18,Athlete
5860,78G66OHZA665SCBU,F,2003-10-16,22,Athlete
5861,78HKX355ONLQVO1V,M,1982-02-28,43,Athlete
5862,78JA02YXYR2PHSVJ,F,2002-02-01,23,Athlete
5863,78LQI0G5Q9276VVR,M,1976-09-11,49,Athlete
5864,79BTU4D7NTW9YJ0Z,F,1990-01-08,35,Coach
5865,79CADJFSJFMZQ20A,M,1956-03-05,69,Athlete
5866,79DCUC4HQ2QMJF0C,F,2001-08-09,24,Athlete
5867,79F9HJMRLPTSKQMJ,M,2010-06-18,15,Athlete
5868,79LAYSFDM47D3QYV,M,1994-04-03,31,Athlete
5869,79OQ57KGZC81HVKH,F,1971-11-30,53,Athlete
5870,79RN1CB18HF4D84W,M,1954-04-26,71,Athlete
5871,79VRWY4OJ349XZLB,F,1985-02-08,40,Athlete
5872,79VU46VM51AVJ150,M,2001-05-16,24,Athlete
5873,7A0VUDULLHGKANJW,M,1960-02-23,65,Athlete
5874,7A3RXEKR0419S7HO,F,1994-04-01,31,Coach
5875,7A49K22CFC42TUCP,F,1980-02-10,45,Athlete
5876,7A4V8TQP04G8U0DP,F,1984-08-31,41,Athlete
5877,7AEOKDM5UY7QRWLE,F,2001-07-04,24,Athlete
5878,7AFAYGYG4MX9XBPR,F,1987-10-29,38,Coach
5879,7AHOMX337O27WXLE,M,1964-07-22,61,Athlete
5880,7AIITYX3OC329G8U,M,1967-09-02,58,Athlete
5881,7ATEJ2WOPMTEFUL6,M,1983-12-09,41,Athlete
5882,7AWQG417RJKUWY41,F,1991-05-24,34,Coach
5883,7B9VV0FSFJ2A1ET5,F,1961-10-10,64,Athlete
5884,7BM8LDBH3ZWL9CVJ,M,1973-01-20,52,Athlete
5885,7BP5JE9LB85WSUC8,M,1976-01-23,49,Athlete
5886,7BY14BO74EETL7MX,M,1995-06-15,30,Coach
5887,7BZHMC6VQDO9533B,F,1982-07-27,43,Athlete
5888,7COQGTVNCS4YG2A7,M,2002-03-03,23,Athlete
5889,7D0IQ9MOPHIJ9X29,F,,0,Coach
5890,7D71IOXI7TCQ3CV0,M,1960-08-17,65,Athlete
5891,7DN9R2RYUE91JQL9,M,,0,Unified Partner
5892,7DNNGVORY40GJY6O,M,1961-04-10,64,Athlete
5893,7DQE2KM6V19300MH,M,2010-06-04,15,Athlete
5894,7E0WDO2E3MCCDX7C,F,1969-02-01,56,Coach
5895,7E4865ZJFNXVTQL5,M,1980-10-13,45,Athlete
5896,7FAOX98Y7B7XGQ35,F,1960-04-12,65,Coach
5897,7FBUM2D5BSA2O10J,M,1996-08-30,29,Athlete
5898,7FCBG0JSY4V0D9SI,M,1956-01-05,69,Coach
5899,7FI6KQXCHI80UD9V,F,2008-07-24,17,Athlete
5900,7FITSR15AV83O5N1,M,1975-05-10,50,Athlete
5901,7FSZWSBSS79F1NDN,M,2001-01-01,24,Athlete
5902,7FUI7QJDQG0PCNEG,M,1987-03-16,38,Coach
5903,7GAMWDL7NHQZUL3J,F,1965-08-03,60,Athlete
5904,7GKBDEGSM485BN1F,F,1996-12-16,28,Athlete
5905,7GUPMSAV0Q6X5IOE,M,1999-11-01,26,Athlete
5906,7H1W2WQSTD2F143D,F,,0,Unified Partner
5907,7H938XFCEW2QBCK4,F,1965-09-12,60,Athlete
5908,7HAO0H24V1ID19Z6,F,1995-10-07,30,Athlete
5909,7HATCQ6WGV1S2XF9,M,1963-04-08,62,Athlete
5910,7HJ3QR5XZA3EWT8I,M,1958-08-07,67,Athlete
5911,7HJH9PMYXLXJE990,F,2004-02-27,21,Athlete
5912,7HTIQ8TQZVZQBN66,M,1992-01-15,33,Athlete
5913,7HWEPMFCMIAB8736,F,1979-06-20,46,Athlete
5914,7I40CEO3GMYGUWWG,F,1984-02-11,41,Athlete
5915,7I4YWZALLGKX0C6C,M,,0,Coach
5916,7IE7IL4D0IMBOXBB,M,1981-01-25,44,Unified Partner
5917,7IGYBJCW0MBYGF07,F,2003-04-27,22,Athlete
5918,7IQK2BSCUEYMKIN7,M,2007-03-17,18,Athlete
5919,7IRA34CEOMGGWZHS,F,1997-10-22,28,Coach
5920,7JHV5FR1JTM8N3B5,M,1959-09-11,66,Athlete
5921,7JKLOFRIWCQ9MUW0,M,1996-12-08,28,Athlete
5922,7JNNWPG74XEWM2T4,M,1988-08-14,37,Athlete
5923,7JUQ22XSBPK8OO1Y,M,1970-06-17,55,Athlete
5924,7JW3VTB847NAO2ZI,F,1969-07-22,56,Athlete
5925,7JW8T7L6QVUEUIT0,F,1997-07-07,28,Coach
5926,7K0XAIPQ6ZR8KZAM,F,1996-05-11,29,Coach
5927,7KHT2Q1DJD67S66M,M,1992-03-10,33,Athlete
5928,7KMKOV6D1FC70QKO,F,1986-01-08,39,Athlete
5929,7KZZOD6Y1MK3NPWC,F,1959-10-01,66,Athlete
5930,7L0F7D4CNXDIN6MC,F,2000-09-06,25,Athlete
5931,7LN8QG1CFFMXPSIT,M,1955-03-12,70,Athlete
5932,7LRI8UHSB1JYHLX7,M,1979-12-24,45,Athlete
5933,7LV87H3HZK77OYKP,F,1994-03-02,31,Athlete
5934,7M0KZ033YL3VFAGS,M,1983-05-06,42,Athlete
5935,7M9KM00TVLJXPDS1,M,1998-02-28,27,Athlete
5936,7MC4FNTKWVD8NTP4,F,1980-03-16,45,Coach
5937,7MCIJN122NAE8QJ3,F,1987-09-30,38,Athlete
5938,7MQQH22NJID2BWUC,M,1967-06-30,58,Athlete
5939,7MZXSPSHSDBK1PV1,F,1962-01-02,63,Athlete
5940,7N018BUF7XNI39T6,M,1963-04-03,62,Athlete
5941,7N9NC9GMWLS0AU3K,M,1974-02-01,51,Athlete
5942,7NP67CBHQ2YDKOR0,M,1978-11-22,46,Athlete
5943,7NS9FR0RO9T58R4O,F,2004-01-21,21,Athlete
5944,7NY80N1HGUNE8O5H,M,2010-03-15,15,Athlete
5945,7NZ26OV6IQRG4L15,F,1986-02-01,39,Athlete
5946,7O8AIBVS1Z7OBIC2,M,1954-03-18,71,Athlete
5947,7OB4AXK6E6GQEGXC,M,1983-05-10,42,Athlete
5948,7OC73DMAC2ANDUCB,M,2002-09-29,23,Athlete
5949,7OICLWVU1AA3HA4B,M,1991-01-08,34,Athlete
5950,7OJXLDVKDY13O5DG,M,1999-09-15,26,Athlete
5951,7OSXOYL8PLWA3T5N,F,1991-12-30,33,Athlete
5952,7OX315UVF9XRMCJS,F,1996-04-22,29,Coach
5953,7P686BOTVA19YP1V,M,1996-10-03,29,Coach
5954,7P7KXJJJT6VVSGWH,M,1978-05-24,47,Athlete
5955,7PK7N55TWZNEP40D,M,1977-11-30,47,Athlete
5956,7PR1GEDUZQBM89ZO,M,1987-05-18,38,Athlete
5957,7PRJJDV8AZL7UKX9,F,1967-06-07,58,Athlete
5958,7PYGY650CT5IMWNX,M,1964-12-02,60,Athlete
5959,7Q48SIDK620NZAG2,M,1999-08-18,26,Athlete
5960,7QALF87K6JAE419I,M,1987-10-03,38,Athlete
5961,7QDIZRG18TI33MU3,F,,0,Coach
5962,7QUB29GE3IF4FRVU,M,1992-08-20,33,Coach
5963,7QYWGXVA8HRTSWZ7,M,1959-05-29,66,Athlete
5964,7RCPHQ7ETHMYZQPU,M,1980-08-15,45,Athlete
5965,7RINCLLPFWLFPALJ,M,1972-05-31,53,Athlete
5966,7RP0JMKE1NLQRG4L,M,,0,Athlete
5967,7S4MKM6Q1UJ1G8MX,M,1949-03-18,76,Athlete
5968,7S692CEQOUA0X329,M,1962-11-04,63,Athlete
5969,7SWHAKMML668I8U0,F,1985-08-25,40,Athlete
5970,7T2HMNHIR51MVHDH,M,,0,Coach
5971,7T6ON7EDQDVDPDLR,M,2003-05-14,22,Athlete
5972,7T98HTO5C1ZZTIU0,M,1979-11-09,46,Athlete
5973,7TDH1ARELTZ73PBL,M,1980-02-17,45,Athlete
5974,7THJS9LO0RAUDCPS,F,1963-11-20,61,Athlete
5975,7TNHU8EQ202TFCOH,M,1980-08-28,45,Athlete
5976,7TOT7EBQLLIX7IVZ,M,1962-02-08,63,Athlete
5977,7TPR3DT609F6SJQH,M,2000-02-08,25,Athlete
5978,7TRFLZTT8XP2YSSV,M,,0,Coach
5979,7TS6FX7FX7LLNAOQ,M,1960-12-27,64,Athlete
5980,7U8QBW6CZ5TPQG6Q,M,1975-05-08,50,Coach
5981,7UA07D60YFWMLNJG,M,1973-02-13,52,Athlete
5982,7UCJXKDCS7WGLSZD,F,1996-02-03,29,Athlete
5983,7UFU54Y5FPGP1CP8,F,1993-05-28,32,Coach
5984,7UNZT39FEV0O3SKV,F,2002-07-09,23,Athlete
5985,7UUM577BLXNCOTFQ,M,1962-07-18,63,Athlete
5986,7UW8SJUVN4B8RSJM,F,1982-01-02,43,Athlete
5987,7UYENKU82WP52NN6,M,1994-12-02,30,Athlete
5988,7V0DPXEE0THS1NQW,F,2003-05-16,22,Athlete
5989,7VA7N0R1EM1H2QI2,F,1985-08-15,40,Athlete
5990,7VS7XYONYQ7WSOE2,M,1982-10-20,43,Athlete
5991,7WKOY269VW0YW1QZ,M,1991-05-07,34,Athlete
5992,7WN2XGUDPFVRNZU5,M,2000-09-08,25,Athlete
5993,7WYALOFTTZK4W9VK,M,1983-09-08,42,Athlete
5994,7XQUX2KFREBO2IAK,M,1976-09-16,49,Athlete
5995,7Y6D77P07F1RJ77Q,M,1954-09-27,71,Athlete
5996,7YAL56EBI0BS9Y5X,F,1978-02-01,47,Athlete
5997,7YH6F3CIEIC6EXAW,M,1988-01-09,37,Athlete
5998,7YJIS4ZYRGON64ZV,M,,0,Coach
5999,7YMSMJFBYUPT0SU6,M,1959-05-13,66,Athlete
6000,7YXDR8L12NA791ZV,M,1999-07-21,26,Athlete
6001,7YYQB24IBV0PINSQ,F,1987-02-05,38,Athlete
6002,7ZB3HGB0U9J64NVF,F,1983-05-25,42,Athlete
6003,7ZDROVJU4QG5W5MK,M,1970-11-04,55,Athlete
6004,7ZLB6WITRSKMIBKG,M,1959-07-07,66,Athlete
6005,7ZS98O0X3HXB42TZ,M,1978-07-10,47,Athlete
6006,7ZUQ2BNI9MRWN6IW,M,1996-02-04,29,Athlete
6007,7ZVT7GX7XC4ESTUG,M,2010-02-01,15,Athlete
6008,8086QA9PTBNXQCRJ,M,1973-10-03,52,Athlete
6009,80CFI9XNIXRAZ5MC,M,1957-05-08,68,Coach
6010,80CKNSB9HTXHTER0,F,2005-10-17,20,Athlete
6011,80E3NFL6CM2PRJO4,F,1984-04-07,41,Athlete
6012,80G4SP08XWTS3R98,F,1995-03-21,30,Athlete
6013,80I753PCACF4Q05B,M,1976-10-04,49,Athlete
6014,80M3Z23IIEC8SLMD,F,1969-03-21,56,Athlete
6015,8156R7U7SQQT457C,M,1966-11-21,58,Athlete
6016,815BVXD0WTGE6RMC,M,2000-09-06,25,Athlete
6017,81B9VMFG9VGTHPX6,M,1957-04-29,68,Athlete
6018,81F75JH3OLQKSNR9,F,,0,Coach
6019,81SAL680OIYUSFHR,F,1996-01-06,29,Athlete
6020,81TP5XXZ1EUK6YXY,F,1983-09-12,42,Unified Partner
6021,81ZJF2O0AD0DAP2X,F,1970-01-01,55,Athlete
6022,822QRRGI3DPPJFIV,F,,0,Coach
6023,824OOJYX4VXRGNF9,M,2001-03-01,24,Athlete
6024,82IKPLYQ38BRUUPL,F,1960-09-16,65,Athlete
6025,82JV2MS8PK1AUY18,M,1974-10-03,51,Athlete
6026,82KP8ZTVS77HKBOT,M,1982-10-02,43,Athlete
6027,82QPI8PSJVZRA3P0,F,1986-02-28,39,Athlete
6028,82TPKFQRPWIPKONQ,M,1988-03-30,37,Athlete
6029,830D2LGKPXZHHCVB,F,1977-03-14,48,Athlete
6030,835YA0NUFFGE0U12,M,1986-08-21,39,Athlete
6031,839IA72PBHHCQ82S,F,1990-04-09,35,Coach
6032,83AP1DOVB0JD76H9,M,1991-02-15,34,Coach
6033,83BK4FPFKEIM8KDW,M,,0,Coach
6034,83C0LORSGVFKFN8L,M,1993-09-03,32,Athlete
6035,83CWIQ2ED5H7JMX5,F,1962-03-29,63,Athlete
6036,83I7G4H8C1P2JXSH,M,2000-07-04,25,Athlete
6037,83J93LMIGVZLV44R,M,2006-08-21,19,Athlete
6038,83NWLSRX53TR22XQ,F,1956-10-21,69,Athlete
6039,83WLJO585DVFHL4G,M,1981-06-09,44,Athlete
6040,83Y6VHT5H8IUJYZA,F,2001-06-29,24,Athlete
6041,83YKFC6IUODMJM6A,F,1997-08-05,28,Coach
6042,83ZXORCJ0YMHEESO,M,1989-08-08,36,Athlete
6043,847A7AJ3D25JB5SR,F,2007-07-06,18,Unified Partner
6044,84R5JTO3DDLGY49D,M,1978-06-04,47,Athlete
6045,84XOIMIZAVQKLA0J,F,1999-03-10,26,Coach
6046,85059R5IE71FW562,M,1962-10-19,63,Athlete
6047,855L37D42DP9JX04,M,1994-04-20,31,Athlete
6048,858LXZY1OV7WLW9P,M,1996-01-31,29,Athlete
6049,85CWBZF0AZDLV7F9,M,2003-10-01,22,Athlete
6050,85EGTDLG7STY86HA,M,1970-04-20,55,Athlete
6051,85ZH5PHQC33K4Y2N,F,1987-08-04,38,Athlete
6052,861P4RXELP1TVOT5,F,1993-01-07,32,Athlete
6053,863YCBXXXEWFSEEZ,M,1998-03-17,27,Athlete
6054,86AKIMLF0WI44RFI,F,1977-03-22,48,Athlete
6055,86ECM7G4RFGG0TYM,F,1983-01-07,42,Athlete
6056,86GJTXJNUNJ6MUG4,M,2002-11-18,22,Athlete
6057,86GVVPPNM57DEIJC,M,2000-12-02,24,Athlete
6058,86TYB0TGCDM46RWP,M,2004-05-17,21,Athlete
6059,86ZNY327T6XBN1V2,M,1995-12-06,29,Athlete
6060,878M6FCODIM7GLVB,M,2004-07-23,21,Athlete
6061,87EUMIPCW23PIP1N,M,2008-11-05,17,Athlete
6062,87TWPNXN3VVQD30G,M,,0,Unified Partner
6063,882P4U3R5IUFG731,F,1976-04-01,49,Athlete
6064,884FDBAGH309YKCH,F,1947-09-27,78,Athlete
6065,8850GBYQBMIW5J8O,F,,0,Coach
6066,88AFARFOFYA7HLMG,M,,0,Coach
6067,88AX8FVBXZ875R6I,F,2011-09-08,14,Athlete
6068,88CHKL3XCHUI3CXC,F,1947-03-28,78,Athlete
6069,88H38T4AB08U9BLS,M,1995-07-28,30,Athlete
6070,88HQY4CB6ZBSF4QL,M,1981-09-10,44,Athlete
6071,88NKHXR98KN2E6MK,M,1977-01-14,48,Athlete
6072,8918ZUK7A5V2HCSR,M,2002-05-11,23,Athlete
6073,89MGUOHPQ1LN1XGX,M,1993-12-09,31,Athlete
6074,89Q81I0M79EJCFE8,F,1991-02-19,34,Athlete
6075,89QTLZUNE6N917T1,F,1986-09-14,39,Athlete
6076,89T43OMLCFQ2PA1O,F,1969-03-14,56,Athlete
6077,89UQK1JIXTLMV570,F,1992-07-21,33,Athlete
6078,8A7BRETHYUNP2P00,F,1967-08-16,58,Athlete
6079,8AGV3KTBIXHTMWLM,F,1975-04-22,50,Coach
6080,8AH9F5UFKLNJ6EID,U,,0,Unified Partner
6081,8AHF9G4FG0RSHP2K,M,,0,Coach
6082,8AHI6MIRGSGZP179,F,1989-02-08,36,Coach
6083,8AHW8RF0FWIG3P1G,F,,0,Coach
6084,8ANX7A1TBIJEBZ5V,M,1998-04-18,27,Unified Partner
6085,8AS8CCY4J4E10V4M,M,1991-07-12,34,Athlete
6086,8ATKKL9MVYUU6YRN,F,1998-05-11,27,Athlete
6087,8B01SUZG11X7LC3B,M,1997-03-16,28,Athlete
6088,8B5QSIMDLFAYGV17,M,1957-04-17,68,Athlete
6089,8B6XFGNEDMJUNDHK,M,1956-03-30,69,Athlete
6090,8C6L7RV0ERA7JRR0,M,1955-10-12,70,Coach
6091,8CPUZC9ZX3E04VPQ,M,1983-05-20,42,Athlete
6092,8D4PY5RCJ03B0HA1,M,1975-07-07,50,Athlete
6093,8D4VQJ061K90Q9S6,M,1988-04-30,37,Athlete
6094,8D6NMYW0IMZKHDI8,M,1983-07-24,42,Athlete
6095,8DATCPRVD98AMUOV,M,1991-10-13,34,Athlete
6096,8DG21Z9QH38LC1JH,M,1997-07-02,28,Athlete
6097,8DP88VRDMRVUHGBY,F,1975-09-05,50,Athlete
6098,8DQ2JZASZ915GK83,F,,0,Unified Partner
6099,8E333CCZPCJ49TYH,M,1974-04-26,51,Athlete
6100,8E8XY0TV5LXMAOKJ,M,1998-12-29,26,Athlete
6101,8E9DAM70H0BPJ1DA,M,1962-05-16,63,Athlete
6102,8EMNN33X36BBHPE2,M,1989-07-27,36,Athlete
6103,8EN20JSKUVXMCT9B,M,1976-03-10,49,Athlete
6104,8EO8HJ1CWPWEMEV1,M,2007-01-02,18,Athlete
6105,8EORZWL4GRQ22PND,F,1983-02-20,42,Athlete
6106,8FN6B12TAHVB0HYD,M,1992-10-24,33,Athlete
6107,8GL57QTRMFRSRV1O,M,1957-10-22,68,Athlete
6108,8GO077NW943AV1WU,M,1946-11-07,79,Athlete
6109,8HDFJW4F3711ZN0V,F,1959-02-22,66,Coach
6110,8HJM4HKZ73Y92KFO,F,2000-09-19,25,Coach
6111,8HQ27YVH7NTYTACX,F,1964-12-16,60,Athlete
6112,8HRKS819PV8OBFII,M,1992-09-25,33,Athlete
6113,8I00L2YVZMHOYLND,F,2009-04-25,16,Athlete
6114,8I2L6XUTNC3BIAVV,M,1970-04-22,55,Athlete
6115,8I3XLCA5MO6Z9KQQ,M,2006-12-27,18,Athlete
6116,8I4DVMCNGYS72GWY,F,2008-06-16,17,Unified Partner
6117,8IZ280ZDY09BLD22,M,2005-11-29,19,Athlete
6118,8JSB1Q4B5GAFI82B,F,1968-11-01,57,Athlete
6119,8K28N4VFTPOPHG15,M,2000-09-15,25,Coach
6120,8K438CLKK1ZR2B98,F,1987-09-24,38,Athlete
6121,8K5PYQN7BW5NI0L0,M,1968-03-05,57,Athlete
6122,8K5WJ6XFT7QCV41J,M,2000-01-06,25,Athlete
6123,8KRD611DJAHJ1TB3,F,1969-01-27,56,Athlete
6124,8KYWNMWDIY4D0QWU,F,2003-04-21,22,Athlete
6125,8LDALVHPLTH858AK,F,1996-06-04,29,Athlete
6126,8LE3TWRWCG8HWUL8,F,1992-05-05,33,Coach
6127,8LOAR73WITYGPVHP,M,1971-10-20,54,Athlete
6128,8LQP0UCXN6DAFQ7Q,F,1980-06-27,45,Athlete
6129,8LS0RRW7ZR4JH6P6,M,1987-09-05,38,Athlete
6130,8M666V4NK1S10D5S,M,1997-12-17,27,Athlete
6131,8M889FJ9ES6JIRAF,F,1958-01-17,67,Athlete
6132,8MAZYD2QD9FV1R2W,M,1967-01-19,58,Athlete
6133,8MMVMJNWQW9N4OP7,F,1974-03-29,51,Athlete
6134,8MWNDEAYAZA9FYAW,F,1992-02-12,33,Athlete
6135,8MYVUO1IZRXT1QEE,F,1967-04-13,58,Athlete
6136,8NC0D2J3N68TXUGJ,M,1989-01-04,36,Coach
6137,8NDODZH9USRNI5V8,F,1957-09-14,68,Athlete
6138,8NRJAE9HD49Q45AD,M,1968-09-15,57,Athlete
6139,8NSUXPO74T1I4EBQ,M,1973-01-08,52,Athlete
6140,8OF1TCNWMKN4WVKO,M,1984-11-22,40,Athlete
6141,8OUB6BQFPLQKCJ7Y,M,2010-04-01,15,Athlete
6142,8P1IXHMAU0WK5BOV,F,1972-09-02,53,Athlete
6143,8PYZLVSRAJVTHCBL,F,,0,Coach
6144,8Q4H696GH5L3YZUG,M,2001-11-02,24,Athlete
6145,8QHY2VREY4K1E6DC,F,1946-01-09,79,Athlete
6146,8QMYIWAWRH6FNU0X,M,1991-09-19,34,Athlete
6147,8QV970VZD8JNEB56,F,1992-12-06,32,Athlete
6148,8QZD2SSC77V83KJ2,F,1958-04-18,67,Coach
6149,8R0X7OZGKA96Z3AV,F,1967-06-11,58,Athlete
6150,8R6UJ1MU7LJENH2W,M,1999-10-05,26,Athlete
6151,8RCKIFMPA8OZ4V57,F,1969-05-20,56,Coach
6152,8RMM0Y0E4WKAVE3B,M,2004-10-21,21,Athlete
6153,8RPF5ZGDDKUP3QD5,M,1978-04-29,47,Athlete
6154,8RX0GGSXWOGKTCVI,M,1997-03-23,28,Athlete
6155,8S43CJX663U4OYHC,F,1993-03-24,32,Athlete
6156,8S67KIW9B13XMV1N,M,,0,Coach
6157,8S6E7XG1OP1STMAM,M,2010-10-17,15,Athlete
6158,8SF65J20EPW7ON22,M,1959-04-15,66,Athlete
6159,8SMIWPZ1E68OQF5Z,M,2007-09-22,18,Athlete
6160,8STB1KKNMWILI7TE,M,2002-03-04,23,Athlete
6161,8SWERA6F5UVTG2L3,M,2007-06-15,18,Athlete
6162,8TDL8F5Q9BBN4RA4,F,,0,Unified Partner
6163,8TEJZN7T9NRC0DZQ,M,1977-05-22,48,Athlete
6164,8TW7BNG1OLH04VYR,F,,0,Coach
6165,8TYJSDB4X7GZTRC9,F,1988-07-18,37,Athlete
6166,8TYUHAUOYQFQAUW7,F,1976-10-24,49,Unified Partner
6167,8U251IINTI33JTE5,M,1950-09-02,75,Athlete
6168,8UAZP9I3PQ1TKZ1O,M,1985-07-15,40,Athlete
6169,8VFJGEGJBJ7AK3V7,M,2001-12-07,23,Athlete
6170,8VVV5R0F5AIQOU4E,M,1965-08-06,60,Athlete
6171,8VYOFJ3XXXL943X5,M,1976-04-14,49,Athlete
6172,8W09C1A44AP4Q4JE,F,1968-07-02,57,Athlete
6173,8W4TCJZ1HPIVM9SO,F,1997-08-18,28,Athlete
6174,8W5QO7NNGOTSVBFL,M,1967-01-05,58,Athlete
6175,8WHXH6YXBVZFBC6Z,M,1984-03-18,41,Athlete
6176,8WM8CYD3UQHKCFZM,F,1968-01-12,57,Athlete
6177,8WOPN9183SPI20FJ,M,2001-09-09,24,Athlete
6178,8X1G2OE8KJH0SNIF,F,1969-11-01,56,Coach
6179,8X9CMCENYWAXSJ7G,M,,0,Athlete
6180,8XRM9UWVQUSBBHO8,F,1999-10-01,26,Athlete
6181,8XXJ00KPX3AU237Z,M,1973-02-07,52,Athlete
6182,8XYYTZR1IKRD6PK9,M,1968-04-02,57,Athlete
6183,8Y5RTV206PGF44T5,F,1998-01-15,27,Coach
6184,8YHOMQROAP2QHABL,M,2009-12-26,15,Athlete
6185,8YQ8HTDHWU9KHG0U,F,,0,Coach
6186,8YX70GWRA0E40SCM,M,1984-05-16,41,Athlete
6187,8YZEJ5SCJ0AJVJ7A,M,,0,Unified Partner
6188,8YZJSUZRZ5WD6O06,F,1968-05-31,57,Athlete
6189,8ZCYR3XSZ0PXXX6D,F,2001-01-14,24,Athlete
6190,8ZFEL5YAYCU24URI,M,1982-08-21,43,Athlete
6191,8ZIH34MG0G31LDRG,M,1996-09-11,29,Athlete
6192,8ZO23GLOX584K3GL,M,1950-03-18,75,Coach
6193,8ZPIR9UWHTF41OU8,F,1993-06-25,32,Athlete
6194,8ZS4RSJDNXHKFJVP,M,1965-04-21,60,Athlete
6195,8ZW702RHPXI4V45L,M,1974-03-16,51,Athlete
6196,9012743YH3BJD1K2,M,1996-03-24,29,Athlete
6197,907VUCQBY91A82XZ,M,1951-01-27,74,Athlete
6198,90CJM9THHJFO44E3,M,2003-05-15,22,Athlete
6199,90JF2DUGJMTN4ETZ,M,1955-10-22,70,Unified Partner
6200,90KS32JKLV310YKL,M,1993-08-19,32,Athlete
6201,90U0VI1GRK7E8W5P,F,1960-10-17,65,Athlete
6202,90YOPMPMY3N53U7A,M,1994-10-24,31,Coach
6203,90YTL3NZ70Y01TYC,F,2004-11-18,20,Athlete
6204,911UMZCTJTE0QJIM,M,2003-11-10,22,Athlete
6205,912NYFB9TCLN82ZE,F,1984-07-31,41,Athlete
6206,912QXT8U4QLJHTBL,M,2010-03-28,15,Athlete
6207,914652PX0BAK0PCW,M,2006-07-03,19,Athlete
6208,9197K939C485Y25P,M,1966-02-04,59,Athlete
6209,9197SLH1XE0FV75L,M,,0,Athlete
6210,91BMEKUNHNCSS9W3,F,1978-09-07,47,Coach
6211,91GBWQP53XESCIF5,U,,0,Unified Partner
6212,91GKAS6D7XHG8AS1,M,2000-01-04,25,Coach
6213,91RXXWMQPUJ50AF7,M,2009-07-29,16,Athlete
6214,91ZUFN44ZEINGNH1,M,,0,Unified Partner
6215,9265NUWJVWH3M9D3,M,2001-06-19,24,Athlete
6216,926ZRMEZ4M36WC7C,F,1994-12-05,30,Athlete
6217,929PBF2WNUR8Q9N1,F,1988-10-15,37,Athlete
6218,92L4VY27EVKJWRJ4,M,1984-04-08,41,Athlete
6219,92PF5JVUP4PHMS1Z,M,1964-04-23,61,Coach
6220,92TTD2MGA6Q125KN,F,1998-10-02,27,Athlete
6221,935UIOZTG9YHL1GT,M,1984-01-02,41,Athlete
6222,936DC6G0DOMZR8XY,M,1972-10-12,53,Coach
6223,9394AZ5RQTEAY1KC,F,1985-03-28,40,Athlete
6224,93D8GRHUU8JTPBCQ,M,1997-12-04,27,Athlete
6225,93DTVT4ARNY1YRFK,M,1990-08-22,35,Athlete
6226,93M9PTH5MT8ZU59A,F,1900-01-02,12,Unified Partner
6227,94KF7M2L8VSJ54RI,F,2007-05-02,18,Athlete
6228,94X5RHBBQ4OOOMYO,M,1972-06-09,53,Athlete
6229,94XMQ4346BFSN0AT,F,1978-10-04,47,Athlete
6230,95FXUPWVADF3KO2W,M,1998-06-12,27,Athlete
6231,960J5QA9L24FSWJX,M,1994-05-30,31,Athlete
6232,9638FDKS7LQ7EH6V,M,,0,Unified Partner
6233,96FPXV4HV1QTGVYB,F,1980-01-02,45,Athlete
6234,96FWC9E56G7DVNY2,M,1956-02-15,69,Athlete
6235,96IK3UCFHG84CBU0,M,1992-01-28,33,Athlete
6236,96K6IN8359GJCJK3,M,2009-09-30,16,Athlete
6237,96Q7WSARM7WXOMYV,M,2001-08-08,24,Athlete
6238,96R908VL421ZAOFO,F,1984-11-21,40,Athlete
6239,972MS61W5JX1WDOP,M,1992-08-02,33,Athlete
6240,9735MB7BYHUPVYD1,F,,0,Manager
6241,97D82GJU0DC23WYK,M,2001-10-17,24,Athlete
6242,97O1Y4APYEXJFQ2T,M,1987-12-09,37,Athlete
6243,97V71I0I6WLLI1MT,M,1950-09-03,75,Athlete
6244,97ZQ4DLQTHGY8DKT,M,1992-12-20,32,Coach
6245,981E9QH4P31BY2BP,M,1986-12-02,38,Coach
6246,981TTBHR7L5J6NYG,M,1966-12-01,58,Athlete
6247,98JJEMOX7UEFDH5O,M,1973-04-03,52,Athlete
6248,98JYSC2FJXMWDLS0,M,1994-06-23,31,Athlete
6249,98WHB57058J8FF3Q,M,1999-06-17,26,Coach
6250,98YU42ZO78IJGPMT,M,1985-06-01,40,Athlete
6251,994FMED7Y3BVOYQH,F,1997-07-03,28,Athlete
6252,996BGI7HW5RCYETH,F,1990-12-28,34,Coach
6253,99A3XSNL281LBXU7,M,1973-07-06,52,Athlete
6254,99GRSY98LUNU5K7G,M,1990-10-12,35,Athlete
6255,99H3NH1YFOW7VDE2,M,1960-12-06,64,Athlete
6256,99OUV25E6Z4RT7W9,M,1984-10-09,41,Athlete
6257,9ACARXKIRTJ8KV0Y,M,1972-07-18,53,Athlete
6258,9AEC3D33LW9R55BB,M,1992-11-23,32,Coach
6259,9AJD8CZB4Q0A66M8,M,1990-08-17,35,Athlete
6260,9ALBH6XJ9XA8BXS9,M,1978-12-20,46,Athlete
6261,9AU4R5BQJWV9Y4N2,M,1970-08-05,55,Athlete
6262,9AW14V09QPCIWDDJ,F,1972-06-14,53,Athlete
6263,9BE3DG3XRTTDKWPV,F,1975-10-06,50,Coach
6264,9BEG0TGJV98LXVTQ,M,1992-08-27,33,Athlete
6265,9BI7E3SIIR3VI1D9,M,1998-05-25,27,Unified Partner
6266,9BNLDZE9OH6786ZE,M,1960-11-14,64,Athlete
6267,9BRPT9TYGN9WHBES,M,2003-07-20,22,Athlete
6268,9C2YV1P04BR3JU72,M,1992-10-17,33,Athlete
6269,9C5E7U2HRYUCU9TR,F,1997-06-23,28,Athlete
6270,9D43R563LMG0NZKD,M,1970-03-03,55,Athlete
6271,9D4HOR5NZ0QXJ7EE,M,1967-03-28,58,Athlete
6272,9D78V3K07H6C3NC0,F,1992-01-13,33,Athlete
6273,9DM3JGY1A8WJ2K64,F,2002-07-25,23,Athlete
6274,9DMGK2L0S2YPWCPP,M,1965-10-16,60,Athlete
6275,9DSK1YBAD51Z8HU2,M,1957-09-07,68,Athlete
6276,9E1ZN2P3CW8O4ZXH,F,2009-07-22,16,Athlete
6277,9E6WKW5ZVGRH23DQ,M,1985-04-25,40,Athlete
6278,9E96RBC1XL7OM0Z3,M,1985-03-19,40,Coach
6279,9EATEJPMIL61162V,M,2005-01-28,20,Athlete
6280,9EJMNR96JMNC6CRD,M,1969-12-27,55,Athlete
6281,9ELV9TGXICQV2RHT,M,1976-08-31,49,Athlete
6282,9ES3UDKWCAAM46IP,M,1997-10-01,28,Athlete
6283,9EYIU2YASU3ELBQJ,F,1988-08-23,37,Athlete
6284,9F3PQK1QB9XOVBY0,M,1970-12-08,54,Athlete
6285,9FGAMMFCZY59UH3C,F,1977-04-05,48,Athlete
6286,9FGLGLV1PSTOX2ZK,F,1967-04-10,58,Coach
6287,9FYYIG4XY26UHEYM,F,1984-05-31,41,Athlete
6288,9G3451AOVUNORZCN,F,,0,Staff
6289,9G3CCDE6D0WYS3T2,F,2006-09-20,19,Athlete
6290,9G6KYW6Y20EU6397,M,1966-12-27,58,Athlete
6291,9G95YSXJMM38KXGI,F,1988-10-21,37,Coach
6292,9GD1197GQ05FB8KN,F,1982-09-30,43,Athlete
6293,9GFUA98CHT8N09Y9,M,1963-03-31,62,Athlete
6294,9GL3ZT0Z72HDVWOS,M,2009-06-02,16,Athlete
6295,9GTRRUOCP5JWK5CS,F,1997-02-28,28,Coach
6296,9GX4V61BFLI7MYLU,M,2003-03-23,22,Athlete
6297,9H9V4G9KEZYSQ3XQ,F,2007-11-21,17,Athlete
6298,9HGNQR0PW8LSJIK8,M,1959-11-07,66,Athlete
6299,9HK9SY9W46OWV119,F,1954-03-21,71,Athlete
6300,9HNQRNOV9M4W72CQ,U,1997-04-17,28,Athlete
6301,9HQBLTZEA6GZUSMQ,M,2002-02-04,23,Athlete
6302,9HVMJGZUJOO1WRQ4,F,1985-04-23,40,Athlete
6303,9I3XCWGPV7XR999Q,M,1970-08-17,55,Athlete
6304,9IDKX5E01C0P3MDD,F,1972-05-24,53,Athlete
6305,9IMNY7QQWHINZMKC,F,1987-02-07,38,Athlete
6306,9ITY4M587NEB76XQ,M,1960-12-09,64,Athlete
6307,9IX8IJV6GF696KJ4,F,1995-03-11,30,Coach
6308,9IXEQ2MJVFQ93HHP,F,1997-03-07,28,Athlete
6309,9J9HI9F1W029OOA8,M,2000-11-28,24,Athlete
6310,9JCL9C9LBAGY077X,F,1981-07-27,44,Athlete
6311,9JMJM618GG4G5DLW,M,2007-01-13,18,Athlete
6312,9JSLJY1Y8CCWU5RY,F,1992-11-29,32,Coach
6313,9JYDXWKL9XMLJQT5,M,2002-02-02,23,Athlete
6314,9K1LXJCJP4D2AXOK,F,1995-10-22,30,Athlete
6315,9K268LJ73G7BSUG9,M,2011-01-08,14,Athlete
6316,9K2LYMFTRJ49RGIC,M,1986-02-28,39,Athlete
6317,9KCXFXSZZW6BG86L,M,1983-02-22,42,Athlete
6318,9KT3T7OOLH3ECIKM,M,1966-04-25,59,Athlete
6319,9KUHQM5U6RL68LTA,F,2004-01-21,21,Athlete
6320,9KYHE5L3LCR62KRM,F,2009-01-31,16,Athlete
6321,9L97V0T6Y21X2UM8,M,2012-07-30,13,Athlete
6322,9LBJXLJW9EFQWTCD,F,,0,Coach
6323,9LEZVWJVBD1DHGP4,F,1986-07-28,39,Athlete
6324,9LK3WQ05E9JSYCBF,M,1963-04-27,62,Athlete
6325,9LY5ZX5QH94F6PEH,F,1984-04-03,41,Athlete
6326,9M28UF4US67YS8JR,M,2005-10-07,20,Athlete
6327,9M94QB75EMTCUTDM,M,1977-03-02,48,Athlete
6328,9MDC5UV5NFQC1Z1V,F,,0,Coach
6329,9MENJWYRZGPAD3RD,M,1994-06-11,31,Athlete
6330,9MF6MFMZKD20RYCJ,F,,0,Coach
6331,9MK0UZIR21NVZB73,M,1975-05-30,50,Athlete
6332,9MYHW8A3WIRWS1HV,F,1976-11-29,48,Athlete
6333,9N5XBK8959ZQMWJQ,F,1982-04-08,43,Athlete
6334,9N6AF85A742Y8069,F,1952-12-19,72,Athlete
6335,9N8X2B4XK33XS48T,F,1970-04-21,55,Unified Partner
6336,9NAD8E38GKLHRKQ9,F,1965-04-12,60,Athlete
6337,9NNRLN8HHZ4NZBXL,M,1966-12-18,58,Athlete
6338,9O1UW5V9DUEOV4OK,M,1999-04-11,26,Athlete
6339,9O1XOBGR3KFHELGN,F,,0,Coach
6340,9OTB2YQ6991105X1,F,1972-05-31,53,Security
6341,9OXK8S41FEKVCV8N,M,1998-08-28,27,Unified Partner
6342,9PCC2RPL9B79ZZGW,M,1970-10-27,55,Coach
6343,9PP3EJ26R4T9SK3F,F,1969-04-17,56,Athlete
6344,9PR78XKBPOU5P6QF,M,1975-10-14,50,Athlete
6345,9PU9YZJ8ALV65BJJ,F,2005-04-30,20,Athlete
6346,9PY7AXPRU7DPI8Q0,M,1952-03-24,73,Athlete
6347,9PYP20XV6FRVS896,M,1993-04-13,32,Coach
6348,9PZGA5F95EZ28ACO,F,1987-09-03,38,Athlete
6349,9QBWVCAB633S1LO0,F,,0,Coach
6350,9QT6NDXJZXH8R8QP,F,1991-04-29,34,Athlete
6351,9R8EGMYW83EA6RQH,M,1961-07-29,64,Athlete
6352,9SBKPAINSEWQWUI0,M,1990-07-18,35,Athlete
6353,9SCU8MJR7PVQXG5Q,M,2009-04-16,16,Athlete
6354,9SDKYV8VGUABNZOM,F,1996-01-19,29,Coach
6355,9SEH29J209C3BVLZ,M,1959-03-26,66,Athlete
6356,9SETTA7NYLWPHYF6,M,1990-03-30,35,Unified Partner
6357,9SJOVGQTKUU9U7ZM,F,,0,Coach
6358,9SLQZW8UQYVYXFW5,M,,0,Athlete
6359,9SMZC8SHT53BW19P,M,1995-02-23,30,Athlete
6360,9SQ5PNELN5ZFR08H,M,1995-01-24,30,Athlete
6361,9SZM2QB2K4B3HK0J,F,1995-02-23,30,Athlete
6362,9T09WTJH49Y89ZTD,F,1992-03-16,33,Athlete
6363,9T8L6UUDYVLAW3C9,M,2002-10-03,23,Athlete
6364,9T8N4BPO1CW7Q1FX,F,1994-01-01,31,Athlete
6365,9TFUD6S39MQ5R0HW,M,1982-06-26,43,Athlete
6366,9U3UPSQX1WBWS7C9,M,,0,Athlete
6367,9U7FR25YCS82MLFW,M,1982-08-15,43,Athlete
6368,9V0ABF7FYWHCFAK6,M,1990-09-20,35,Athlete
6369,9VAF1FOHKGRNKZEC,M,1974-05-21,51,Athlete
6370,9VOGLA680VC96NKP,M,1992-04-23,33,Athlete
6371,9VY868UYLAY4GJVA,M,2000-11-14,24,Athlete
6372,9W4BNOEUO3ZQRHL0,M,1993-12-10,31,Coach
6373,9WFMGVDD0CBK367R,M,1996-01-30,29,Athlete
6374,9WFN7QOE0B9YS4QO,M,1970-03-20,55,Athlete
6375,9WJTUKGTXPADXQWB,F,1963-01-11,62,Athlete
6376,9WPRAP08Z92FRP0H,F,1997-05-16,28,Athlete
6377,9WPYBJVCWJEI7A0S,M,2008-07-28,17,Athlete
6378,9WTLLEOUAUSX68BL,M,1954-01-22,71,Athlete
6379,9X87X0FN8FMXTU02,M,1987-01-31,38,Athlete
6380,9XC8SJNF7N3X9A10,M,,0,Coach
6381,9XDB0TCU9G14S611,F,1960-09-21,65,Coach
6382,9XTS4PR11FNUE0IH,F,1993-07-16,32,Athlete
6383,9Y5VEGPQ6RSG8E2L,M,2001-11-26,23,Athlete
6384,9Y67G2FI92RLVQBA,F,1989-09-12,36,Athlete
6385,9Y8M2MDDMX0V6KHV,F,1979-10-18,46,Athlete
6386,9YGNE233IO4JYAD4,M,1971-07-29,54,Athlete
6387,9YRFKH5CKASV72HV,F,,0,Coach
6388,9YX3CJ4X1BW6BCXO,F,,0,Coach
6389,9Z187C6FDTV8TE47,F,2003-06-30,22,Athlete
6390,9Z5PHYSG9NHAL189,M,1971-06-28,54,Athlete
6391,9ZFAXRRGHCICQO3T,M,2006-06-24,19,Athlete
6392,9ZQS5E46XBHLZ73S,M,1980-08-13,45,Athlete
6393,9ZUP2Z9L11P2D2LZ,M,1953-11-17,71,Athlete
6394,A07UOYG2ITWVJCP6,F,,0,Athlete
6395,A0BVE3ERXBDV9HG7,M,1979-06-25,46,Athlete
6396,A0RUTYI5C6WDQ6HJ,M,1992-09-03,33,Athlete
6397,A1DFP0FOHS7UB7AO,M,1944-08-23,81,Athlete
6398,A1FH2G3FQKXTR58Z,M,1991-11-19,33,Athlete
6399,A2CNNGO9JUDFK837,M,1994-12-11,30,Athlete
6400,A2G5OK6XXKTUDQ4M,F,1979-08-17,46,Unified Partner
6401,A2GSNXG3C02Y7RK6,M,2008-12-11,16,Athlete
6402,A2HKEVHDI2GK8HA9,F,1955-09-11,70,Coach
6403,A2K6AZYD9AQFB5PZ,M,1950-10-20,75,Athlete
6404,A2UMTVDQKOCZW1RZ,M,1992-07-21,33,Athlete
6405,A30FZIA1GTRTT8FH,M,1947-07-22,78,Athlete
6406,A35IKAW0JHCHSYOQ,M,,0,Coach
6407,A3PE6UCWZDGCAIJW,F,1992-09-15,33,Athlete
6408,A3PMUK2XRB9SNLPU,F,1985-04-26,40,Athlete
6409,A437FOOUQFE3REWN,M,1995-04-26,30,Athlete
6410,A439KGRRY1P1R48O,M,,0,Unified Partner
6411,A4KKL5KP595Q13XB,M,2005-07-06,20,Athlete
6412,A4X2DCPQPN6QGVYZ,M,1976-11-30,48,Coach
6413,A51MQIXW59F8QOJ0,M,1958-05-10,67,Athlete
6414,A55703SIIJWIKPJU,F,1993-07-03,32,Athlete
6415,A5FAIBOV2KFMW9VQ,F,,0,Unified Partner
6416,A5MXQI6L5NLMJYQB,M,1988-02-25,37,Athlete
6417,A68N7J8T9EXTQSFA,F,1996-03-05,29,Athlete
6418,A6BB8JVAGN1QQJZ6,F,1972-08-22,53,Coach
6419,A6DK4AGDPNSIL43G,F,1968-08-23,57,Athlete
6420,A6YEZ1HIYX6ITKD9,M,,0,Unified Partner
6421,A71XDTNODTSSF0O6,M,1957-10-02,68,Athlete
6422,A72GWQ4VBFLZFZPF,M,1978-11-03,47,Athlete
6423,A7A3WP1DC9UK1CO8,F,,0,Athlete
6424,A7AB3BGIOAKP97KJ,F,1989-01-17,36,Coach
6425,A7AOFLZI18SXJGS9,M,1965-02-24,60,Coach
6426,A7EHLHGQBVTCATP4,M,2004-11-26,20,Athlete
6427,A7NKA5YR68GIJQJ6,F,1995-10-08,30,Athlete
6428,A7UBC9PLAUX03VCB,F,1980-08-12,45,Athlete
6429,A7ZZ1N0NC4C71VHP,M,1991-10-05,34,Athlete
6430,A8RBF5O389KYMMB1,F,1997-03-25,28,Athlete
6431,A9DDKVN27PKSY46Y,M,1980-01-14,45,Athlete
6432,A9GZ01UUBZWQPFAY,M,1968-03-07,57,Athlete
6433,A9SKZPG1MBO1SQPE,M,1986-02-05,39,Athlete
6434,A9UIZOA1IN8HH4MY,M,2002-05-23,23,Athlete
6435,AA4ADM9CZFQI627W,M,,0,Coach
6436,AA648K4OTEZTEABT,M,1983-07-18,42,Athlete
6437,AAHLHLE56RNHEIEY,M,1978-03-01,47,Coach
6438,AAI25RNZ787135T3,M,,0,Coach
6439,AARGKW7HLEVPW86Q,M,1967-08-18,58,Athlete
6440,AATGMNXTDUQT07ZH,M,1963-02-25,62,Athlete
6441,AAYLF215FMJQGYLZ,M,1999-10-17,26,Athlete
6442,ABQ3EWWP79V6BH0L,F,1950-08-01,75,Athlete
6443,ABW2PC64NXXIIYUU,M,1955-11-10,70,Coach
6444,ABXDCKGBJBKGZ4HP,F,1963-06-28,62,Coach
6445,ABY558I1U214ZZMJ,M,1945-09-26,80,Athlete
6446,ABYNPBHIGYS0QNLO,F,1965-09-30,60,Athlete
6447,AC541TWK7S04BK9A,M,1987-03-03,38,Athlete
6448,ACIQV82NMXTAV0VN,M,1981-09-20,44,Coach
6449,ACWDRDSV40MVLVRL,M,1983-08-16,42,Unified Partner
6450,AD2YFL1OGU0W96Z7,F,1960-03-25,65,Athlete
6451,AD4TK6YGUTTCL4YF,F,1957-09-05,68,Coach
6452,AD5D3H8IFCWGUH1S,M,2002-06-25,23,Athlete
6453,AD69DLD99VDOGKTZ,F,2000-10-04,25,Athlete
6454,AD6WKZU136U7GAQR,M,1995-06-01,30,Athlete
6455,ADGTQXMZS3UN1X01,F,1991-08-08,34,Coach
6456,ADOLEHVRIHARABAE,M,,0,Coach
6457,ADOZB3N5HOE5O5VA,M,1986-10-28,39,Athlete
6458,ADQT9SXABPPC49DM,F,,0,Coach
6459,AE7MNBAA5STA0ETM,M,1998-01-07,27,Athlete
6460,AENM2NFTZ2B5JOTF,M,1988-07-07,37,Athlete
6461,AEU87VR2PC0RDWBY,M,1972-06-11,53,Athlete
6462,AEUS2MLJBFYVXDCQ,M,1995-09-23,30,Athlete
6463,AF0UPJKDGPNC5MI9,F,1971-03-04,54,Coach
6464,AF3HVDWWMN9UVEZP,M,1994-05-23,31,Coach
6465,AF3PWLXTWFBHJ5SF,M,1968-06-18,57,Athlete
6466,AFHIQ6ZRR5Z6G1O2,M,1994-11-25,30,Athlete
6467,AFNPF0BSP4WRC065,M,1983-02-28,42,Coach
6468,AG31VLZ4G8UH6QMV,M,1990-12-07,34,Coach
6469,AG47E6X3D923DK1T,M,1990-08-27,35,Athlete
6470,AGCSU2BXA0VUPIWF,M,1965-07-06,60,Athlete
6471,AGFAGXW48BIWZP4V,M,1973-05-05,52,Athlete
6472,AGMD1VAZJBXGPCFJ,F,1961-06-02,64,Coach
6473,AGR9T7J1XOPMG69Q,M,1995-09-26,30,Athlete
6474,AH4LFXM9NG9G5WFX,F,1991-06-17,34,Coach
6475,AHZR72FRIZNDXFNX,M,1958-06-10,67,Athlete
6476,AIJQ0UNR2UGUGSOJ,F,,0,Staff
6477,AIK6TSTWDCS0CAWI,M,2002-12-27,22,Athlete
6478,AIKJXYFKS3C9STEK,M,1969-12-01,55,Athlete
6479,AIKK4IOLVJK8JZDK,F,1990-11-07,35,Athlete
6480,AIN108JK627R3NMJ,M,1990-03-14,35,Coach
6481,AIRDG45MB4S2IYOF,M,2000-04-18,25,Athlete
6482,AIWQQM9X8JQR7PL9,F,1959-12-26,65,Athlete
6483,AIXQ1LJKRFHL9AOP,F,1982-02-08,43,Athlete
6484,AJ1SD3WA9PV82GK8,U,,0,Unified Partner
6485,AJCVTLJ9XNG5LPFG,M,1953-03-17,72,Athlete
6486,AJDET714YPNKT3IE,M,1953-05-20,72,Athlete
6487,AJE6YDZBE054LLXT,M,1975-02-08,50,Athlete
6488,AJFOJ3KNT5L3VUQV,F,1986-04-28,39,Athlete
6489,AJKAFGXW9LMQTI6V,M,1981-12-09,43,Athlete
6490,AJM9SIISPVD5Y0LN,M,2008-10-13,17,Athlete
6491,AJNFLPOHDN5XPNM1,M,1985-06-06,40,Athlete
6492,AJSFI95LA39TUK4M,M,1966-08-01,59,Athlete
6493,AJUTFGEFGTB1HIV3,M,1963-08-02,62,Athlete
6494,AK7PIADR62JEZOK2,F,1999-10-01,26,Athlete
6495,AKBCVE73G9IRFGID,F,1961-04-04,64,Athlete
6496,AKDCQ6WM64BCAKL1,F,1962-10-02,63,Athlete
6497,AL7MXUQJ3MT6PX8N,M,2005-06-10,20,Athlete
6498,ALRH7DP0RJJJC3ER,F,,0,Coach
6499,ALY4ZQ0RWXSB0OU5,F,1966-02-04,59,Athlete
6500,ALZVT80JNV0D9KNJ,F,1989-07-18,36,Coach
6501,AM2HTWVWK1GGKVJY,M,1956-07-21,69,Coach
6502,AMGD0VHVKKXOXZHZ,F,1962-07-17,63,Athlete
6503,AMHQPYUUAPW0UBET,F,1951-06-01,74,Athlete
6504,AMR69JZ6YQJH78Y1,M,2002-10-15,23,Athlete
6505,AMTJJ8T163CDKYSK,F,2002-02-01,23,Athlete
6506,AN211G5QZYNSJP2B,M,1994-01-13,31,Athlete
6507,ANA0DI6MT4YBYBFI,M,1971-09-28,54,Athlete
6508,ANPPYLO2DJB54M7T,F,1996-04-23,29,Athlete
6509,ANQKH0JA6PHSV9D3,M,2002-05-15,23,Athlete
6510,ANTFC7C6S7ZY77XM,M,1956-11-14,68,Athlete
6511,ANU9HJAOPJA694PU,F,1950-01-29,75,Coach
6512,ANXR5I399ULCY2RV,M,1969-02-23,56,Athlete
6513,ANY1FYCNHMRRC9SX,F,2009-09-09,16,Athlete
6514,ANZL2020DYW4ISMH,M,1996-05-06,29,Athlete
6515,ANZTQZ2WW4TFBSBS,F,1992-01-01,33,Athlete
6516,AOALCGK1DLK9L2C3,M,1990-01-14,35,Athlete
6517,AOKKLWTU4LE0YK12,F,2001-07-17,24,Coach
6518,AOORAOKRMFC08V6M,M,1954-09-07,71,Athlete
6519,AOP878QPS1BWNLLN,F,1986-07-15,39,Athlete
6520,AOTBM4FMB5Z1TR6Y,M,1984-11-05,41,Athlete
6521,AOU2MLD3ZDEOM1W1,M,1970-01-12,55,Athlete
6522,AP286P7XYU1LBRXG,M,1979-06-13,46,Athlete
6523,AP4174QFJX9Q5UJY,F,1977-10-01,48,Athlete
6524,APE079S564K7N4EU,M,1992-07-22,33,Athlete
6525,APM3KM2I63G1PNR1,F,1968-04-30,57,Athlete
6526,APW8Y7DC63KYAONJ,M,2001-08-11,24,Athlete
6527,APZCHTT7SGNB4E75,M,1975-10-14,50,Athlete
6528,AQ7UPTRXL78WMGFY,M,1960-05-25,65,Athlete
6529,AQ8OWVL0UTU4TDLZ,F,1957-07-02,68,Athlete
6530,AQDTTA1L2GJKJSZZ,M,1988-03-12,37,Athlete
6531,AQL1SMTT1302DZ1N,M,1974-06-23,51,Athlete
6532,AQN9NB4F4D5JYQTG,F,2006-03-06,19,Athlete
6533,ARB0PHYV86XA8989,M,2001-08-11,24,Athlete
6534,ARD3RDB0QMJWFJIA,F,2003-06-27,22,Athlete
6535,ARE7BSOW59RH28IE,M,1997-01-01,28,Athlete
6536,ARLT4NQW847IJ4H6,F,1964-07-29,61,Athlete
6537,ARNSCDL99RK5N7FK,F,1994-01-06,31,Athlete
6538,ARRS9Q3CDA50G9EQ,M,1961-09-22,64,Athlete
6539,ARTZJDKM4BKQNCC7,M,1994-05-27,31,Athlete
6540,AS1U8S7EGD8N05RK,M,1983-03-02,42,Athlete
6541,AS6I0D0MP3LN1WMM,M,,0,Athlete
6542,ASQTZHBP1TDXYINO,F,1967-01-20,58,Athlete
6543,ASXQWVWQWKXQW0BV,F,1987-10-01,38,Athlete
6544,AT0PQIDSKYWKRUDU,M,1985-02-18,40,Athlete
6545,ATJVNMIJRJSB2FDV,F,1950-08-21,75,Athlete
6546,ATRZ2S6RC78ES832,M,1950-01-25,75,Coach
6547,ATX9ZYHHVZQBJP91,M,2009-08-04,16,Athlete
6548,ATXWILRJVKTOBP3M,F,1991-02-23,34,Coach
6549,AURBKQKWEQK20ODY,M,1980-05-22,45,Athlete
6550,AUTDD7LB0YLC1LE0,F,1971-08-16,54,Athlete
6551,AUVU9LAHTROQ6LJS,M,1977-08-26,48,Athlete
6552,AV1U42C7XC6SH1YQ,F,2002-08-16,23,Athlete
6553,AV335ZJK4LVPO3QX,F,2009-07-17,16,Athlete
6554,AVCY3XNCBN4RB1IR,M,,0,Athlete
6555,AVG3M06LWTF9NNYS,M,2006-11-24,18,Athlete
6556,AVIM0G2ZMHAND7OE,M,2005-04-22,20,Athlete
6557,AVLKBMTAKQQKD0R0,F,1991-01-14,34,Athlete
6558,AVYDLKGXZP19FZAL,M,1996-05-18,29,Coach
6559,AW8KBQOK53D1JA8L,M,1957-09-08,68,Volunteer
6560,AWIU4770WJO5ISZ7,F,1992-03-03,33,Athlete
6561,AWJUV5PUJXUSHW2B,M,1952-11-19,72,Athlete
6562,AXHOS5OYTDHKV9K7,M,1993-12-14,31,Unified Partner
6563,AXKSEKW4LTYESXYD,F,1985-05-22,40,Athlete
6564,AXLGKUX90HP2FFSJ,F,1983-06-14,42,Athlete
6565,AXV62JFGSUZG89Z0,F,,0,Coach
6566,AXX5UQF36ZQD7E87,M,1962-05-16,63,Athlete
6567,AY0BTV50XBBZVQL4,F,2001-01-17,24,Athlete
6568,AYIL5J4BT9CFO2K4,M,1983-01-30,42,Athlete
6569,AYLXN5UTGLK72I1J,F,1978-06-21,47,Athlete
6570,AZ61PK6XU9YZL3LU,F,1983-08-27,42,Coach
6571,AZ6J5GCE34VFS0QQ,F,1959-10-15,66,Athlete
6572,AZ7ZHVJH36XRAZWY,F,1987-05-17,38,Athlete
6573,AZCE45SIZ4KXH06I,M,1983-02-08,42,Unified Partner
6574,AZEADS5CVC1XOXY2,F,1967-07-14,58,Athlete
6575,AZFP57OKITE8RTPR,M,1984-02-04,41,Athlete
6576,AZWH9EI4I344YZUY,M,1999-01-14,26,Athlete
6577,AZZ4JNZ6M26ASGMK,M,1962-10-15,63,Athlete
6578,B0ALFAMV5F34I9V5,F,1995-05-18,30,Athlete
6579,B0DI8NY38FSEKM2O,F,1985-11-13,39,Athlete
6580,B0HAIF0SWFIW90YW,F,1997-08-29,28,Unified Partner
6581,B0IHRGVBQC2ROJ2V,M,1964-12-20,60,Athlete
6582,B0KKQPARRB8GG04U,M,,0,Coach
6583,B0P3S55FUYYVZX34,F,1971-11-29,53,Coach
6584,B0WFAGVK8VS5OVLN,F,2007-02-28,18,Athlete
6585,B0YDGW5KN7HI0IBB,F,2005-02-25,20,Athlete
6586,B12XD2CI2I3YIKUA,F,1994-02-03,31,Athlete
6587,B139E22EA6YODWN1,F,1978-06-26,47,Athlete
6588,B16291BNP2LS1NJS,M,1987-11-11,37,Unified Partner
6589,B1DVFKWFTCPTNY90,M,1969-07-12,56,Athlete
6590,B1PZ4TBEMRFXJB91,M,2008-08-05,17,Athlete
6591,B1UEIBET0DOPV8QV,M,1967-01-06,58,Athlete
6592,B28J98DDKSKT2G6I,F,1986-08-23,39,Athlete
6593,B2LV5D4VYGASEFOU,M,1963-06-06,62,Athlete
6594,B33LZX6FY2UX6TZB,F,1965-08-01,60,Athlete
6595,B35SG16F1Y6MOKSS,M,1989-01-05,36,Unified Partner
6596,B35U29BOPJL4E6D0,M,2004-09-09,21,Athlete
6597,B39T8P4159RM8CQP,F,1981-03-01,44,Athlete
6598,B3JWAMI7BB5WVIN0,F,1984-08-26,41,Athlete
6599,B3PJL0LQF0MXIO9E,M,,0,Coach
6600,B48EBJ1IMZF1A0JO,M,1971-10-05,54,Athlete
6601,B4A4WYUKZU92GPM9,M,1990-11-21,34,Athlete
6602,B4LKRSM1ZTP7LS79,F,2009-09-07,16,Athlete
6603,B4NMND2U4LIJUBLO,M,1986-07-07,39,Athlete
6604,B4OW1SO2E24H3YQC,F,2002-08-13,23,Athlete
6605,B4SS5J4H7BFSE2T8,M,2006-02-28,19,Athlete
6606,B4WTY3ZCLLQJHEES,F,1956-11-01,69,Athlete
6607,B5G3A4F5OECWYBGF,F,1957-06-10,68,Athlete
6608,B5IJ8VQIHVT638HX,M,2001-05-16,24,Coach
6609,B5JKV3YUG1X7QU8A,F,1988-09-29,37,Athlete
6610,B5QSUM0BOC5SUBBE,M,1970-09-24,55,Athlete
6611,B5V97G0DQ6NKV39D,F,1999-01-10,26,Athlete
6612,B5X6IL1UM2U3Q2X6,M,2000-11-24,24,Athlete
6613,B5XAPI8T5N25U2Y3,M,1998-06-03,27,Athlete
6614,B5YI3PU0ZVT2G5CP,M,1966-06-04,59,Athlete
6615,B637TDEETQ52B6JO,F,1998-09-23,27,Coach
6616,B6BMXGCP2LK50R9P,F,1959-09-18,66,Athlete
6617,B6CSZ7CA000A0OK0,M,2004-12-02,20,Athlete
6618,B6GW60TDI789FPPR,F,1969-12-25,55,Athlete
6619,B6US9RRGBSJI4V3M,M,,0,Coach
6620,B77377C0F91AVPCR,M,2001-08-17,24,Coach
6621,B78P1K8OWDUHHXH8,M,,0,Security
6622,B7BIC3R7CKMT8H9S,F,1976-08-24,49,Coach
6623,B80U5N1NE0NPEMTN,F,1998-02-10,27,Coach
6624,B8CB7SZSSM4441VK,F,1959-11-16,65,Athlete
6625,B8HIX0WYIV94SPGR,F,1984-09-05,41,Coach
6626,B8K5Q7V1XXMQ2PCN,F,2006-03-20,19,Unified Partner
6627,B8UQK9BKKYGCXRQM,F,1969-01-14,56,Athlete
6628,B99JN5S0ZI844B65,M,1956-12-31,68,Athlete
6629,B9JLTLEEGFNT6ARP,M,2011-10-01,14,Athlete
6630,B9LH5G79W8GWKBEZ,M,1990-12-17,34,Athlete
6631,B9P679OG3E9WWHNR,M,1985-09-25,40,Family member
6632,B9T2XIEUWEF3KJWN,F,2007-03-09,18,Athlete
6633,B9YDIO5RTSOPICGE,F,,0,Coach
6634,B9YM3E6ULN2QMV0N,M,1954-12-12,70,Athlete
6635,B9ZU3W43327XC1JY,F,2000-09-16,25,Athlete
6636,BA7K6NV52TQPW1DD,M,1983-02-01,42,Athlete
6637,BACEXN85YKCWCPVR,F,1996-05-11,29,Athlete
6638,BAD0YXNSOGKVCW8J,M,1967-09-25,58,Athlete
6639,BAFLRWZHJP69L7VT,M,2004-10-27,21,Athlete
6640,BAK28HF16AUMQAOA,M,1987-02-01,38,Athlete
6641,BAPPSU0CMSXZNOEL,M,1993-07-23,32,Athlete
6642,BB31JPVD4BD625MH,M,1971-10-14,54,Athlete
6643,BBB78FSLLU5V3RKD,M,1983-07-03,42,Athlete
6644,BBIBA8CWS3QIDJNT,M,2002-07-16,23,Athlete
6645,BBNSXNB5276FENZ1,F,1963-11-22,61,Athlete
6646,BBNXBVQPULLHYCJP,M,2003-06-09,22,Athlete
6647,BBS0R4ZFJ5J01A3U,M,2000-05-28,25,Athlete
6648,BC2TM0YEXPR437BG,M,2001-11-05,24,Athlete
6649,BC8H9AKLFKIUGOPL,F,1999-04-15,26,Athlete
6650,BCBHSN45KTVPTNGH,M,1959-02-01,66,Athlete
6651,BCI74YQ9EJCELBJK,M,1960-10-25,65,Athlete
6652,BCPQ4F7ZECM9YPM2,F,,0,Coach
6653,BCPSE4Y6RABAX13M,M,2000-08-03,25,Athlete
6654,BCTFJ17EA37WY942,M,1960-07-17,65,Athlete
6655,BD0213YPNEF9QI74,M,1999-07-02,26,Coach
6656,BD1X9NDGCWG2E0XT,M,1982-05-13,43,Athlete
6657,BD5UA71BDYLC6R6V,F,1958-01-03,67,Athlete
6658,BDCCW215E9Q7A0ZS,F,2002-09-16,23,Athlete
6659,BDFWHTZOHNS9QVCX,F,1986-04-14,39,Coach
6660,BDHXLY3VKA2ZJNUD,M,1963-11-02,62,Athlete
6661,BDOMGWFPHUX9W352,F,,0,Staff
6662,BDRPUS6ME6BW7KPN,M,1974-04-21,51,Athlete
6663,BDRQ5M9URR2944VL,F,2003-05-14,22,Coach
6664,BDT4T6MHGO53B629,M,1968-08-25,57,Athlete
6665,BDXN7D3Z5TU9YAR5,M,1997-04-21,28,Athlete
6666,BE48BRMA6GULJXW6,M,1985-10-21,40,Unified Partner
6667,BE5E5YVX3S3IV8MX,M,1999-10-13,26,Athlete
6668,BEA6KQD8KFYKFNTW,M,1982-09-01,43,Athlete
6669,BEEUFL2629HGUW71,M,1985-01-05,40,Athlete
6670,BEUNG3NDBIADM382,F,1997-12-14,27,Athlete
6671,BEVTWHZ5E2VDK13X,F,1955-02-25,70,Athlete
6672,BF0UE0GFTSMJHDD2,F,1944-06-26,81,Athlete
6673,BG14YLW23W323SBV,F,1963-06-02,62,Athlete
6674,BG2NXYPBYMVTSM3J,M,2002-06-07,23,Coach
6675,BG547GJOZKTD2O5J,F,1978-06-13,47,Athlete
6676,BG8HNYL6YRULPKFG,M,1973-03-01,52,Coach
6677,BG8M0WJ2P1V60XTN,M,1967-12-02,57,Athlete
6678,BG96MNPM3823IEW0,M,1974-01-16,51,Athlete
6679,BGA9EIY1ZEJKQRHA,F,1993-10-11,32,Athlete
6680,BGABFJXNXJRBBP5J,F,1961-08-04,64,Athlete
6681,BGF0ELVZH2NH2H71,M,1963-04-08,62,Athlete
6682,BGTP3G25UFZQOUNL,M,2013-01-03,12,Athlete
6683,BGV8SRGA3WD7NEFW,M,2002-10-08,23,Athlete
6684,BHFEF38NY9TZ58OT,M,1996-10-22,29,Athlete
6685,BHHQ9SQ9E3K9D8O8,M,1968-04-26,57,Athlete
6686,BHIL09VVKCYTRJDA,F,2000-01-25,25,Athlete
6687,BHSFOV8ZG375RWED,F,2010-07-26,15,Athlete
6688,BI3HS5JJ1HYY7XI8,M,2003-11-04,22,Athlete
6689,BIN5IYY7IF71EEHY,M,1955-06-09,70,Athlete
6690,BITZRJ2PJ0J5NSG0,F,,0,Athlete
6691,BJ3V4E9HJ1QRGNQ5,F,1993-07-30,32,Athlete
6692,BJK1ZJ29E4NRFFUR,M,1982-10-11,43,Athlete
6693,BJLIORSS4L1MPI46,M,1992-01-16,33,Athlete
6694,BK0HC8Q8SO9EGFP3,M,1988-04-01,37,Athlete
6695,BK2XYGXYA3HHTRUY,M,1962-07-08,63,Athlete
6696,BK3KQRC2O6R5I7U7,F,2006-08-23,19,Athlete
6697,BK53A621B9W84VI5,M,2009-09-06,16,Athlete
6698,BK6P72QNU5QP8IJA,M,1963-03-02,62,Athlete
6699,BK9GJLV1WUPN46ZK,M,1990-08-07,35,Athlete
6700,BKFGJPAN0ZXICYK5,M,2008-10-17,17,Athlete
6701,BKIOFIXUD8BURJAM,M,,0,Unified Partner
6702,BKUWSY457Z6EUJZW,F,1999-03-29,26,Athlete
6703,BL5E2SQHB90W9LBQ,M,1994-09-12,31,Athlete
6704,BL6BU8NCRXIG20WR,M,2006-08-01,19,Athlete
6705,BL97DW4W9D3M8TD1,M,1998-08-11,27,Athlete
6706,BL9WEHOI7P6CSKKJ,F,2003-05-23,22,Athlete
6707,BLDA5ED0E1FVL3FT,F,2001-06-11,24,Athlete
6708,BLK5M7IDYGOKOXXY,M,1962-05-23,63,Coach
6709,BLL1V53UTWATHFU4,M,2002-06-01,23,Athlete
6710,BLL2VD9ZO6R9WLJR,F,2003-11-24,21,Athlete
6711,BLRNOZH10YJ5NWXG,M,1984-11-09,41,Athlete
6712,BM5E1KI48PRRFZG9,M,1969-05-14,56,Athlete
6713,BMFJHBGA8ZAQIDKB,M,1967-04-19,58,Athlete
6714,BMI3SLEDB72AMHFK,M,1975-10-15,50,Athlete
6715,BMPLYD0TYKFDDELP,F,1988-05-14,37,Athlete
6716,BMVR3K0NGV9LZTU2,M,1990-11-19,34,Athlete
6717,BMX1RKDTRG2TV3KA,M,1998-07-23,27,Athlete
6718,BN7H12G3UNRAR4S7,M,1964-10-28,61,Athlete
6719,BNE1OEMZ2QOLR3KI,F,1941-02-07,84,Athlete
6720,BNKIOP61SIO38WD8,M,1995-11-16,29,Athlete
6721,BNSAU7O2KMXYHPIM,F,2005-08-02,20,Athlete
6722,BO5D818YOBHDWDKL,F,2009-08-03,16,Athlete
6723,BOFGXYYHQZWP4WOE,M,1990-04-30,35,Athlete
6724,BOIDV1SPCEFOMMNK,M,1981-07-10,44,Unified Partner
6725,BONAXMHS9C9G2J70,F,1959-07-15,66,Athlete
6726,BOPC232UFXDNLRCG,M,1960-07-12,65,Athlete
6727,BOPPT4UG1AK2Y012,M,2010-06-17,15,Athlete
6728,BP10B1S6SGL4MJZI,M,1996-06-07,29,Athlete
6729,BP192H86G4YWTVKJ,M,1986-06-28,39,Athlete
6730,BP1ZIG5OJ1FY96O5,M,2009-06-26,16,Athlete
6731,BP5VEVY280BTBI39,M,1992-02-19,33,Athlete
6732,BP93D380ITB6SUPX,M,1965-01-11,60,Athlete
6733,BPGZK5YZ972DZUBL,F,1995-01-20,30,Athlete
6734,BPMDCKE9QRHKA112,F,1976-05-03,49,Athlete
6735,BPRIINOS2DPJ3NSR,M,1961-06-29,64,Athlete
6736,BPRPHT7D340DYCGN,M,,0,Staff
6737,BQ1UQI78IOA3GU6H,F,1972-11-03,53,Athlete
6738,BQ2OJB2682N0OUKW,F,,0,Staff
6739,BQ5UH02FRLRTV4ES,M,1992-08-15,33,Athlete
6740,BQ7T6NVMG95MNMMH,F,1955-12-16,69,Athlete
6741,BQ8AFM2XRFLA12RW,M,1958-08-11,67,Athlete
6742,BQJZJEWCOFICAS8V,M,1957-06-28,68,Athlete
6743,BQM3J0FOUHHJCKRG,M,1999-10-25,26,Athlete
6744,BQM3LK4QSWBJ7ZFM,F,2005-08-30,20,Athlete
6745,BQNX3PJP01GX20B6,F,2007-09-21,18,Athlete
6746,BQOY8P3GNH1QEO2U,M,1992-11-19,32,Athlete
6747,BQPD5K06DQZE9IGF,M,1987-02-24,38,Athlete
6748,BQX5PEMOAWLK75WI,F,1972-03-18,53,Athlete
6749,BQYNZ7MFF60VGNTP,M,1996-07-10,29,Coach
6750,BQZ3YJ2IUBPT650W,M,1998-01-09,27,Unified Partner
6751,BR175E79AJGDEZCE,F,,0,Coach
6752,BR1M9D4CR2R0N1NK,M,,0,Unified Partner
6753,BRJQHXL4GFYINUZ8,M,1970-12-03,54,Athlete
6754,BRKQIXSA4OF356BJ,M,1999-05-30,26,Athlete
6755,BRP0Y8KXUCV9WZ4S,M,2005-12-05,19,Athlete
6756,BRW4ZBG36F15LNRF,M,1944-07-04,81,Coach
6757,BS3C4P9J830DLPBI,M,1976-07-19,49,Athlete
6758,BS6HRK32L4RI1MZS,F,1995-12-23,29,Athlete
6759,BSMVU07D9RAT9G7I,M,1995-09-19,30,Athlete
6760,BSO8VOOBHP1GABAB,M,1983-02-18,42,Athlete
6761,BSQ0D3TULB9Q802U,F,1973-03-22,52,Athlete
6762,BSY4MXXT2Y2D3LTF,M,1970-10-28,55,Athlete
6763,BT0624VSEDZAM5FW,M,1955-08-16,70,Athlete
6764,BT6B9IN5OV0JRXH3,M,1966-06-07,59,Coach
6765,BT8J38Z9CY1YFHMS,M,1996-09-19,29,Coach
6766,BTNWQ0NAUU27QWXO,F,,0,Athlete
6767,BTRKLDNZNFEK89NE,M,1984-09-05,41,Athlete
6768,BTXOWO23VODPSENU,F,1961-09-23,64,Athlete
6769,BURUAFNOD16DJJZM,U,2000-10-27,25,Athlete
6770,BUUEW4HRM3UAAXBK,M,1972-03-28,53,Athlete
6771,BUW1DLBXBPVIUPNA,F,1980-08-26,45,Athlete
6772,BV0QNL6VO1MLHTXN,F,1975-10-22,50,Athlete
6773,BV18K886AQLSX9H1,F,2007-02-09,18,Athlete
6774,BVDTW2FUF2ELWUJY,F,1970-03-14,55,Athlete
6775,BVRCESK219FLYNZ7,F,1960-06-18,65,Athlete
6776,BVVC2M6AJU3U3AW9,F,1975-12-09,49,Athlete
6777,BVVVZ48MYCATRQ31,F,,0,Unified Partner
6778,BW80IA6DM639LX4Y,F,1949-11-23,75,Athlete
6779,BWBNKQW3E327H4UZ,M,1983-06-13,42,Athlete
6780,BWCO700MJD08XBMD,M,1986-09-10,39,Athlete
6781,BWHUOJ9BVNLUUUCM,M,,0,Coach
6782,BWP3TAZ9YH7VQNEL,M,1984-12-17,40,Athlete
6783,BX131KU9L7NAD2IO,M,2000-01-11,25,Athlete
6784,BX2EW5WL3DB4YRLY,M,2007-02-19,18,Athlete
6785,BX3ZGRJW1PFS6B41,F,1959-04-27,66,Athlete
6786,BX576UH7975JPRDE,M,1991-10-05,34,Athlete
6787,BXC5KT65LYDXEOR4,M,1993-12-02,31,Athlete
6788,BXN0N9184EP81XFJ,M,1998-07-06,27,Athlete
6789,BXT9NIYTIOIIT3NO,M,1988-09-12,37,Coach
6790,BXTS23M27CIR366B,M,1979-09-24,46,Athlete
6791,BXYL0N2BBWXNIPRV,M,1967-10-02,58,Coach
6792,BYQL1KG7S1QJY6X3,M,2002-10-09,23,Athlete
6793,BYUHSSMT77CO4NSG,M,1955-08-28,70,Athlete
6794,BZ76GTWQ5C5MYY7L,M,1995-05-10,30,Athlete
6795,BZFAJC6AR6HW3AF3,M,1994-07-05,31,Athlete
6796,BZFKVQQFL8MFI2H1,F,1992-07-17,33,Athlete
6797,BZH5WZ6151T65XJC,M,1994-08-10,31,Athlete
6798,BZPYOPZJSW8FF32N,M,1984-03-14,41,Athlete
6799,BZQXMYS85TNV0BD1,M,1977-01-17,48,Athlete
6800,BZS9P4AH8WATC5TK,M,1971-10-03,54,Athlete
6801,BZV76M2H03JB6BRI,F,1978-10-04,47,Athlete
6802,C00261GZXVB6AFWR,F,1987-02-05,38,Athlete
6803,C058FV1S2C0S6DWP,M,2000-08-16,25,Athlete
6804,C05HMZDEMR4Z2ZMH,F,1957-02-14,68,Coach
6805,C06DWYD6Q2XYYRDX,F,1987-11-28,37,Athlete
6806,C0A2VRC3AWQX1QNO,M,1986-06-14,39,Athlete
6807,C0AOVYRDFX3HDOCG,F,1966-01-16,59,Athlete
6808,C0IR64SOIXN97RRZ,F,,0,Coach
6809,C0YT4FEAF90Y0WEM,F,1984-06-04,41,Coach
6810,C112UJ85RC36QFDK,M,2011-02-01,14,Athlete
6811,C12L3ZHNU39PBRFQ,F,1984-06-28,41,Athlete
6812,C1FGLCH4AFGNIRO4,F,1990-05-03,35,Athlete
6813,C1KA2C4A8N3S3706,M,1959-11-23,65,Athlete
6814,C1MXMGW621VXCHSL,M,2009-11-24,15,Athlete
6815,C1UXSIW4PVKVE8ZG,M,2010-01-28,15,Athlete
6816,C25UQOODGF10TK4P,F,1991-05-27,34,Athlete
6817,C2E24FSAU446ETZ5,F,,0,Unified Partner
6818,C2YOELM3PV5G9RE3,F,1982-02-17,43,Unified Partner
6819,C31QHJJ518PJX9C6,F,2004-07-09,21,Athlete
6820,C36HS1MFJHCNKI45,M,1984-03-12,41,Athlete
6821,C38PVBKGPPZP3TCH,M,1957-08-06,68,Athlete
6822,C3OPS4PAMQUM7OL8,F,2005-10-22,20,Unified Partner
6823,C3VBDHBUY3LGS9MX,M,1982-08-30,43,Athlete
6824,C43Z7SMTA2QSMEKE,M,1965-09-21,60,Athlete
6825,C4BYRE7WK0M3L5BJ,M,1991-10-08,34,Athlete
6826,C4D6AKLZDKGSGMCX,F,1991-12-08,33,Athlete
6827,C4DBTF0S6EAV0TAF,M,1999-06-25,26,Unified Partner
6828,C4E7XEXNPRZVJRTQ,F,2005-12-25,19,Athlete
6829,C4O4ZOU0SEUW9OEY,F,1999-12-23,25,Athlete
6830,C4YD9UM9531QVPOI,M,1987-06-26,38,Athlete
6831,C56AR8PABQMQRA32,M,,0,Unified Partner
6832,C56VUHXIHPGKOX0G,M,1955-05-13,70,Athlete
6833,C59J1VX7DMOL8UM3,M,1996-05-08,29,Coach
6834,C5G5OK6HH1OVWT4V,M,1973-11-06,52,Athlete
6835,C5REJNKL2RG14KBK,M,2007-12-29,17,Athlete
6836,C669ZSPWARM1VM2G,M,2001-03-14,24,Coach
6837,C67CX5728GLRSNZV,M,1959-05-25,66,Athlete
6838,C72LL5OSJ903K429,M,1998-04-01,27,Athlete
6839,C7BG1TBCCOMR7WBW,M,1966-07-07,59,Athlete
6840,C7EE8COU20FTEJX3,M,2011-08-28,14,Athlete
6841,C7SMUY3ONWUB6BE3,F,1962-06-18,63,Coach
6842,C7WAHWK43KHXT30D,M,1981-09-11,44,Athlete
6843,C7XZB3TZSZBAI76H,F,1996-10-07,29,Athlete
6844,C8JLVNGM7QXWMZVF,F,1975-02-28,50,Athlete
6845,C8OIH2R73UO0EV8Q,F,2007-09-03,18,Athlete
6846,C8PF73L8282US5VE,F,1963-08-20,62,Athlete
6847,C92VWA2AC4UEGWZE,M,1988-04-29,37,Athlete
6848,C98I3STLJ1INPZ6P,M,1966-09-25,59,Athlete
6849,C9CFVQL9S0URFZ6Q,M,2001-08-13,24,Athlete
6850,C9HZN90DV3HAE0B7,M,,0,Athlete
6851,CA7N6QKVW6NHMB15,F,1944-12-05,80,Coach
6852,CABLV7DAE6E6004B,M,1994-02-26,31,Athlete
6853,CALE2MF76D3Q8S12,M,1954-11-22,70,Athlete
6854,CAYR12P27YL9WYD6,F,,0,Staff
6855,CB06EMEBNTMWL9MF,M,1957-10-28,68,Athlete
6856,CBGDTBT3RUKH8IB5,M,1999-09-22,26,Athlete
6857,CBW26421Z2L2B6D8,F,1964-11-09,61,Athlete
6858,CC1GR1XAPY5IT3GW,M,1997-03-21,28,Athlete
6859,CCBYBQXSJ5MYZL06,M,1958-04-30,67,Athlete
6860,CCGHVEG6HE0BH71A,M,,0,Coach
6861,CCKSMLA9BMFWRZ8Z,M,2008-06-26,17,Athlete
6862,CCOFNNU4RJP3KHJ6,M,1977-11-30,47,Athlete
6863,CCVAYSGLO5YTLZ16,M,1994-01-18,31,Athlete
6864,CCVND0NRFT04WLAU,F,2003-05-20,22,Coach
6865,CCWVD54ZLB7JO60V,M,2001-01-08,24,Athlete
6866,CDBNFC9Z3F4FCOOV,M,1996-06-20,29,Athlete
6867,CDGQDNWFOCIZNDCV,F,2008-10-16,17,Athlete
6868,CDJWI3QW8J1FQUVJ,M,2009-11-01,16,Athlete
6869,CE2122YIX2FYH732,F,1967-11-24,57,Athlete
6870,CE5CEX9UMOZAQBWU,F,2004-01-09,21,Coach
6871,CE75PD8E0ZPZDVSW,F,1974-05-30,51,Athlete
6872,CEBK3O6RYG0KAKXN,M,1937-03-01,88,Athlete
6873,CEBT4ZF24W2IP54L,M,1994-07-06,31,Athlete
6874,CEF8MNAI34LASE8U,F,2008-08-22,17,Athlete
6875,CEFIPYKK8501KHZT,M,1965-09-16,60,Athlete
6876,CEK3RZISO8BQ0JJW,F,2004-09-22,21,Athlete
6877,CENFQ015CH09OFJO,F,1970-10-22,55,Athlete
6878,CEWZEGEO1VX98W2X,F,2001-09-19,24,Coach
6879,CEXBPDJ25KGJVU9T,M,1999-12-03,25,Athlete
6880,CF3W9TMD8BXY5A8V,M,1992-03-22,33,Athlete
6881,CF5SK1OI4VXN74BH,F,1982-11-09,43,Athlete
6882,CFD4GZX8PUS23743,F,1999-08-04,26,Athlete
6883,CFECCYSN0SQN9NHT,F,1994-12-27,30,Athlete
6884,CFHHPDRXSC7P9IB7,M,1986-08-06,39,Athlete
6885,CFJ498CJZBDYKHJV,M,1994-12-25,30,Athlete
6886,CFRIBA8YCF9KZ1I9,M,1963-01-21,62,Athlete
6887,CFY7AL8UJXFWV9VS,M,1962-03-12,63,Unified Partner
6888,CG3A6CDC8SXUET0U,M,1979-11-16,45,Athlete
6889,CG722GPCMEOUURGQ,M,1976-05-11,49,Athlete
6890,CG7EBDXVLAIM1T7N,F,1992-06-24,33,Coach
6891,CGIUKN8XV3MARO8L,F,1986-03-24,39,Athlete
6892,CGM65XV23TA5L6IF,F,1970-08-18,55,Coach
6893,CGS55NS9OB12LD1D,F,1999-10-29,26,Coach
6894,CH2QX4HAVSE12VO8,M,2005-11-25,19,Athlete
6895,CHDY8OTH0UIYHBJE,M,1997-05-10,28,Coach
6896,CHFOHOCVNJYPR0YS,F,1963-07-08,62,Athlete
6897,CHQ0R2NT0TLYVLEP,M,1976-09-02,49,Athlete
6898,CHRVCDB9EABZNT8K,M,1961-10-21,64,Athlete
6899,CI12GWYMKXEQZX3E,M,1996-07-23,29,Coach
6900,CIC9BD3Q9SB9AGKH,M,2003-02-26,22,Athlete
6901,CIDU9GD37JWHV4G1,M,1985-12-16,39,Athlete
6902,CIPSNQ5CUNNLN1UN,F,2002-10-14,23,Athlete
6903,CIQJDCVY0YSFM489,F,1999-12-13,25,Coach
6904,CIUXIU3EG7BEU06Q,F,1985-03-18,40,Athlete
6905,CJCHQ2L8E62HA7NO,M,1967-11-06,58,Athlete
6906,CJNNDCJJR5RRMEF4,M,1983-10-24,42,Athlete
6907,CJUJHXE2AZ4790L6,M,1995-01-21,30,Athlete
6908,CJZRSIIN40KANH6I,M,,0,Unified Partner
6909,CK8WFOTRVOZ4GA4L,M,2008-11-24,16,Athlete
6910,CKC294XOHT7YSXT1,M,1989-02-22,36,Athlete
6911,CKCC38H5QP0E9SSD,F,1971-10-12,54,Athlete
6912,CKI4AWUC9A6X60NS,M,1999-09-30,26,Athlete
6913,CKJ7KZOMXDNM1V71,F,1997-09-30,28,Athlete
6914,CL5AGQ4RKIXLP4Q5,M,1997-03-04,28,Athlete
6915,CL9XLUN7H7EU933T,F,1969-05-20,56,Coach
6916,CLKGZ4AADSNTMCI0,M,1997-02-05,28,Athlete
6917,CLLIZOBQL2W8KSMY,M,1990-12-18,34,Athlete
6918,CLR31M5LGT5FPVWU,F,1983-07-01,42,Athlete
6919,CLRNYG8JYBW4XBLT,M,1978-05-31,47,Athlete
6920,CM2U0M7XVP1TTR57,F,1958-03-15,67,Athlete
6921,CMD5LRY9RCVDI2YZ,M,1972-10-25,53,Athlete
6922,CMKXD5FSQGJORLXY,M,1999-04-09,26,Athlete
6923,CMSXK070N577TF41,M,1987-08-24,38,Athlete
6924,CMVP9CWQ7PCJF33J,M,2006-12-12,18,Athlete
6925,CN0VMC17GM5IF0MO,M,1961-08-20,64,Unified Partner
6926,CN3CJNOOQJOZUJ1W,F,2003-03-20,22,Athlete
6927,CN6A5BELPJF950X4,F,1980-10-08,45,Coach
6928,CN95TYS55S4V21XF,F,1975-03-20,50,Athlete
6929,CN9WAB3LTRV6UWOP,M,1982-06-08,43,Athlete
6930,CNEHZ86KB1QERWUF,F,1975-09-25,50,Coach
6931,CNIAE6OT1PYS1FIP,M,1983-04-26,42,Athlete
6932,CNJEFHFCK6X6DN6T,F,1973-05-15,52,Athlete
6933,CNK11JJX28F9H72O,M,1983-08-09,42,Athlete
6934,CNXPIN86855TGBZ5,F,1983-08-18,42,Athlete
6935,CO1WE6Q0R19QYQP4,F,,0,Athlete
6936,CO8APWJDJZK6IDXC,M,2003-10-01,22,Athlete
6937,COACLT8CVO0VWC0A,M,1947-03-03,78,Coach
6938,CONHBBU9WRE28FS9,M,1963-05-12,62,Athlete
6939,CP68ZI8D4I0RR5XF,M,1995-09-12,30,Coach
6940,CP7SQAFA0FLSH2QE,F,1995-06-07,30,Coach
6941,CPEVDZH8807ZNJKF,F,1995-03-06,30,Coach
6942,CPJVL7F5LW4FP81B,M,1992-03-14,33,Athlete
6943,CPRZK9LZ7WL1AQH5,M,1991-05-08,34,Athlete
6944,CPVR81G9QO2L8W9T,M,1953-07-24,72,Athlete
6945,CQ1MNJZPN1C43L8I,M,1969-09-28,56,Athlete
6946,CQ766VSUT7L55877,M,1959-12-16,65,Coach
6947,CQ900YS9U9HNSQM2,M,1962-10-27,63,Athlete
6948,CQA4D91AMRLTKG7P,M,2001-12-22,23,Coach
6949,CQA9ZY4HKUVJHUZL,M,1995-01-13,30,Athlete
6950,CQH0E4PFMPRMJ2VE,F,2002-03-23,23,Athlete
6951,CQH7R2BFSLFXTXPO,M,2006-11-15,18,Athlete
6952,CQKDD49E1XJVGTF0,M,1968-07-08,57,Athlete
6953,CQVC33D275BYMRNR,M,1983-01-01,42,Coach
6954,CQWJU6XKOL0QJ1CF,F,1983-05-11,42,Athlete
6955,CQWM8FFWAI9B9SOA,F,1994-11-13,30,Coach
6956,CQZ7EBFI489JWFAP,F,1996-01-26,29,Athlete
6957,CR0C07EL7OELZJGV,F,1995-04-12,30,Athlete
6958,CR8FXUVX7NGU86PT,F,1999-12-20,25,Athlete
6959,CRTH6IKYZH9SWUGG,M,1993-08-05,32,Athlete
6960,CS9BY75EB99QXD74,M,1986-01-22,39,Athlete
6961,CSA9NVH41U09PVS3,M,1968-05-09,57,Athlete
6962,CSGKD5OJ64KAHCFO,F,1987-01-01,38,Athlete
6963,CSJ8BJDF6S2XO3RG,M,1961-01-19,64,Coach
6964,CSNDYYNIUL9E23UP,F,1980-04-25,45,Athlete
6965,CSPX12FP94U0V83L,M,1972-11-05,53,Athlete
6966,CSQKUTAKHXJQGNXC,F,1990-11-27,34,Athlete
6967,CSYW25IWU120TZ4T,M,1990-10-04,35,Coach
6968,CT3A7BLIMTJ3X2F0,F,1955-05-20,70,Athlete
6969,CT51DEJ8L56E2LRQ,F,1989-09-24,36,Coach
6970,CT77E17381DS8QSO,M,1979-09-07,46,Athlete
6971,CT7PKA97KKMWT579,U,,0,Unified Partner
6972,CT9ITMNO1XE2TIL6,M,1956-07-25,69,Athlete
6973,CTBS0VWTKI8D3CUZ,F,1978-03-05,47,Athlete
6974,CTCCFYQPH1WSPTIP,M,1993-10-09,32,Athlete
6975,CTETNVKKZQHF2HO1,M,1953-02-17,72,Athlete
6976,CTPZ712X5J661OME,M,1970-09-10,55,Athlete
6977,CTTG6AW2T840IKOB,M,1984-11-25,40,Athlete
6978,CTWXQY11UAS0NG01,M,1956-02-27,69,Athlete
6979,CTX0V4C3QQNN31LY,M,1992-05-06,33,Coach
6980,CTZF9MVX8ZMKRQGE,F,2004-12-30,20,Athlete
6981,CU9ZNG3UHI6DELEO,M,2002-04-12,23,Athlete
6982,CUBZUOWMXLDPD2OZ,F,1961-09-20,64,Athlete
6983,CUKOH38IO4NQW6OI,M,2008-09-21,17,Athlete
6984,CUQPP01XN5TRU7K1,F,1958-03-10,67,Athlete
6985,CUV8SOEZX0NLRJJB,F,1994-08-09,31,Athlete
6986,CV2G5QY0D3AACCU6,M,1996-06-18,29,Athlete
6987,CV61WNH809MF2POV,F,1979-08-21,46,Coach
6988,CV9BQ430FKJ3KTL7,M,1967-02-24,58,Athlete
6989,CVCEKRZVCB43I057,F,1992-02-28,33,Athlete
6990,CVJV6DWA34AIXLA7,F,1963-02-22,62,Athlete
6991,CVPA6ISEBTF1QXQJ,M,1983-12-16,41,Athlete
6992,CW2F0KFEMSN1A822,M,1953-06-28,72,Athlete
6993,CW8PKSXYKO8Y2L4R,F,,0,Coach
6994,CWA3UQDQGTMJERFE,M,2005-11-29,19,Athlete
6995,CWHH6FMXDXAENFJP,M,1966-07-28,59,Coach
6996,CWSQRINMXVXRT0J0,F,2004-03-12,21,Coach
6997,CWYD2BDOE1BZ6DNX,F,,0,Coach
6998,CX0XVRAGCR3A2KY5,F,2003-11-27,21,Athlete
6999,CX4VOAL3NCEQD20H,M,1996-07-27,29,Athlete
7000,CX5YY037QWQP4HUD,M,1999-12-13,25,Athlete
7001,CX6G9XFP6QES6R1X,M,1985-02-23,40,Athlete
7002,CXAOGK8TM9ILGJ21,F,1994-12-26,30,Athlete
7003,CXBUPKBQ3KS7OFFR,F,1994-06-11,31,Athlete
7004,CXCVGUOYLSQPVS7D,M,,0,Coach
7005,CXE7M8VFKU1RUKFW,F,1995-07-03,30,Athlete
7006,CXGD668I5UT2D6X2,F,1949-11-13,75,Athlete
7007,CXNSIAM8QZ3MS1U9,M,2004-12-27,20,Athlete
7008,CXQ75R8DWR37ABNJ,M,,0,Athlete
7009,CXZ1E4ORA7VHRU7R,M,2006-05-11,19,Athlete
7010,CY3CSLXK1L7NJJN5,M,1993-09-08,32,Coach
7011,CYE853AR7RYRC3HT,M,1991-10-15,34,Athlete
7012,CYHNIQTKW8OXSSOW,M,1983-08-16,42,Unified Partner
7013,CYLT4AWBTI28MDV1,F,1963-12-17,61,Athlete
7014,CYNY4J56CVHA22Y9,M,1955-09-09,70,Athlete
7015,CYROMLNR9ECLBWSW,M,1994-09-01,31,Athlete
7016,CZ3RA9SJVDJ6S4SC,M,,0,Unified Partner
7017,CZ52D5P83NF0JF4Q,M,1956-12-17,68,Coach
7018,CZ5RLFZYIRK1DW4S,M,1964-12-15,60,Athlete
7019,CZC1W8PXIZ80S2YX,F,1986-03-09,39,Athlete
7020,CZEM2F3QSH54E2PN,F,2011-11-23,13,Coach
7021,CZIRYH01RB8AHP1Z,M,1995-08-02,30,Athlete
7022,CZPY13W617LDNU3X,M,1955-01-28,70,Athlete
7023,CZSFYJQSBNEVQ1JK,M,1979-05-03,46,Athlete
7024,CZZBVJZGJY39IKUH,M,1960-05-26,65,Athlete
7025,D06YV0JWOG5V9QL6,M,2011-01-06,14,Athlete
7026,D0AUSU8VVLS9L3ND,F,1983-05-01,42,Athlete
7027,D0GFR635KQG7Y6O5,M,1986-02-11,39,Athlete
7028,D0N3XZM4B6XVLG95,F,1989-05-24,36,Coach
7029,D0TJ02NCI03P2H6N,M,1971-01-27,54,Athlete
7030,D17M9ETAE6Y37KGB,F,2002-02-18,23,Athlete
7031,D1EE9NGUQDX4TLIP,M,,0,Unified Partner
7032,D1PLZF82OZZMUOIE,F,1993-03-03,32,Athlete
7033,D1VN3W52BS5I54K0,M,1963-02-04,62,Athlete
7034,D1WDZWYWRQREIO6L,M,1991-08-05,34,Athlete
7035,D27HDOJA56ETTBZM,F,1953-02-19,72,Athlete
7036,D2II9G42AJN5Y9WL,F,1994-12-25,30,Coach
7037,D2Y36GZZGVKNIA5A,F,1960-04-05,65,Athlete
7038,D35GYT3XW0ZV7EJM,M,1967-08-30,58,Athlete
7039,D38LE8H7SI76Z5D4,M,1979-12-14,45,Unified Partner
7040,D39YZMHXYBR48P98,M,2005-06-21,20,Athlete
7041,D3E9H11GL3MT5D0V,M,1990-11-19,34,Athlete
7042,D3HJ4ZX32CP4ELSP,F,2007-03-20,18,Athlete
7043,D3HOVGCOMFJXYHOY,M,1953-07-10,72,Athlete
7044,D3KR7LA222X6N331,F,1989-07-18,36,Coach
7045,D3LM26S7BFR35IC8,M,2002-07-28,23,Athlete
7046,D3RIOAX78IW10MXI,M,1955-03-22,70,Athlete
7047,D430ULJUTZKP77OJ,M,2000-10-05,25,Athlete
7048,D4BRJ3SDCEAX1QZJ,M,1990-08-16,35,Athlete
7049,D4EJLA5LXD8577BW,F,2003-12-27,21,Athlete
7050,D4HTVUZDQMX3C0EI,M,1998-01-25,27,Athlete
7051,D4NIUHOFJ0NFL24F,F,2007-01-30,18,Athlete
7052,D4O2PA85O2G1DHG2,M,1984-03-15,41,Athlete
7053,D4O3LQWOFL5Y8KOG,M,1983-05-10,42,Athlete
7054,D4QX20ALGRB1RAXC,M,,0,Athlete
7055,D55HLN5W7N7PKCJL,M,1997-06-10,28,Athlete
7056,D5GRZMYTIN9OXMU3,F,2002-09-30,23,Athlete
7057,D5S3KBVTFI3LLDE1,F,1976-04-15,49,Coach
7058,D5SEPL36CKQJX7OJ,M,1993-10-18,32,Athlete
7059,D5VY4F9BLVYEB5SS,M,1996-11-13,28,Coach
7060,D5WR7JS2ERM5H7KL,F,1993-08-15,32,Coach
7061,D5WXR23S2CGG1RC0,M,1969-06-14,56,Athlete
7062,D647N708ND8RRUGQ,F,1976-02-09,49,Athlete
7063,D6497PV22OYKIUM1,M,1947-08-20,78,Athlete
7064,D6M6564WVYS0LY8M,M,1973-11-24,51,Athlete
7065,D6NC5SMLOIHMWFLR,M,1990-11-23,34,Athlete
7066,D6ST0Q832ZE9T71S,F,1995-06-23,30,Athlete
7067,D6UWNC5SHU50MOP4,F,1988-06-13,37,Coach
7068,D6YR1U0W4AF8D6EG,M,1985-05-03,40,Athlete
7069,D7CZWY7E9KIG208V,M,1976-02-09,49,Athlete
7070,D7DLNU9DYUYSAV66,M,1985-07-20,40,Athlete
7071,D7GACAKI135P2IOT,M,1992-02-01,33,Athlete
7072,D7HNCGFLDZJU55RW,F,1962-03-30,63,Athlete
7073,D7OZ8GQADJWL08LC,F,1990-11-28,34,Athlete
7074,D80P69DGH2D2EU43,F,1982-08-28,43,Athlete
7075,D81G2FIM3LGS1068,M,1985-10-28,40,Athlete
7076,D82PF7C1SGJJWXG2,M,1982-09-24,43,Athlete
7077,D85E91UE9MTCY8ZM,M,1976-11-06,49,Athlete
7078,D89R50I7MU7WI5GL,M,1953-12-31,71,Athlete
7079,D8GL1ZPH654DOZR2,F,,0,Athlete
7080,D8K6DCXVZYU15MN2,M,2007-10-02,18,Athlete
7081,D8MP8GTLMBLISN50,F,1980-08-08,45,Athlete
7082,D8NPOBQ23L2K535Y,F,1955-08-10,70,Unified Partner
7083,D8WZVAWESFNU4DR8,F,2002-10-29,23,Coach
7084,D98O1WLFBRYODO1G,M,1972-07-24,53,Coach
7085,D9E6PMQH0TCNVDB7,F,1963-05-04,62,Coach
7086,D9H2L0PRP8G9YH9O,M,,0,Coach
7087,D9O8Y5P1YCTP3GN8,F,1965-11-02,60,Unified Partner
7088,D9TQ7UVY55V25Q67,F,1954-10-06,71,Athlete
7089,D9X41TBNK2CE2PTG,M,1986-10-15,39,Athlete
7090,DA3BMQ56LUQUX8FE,M,1992-12-15,32,Athlete
7091,DACEHJDGUBUAH95N,M,1973-04-08,52,Athlete
7092,DAJICL8MTUT9PXWX,M,1968-04-09,57,Athlete
7093,DAQTCEANCGXESCKU,M,1969-11-20,55,Athlete
7094,DAVF927MKG3YDEB0,M,,0,Coach
7095,DAXD2QYCM2XRXQZA,M,1978-01-27,47,Athlete
7096,DAXUIHZ53IR4TIPB,F,1996-12-15,28,Athlete
7097,DBIEYAP3HSUO8BUW,M,1992-07-12,33,Athlete
7098,DBLS612ALSP6C4BV,F,1999-10-12,26,Athlete
7099,DBTHU6A5B7BBUAM4,F,1980-03-16,45,Coach
7100,DBXHEX72XUHFZVER,M,2001-10-29,24,Athlete
7101,DC2AM0TXYQBMJXBM,F,1956-03-10,69,Coach
7102,DCAGVVYKD7OTVWC8,M,1993-04-28,32,Athlete
7103,DCSFVYPBTMCXXZU1,F,2003-10-07,22,Coach
7104,DCT5DYPZTS9BV4BL,M,2004-11-09,21,Athlete
7105,DCU9JG39N3HF48JG,M,1981-05-09,44,Coach
7106,DCX242LHQZ1B03VJ,M,,0,Athlete
7107,DCZFZ4FZISKTY3JK,F,1984-03-26,41,Athlete
7108,DD2XMX3GCB7UXS95,M,1981-08-21,44,Athlete
7109,DDBQGET4S2QXCO4K,M,,0,Athlete
7110,DDFOVDHQ63MJQW3N,M,1976-04-05,49,Athlete
7111,DDNDUZOD4CRN8E2R,F,1964-03-21,61,Athlete
7112,DDPZT9XIGEG7E53H,F,1962-09-24,63,Athlete
7113,DE0QQQVBFCGNW1YP,M,2005-09-05,20,Athlete
7114,DE1MMV1DQCQS62Q1,M,1993-06-06,32,Athlete
7115,DEKHIB7PF01JB5SI,U,,0,Athlete
7116,DER1EA635WSLJTK2,M,,0,Unified Partner
7117,DEWC0P888JY0NG06,M,1976-08-14,49,Athlete
7118,DF3KOYNIG5DQBGOH,M,1953-09-03,72,Athlete
7119,DF7ASDSKUTET93DZ,F,1961-07-14,64,Athlete
7120,DF8MGWDDYYO5ZIUS,M,1965-02-06,60,Athlete
7121,DF8Z5SK0RSZN5DL6,F,1956-01-17,69,Athlete
7122,DFN5DE4OVJ86RI2S,M,1982-09-23,43,Athlete
7123,DFZDTTXSARTESRW5,F,1978-08-25,47,Athlete
7124,DG05YHHQIPP8DGQY,F,1967-03-07,58,Athlete
7125,DG0TP5UUNTJUFTXG,F,1998-06-03,27,Athlete
7126,DG3P7O3JDQKVCSEP,F,1995-04-30,30,Coach
7127,DGG057QKPBAMF59D,F,1992-07-13,33,Coach
7128,DGSCC5TLX5M97MJY,F,2005-07-18,20,Unified Partner
7129,DGW6LAX1JARP82XS,M,2009-06-05,16,Athlete
7130,DHA1UJDULU1L4TX0,M,2000-08-12,25,Athlete
7131,DHC34TKK67CPXSRD,M,1989-06-25,36,Athlete
7132,DHM586QLZA5RIONT,M,1995-02-09,30,Athlete
7133,DHSV9KSDYA0ZGEG6,F,1986-09-14,39,Athlete
7134,DI9DVMXTVQPAH9VV,F,1992-10-08,33,Coach
7135,DIFVUEOQRB02UPCK,F,1989-11-20,35,Coach
7136,DIQLOVE6B5L80MUF,M,1990-10-20,35,Coach
7137,DJ38ZDTZSEG1D3EG,M,1986-03-28,39,Unified Partner
7138,DJ8GEWHZ18D1JA2P,F,1999-12-02,25,Athlete
7139,DJLB38A2DZUNNE9F,M,1999-05-18,26,Athlete
7140,DK2OU5FR7IQEWH3F,F,1990-01-06,35,Athlete
7141,DK7XBU9HM0MTHVWR,F,,0,Coach
7142,DKEOEDQVYJ2USW3V,F,,0,Coach
7143,DKG9LN9TJYYNVQ8E,M,1992-08-27,33,Athlete
7144,DKJ8ZJU2QQ9LIYQ7,F,1975-10-23,50,Athlete
7145,DKNLAIK8UIEKSSB1,M,1956-07-11,69,Athlete
7146,DKQC418ZE064FY5X,M,1975-09-01,50,Athlete
7147,DL3840AC0VNS0Q32,M,2011-08-16,14,Athlete
7148,DL6RGDTC38Y2O7AF,F,1985-10-22,40,Coach
7149,DL7TB3GGM9YTN0YF,F,1986-09-06,39,Athlete
7150,DL8X0NJMJ60JJHBK,M,1987-09-02,38,Athlete
7151,DLAP6AYEWFJC43EG,M,1994-07-14,31,Athlete
7152,DLF1FDRY7EHH7CTZ,F,2003-04-04,22,Athlete
7153,DLKJX3E1DMNO579L,F,1983-06-10,42,Athlete
7154,DLPAQKMKF5JGF1LJ,M,1957-08-13,68,Athlete
7155,DLVUSAB4W0OX8GZ0,M,1970-12-27,54,Athlete
7156,DMF6TQ9ZSR8Z2U0P,M,2014-07-24,11,Athlete
7157,DMO8Q1FM11H3GHEL,M,1995-09-13,30,Athlete
7158,DN6FR59C4G0NT4OK,M,1971-08-26,54,Athlete
7159,DNBWAGO83YCUHQFV,M,2005-02-07,20,Athlete
7160,DNDGV2LWAZHASDFC,F,2003-12-09,21,Athlete
7161,DNJBI3TLJX79F5EU,F,1971-04-05,54,Athlete
7162,DNOBSYFBZI2A2R9M,F,2002-10-09,23,Athlete
7163,DNPFCAJK9XY2J5UQ,M,1963-07-05,62,Athlete
7164,DNV8OR6SOBMGD295,F,1960-12-09,64,Athlete
7165,DNX5BDBS066W9LT6,F,1986-08-12,39,Athlete
7166,DO21W93A6YMN7REK,M,1987-12-09,37,Athlete
7167,DO6XP95GQTWZ697V,F,2009-08-05,16,Athlete
7168,DOO14PKO5FJ6ALHU,M,1988-11-03,37,Athlete
7169,DOSUOBJK9TCJTXWM,M,1977-03-14,48,Athlete
7170,DOUSNESPTDT9U2AG,M,1955-02-05,70,Athlete
7171,DP2T77XZ5P9FNXDU,M,1988-03-29,37,Athlete
7172,DP2W84HI4466OA7C,M,2008-09-30,17,Athlete
7173,DP9KV8UVB19AWUDY,F,1995-06-20,30,Coach
7174,DPMQD491HPU04G9J,M,1999-12-23,25,Coach
7175,DPQB7TDZWA23VVKK,M,1988-01-12,37,Athlete
7176,DQAEP6R9VFZOFOEF,F,1988-01-26,37,Coach
7177,DQJ9ZTH1HY3TI7DI,F,1978-05-05,47,Athlete
7178,DQLLENZQAIBWYZLD,M,,0,Unified Partner
7179,DQPB345TD601KKCJ,M,1990-02-25,35,Athlete
7180,DQRMW46MVKXXHW5V,F,1998-02-07,27,Athlete
7181,DQSZA8WR0VQ84C1J,F,2002-03-19,23,Athlete
7182,DQZOYULSRXKWAUVJ,M,1995-03-02,30,Athlete
7183,DR00N1AJ3EQOCMYG,M,1987-06-06,38,Athlete
7184,DR7ZU0CYWWHEW0KV,M,1987-09-29,38,Athlete
7185,DR80M40E62GRMLSX,F,2001-09-16,24,Unified Partner
7186,DR92FYI9GL7CHQ4K,M,1969-10-15,56,Athlete
7187,DRIGZWL9I2EIYKQT,F,1999-12-29,25,Coach
7188,DRKESXPBF5HEVH8R,M,2009-01-10,16,Athlete
7189,DRMEK9RGOI0VMOCU,F,1991-04-18,34,Athlete
7190,DRRYWPSDAE005QTD,M,1996-06-12,29,Athlete
7191,DS0HEKTLH8ATS7RG,F,1983-06-11,42,Athlete
7192,DS24BG5U05W53FJZ,M,2006-06-08,19,Athlete
7193,DS314MSXUE4CRE83,F,1984-08-01,41,Athlete
7194,DS8T01DP86YJ1V47,M,1966-03-14,59,Athlete
7195,DSGSIQC8PA03G1PV,M,2004-09-25,21,Athlete
7196,DSPTXKY1DCY22MIS,F,1992-03-11,33,Athlete
7197,DSVLE1BJZJLZG2T9,M,1984-07-05,41,Athlete
7198,DT45PW5N627UJ9RJ,F,1995-12-29,29,Unified Partner
7199,DTAQYLQUJI72ZLHW,M,1992-08-31,33,Athlete
7200,DTB1MBW2QIVFMK70,M,1984-09-20,41,Athlete
7201,DTBTKZRRG3VYLSCX,M,1959-01-25,66,Athlete
7202,DTIMOAJ2LTWWRVYJ,M,,0,Athlete
7203,DTLWRF2LUOA9K2B5,M,1968-04-12,57,Athlete
7204,DU55J9L0WM1VMVJK,M,1988-12-22,36,Athlete
7205,DUZS4S6THRUTELXS,M,1978-08-09,47,Athlete
7206,DV5XHM7L7A0D90IG,M,1993-07-15,32,Athlete
7207,DVG8OIMJBBFFB6Y8,F,1955-03-01,70,Athlete
7208,DVJOZMA76LGVOJUA,F,1974-07-30,51,Athlete
7209,DVLJPE5CFD3W0ABA,M,1950-03-24,75,Coach
7210,DVNMQOOSV3B1HJRL,F,1963-05-29,62,Athlete
7211,DVU5MI0XPOL94MU2,M,1985-02-26,40,Coach
7212,DVZE7LRNXYD9H1VV,M,2005-10-24,20,Athlete
7213,DW8MC0H75YYU5UG9,M,1956-05-25,69,Athlete
7214,DWN5QQSKH3BHJRJX,M,2004-08-10,21,Athlete
7215,DX8BM3MKI36OP50Y,M,2002-06-09,23,Athlete
7216,DXGCEOZQ3NGPI6CJ,F,1987-04-09,38,Athlete
7217,DXGO476DXBHVK68W,F,2002-07-03,23,Athlete
7218,DXM8OXCUYY0ZYE1A,M,1992-03-08,33,Athlete
7219,DXNIIIG8TAFCOE3T,M,1952-03-18,73,Athlete
7220,DY0J3HEIAAD0WF7B,M,,0,Coach
7221,DYDBIZKWVSZM40LK,M,1982-03-19,43,Unified Partner
7222,DYF226LXD5AR1DTG,M,1974-07-10,51,Athlete
7223,DYZ22XI9WUEKW6W8,M,1986-01-27,39,Athlete
7224,DZ33T1VWIDVAXWOL,F,1996-01-30,29,Unified Partner
7225,DZ7BUOWYSHOQ8M9L,F,1952-12-09,72,Coach
7226,DZC4SIQMPIWA7ET1,M,1964-09-15,61,Athlete
7227,DZDI2Y8S9G1DLDOQ,M,1961-10-22,64,Athlete
7228,DZDZQG20X8S49DU9,M,1985-02-03,40,Athlete
7229,DZOLKTK23DV5U091,F,1985-12-15,39,Athlete
7230,DZURG7C520N7JREJ,M,1958-05-08,67,Athlete
7231,DZXQ6S947OXX3LGA,M,1988-04-22,37,Athlete
7232,E0050DB09O2IOM03,F,1993-07-10,32,Athlete
7233,E00CPNTT2YHKX2Z6,M,,0,Athlete
7234,E01C1G21TETCA4AJ,M,,0,Coach
7235,E01GL2VZRGWIUPIP,F,1968-02-25,57,Athlete
7236,E05410IOFWUNGK0L,M,1954-11-07,71,Athlete
7237,E07HC1FJT73CQ4GZ,M,2005-02-15,20,Athlete
7238,E0DUJWAA16V8EMY2,M,1994-08-08,31,Athlete
7239,E0PDNV5K2HKIPI0R,M,1998-12-22,26,Athlete
7240,E0PJYB2ZDCQOUX8Q,M,2005-01-25,20,Athlete
7241,E0R2IOSQAOXLKF82,F,1993-04-28,32,Coach
7242,E0WJ4PBUEI03P46B,M,1991-11-26,33,Athlete
7243,E0XBYEFKCLURZQKS,M,1972-06-23,53,Coach
7244,E17HIDUEXUY0Q9WZ,M,2010-02-23,15,Athlete
7245,E1I2QE0CMT3DEGOI,M,2000-06-11,25,Athlete
7246,E1JD9OW39NAKD4EA,M,1956-07-07,69,Athlete
7247,E1KLI647SD6DTRKY,M,1940-03-15,85,Coach
7248,E1NEPN5LL7Z9QO2C,F,1975-05-09,50,Unified Partner
7249,E1P1V3FAO7CDVYFP,M,2005-05-18,20,Athlete
7250,E1Q46T04QQS0TKW6,M,1980-01-22,45,Athlete
7251,E1UM8DFQSDI261V0,M,2000-03-10,25,Athlete
7252,E2BJBMC8CBVT9ZXZ,M,1955-07-23,70,Athlete
7253,E2MG29MINPW27PG8,M,1991-12-17,33,Athlete
7254,E33WOBTI9HWO5MNH,F,1999-08-06,26,Athlete
7255,E36BNFUFIIZ9EDHT,M,1964-01-01,61,Athlete
7256,E3CF8D8PRE9PKXFN,F,1971-04-13,54,Athlete
7257,E3DAY699962LPL6V,M,2007-07-21,18,Athlete
7258,E3KA1ZKN7IASXRBN,M,1956-12-02,68,Athlete
7259,E3LH1P0WQ432G2XF,M,1962-03-16,63,Athlete
7260,E46ZYVZ8ZLOZ8I73,M,2006-11-13,18,Unified Partner
7261,E498MESUG7DGYVY0,M,1998-12-14,26,Coach
7262,E49YU7CI41UI91EC,M,1995-08-09,30,Coach
7263,E4AL4TJNY4TM74QL,F,1996-11-30,28,Athlete
7264,E4EJ3U5BULV4NM1Z,M,1998-04-06,27,Athlete
7265,E4IMVDJNS5YB2WPZ,M,2010-09-30,15,Athlete
7266,E4K23CSDW6QKOSPP,M,2014-11-13,10,Athlete
7267,E4PHL8S5984OZ8G6,M,1983-10-05,42,Coach
7268,E4UPIFLP8PY48AQ7,M,1944-06-06,81,Athlete
7269,E571UXWTBANWJADA,M,1979-05-19,46,Athlete
7270,E59DI0710FIK9GOK,M,,0,Athlete
7271,E5ERR8PGOOI7PQR0,M,1970-07-25,55,Athlete
7272,E5FREG1CMZTT9972,M,1966-11-15,58,Athlete
7273,E5LUVM1ETH5GRU8B,M,1974-09-12,51,Athlete
7274,E5OQLIS2F55L84ZP,M,1968-04-10,57,Athlete
7275,E5PVBSXMOO6ZKKWH,F,1949-11-22,75,Athlete
7276,E5QOZ5FZDADZTWSX,M,1963-07-13,62,Athlete
7277,E5SO4XPCK0Y55NQU,M,,0,Unified Partner
7278,E5TXT0GI497B6RMW,M,1971-09-14,54,Athlete
7279,E62DFVRIE4ALPNC6,F,1988-06-03,37,Athlete
7280,E6B05CO9ULSAF4VG,M,2009-12-01,15,Athlete
7281,E6MB8YGZY69RNPFZ,M,1983-11-23,41,Athlete
7282,E6SI1SAMC0G1PNNJ,F,2008-04-17,17,Athlete
7283,E6W5FPJCADX10Q87,F,2002-01-16,23,Athlete
7284,E7EI7JPDZP1W4NHT,M,1969-06-13,56,Athlete
7285,E7F43VUW4KET0EE9,M,1979-11-08,46,Coach
7286,E7HLPMKK49OOHSIR,M,,0,Coach
7287,E7OXNH7PKH2GSAF9,M,1995-06-13,30,Coach
7288,E7PK5Y1XGBNZF6G0,F,,0,Coach
7289,E7SVGXFXIRR1ZGOU,F,1971-12-26,53,Athlete
7290,E7ZTK8HRCAKB3SH2,F,1982-10-21,43,Athlete
7291,E85IRO1BZ9ZD4X07,M,1955-12-06,69,Athlete
7292,E8CYEBFHFQHOFO62,M,1998-11-25,26,Athlete
7293,E8ITTZ55HGVO7HTN,F,1970-07-14,55,Athlete
7294,E8J1T0KMI6XZUJO1,M,1964-07-26,61,Athlete
7295,E8KDIQLLKK6EP90J,M,1982-11-29,42,Athlete
7296,E96HQEW2JZ2SYK38,M,1997-07-29,28,Athlete
7297,E96O8PF1MU6U4H9J,F,1980-07-12,45,Athlete
7298,E9I72INI54CIK3FV,M,1972-04-22,53,Athlete
7299,E9NEPENRQDN4636M,F,1988-01-13,37,Athlete
7300,E9O7N52EIXOB9B8Z,F,1994-01-04,31,Coach
7301,E9TFRWMF7YVBSHQE,M,,0,Unified Partner
7302,E9W6E2SW5LW6RWT5,M,,0,Athlete
7303,EA52J27SS3C1C5UH,F,1974-08-27,51,Coach
7304,EA6R1LTK2Y1M1BO0,F,1997-09-18,28,Athlete
7305,EA6XD50IEDB8RD11,M,1960-09-12,65,Athlete
7306,EAU3DPARYSC0PGND,M,2003-08-03,22,Athlete
7307,EAVRZL5D3WZ4DQTV,M,2000-02-25,25,Athlete
7308,EAWJYP53UPODFBFT,M,2001-11-09,24,Athlete
7309,EBIE8FHQQTGKW6E0,F,1957-01-13,68,Unified Partner
7310,EBK93A3C9RJNQNGH,M,2008-04-18,17,Athlete
7311,EBLURBSK2C4ZR6VR,F,1995-09-08,30,Athlete
7312,EBRGZ12BUA5QTR7Z,F,2001-06-23,24,Athlete
7313,EBYET0IM4DEJQ5PB,M,2000-10-27,25,Athlete
7314,EC3H5XZOYP8JHDBG,F,1951-03-23,74,Coach
7315,EC6OHX7YQIFHHWWK,M,1960-05-10,65,Athlete
7316,ECGBGE83ZO9PZMUI,F,1968-01-12,57,Athlete
7317,ECMCJFPKFIZOAAQ7,F,1980-01-05,45,Athlete
7318,ECN3VR36EOY6OIRJ,M,2011-02-10,14,Athlete
7319,ECTMJWK79JKH90IH,M,1994-10-06,31,Athlete
7320,ECTSW1IPICCK1MWT,F,1974-01-07,51,Athlete
7321,ECTVXUWGGCVMDBKD,M,1994-09-07,31,Athlete
7322,ECTX6RL32VOSTNGE,F,1974-08-03,51,Athlete
7323,EDK80UJ35JARBDLH,M,2007-07-29,18,Athlete
7324,EDRCUDFLBDU0TJJO,M,1963-01-12,62,Athlete
7325,EE75NKRALL17NETQ,F,1978-04-14,47,Athlete
7326,EE7FRADFO1S8MHP4,M,1997-06-06,28,Athlete
7327,EEAYCZBWZG9W8ZKP,F,2005-03-16,20,Unified Partner
7328,EEFSJ9Z5SRJ5GI8M,F,1971-06-02,54,Athlete
7329,EEG72YN0DJAGCUTP,M,,0,Athlete
7330,EEPVJ94IKYVFYXHU,M,1975-11-23,49,Athlete
7331,EEQCJNDLVWSLJNQF,F,1998-12-12,26,Athlete
7332,EEV9BRE97SK1KAXB,F,1972-10-23,53,Athlete
7333,EEXD1OZSI5IFM6N3,F,1979-04-09,46,Unified Partner
7334,EF2CZ6QRSFEYSDLK,F,1958-08-04,67,Athlete
7335,EF5MO84YL2PLQU8O,M,1952-01-18,73,Athlete
7336,EF5NR3BZZCWVB5T3,M,1999-09-20,26,Athlete
7337,EFOJHWN38T28EX67,F,1960-10-19,65,Coach
7338,EFTUQS6LBO867VV0,M,1963-11-17,61,Athlete
7339,EGLGZ8MQLUT5XA8B,F,1959-09-14,66,Athlete
7340,EGO3BAXHGTIGAZ34,M,2003-07-13,22,Athlete
7341,EH31TQ7AARBLR4DB,M,1987-11-28,37,Athlete
7342,EH7KO127HRYPFH78,M,1996-10-20,29,Athlete
7343,EH8NVN4RLKJQGN8N,M,1994-09-17,31,Athlete
7344,EHAVXDEHKSZ9R3P2,F,1986-05-16,39,Coach
7345,EHHXNSDIDOEW77OC,M,1956-01-03,69,Athlete
7346,EHN5S95AEZ6YR8V0,M,2001-07-12,24,Athlete
7347,EHQFQ8PQLMIZ3Q7E,F,1974-08-01,51,Athlete
7348,EHQZAIEVCCQHK6JP,M,2003-09-30,22,Athlete
7349,EI2H24EI78YK6SU4,M,1961-10-22,64,Athlete
7350,EI6QN89K54KN2NIV,M,1972-01-30,53,Athlete
7351,EI95QC7PRK5DVE8G,M,2015-08-19,10,Athlete
7352,EIURGKA8TN0VRVWT,F,1988-06-24,37,Athlete
7353,EJ058GU5II0PYFKG,M,,0,Coach
7354,EJ0K4DR4GRPA93XE,M,1972-07-09,53,Athlete
7355,EJ1K3UYYGIZCSEBW,M,2009-08-10,16,Athlete
7356,EJ3ZQDVSG5H4XXI8,M,2010-11-17,14,Athlete
7357,EJ7QQI463Y410P0F,F,1987-02-14,38,Coach
7358,EJ99OQDGSGBVRU2I,M,1983-05-01,42,Athlete
7359,EJ9DRBUTR9T9VQ57,M,1963-02-13,62,Athlete
7360,EJHBI2LR1KMHVR92,F,1981-02-28,44,Athlete
7361,EJPTQR4MPZJDJXRR,M,1996-01-18,29,Athlete
7362,EJU653V01USHNQ5G,M,1996-05-25,29,Athlete
7363,EK46XCQ5KXBZMKV1,M,1989-12-13,35,Athlete
7364,EKIX8ZFSN0VWWT4N,M,1977-08-04,48,Athlete
7365,EKNIPZFE8UNI72RU,F,2002-01-03,23,Athlete
7366,EKQPE4LEU215UBZC,M,1957-01-15,68,Athlete
7367,EKYJPYVF5D6I3K47,M,1998-04-06,27,Athlete
7368,EKZLYXOA1D7I52BF,M,1964-01-24,61,Athlete
7369,ELDS1OSVPWR6GQZK,M,1964-08-22,61,Athlete
7370,ELG3LQ9YK6YGL2TY,M,1982-03-04,43,Athlete
7371,ELR3SFFA7GN4YF47,F,1990-10-19,35,Athlete
7372,ELR6GFBRSOBNJSQE,M,2002-08-03,23,Athlete
7373,EM3NJYRWFLGJN6AO,F,1961-06-02,64,Athlete
7374,EM4GOKAMOU1SMLOE,F,1964-01-26,61,Athlete
7375,EM6JC24TNONN7Q4P,M,2001-10-17,24,Athlete
7376,EMC8WDDB4V6713U2,M,1962-06-20,63,Athlete
7377,EMFG46D45C9CYU8P,M,1995-04-27,30,Athlete
7378,EMHEUEFGE82J9XY3,M,1974-09-07,51,Athlete
7379,EML5BMVU2SR8S3O9,M,1968-06-13,57,Athlete
7380,EMN7BZJZES36ZBSO,M,1979-10-08,46,Athlete
7381,EMQBE112YA97UYCA,M,1976-10-05,49,Athlete
7382,EN7HZIZDEY5OPHKT,F,1964-08-08,61,Athlete
7383,ENNACDRELF4X48L7,M,1963-12-06,61,Athlete
7384,ENQ7QS7CL2AODOVU,M,2005-06-07,20,Athlete
7385,ENWIUFO9JETT17MI,M,1998-04-19,27,Unified Partner
7386,EOBX1C44AL446SIU,M,1994-08-24,31,Athlete
7387,EODF4OKKSQIL7PH9,F,,0,Staff
7388,EOFCGXRMY8RAPVBR,F,1934-10-19,91,Coach
7389,EOK41HSCI8QQ5VI1,M,2014-04-24,11,Athlete
7390,EOM68F5374OMHT7A,M,2008-01-21,17,Athlete
7391,EPP74BW2QYTNNSX1,F,2004-04-16,21,Athlete
7392,EPTUSKAPYUD6I06V,F,1968-11-23,56,Coach
7393,EPZX606M5TRYSWMN,F,1964-07-08,61,Athlete
7394,EQ7PBQ11ZD85RL9E,M,1996-11-25,28,Athlete
7395,EQ9CB98O7SM3VQIX,M,1976-03-20,49,Athlete
7396,EQJ6KZYBP9V09SR3,M,1963-03-30,62,Athlete
7397,EQPOPTL61MJYUAIC,M,1999-04-22,26,Unified Partner
7398,EQQSWGFIUZKIC7EA,M,2008-07-26,17,Athlete
7399,EQU8WTGLO2BLG0M5,M,1951-10-06,74,Coach
7400,ER3HYK1TIQT9A68K,F,1968-06-05,57,Athlete
7401,ER99MPSVQ05Y7L46,F,1976-05-16,49,Athlete
7402,ERFRJPQF2PT510NE,M,1959-05-13,66,Athlete
7403,ERI6OVOI11MFWAS0,M,1988-09-29,37,Coach
7404,ERNAEQNELIQLXEXT,F,,0,Coach
7405,ERNK8BV1FGFNCH3Q,M,1956-07-15,69,Athlete
7406,ERUD0L1FNEA4N3WB,M,,0,Athlete
7407,ERXA6M6FNETWCFC0,F,1968-02-24,57,Athlete
7408,ES26VZ0OA6TEMXCI,M,1988-05-20,37,Coach
7409,ES2PTSCW99GECBNS,M,1989-01-18,36,Athlete
7410,ES5LZUHW99Z51M3I,M,2000-08-31,25,Athlete
7411,ESB54P0PCQBKS8EZ,M,1986-04-17,39,Athlete
7412,ESO9COH7Y5D13WJ9,M,1978-10-09,47,Coach
7413,ESP5J5H2DN20502T,F,2000-01-01,25,Athlete
7414,ESUBI2JLKLJ39WNE,F,1964-11-01,61,Athlete
7415,ETATPMY9HNM7RG11,M,1969-03-04,56,Athlete
7416,ETC4YVF2E0VW2NYI,M,2003-07-31,22,Athlete
7417,ETJM8UMHCYNB15YP,M,1976-08-07,49,Athlete
7418,ETK5ORO1Q2WFAHZK,M,,0,Coach
7419,ETLYIBFJTSKDNHQS,F,1985-08-28,40,Athlete
7420,ETP5QV72OMAW4A9X,M,1978-06-19,47,Athlete
7421,EU1YVUG8J93T9LGE,M,1981-08-25,44,Athlete
7422,EU5W3I3C14KNW8Q7,M,1961-01-22,64,Athlete
7423,EUFMTR5K3688JJFC,M,1963-08-08,62,Athlete
7424,EUGWTTGV9H8OQBQF,M,2003-07-18,22,Athlete
7425,EUH5JQBW8OXEQGNS,F,1984-04-02,41,Athlete
7426,EUTOR1V1U5YKOX2N,M,1955-09-07,70,Athlete
7427,EV2V5Q63S9REVMBT,M,1975-01-07,50,Athlete
7428,EV3OARZAJDV329WO,F,1990-04-12,35,Athlete
7429,EV6NQEILSHHDUJAL,M,1992-08-20,33,Athlete
7430,EVBNHQTN1I9RDQVG,M,1984-06-08,41,Coach
7431,EVKJLKUGS3FCU9C8,M,1994-04-08,31,Athlete
7432,EVOV8YT77MSXEJG5,M,1997-01-07,28,Athlete
7433,EVWWZ2A8FJU4QE7P,F,1990-04-05,35,Athlete
7434,EVZIBC6UBQJJGR9D,M,2015-07-23,10,Athlete
7435,EW5ITE16EKXBQWAK,F,2000-07-29,25,Athlete
7436,EW5WRGJ63WRZEAI6,M,,0,Coach
7437,EWA7YAWMG7Y7HKYG,F,2004-03-08,21,Athlete
7438,EWNMOKE7S9THFOFQ,F,1982-04-23,43,Coach
7439,EWT01TDS2H0QVXQT,F,1981-03-04,44,Athlete
7440,EX4YFQWNGQGRGVSY,M,1998-09-16,27,Athlete
7441,EXGACIL2HWKTSV5H,M,2002-07-21,23,Athlete
7442,EXRYPN4PSAMP99Q2,M,1973-12-09,51,Athlete
7443,EXUQI3HJNJA4001E,F,,0,Coach
7444,EXYYRLGXIS8CHL3W,F,,0,Athlete
7445,EYE31CLSADPEFUE0,M,1971-08-03,54,Athlete
7446,EYKQV7XPTEGLLB9I,M,1982-06-23,43,Coach
7447,EYNYKT3UT0ULA5FI,M,1952-07-01,73,Athlete
7448,EYOVNHJQAOXV8H0T,M,1945-12-26,79,Athlete
7449,EYS54JWEBKYKRS5G,M,2001-09-28,24,Athlete
7450,EZDRWRIZF1BEPQUN,M,1987-05-21,38,Athlete
7451,EZOIA3QO5N5HLNS1,F,1982-05-19,43,Athlete
7452,EZZU89WFG2L1Z1CL,F,2001-07-01,24,Athlete
7453,F045EBEUDP5E8CC8,F,2006-01-16,19,Athlete
7454,F0GGF4ODVOESNC9K,M,1973-08-20,52,Athlete
7455,F0IQ427DTHO7E3JV,F,1986-08-04,39,Athlete
7456,F0J38CQVRVD0FH8E,F,1995-02-11,30,Athlete
7457,F0XTLW8GOE8T3857,F,1992-10-01,33,Coach
7458,F0ZHM98ZO8W3D3XW,F,,0,Coach
7459,F19UOODYDYNT3MM0,M,1954-05-12,71,Unified Partner
7460,F1DSKA6QBWXP8RYI,M,1986-06-04,39,Athlete
7461,F1GVPSFKDB6L2FYD,M,2004-02-01,21,Athlete
7462,F1SZ80YGLKIVBY4X,F,1974-06-12,51,Athlete
7463,F20VFB4ZS0XQFQHD,M,1962-01-23,63,Athlete
7464,F22F29DSFI5PGIVR,M,1957-02-08,68,Coach
7465,F22TBHMM1MKFPZD3,M,1973-04-28,52,Athlete
7466,F2VFUZ1QH0DNMYK3,M,1995-06-24,30,Athlete
7467,F2VSZL5BEPQJNPT5,F,1998-03-26,27,Athlete
7468,F2WU4NJSL3HIUG5E,M,1961-07-08,64,Athlete
7469,F2X9AOL4D9K3HH5B,F,1990-09-15,35,Athlete
7470,F3ILVAEAY2AXUIRU,M,1955-09-27,70,Athlete
7471,F3U93GRYT8GP46QC,M,,0,Coach
7472,F45PNEKNZWQLTCKT,M,1964-09-25,61,Athlete
7473,F47DOX0B50SLF4PN,F,1984-09-16,41,Unified Partner
7474,F4GBBDLE3OWG8IRO,M,1998-05-20,27,Athlete
7475,F4ISM5TF21NS8TNN,F,,0,Coach
7476,F4OU9RMWX7YKXV3M,F,1962-11-15,62,Coach
7477,F4QN22KLNKZ26D3E,M,1989-01-28,36,Athlete
7478,F52V2XFGSAIIA1I4,M,1998-08-02,27,Athlete
7479,F52XR33EO2MG883T,F,,0,Coach
7480,F59LG8JSVIR4VUHB,F,1960-05-31,65,Athlete
7481,F5RQF85BMJ8IBM6M,F,1997-01-30,28,Athlete
7482,F5RYTHXYDE24XBZ1,M,1959-03-11,66,Athlete
7483,F5TVYH3QPOMQPFR5,M,1996-12-15,28,Athlete
7484,F5YSS5LEQLV4CKZK,F,1996-06-06,29,Athlete
7485,F617R7N2IWF7VRMP,F,1942-11-02,83,Athlete
7486,F628S1HOV2T8YWLZ,F,1994-03-31,31,Athlete
7487,F62WKLVRQAN8OL6Y,M,,0,Coach
7488,F6GEPA5IMIQOS2E8,M,1960-12-11,64,Athlete
7489,F6K0Y958M3Q5MYG2,M,1998-08-09,27,Athlete
7490,F7CKWG1REA4QG0S8,M,2007-12-31,17,Athlete
7491,F7LN726KR4JOBY2E,M,2000-04-09,25,Athlete
7492,F7LS9H5M5FQELABW,M,1968-06-07,57,Athlete
7493,F7QPQXTBAV5KBUW4,M,1978-09-16,47,Athlete
7494,F7WPH3YCLPCQ8YTQ,M,1997-06-18,28,Athlete
7495,F7WYD1SAAUECBKUL,M,1948-06-22,77,Athlete
7496,F7Y7V1N2EYP9PJJK,M,1986-03-19,39,Athlete
7497,F81JAQ4WQUYND1VU,F,1970-06-02,55,Athlete
7498,F8BYD4UWIIJ2IQUU,M,2008-11-07,17,Athlete
7499,F8HH6A22GS2A9ZXX,M,1976-09-28,49,Athlete
7500,F8J2SRVQTYA3AOMR,M,1952-06-05,73,Athlete
7501,F8TZLY5H1BLN0I18,F,1997-03-19,28,Athlete
7502,F9C5G11CEXCEYGL8,M,2003-12-19,21,Athlete
7503,F9FKYI7O4FE3NA72,M,2010-04-30,15,Athlete
7504,F9I48DM8ITETJ5KU,M,1961-06-02,64,Athlete
7505,F9L8EORSZPV4O7AF,F,1991-01-01,34,Athlete
7506,F9U0M47ZN8JG4P7U,M,1960-12-28,64,Athlete
7507,FA3VNF9R4FXRU1AZ,F,1958-05-06,67,Unified Partner
7508,FA53EJNZA2MAVWX0,F,1974-09-28,51,Athlete
7509,FA8CX40DIHATKS0L,F,1990-09-24,35,Athlete
7510,FAIPZQ86A6B9CDTY,M,1960-02-01,65,Coach
7511,FATFBYFXHBV2DFSW,M,1974-06-25,51,Athlete
7512,FAXZ4GTI8N1AFA2X,F,1992-02-24,33,Athlete
7513,FBLA7A8VVAUOVU1C,F,1987-01-23,38,Athlete
7514,FBM6MUCTFTDEMB6Q,M,1984-07-11,41,Athlete
7515,FBS3NX0V4XI7TSXK,M,1982-02-03,43,Athlete
7516,FC2LHU0I6K6XJ0VF,M,1970-06-05,55,Coach
7517,FC3PGBH6PO0X68RK,F,2005-08-09,20,Coach
7518,FCEP27V8U6KFWSXT,M,1965-02-04,60,Athlete
7519,FCJS35QI4O7EC4IS,F,,0,Coach
7520,FCSEMR4KJE174GR4,U,,0,Volunteer
7521,FD68NDVXCGQR99SF,M,1975-01-06,50,Athlete
7522,FD9NXV25U4S7075E,F,1964-10-26,61,Athlete
7523,FDE3ID3A1XY3DSKP,M,1984-04-30,41,Athlete
7524,FDL8XONTQWFSSOIK,F,1976-09-28,49,Athlete
7525,FDLELX4RTLWPV8E2,F,1979-11-09,46,Coach
7526,FDMB4Y5AAMDO495X,M,2001-01-30,24,Athlete
7527,FDOLB5D5L2W09G3T,M,2002-05-28,23,Athlete
7528,FDPL3NPGNFGY2DC0,F,1985-01-23,40,Athlete
7529,FE7D7UFRO2W4JGEU,M,2010-04-13,15,Athlete
7530,FEBMTK4MTEFQACBK,F,1999-07-13,26,Athlete
7531,FEH4TMCXOL63PAEE,M,1994-01-13,31,Athlete
7532,FENXTWVEI9BCB5ZF,F,2005-01-31,20,Athlete
7533,FF52RO7O2DDCBCMQ,F,1983-09-29,42,Athlete
7534,FFHXG3AD48VH7HVS,F,1992-12-04,32,Coach
7535,FFVF691BONKPNO0A,M,1993-05-28,32,Athlete
7536,FG3569NRDD4EJ1LL,M,1973-07-03,52,Athlete
7537,FG4LK9UF6AY65YHM,F,1993-09-02,32,Coach
7538,FGB9T601VZ7H0BR8,M,2003-07-23,22,Athlete
7539,FGKCK5WMDXRRCNGB,F,1987-10-04,38,Athlete
7540,FGM7MM9UKLC2CPXR,F,,0,Unified Partner
7541,FGQDF9JZ1OJXE8GI,F,,0,Coach
7542,FGUGNJP7ZBE67UIW,F,1959-03-20,66,Athlete
7543,FH1OQ5GU3DYADVHU,F,1989-03-22,36,Coach
7544,FH56T7IE68DQN9X9,F,1971-03-27,54,Coach
7545,FHDL48ECU46ODK97,M,1960-05-27,65,Athlete
7546,FHE4K86WLJUIZUT7,M,2007-02-08,18,Athlete
7547,FHFSBNIDEQ3HO0XS,M,1970-04-21,55,Athlete
7548,FHFYWOF00MPEN1XR,M,1989-02-03,36,Athlete
7549,FHVUMPDUA19QT1TX,M,2006-01-01,19,Athlete
7550,FHYN4UQ2SBUWLAC9,F,1988-06-09,37,Coach
7551,FI3648ICKDA4UJFA,M,1996-10-09,29,Athlete
7552,FI8BD86DFF0SYUPR,M,1982-09-08,43,Athlete
7553,FIFM77IMDNILCT0Z,F,1957-09-23,68,Athlete
7554,FIFOXH1Q48MSFQXG,F,1968-12-28,56,Coach
7555,FIKFUROZTYCBGCKW,F,1994-11-26,30,Athlete
7556,FJ5K4O8MP913NBPC,M,1980-02-23,45,Athlete
7557,FJ9S3RDH4O3AGNTG,M,1980-03-14,45,Athlete
7558,FJBIZ7I54QCP02C0,F,1972-01-24,53,Athlete
7559,FJDIBD8UEGDMS1NH,M,1978-10-30,47,Athlete
7560,FJZTD181BGJ2Z3IS,M,1980-04-01,45,Athlete
7561,FK54TZUM3QS0FZKE,M,2000-07-27,25,Athlete
7562,FK7TEDSLFM2WRS4R,M,1962-06-29,63,Athlete
7563,FK8QA7BJ9V4VNM0J,F,1988-12-19,36,Athlete
7564,FK9YVRAPGX8BZ58B,F,1970-01-10,55,Athlete
7565,FKEKI8LYFW9U3GV7,F,2001-10-10,24,Athlete
7566,FKIJF6RMXZ0AQJH4,M,1987-11-30,37,Athlete
7567,FKKZZWGLAVW051XB,M,1958-04-02,67,Coach
7568,FKLZK8CXYORCTJSE,F,1963-05-15,62,Coach
7569,FKT2LG80AR36721L,M,1991-09-18,34,Athlete
7570,FKVGRY0IHY06E0VM,M,2014-03-26,11,Athlete
7571,FKY12M7CFIU8XSWW,F,1976-06-16,49,Coach
7572,FL1STVBKTFSNJ85M,M,2009-03-02,16,Athlete
7573,FLO13RVTMCS4JC06,F,1971-11-01,54,Athlete
7574,FM48EJ05UJ409GZZ,M,1978-06-09,47,Athlete
7575,FM52CIIOKSMC57TU,M,1996-08-28,29,Athlete
7576,FM9LEIYHB8F8SFJR,F,1980-03-11,45,Athlete
7577,FMK70AL3VYDI7MT6,F,1985-09-15,40,Coach
7578,FN39O75JITDPOB7U,M,1988-07-11,37,Athlete
7579,FN9WHS1RWBMSCLML,F,1997-09-02,28,Athlete
7580,FNJP8SII7LU8FEBO,F,1970-08-19,55,Athlete
7581,FNY0NDCEKDLUZ73M,M,1988-09-25,37,Coach
7582,FO46EUO9ZW80VBY3,F,1986-07-07,39,Coach
7583,FO6E5LNDBHBN736E,M,1990-02-08,35,Athlete
7584,FOB1U7AAMECRYT57,M,1985-02-14,40,Athlete
7585,FOL3K98TFTHWBPIN,M,1981-09-09,44,Athlete
7586,FONJRWQ4KIMK7LHA,M,1983-10-11,42,Athlete
7587,FONRKO4O3SK5TVV4,F,1986-05-03,39,Coach
7588,FOOUBE1645TQCHEH,F,1993-08-19,32,Athlete
7589,FOY3DYZBT66M4SYC,F,1979-06-08,46,Coach
7590,FP5J1B3FBDEHAZSJ,F,1990-09-13,35,Athlete
7591,FP609GJYC44SWH1J,F,2009-01-30,16,Athlete
7592,FP6JUVOS9FNHLIX2,M,1969-11-25,55,Athlete
7593,FP6VVWTHCF4HWP2M,F,1988-01-06,37,Athlete
7594,FPFPZBJ4QJLZFEAG,M,1983-05-10,42,Athlete
7595,FPJTBDWLT09255RP,M,,0,Unified Partner
7596,FPLUSI2ODOGJ9A0T,F,1992-04-19,33,Athlete
7597,FPYGBPBRRFB2R50F,U,,0,Volunteer
7598,FQ1XL01YCOBIM1FL,M,1993-02-24,32,Athlete
7599,FQITI2ZYI5FL136P,M,1963-05-11,62,Athlete
7600,FR6SEQ2ONYRFKPIQ,F,2007-03-17,18,Unified Partner
7601,FRJZLR1WFF52A783,F,1983-01-28,42,Athlete
7602,FRQUT7IL728KAPHP,M,1987-09-17,38,Athlete
7603,FSLRDZ9PAE2FH33A,F,1957-06-23,68,Athlete
7604,FSLVZO7Q2H5DTIF0,M,1973-03-07,52,Athlete
7605,FSQY2HAIK4B83LFP,F,1980-04-17,45,Coach
7606,FSTB7QQSK1AF4PDD,M,1999-02-04,26,Unified Partner
7607,FSU2PCETP71VIFFX,F,1995-06-27,30,Athlete
7608,FSYNDMOYLUEX1NQS,F,1990-10-26,35,Athlete
7609,FT2N1PQN30L6HJ7J,M,2006-02-26,19,Athlete
7610,FT9GMMRA5BU0DG0N,F,,0,Coach
7611,FTMURI6BGA1WYZHM,M,1955-01-01,70,Athlete
7612,FTXVC8231A9RVYUO,M,1994-09-21,31,Athlete
7613,FU36LJ58INBRH7NB,M,1959-07-22,66,Athlete
7614,FU3PTZDHOJSSECF3,M,1950-07-08,75,Athlete
7615,FUF00CAPLAAFKL0J,F,1953-04-01,72,Athlete
7616,FUP4BL03EYAXLZGY,M,1973-07-04,52,Athlete
7617,FUPJYKTTGMJ6VGEN,M,1985-02-01,40,Athlete
7618,FURLRTFLT7TUWGZP,F,1996-02-08,29,Athlete
7619,FUYHWZXAXR0A4OY6,F,1995-04-18,30,Coach
7620,FV52EIJ65QWSKPLG,M,1991-03-25,34,Athlete
7621,FV97V75473TJ5BL6,F,1994-08-01,31,Coach
7622,FV9TSOJ8WFJ6H342,M,2010-01-02,15,Athlete
7623,FVFOAN9ZJRHBMX3Q,M,1959-04-02,66,Coach
7624,FVHPYPY1741CRP8O,M,2008-12-26,16,Athlete
7625,FVSC6ACRQNKUEY1D,M,1967-04-19,58,Athlete
7626,FVWDP32LY1C4WRV5,M,1987-05-09,38,Athlete
7627,FW3M2WEU7B8SA3CW,F,,0,Unified Partner
7628,FWGSKPQN0O7MFEEQ,M,2011-08-31,14,Athlete
7629,FX9I23CSNFVE6NJQ,F,1962-08-25,63,Athlete
7630,FXE6MMYMTWWRLLR5,M,1998-12-15,26,Athlete
7631,FXFVOHWDP4M4BAMJ,M,1966-07-27,59,Athlete
7632,FXJ4YLAFXEQLUW4F,M,1992-09-12,33,Athlete
7633,FXJZ41JSF448DC5Z,M,2006-07-27,19,Athlete
7634,FXL74F9KW2FO28NL,M,1959-04-21,66,Athlete
7635,FXLM0UKJPF7IWBA0,F,1971-10-31,54,Athlete
7636,FXONO4GZE9Q9Q929,M,2008-11-20,16,Athlete
7637,FXWFFEQQBDOZQNG7,F,1958-07-17,67,Athlete
7638,FXY599B9H4LH034W,M,2006-12-19,18,Athlete
7639,FY7HT5SOPCX97MKY,M,1967-02-12,58,Athlete
7640,FYOJAHPQYTAJOCDT,F,1984-12-12,40,Coach
7641,FYQY3I0FQJCPIY7D,M,1990-07-23,35,Athlete
7642,FYSGU52OU1VOXRLG,M,1961-02-25,64,Athlete
7643,FYYN9LQJAXFLFYDV,M,2004-11-03,21,Athlete
7644,FZCIVX5S0BZ4CA3O,F,2001-02-15,24,Athlete
7645,FZEEK0YE5T9VKK7H,M,1972-02-18,53,Coach
7646,FZI4NQ6TFV35JHTT,F,2002-06-04,23,Athlete
7647,FZYN4BJXUGLTNBF9,M,1996-11-30,28,Athlete
7648,G0A6JEZG4SYHVFLI,F,1997-01-28,28,Athlete
7649,G0ADTMJELLTE5SOW,F,1969-10-22,56,Athlete
7650,G0EWTJMU3G1KMNW6,M,1987-12-09,37,Athlete
7651,G1LGDXK0MB4N8M01,M,1989-11-12,35,Athlete
7652,G1UACW55ZMIERJT1,M,1990-05-31,35,Athlete
7653,G1ZFN8J013Q3TBWE,M,1998-07-06,27,Athlete
7654,G203PM1XO6WP1JS7,F,1983-07-21,42,Athlete
7655,G23JJSCX25K4E2CC,M,1973-04-16,52,Athlete
7656,G23NBULDR9KMZBF1,F,,0,Athlete
7657,G27OXJPBNDW8ADHV,M,1993-06-01,32,Athlete
7658,G2C0X9KNA7U18SAS,M,2011-02-16,14,Athlete
7659,G2E23TI499S9RSEA,F,1969-09-16,56,Athlete
7660,G2P66ZXCVK0K0J3N,F,1979-05-16,46,Athlete
7661,G2QH697JKDH9R2ZR,F,1960-04-12,65,Coach
7662,G366V967KJ9F5CM2,F,1997-02-09,28,Unified Partner
7663,G375CASE1VOECSX5,M,1942-03-10,83,Coach
7664,G3COJ6K4BHWBMCNW,M,1982-02-10,43,Athlete
7665,G3VOU7SEA8KYQRRI,M,1998-08-18,27,Athlete
7666,G3Z5HJOZZG1I8478,F,2009-01-03,16,Athlete
7667,G43DJUI17KCP96VJ,M,1981-10-02,44,Athlete
7668,G45L88UBL8DH83Z9,M,1967-10-13,58,Athlete
7669,G4BC5HC5F7X2QKIY,M,1998-08-25,27,Athlete
7670,G4C2PKR56Z252XTA,F,1990-05-28,35,Coach
7671,G4CTWPEN6S6868V4,F,1989-10-28,36,Coach
7672,G4IFN21UNZMUWUHU,M,1979-07-28,46,Athlete
7673,G4TMQDVSQ90FUM2D,M,1985-09-19,40,Athlete
7674,G4V81GNANLQNUTPG,M,1992-03-31,33,Athlete
7675,G4W2EC5VX9ODATB8,F,1982-03-26,43,Coach
7676,G52GUYVDHCDVULZK,M,1976-10-15,49,Athlete
7677,G5ABTB2XCQ5B3A87,M,1988-07-18,37,Athlete
7678,G5FWC241T8MD52SO,F,2000-03-16,25,Athlete
7679,G5OZD1FDQN0TXQ7Q,M,1966-10-22,59,Athlete
7680,G5PPTGGA66Y4B0BN,M,1989-09-11,36,Athlete
7681,G5X18OQI4WC7GCIN,M,1995-12-06,29,Athlete
7682,G62JOD578K7Y333M,F,1990-11-29,34,Athlete
7683,G6FFRQSUF3GLGZ6S,M,1991-03-27,34,Coach
7684,G6H90WVEC4GQ47JK,F,1971-06-12,54,Athlete
7685,G6HN972HIQ020CCR,M,2005-07-02,20,Athlete
7686,G6T6EBXGEFPZ9KHH,F,1991-07-20,34,Athlete
7687,G76AWH94M5W7JB97,F,1967-11-30,57,Athlete
7688,G7B356W32WTXQBFL,F,1978-03-02,47,Athlete
7689,G7J99JJPN9M3F7W0,M,1994-08-28,31,Athlete
7690,G7LR7YEHXMRYJOU5,M,1979-08-18,46,Athlete
7691,G7MIX9TKEW9DMHFC,F,1997-12-08,27,Athlete
7692,G7UUL83OUQRUA08Q,F,2010-04-23,15,Athlete
7693,G7XMEPETHDNRHMHM,M,1969-11-27,55,Athlete
7694,G842DKJQFI4WH5LH,M,1978-05-03,47,Athlete
7695,G84EA0IMYHE7F1CH,F,,0,Coach
7696,G855HFBSV2NA6UA5,M,2010-05-17,15,Athlete
7697,G89Q1M6UEQ6C3M4G,F,1970-03-25,55,Athlete
7698,G8BMY8OEKTLTKHMX,M,1964-11-28,60,Athlete
7699,G8EGBA72TTG9BOFG,M,1967-06-30,58,Athlete
7700,G8HNYXH5BYYLV73O,F,1986-03-10,39,Athlete
7701,G8MDELEKP905HXBM,F,1975-04-23,50,Athlete
7702,G8WI6KX9BWWS3OOB,M,1998-07-15,27,Athlete
7703,G8X3L3TPHNV6155U,F,1976-08-06,49,Athlete
7704,G9V9UQCPVMR20JJM,F,1981-07-04,44,Athlete
7705,GA69ID145QQW51UU,F,1988-06-09,37,Coach
7706,GAAEHOOEOBC85E54,M,1994-05-31,31,Athlete
7707,GAL3UCFM9YU5RUYB,M,1951-01-01,74,Athlete
7708,GAR71IYXTUMB24NS,M,1957-08-22,68,Athlete
7709,GAV98FYCGCL8S00V,M,1957-05-30,68,Athlete
7710,GAVO907A8HF6XS46,F,1966-01-17,59,Athlete
7711,GAY4S5QCGG54WQL3,M,1970-01-23,55,Athlete
7712,GB54JUGA1G3FF5XO,M,1962-10-27,63,Athlete
7713,GB6U63D7VCNENA8P,M,1993-12-20,31,Athlete
7714,GBUFAKL85AMIJ19S,F,1992-04-09,33,Coach
7715,GBUPKQIYVW03HSNB,M,1964-04-25,61,Athlete
7716,GC22MVPC2FCRQFL2,F,1954-12-30,70,Athlete
7717,GC4K2MEL9XUNMQX6,F,1990-03-30,35,Athlete
7718,GCS01RE9B4ZJF0I7,F,1995-05-09,30,Coach
7719,GCUX3Z5DS6AQAPID,M,2009-05-07,16,Athlete
7720,GD6NENFBBPXS0WS8,F,1953-02-26,72,Unified Partner
7721,GDBRDJWE50984SP9,M,1960-11-30,64,Unified Partner
7722,GDL0IJFPUCYBJDRO,U,1975-08-14,50,Athlete
7723,GDL84A24M85FFGG3,F,1990-10-15,35,Athlete
7724,GDRQDAH70YU5M7OM,U,,0,Unified Partner
7725,GE5ZWTC7EQGCOWZ0,M,1989-08-17,36,Athlete
7726,GEANEBJ2V4ZKR2A7,F,1955-02-19,70,Athlete
7727,GEHFHRTQA7ROMBFO,M,2000-08-03,25,Coach
7728,GEKCQGXELZ7L2CLC,F,2002-05-27,23,Coach
7729,GF0LZ69VJ6NL03W3,M,1974-06-06,51,Athlete
7730,GFA4PQR0FD0O9MFC,F,1989-01-31,36,Athlete
7731,GFBCEZ5983GCRGN6,F,1963-02-14,62,Coach
7732,GFFF15CL3Y04LEMF,M,1999-08-19,26,Athlete
7733,GFIY8QBVX8OW1BJ5,M,1969-10-02,56,Coach
7734,GFKSCXTPLKX11YOL,F,1996-02-04,29,Coach
7735,GFP5GR8EBB1DUIED,M,2011-01-24,14,Athlete
7736,GFRKDJYCMVKERXGJ,M,1988-06-19,37,Athlete
7737,GG8I9TQN6W3249KB,M,1995-09-13,30,Athlete
7738,GGJ3QQTKYL63W2SK,F,1989-06-30,36,Athlete
7739,GGKXD8KW5899Z0PU,M,,0,Unified Partner
7740,GGLOHISAGDU092JL,M,1982-07-06,43,Athlete
7741,GGQRF4VRMUU7UBES,M,1959-11-19,65,Athlete
7742,GGUMQTDTGUS1Y3Q6,F,1998-01-12,27,Athlete
7743,GHEBKXMU3MPXABUO,M,1963-12-18,61,Athlete
7744,GHL6K9VY2VPRY6QH,F,1998-03-24,27,Athlete
7745,GHLAI3TWKKAXHF8M,F,2008-10-17,17,Athlete
7746,GHLVKBSL80JRSMXT,F,1994-04-07,31,Athlete
7747,GHMT0YUJ2GVKTCCA,M,1970-03-28,55,Athlete
7748,GHN2PICNHK3QAIY8,M,1971-04-21,54,Athlete
7749,GHTACXRLIOLBDDFK,M,1952-08-12,73,Athlete
7750,GI8PRM2ZCDO926QU,M,1970-07-27,55,Coach
7751,GIE7MC8GODJOQLWK,M,1981-08-23,44,Athlete
7752,GIH9BCQT17ZZUM6Z,F,1983-06-16,42,Athlete
7753,GIRYXEEF8NKC3EMH,M,1964-01-03,61,Athlete
7754,GITV3RYGAR4MOGYC,F,1981-08-25,44,Athlete
7755,GIUJTRBA8GBH9I32,M,1959-04-22,66,Athlete
7756,GIVDMXE6YLSIBY7E,F,1998-09-06,27,Athlete
7757,GJ3PKX1W0MQED6FS,M,1989-04-11,36,Coach
7758,GJ41F5IUHOD7AH6D,M,1975-05-22,50,Athlete
7759,GJAHBER8RMKVQGPF,M,1988-01-04,37,Athlete
7760,GJG2A2OEJBOEUCRQ,M,1966-03-05,59,Athlete
7761,GJKIJG5AX1LID56F,M,1968-06-01,57,Athlete
7762,GK2XSBLZ6G46Z5G9,F,1968-11-04,57,Athlete
7763,GK6HCMMQOOFMY1B9,M,1976-07-12,49,Athlete
7764,GK9RDTXL2CUIB2R5,M,1947-01-07,78,Athlete
7765,GKFNS2UER4D89KPZ,M,1997-01-01,28,Athlete
7766,GKKJUKYI8V6FBP6I,M,1986-05-26,39,Athlete
7767,GKUZPO8X1TENROGO,M,1971-04-15,54,Athlete
7768,GL1DRZHS8D3YPIEZ,F,1974-07-27,51,Athlete
7769,GLKY6JY6G92NKB4H,F,,0,Coach
7770,GLTAFL7C39X8NALY,M,1991-03-24,34,Athlete
7771,GLVMIWOD2L63J09R,M,2010-01-01,15,Athlete
7772,GM094FK9DWMU8K09,M,1968-10-02,57,Athlete
7773,GM2WOWUGYUQH78Y8,F,,0,Unified Partner
7774,GM6SV670S1MLA8US,M,2007-09-24,18,Athlete
7775,GM7HTCUDMFKOJ2PV,M,2000-11-14,24,Athlete
7776,GMKL1RRRGLF2HJR7,F,1998-07-11,27,Athlete
7777,GNL7F6DUTQXEUMNC,M,1964-09-06,61,Athlete
7778,GNQNP5986GA60UL9,M,1999-12-30,25,Athlete
7779,GO21ZD4GCJZITEZF,M,2001-06-20,24,Athlete
7780,GO3RR34VM0G1RFAL,F,1972-10-11,53,Athlete
7781,GO71NCOA54BLMXB7,F,1999-11-10,26,Athlete
7782,GOA33SNTK8H15N69,F,1956-05-27,69,Unified Partner
7783,GOEHLZFT7UJLAWA7,F,1969-09-10,56,Athlete
7784,GOH7TPP2XO7XMYMV,F,1951-08-20,74,Athlete
7785,GOIR05HE6FR71PZ0,F,2004-09-30,21,Athlete
7786,GOMUN7SYGVKCCNM3,F,1990-09-11,35,Athlete
7787,GOQ7335MYJGWZKE7,M,2006-02-24,19,Athlete
7788,GOSZVZY9NNSO5PXY,F,1991-11-17,33,Athlete
7789,GOT8GP2CKA2SXR1U,F,2010-04-24,15,Athlete
7790,GOTF6XOUK59CQC1E,M,2011-07-21,14,Athlete
7791,GP2D89FSO6WOI99M,M,1967-11-05,58,Coach
7792,GP3C51SW36AUADWJ,M,1991-08-08,34,Coach
7793,GP5MJ2NGCFJJQIE9,M,1972-11-05,53,Athlete
7794,GP6BLPJJPLZWC2KZ,M,1968-05-09,57,Athlete
7795,GP8QU5D6O9CT3IGW,F,1993-05-07,32,Athlete
7796,GP9DFY5DU4TW6FNL,M,1965-11-24,59,Athlete
7797,GPC4TFLD2MJW9EY3,F,1990-03-10,35,Unified Partner
7798,GPETM9WKL8HC6IG3,F,1988-03-12,37,Coach
7799,GPKUH66LFHX5F0MG,M,1985-03-07,40,Athlete
7800,GQ6XQLEWGOFJNZCC,F,1966-09-20,59,Athlete
7801,GQOZFYER5RCLZFGN,M,1961-11-28,63,Athlete
7802,GQUGULDGBDR8ELHV,F,1976-03-07,49,Athlete
7803,GRDFZ2CO3M6QEIBY,M,2016-01-21,9,Athlete
7804,GRGJ9IXHMM82WW89,M,1997-12-28,27,Athlete
7805,GRLQ6694G1R877IW,M,1962-08-30,63,Athlete
7806,GROS2BACAS3G2MFX,M,1973-12-14,51,Athlete
7807,GRS4NR0LU1EJDNUQ,M,2000-02-19,25,Athlete
7808,GS0NALUOCXCQPZ6E,M,2004-05-11,21,Athlete
7809,GS89LAC9MKW0OQX4,F,1967-07-30,58,Athlete
7810,GSG4Q5L8LQLAAO96,M,1981-11-18,43,Athlete
7811,GSHXV5AGP27WMWY8,F,1998-08-28,27,Athlete
7812,GSK2APPPRS7F6M5D,M,1995-12-25,29,Coach
7813,GSMTGJL3KS66K4A0,M,1999-10-15,26,Unified Partner
7814,GT4ZUK5Z5PUX18MN,F,1997-08-12,28,Athlete
7815,GT5SVOETM7TKFTMG,M,1959-01-26,66,Athlete
7816,GT6D1VXAHX1IJYGG,M,1987-12-21,37,Athlete
7817,GTDQ924YUESLQG84,M,1962-10-06,63,Athlete
7818,GTQ482LQCVXL9AWV,M,2004-04-30,21,Athlete
7819,GU4RWQX68FBWC6QJ,M,1992-10-30,33,Athlete
7820,GU8CQIXOYI5ADF9E,F,1961-05-03,64,Coach
7821,GUBDE490SODR0ASR,M,1994-10-17,31,Athlete
7822,GUJ6XJEUE2OKPQFG,F,1992-07-01,33,Athlete
7823,GURYAOH3UWH4FGKA,M,2006-07-25,19,Athlete
7824,GUUN45KAWXBLT645,F,1967-03-16,58,Athlete
7825,GUV70Z747B05A1A6,F,1978-08-25,47,Athlete
7826,GV0RBIJMJNJ9ACME,M,1993-04-16,32,Athlete
7827,GVR5HFBFCST55KR6,M,2013-11-19,11,Athlete
7828,GVWISMZ01NHX384Y,F,2003-09-17,22,Athlete
7829,GWJCUGT6FIFFHIAB,F,1994-03-24,31,Athlete
7830,GWLJ4M5TKY8KHG36,M,1966-10-19,59,Athlete
7831,GWPZRN03MY46YETI,M,1996-11-10,29,Athlete
7832,GWQVB3ZL42MCXPG2,M,1961-03-08,64,Athlete
7833,GX46B78ZY4KUOH96,M,1978-02-07,47,Athlete
7834,GX7F200CT7JHM70A,F,1980-09-01,45,Unified Partner
7835,GXENTDQMN8Q2V8U2,F,1961-08-16,64,Athlete
7836,GXGPSG7MGM9KEL18,M,2005-05-23,20,Athlete
7837,GXHMUEN5YW4Q0A16,M,1957-04-29,68,Athlete
7838,GXHW31VG2IXYZAL8,U,,0,Unified Partner
7839,GXMDZXJHDMIQ72ZF,F,1979-09-20,46,Athlete
7840,GY2L2LD081J755NI,M,2008-12-17,16,Athlete
7841,GYBFZTVUR4VPI0Y7,M,2007-03-21,18,Athlete
7842,GYO1IQW62W2Y89DW,M,1994-08-12,31,Coach
7843,GYQP9SMHSMBZZEG4,M,1956-12-09,68,Athlete
7844,GZ7VO3K6EPBLBQ22,M,1958-12-08,66,Athlete
7845,GZ8GSEXCGIZK3RWF,F,1967-11-25,57,Athlete
7846,GZC3Z6Z7GWDVG07G,M,1998-02-23,27,Athlete
7847,GZDFRRHGL74IML84,M,1961-06-03,64,Athlete
7848,GZF9WDMUC1YJFT27,F,1969-06-24,56,Athlete
7849,GZIAOQCSO8OWUSE7,F,1962-06-30,63,Unified Partner
7850,GZIH58QY34VRW12S,M,2003-02-27,22,Athlete
7851,GZJPVXT2BQ0ULLMY,M,1997-12-24,27,Athlete
7852,GZM8XWCXT7SCT8G2,F,1978-02-19,47,Athlete
7853,H0AD4BM2Y9ITSNQ1,M,1994-04-07,31,Athlete
7854,H0DUCEM2GIEHSZVS,F,1972-03-25,53,Athlete
7855,H0M2BES1WL8USULB,F,1961-10-09,64,Athlete
7856,H0N2NXVV303ZULLG,M,1956-10-08,69,Unified Partner
7857,H0QT5CWLWW8X9FUO,M,1966-03-17,59,Athlete
7858,H18OZHHV3888HLGK,M,1962-05-24,63,Athlete
7859,H1A75HUN1YBEI9CB,M,1986-10-14,39,Athlete
7860,H1HI7VUC033Q6VV0,M,,0,Unified Partner
7861,H1MBJ95Y4HJ76YAR,F,2000-12-31,24,Athlete
7862,H1Q0E5MLS2ISBZC8,M,,0,Coach
7863,H1QTDTJXDHB2JPMV,M,1964-07-10,61,Athlete
7864,H1R5K4NVVHG8A6MD,M,1964-06-16,61,Athlete
7865,H1R8Y1260MACSFGM,M,1987-03-15,38,Athlete
7866,H1YTKFVUDC0LFAMJ,M,1958-05-08,67,Athlete
7867,H22OPZMHIVK066WU,M,1999-11-30,25,Athlete
7868,H23AMLT8S7X77DU4,M,1983-09-10,42,Athlete
7869,H29O3VBZ8AWEZJYK,M,1954-02-21,71,Athlete
7870,H2CMN09MGH58UNRA,M,,0,Unified Partner
7871,H2GUTDN3YOC7QC1N,F,1989-12-23,35,Coach
7872,H2JFZ9GPVU7GL55B,F,1966-01-08,59,Athlete
7873,H2VCTPSKJJNQIWG6,M,1965-02-01,60,Coach
7874,H2Z9XCY8PK28AXHB,M,1971-04-02,54,Athlete
7875,H34KWX3Z7H1R6P25,M,1970-04-20,55,Athlete
7876,H3BMHODS5J19M85A,M,1997-06-13,28,Athlete
7877,H3GEBWFPFH3X6839,M,1992-11-26,32,Athlete
7878,H3LWGQ2JRTRVRQTH,M,1971-06-02,54,Coach
7879,H3NE8JO3U0DZ5F01,F,1995-03-22,30,Unified Partner
7880,H3U45KZ5L6YBAYYY,F,2007-07-14,18,Athlete
7881,H3YB5SGYL3DM58FQ,F,1969-05-14,56,Coach
7882,H4GWA6KL3TRUSI7L,M,2002-11-06,23,Athlete
7883,H4KSH4L6303GKC61,F,1993-09-30,32,Athlete
7884,H562I86B6BA6ITIP,M,1988-06-15,37,Athlete
7885,H5MU59QM4F63Q2M4,M,1997-06-29,28,Athlete
7886,H5XYFMZIG8T8ZK5S,M,1976-12-01,48,Athlete
7887,H636VOES0L9RCCP3,M,2000-03-09,25,Athlete
7888,H6KOT67A23WWZ5PX,M,1984-02-13,41,Athlete
7889,H75DQVIODIBZWRYK,F,1976-11-26,48,Athlete
7890,H77AWWMG7BCH91FN,F,1958-09-01,67,Athlete
7891,H77XK7EET7DCOB1H,M,1997-07-15,28,Athlete
7892,H797SCR2SWEVOZIG,M,2005-02-07,20,Athlete
7893,H7HK6QOILX9SEXEJ,F,1975-06-20,50,Coach
7894,H7W88VZ5J86IKIZP,F,1992-02-07,33,Athlete
7895,H81RYXWMMJ1QPQUT,M,1963-07-27,62,Athlete
7896,H83VJLGNJT3R0AR6,M,1998-02-26,27,Athlete
7897,H86HC7YJNUNO04VI,M,2001-05-08,24,Athlete
7898,H8BWIWERJ79IUFTO,M,2004-09-27,21,Athlete
7899,H8CIGT5IMMPHRUNG,M,1957-12-07,67,Athlete
7900,H8KBN7PA7HBRGT2T,F,2001-03-04,24,Athlete
7901,H8MNCWO4YHNZ9P9G,M,2006-02-10,19,Athlete
7902,H8P3OX3RUPZ18BV7,M,1972-01-08,53,Athlete
7903,H8Q3ALTBTLL95M9N,M,1990-01-25,35,Coach
7904,H8SLZS30BKNCVJAY,M,1954-09-14,71,Athlete
7905,H8T8KW6XZ74HK92N,M,2001-09-09,24,Athlete
7906,H8Z543TDE8BYXNDL,M,1978-01-19,47,Athlete
7907,H90DAPQ4T26FAIBW,F,1976-07-01,49,Coach
7908,H921S0MFS355DLTN,M,1987-03-22,38,Athlete
7909,H96DU0X0D5URAXVJ,M,1985-05-14,40,Athlete
7910,H9HELY8A0XOAGDVN,M,1954-05-11,71,Athlete
7911,H9JBQIN6LILSQ4EP,F,1993-11-19,31,Athlete
7912,H9P0M5P9XN6OX4UI,F,1999-01-01,26,Athlete
7913,H9UA7QUQQGD0A1VU,F,2004-07-02,21,Athlete
7914,HACQN09Z4JCQ341H,F,1972-05-13,53,Athlete
7915,HADJX9Z9DDO9864C,M,1949-05-07,76,Athlete
7916,HAUFEDPX0A1PYVS8,M,1980-04-19,45,Athlete
7917,HB3B5R6VOR72L38H,F,2011-05-13,14,Athlete
7918,HBC5Q4G2CL43273E,F,1997-01-20,28,Athlete
7919,HBDI7M5MYSMT1ZKP,M,1960-12-09,64,Athlete
7920,HBG7FC5SEPTLQ42T,M,1967-03-05,58,Athlete
7921,HBJALQKT47UZOGFV,F,2007-07-11,18,Athlete
7922,HBLH6NYOTV0BYWTJ,M,1976-04-14,49,Athlete
7923,HBWUUHDBUP5HE1VZ,M,1977-08-16,48,Athlete
7924,HBZUI9Y30EZP811U,F,1979-11-29,45,Coach
7925,HC1NM5E6KPHREB7A,F,1981-08-13,44,Athlete
7926,HC3W7H128ME94YEU,F,1956-12-03,68,Athlete
7927,HC4UHVSFD3E5QD6C,M,1969-07-12,56,Athlete
7928,HC6736WNYZ5BPRBM,F,1986-03-21,39,Athlete
7929,HC9UQAYKVBG2P7B4,M,,0,Coach
7930,HCC2TX2FA87MHL56,M,,0,Athlete
7931,HCHO7XR9RRIQP1VM,F,1994-05-26,31,Athlete
7932,HCMIOAUFLDOMJ3KP,M,2001-09-04,24,Athlete
7933,HCXNN6ARPETCA0ME,F,1980-11-06,45,Coach
7934,HDHFB45XWJ055WLI,F,1980-02-17,45,Athlete
7935,HDQNIEPH26HC3JD4,F,1991-07-29,34,Athlete
7936,HDWRBQP86DPAKZCB,M,1999-05-31,26,Athlete
7937,HEE87RT94VQCG2EQ,M,1988-04-26,37,Athlete
7938,HEHUF34ZOZM642O5,M,1954-02-05,71,Athlete
7939,HF230OAXXJWK4L23,F,1998-01-06,27,Coach
7940,HF8B9KD9T1RTUW8C,F,,0,Coach
7941,HFCW3852MA6GMQN0,F,1980-11-13,44,Athlete
7942,HFFZ9RHMONK0NLBG,F,1989-06-20,36,Athlete
7943,HFG2MBDN5XBYZ493,M,2003-12-22,21,Athlete
7944,HFIQF3Q0CSMZKIPL,M,1984-12-27,40,Athlete
7945,HFLBX7HNR06FOF8B,F,2000-09-14,25,Athlete
7946,HFPKBCPD2UEEAPP1,M,1998-04-01,27,Athlete
7947,HG2Q4SHK7O9PXZNI,M,1991-09-20,34,Athlete
7948,HG7YUHJ155UB4UO3,F,,0,Athlete
7949,HGBKED85SDYUJC42,M,1990-10-20,35,Athlete
7950,HGHFJAJE7QERHJ9H,M,1993-09-09,32,Coach
7951,HGWKV46OFK8VBYEG,M,2012-10-16,13,Athlete
7952,HH1C6YFUWFE13UKT,F,1986-12-18,38,Coach
7953,HHAUHVEX1SCZ9AZP,F,1997-09-05,28,Athlete
7954,HHWDDD4VTCLDQ5FL,F,1962-06-16,63,Coach
7955,HI7AK40FKZIVLGD0,M,1999-05-27,26,Athlete
7956,HIFN5UDSAN27ACEU,F,,0,Coach
7957,HIJ0JA220MX5N092,F,1963-06-20,62,Athlete
7958,HIKA7ISKZG854UID,M,1989-02-03,36,Athlete
7959,HIVAJU9IAWK10DAM,F,1963-12-23,61,Athlete
7960,HJ87BKO8RMGMAEEH,M,1959-10-08,66,Athlete
7961,HJCSLOYX46B2LJ5N,F,2004-04-05,21,Athlete
7962,HJHZIVZR0R7BV9IQ,F,,0,Coach
7963,HJIM5LXER9MZ0SIN,M,1981-04-01,44,Athlete
7964,HJPKC0KQOQT5BLQI,M,1970-05-10,55,Athlete
7965,HJQAN6VMHPVQQMSN,M,1973-04-10,52,Athlete
7966,HJS8MTCZ66I2LDQY,F,1965-03-15,60,Athlete
7967,HJVNOYVXINEF11SA,F,1973-01-07,52,Athlete
7968,HJWUQJF5173CBKNP,M,1977-03-25,48,Athlete
7969,HK1EDENJ6P6OKXR8,M,1982-07-16,43,Athlete
7970,HK294J8U80PU7BB7,M,1997-11-18,27,Athlete
7971,HK7SWXPGYT7E854Q,M,1989-12-24,35,Athlete
7972,HKEJRTA8CX3Y05TZ,M,1983-10-05,42,Athlete
7973,HKF19Y253ZK6C67L,F,1971-12-16,53,Athlete
7974,HKQJ471MJR7EJM9G,M,1970-05-02,55,Athlete
7975,HKT1G53CCJORGIFE,M,1995-09-30,30,Unified Partner
7976,HKVFZTN5EJMTD6HT,M,1998-02-16,27,Athlete
7977,HKXUL4AR8Y6QDWST,M,1996-01-26,29,Athlete
7978,HLEVJ5VUW3HTYVQU,M,1986-03-12,39,Athlete
7979,HLKMOJNJXLK90T8G,M,2001-11-15,23,Athlete
7980,HLZSBEG6LHCC1O7X,M,1984-11-17,40,Athlete
7981,HM017CB59K4K0U0L,M,1994-05-10,31,Unified Partner
7982,HM47OJBTKQW91DNQ,M,1993-05-13,32,Coach
7983,HMMUUV2IF71G4NLN,M,1965-12-09,59,Athlete
7984,HMQ09JA7559RAZ23,M,1999-07-30,26,Athlete
7985,HN8UZYXTQSJTI7OY,F,,0,Athlete
7986,HNA3UW7E978M562G,M,1985-02-13,40,Athlete
7987,HNB2H0LWQ90TZ80M,F,1960-03-06,65,Athlete
7988,HNE5HJ3UW73O3ZPQ,F,1956-12-19,68,Athlete
7989,HNH6AY62GLPXOR88,F,1977-05-23,48,Coach
7990,HNIBWU7K07IL91GC,M,1981-03-31,44,Coach
7991,HNS6NSD8C9HK8AJL,M,,0,Athlete
7992,HNYTYR3I0LCQE6M0,M,1996-01-23,29,Athlete
7993,HO1NOHZFFLZDHE2V,F,2000-01-11,25,Athlete
7994,HO4S2T3I30LGPOV8,M,1967-05-15,58,Athlete
7995,HO61RKIHOVHS69X0,M,2005-09-10,20,Athlete
7996,HO6QGNYI23VPRSQF,M,1999-10-15,26,Athlete
7997,HOA61V1ER7KEVBZP,M,1992-09-16,33,Athlete
7998,HOA70YNOWF45839H,M,1996-08-29,29,Unified Partner
7999,HOBLRKH26UIR1DTT,M,1963-07-14,62,Athlete
8000,HOKD05FACAAFY6RX,M,1968-03-30,57,Coach
8001,HOQ9O2H3GZT9OTX0,M,1982-09-24,43,Athlete
8002,HP868RXAASKYH0D2,F,1999-11-13,25,Athlete
8003,HPBFPZUNTSVZ0GBV,M,1986-09-25,39,Athlete
8004,HPFI93LHIV94YIZ9,M,1993-01-05,32,Athlete
8005,HPJ68HEDQ6JMC94P,M,1993-09-02,32,Athlete
8006,HPNANOAFXZ1DJMYS,M,1979-01-16,46,Athlete
8007,HPR8CFDSX5GA6M2W,F,,0,Coach
8008,HPVEJR2EY1AQR0Y8,M,1996-04-25,29,Athlete
8009,HQ3X0L1I0JOKQ03X,F,,0,Athlete
8010,HQ6BT0T1RIIDSVMZ,F,2009-09-21,16,Athlete
8011,HQ6QH0NRIUWUGHVF,F,1954-07-21,71,Athlete
8012,HQE7CFCMCUAWDIX3,M,1973-09-24,52,Athlete
8013,HQPXPXUUTKBHPCID,F,1998-12-18,26,Athlete
8014,HR8OB98RARBMW7U3,F,1994-11-29,30,Athlete
8015,HRBIF9634M2UV421,M,1981-10-30,44,Athlete
8016,HRGZL3FNLFDE7ZU8,M,2002-08-23,23,Athlete
8017,HRMF1TWEOT6IJJ12,F,2003-10-24,22,Athlete
8018,HRRRFGQQLOGAS1SC,M,1993-04-18,32,Athlete
8019,HRU3PP29JEF9E5LG,F,1998-07-03,27,Athlete
8020,HRUDWD02XT87I6TW,F,2006-07-26,19,Athlete
8021,HS728UA46YP3OLJX,F,1965-04-27,60,Athlete
8022,HSC4LU5TQJSWIFA5,F,1999-08-06,26,Athlete
8023,HSK569YSIUDVBCKN,M,2009-04-24,16,Athlete
8024,HSLAUMWZ7H9WGAZ7,M,1951-03-31,74,Athlete
8025,HSNSNF8BL4UG9VA7,M,1958-07-30,67,Athlete
8026,HSRQQ1BH4SZ3ELJE,M,1999-06-21,26,Athlete
8027,HTKLANHCY4SQHR5R,M,,0,Coach
8028,HTNIOPEW711VB1WB,M,2009-09-29,16,Athlete
8029,HTO2Q6QHRG8MQONK,F,1960-07-04,65,Coach
8030,HTUELVZW9U1OXO22,M,2008-10-03,17,Athlete
8031,HU5ZCQRG1SNF1U4Q,M,1980-04-25,45,Athlete
8032,HUV1Y20HR00JT0US,M,1996-07-04,29,Athlete
8033,HUWCLLPLQBICAE47,F,1981-01-23,44,Athlete
8034,HUZVX4LLGGLVG0W2,M,2005-06-13,20,Athlete
8035,HVK6U4A2S40F8F2S,U,,0,Unified Partner
8036,HVRRP59JS83JS4NO,M,1964-08-04,61,Athlete
8037,HW93BE0NAIGU7FY2,M,1991-05-02,34,Athlete
8038,HWAXPNBMR1JCZ389,M,1997-07-21,28,Athlete
8039,HWIVCUL66Q1Y9JVD,F,2003-06-14,22,Athlete
8040,HWRE8GET0RT1HLOT,M,1960-10-07,65,Athlete
8041,HX8YDNLO4O3FYTJE,M,2005-01-10,20,Athlete
8042,HXSFHXSSS7KB0C2K,M,1995-03-31,30,Unified Partner
8043,HXTNJB4O19TVE2T8,F,1947-05-07,78,Athlete
8044,HXU1ND5JJV1SNKFZ,M,1967-06-06,58,Athlete
8045,HXU3H92NMTUFZGFT,M,2002-05-05,23,Athlete
8046,HXW9QXM6Y8IYLUA7,F,1957-10-26,68,Coach
8047,HXYJKYQDX6U9W082,F,1960-11-15,64,Athlete
8048,HY3405YCR49E8EXE,F,1995-08-02,30,Athlete
8049,HY64HJK3JII5YSRU,F,1983-09-01,42,Athlete
8050,HY70HBPZPUCPX0FW,F,,0,Staff
8051,HY7X8KAS03BG1RM4,M,1987-08-18,38,Athlete
8052,HYAGKJF7TUXG5UEN,F,1973-09-21,52,Athlete
8053,HYJTUUL27WJU5L1R,F,,0,Coach
8054,HYLTYOSW65KK4G5D,F,1983-07-19,42,Athlete
8055,HYMWHBH9N5PS3KR3,M,1986-05-02,39,Coach
8056,HZB3JSIK0KW62MR1,M,1960-12-16,64,Coach
8057,HZO4AQADK0K6EDBB,M,,0,Unified Partner
8058,HZQGWR13MWP4UT0N,M,2004-05-12,21,Athlete
8059,HZTX52BE8MZZCMYM,M,1987-05-15,38,Athlete
8060,I0G0SZKQ8EXEKJ3X,M,1965-04-13,60,Athlete
8061,I0XV3G61CS3JJCMG,M,1989-10-22,36,Athlete
8062,I0Y1T09T4DEYYISS,F,1973-05-18,52,Coach
8063,I11JL1S711THPRQY,F,2009-08-20,16,Athlete
8064,I19XRVYD5AHEHBNZ,M,1984-07-31,41,Athlete
8065,I19YKFLPHY9RRUTB,M,1991-10-22,34,Athlete
8066,I1ALLY8W52U9K10F,F,1980-07-13,45,Athlete
8067,I1JEU5F9GK69QYCQ,M,2004-03-18,21,Athlete
8068,I1X3II2GEG2U6DYA,M,,0,Unified Partner
8069,I1Y92U34Q4IVJIXA,M,1992-08-13,33,Unified Partner
8070,I2AETGXNWF8V1W48,F,1988-01-01,37,Athlete
8071,I2EMUTT5QQ7VZG7Y,M,1982-04-29,43,Unified Partner
8072,I2KLE73UTG9DKHS5,M,1982-01-25,43,Athlete
8073,I2RG8QN67N6B844M,M,1943-08-08,82,Athlete
8074,I2W1ORR9DSXF07BL,M,1961-03-31,64,Athlete
8075,I2YA41CQDFD3Q084,M,1991-10-24,34,Athlete
8076,I2YI7SCS1RJW4MWC,F,,0,Coach
8077,I2Z22N51J34X8Y5F,F,2006-11-29,18,Athlete
8078,I2ZE079HKA485ZIZ,M,1973-06-19,52,Athlete
8079,I3AN36TVLRAGKFBG,M,1992-03-16,33,Athlete
8080,I3BAOVBCC72N619U,F,1973-01-31,52,Athlete
8081,I3D4YF06WL6GF0O6,M,2006-12-20,18,Athlete
8082,I3M6Q4ZF2IUXLILI,M,2001-04-05,24,Athlete
8083,I3SOA1XIC6IX81GX,M,1978-08-10,47,Athlete
8084,I3T4B2DRPXBEWIY4,F,1999-08-26,26,Athlete
8085,I4046J6A3HQOOQ8S,M,1964-04-21,61,Athlete
8086,I40BMODHQN9226NW,M,2009-04-15,16,Athlete
8087,I414BAAIGWS15THW,M,1955-03-27,70,Athlete
8088,I449UE40W8H80CK1,M,,0,Athlete
8089,I4IDN65YLEYSZ195,M,1997-06-23,28,Athlete
8090,I4J1G5YF3LOQAPE9,F,,0,Coach
8091,I4JONWTQ7MD74NMT,M,1977-12-15,47,Athlete
8092,I4NKKKD1MBYI5VA5,M,,0,Coach
8093,I4PNZNIUS22E44WG,M,1991-01-31,34,Athlete
8094,I4UYZAW8DH21CJZT,F,1962-12-22,62,Athlete
8095,I4VLGD3TXQGOOWCO,M,1969-09-30,56,Athlete
8096,I4Z4IE2EQ1DYDM3R,F,1967-01-27,58,Athlete
8097,I56ZT97BEM28KK38,F,1996-09-08,29,Coach
8098,I58HURGGZL26ZUR8,M,2001-06-13,24,Athlete
8099,I5FWHBTFCP4YEF9N,F,1961-04-07,64,Coach
8100,I5KTK1R66UVVT1QO,F,1989-04-24,36,Athlete
8101,I5ZVNK9TQPDWM695,F,1986-05-27,39,Athlete
8102,I615T91HZFJV39WD,M,1954-05-27,71,Athlete
8103,I64UHS77OG5VSLB3,F,1966-07-12,59,Coach
8104,I6ABO4UOZR03C476,M,1996-07-16,29,Athlete
8105,I6FHKZHJ624X56T1,M,1983-12-21,41,Athlete
8106,I6IU3H00DT7DIPB6,M,1988-06-02,37,Athlete
8107,I6N8NPS4SJFC64A8,F,1967-04-03,58,Athlete
8108,I6Q7H18GND2XI9E0,F,1985-01-22,40,Coach
8109,I706OHFLNBPZJC4X,F,1997-05-10,28,Athlete
8110,I707GC9Y1L7QAV5F,F,,0,Coach
8111,I731U4EJYLYQC5G3,M,1948-12-14,76,Athlete
8112,I744KTZ1TP13SHET,M,2003-04-16,22,Athlete
8113,I77OESHO290QBZ93,F,2001-12-26,23,Athlete
8114,I7DK1QITCJHMMSCZ,F,2000-02-09,25,Athlete
8115,I7O7LEDHYIGSKCJD,F,2020-12-05,4,Athlete
8116,I7Q1D6YCD0E55E27,F,1992-07-17,33,Athlete
8117,I8559WGKN3LZAQ45,M,1995-01-01,30,Athlete
8118,I86TEPUU6Q05Y00K,M,1974-11-23,50,Athlete
8119,I8A51MAW5W0NGQSP,F,1997-09-10,28,Athlete
8120,I8BRWY4B2NK1MMZ9,M,1964-06-07,61,Athlete
8121,I8GKF8OA8OVXE9X5,M,2005-07-27,20,Athlete
8122,I8VCQKRKNE8MP6EE,M,1980-06-16,45,Athlete
8123,I8YX7J3DCGUKOZ55,M,1980-04-12,45,Athlete
8124,I94QR73O7FGSTVR5,F,1979-05-28,46,Athlete
8125,I99B1IA8SNW6NW86,M,1999-04-16,26,Athlete
8126,I9I82S5CYE2POMJZ,M,2000-05-29,25,Athlete
8127,I9SFIJIPLEDTHBUA,M,1997-04-21,28,Athlete
8128,I9ZNH3G8C4PLTIQN,M,1979-02-06,46,Athlete
8129,IA2AN1AKPRW0C8XN,M,1991-05-30,34,Athlete
8130,IACBS2BJLHR7PNBN,F,1963-09-27,62,Coach
8131,IAFY8LV89VKPYXP2,M,1994-04-29,31,Athlete
8132,IAIP3YM39RGZ6LZ7,F,1968-05-24,57,Athlete
8133,IAL8YHVFKIQK03H9,F,1968-12-06,56,Athlete
8134,IAMR0WB55D1E8B3A,M,1972-02-21,53,Athlete
8135,IAMT7EC6ECNNC3CE,M,1966-07-12,59,Athlete
8136,IB5S2D9AA7ZJWN3V,M,,0,Athlete
8137,IBD7GHRQOACI5DB5,M,1972-10-30,53,Athlete
8138,IBGOVCG6LUTXTZQV,M,1994-08-13,31,Athlete
8139,IBGQC8AADX8QHN4G,M,1953-10-18,72,Coach
8140,IBLP32DGEKDXKQL8,M,1989-08-14,36,Athlete
8141,IBONKG3U4Q1EEE2T,M,1998-03-29,27,Coach
8142,IC0HR77AF1ZDCRZD,M,1973-05-29,52,Athlete
8143,IC5DFS620KBVZ8LA,M,1992-09-07,33,Athlete
8144,ICB08SNYDTG44WMT,M,1980-07-23,45,Athlete
8145,ICF838D3C9FUXGR1,M,,0,Athlete
8146,ICUM8JWL31N4L1DX,F,1965-01-25,60,Athlete
8147,ICYU8M3IJM9E37TK,M,1948-10-04,77,Athlete
8148,ID17EJBI2RSKC22Q,M,1968-12-22,56,Athlete
8149,ID4MK1VS1RYQ8831,M,1965-01-03,60,Athlete
8150,IDB4G9HA7Z53ZFOM,M,1998-07-02,27,Athlete
8151,IDN0LX0RTGD30AXB,M,1973-12-21,51,Athlete
8152,IDODSBUOECSIWHNC,M,1951-04-20,74,Athlete
8153,IDR5XV3B7OX0UMV1,F,1947-03-04,78,Athlete
8154,IDT1FXVV8MFIRJLW,M,,0,Athlete
8155,IDTJA5G18T5Z9H14,F,1978-07-26,47,Coach
8156,IDU1E4XAQR1ST7OP,F,,0,Coach
8157,IEDKSEFS3L9LL9CH,M,1986-09-27,39,Athlete
8158,IEE4QY6VH9E2FTI8,M,2005-07-25,20,Athlete
8159,IEELRI8ZQVSO6C0X,F,,0,Coach
8160,IEGJIBPPSY81TEN2,M,1984-05-15,41,Athlete
8161,IEIBBCRDK01496EQ,F,2010-02-18,15,Athlete
8162,IEL07EU1K06WF0TT,M,1990-11-01,35,Athlete
8163,IEZOBSP0Z5YMP5BI,F,1989-08-18,36,Athlete
8164,IF6768COGNQFX6UM,F,1978-12-27,46,Coach
8165,IF7K94ANI3X3ZCDV,F,2010-03-31,15,Athlete
8166,IF8YNWNOKF2L2I94,M,1998-11-26,26,Athlete
8167,IFCAK75YGAKKBQC8,M,1994-01-01,31,Athlete
8168,IFEX1MRT8TIZUUKV,M,1961-05-30,64,Athlete
8169,IG04QCUYHRA1NPVX,M,1968-05-12,57,Athlete
8170,IG7XBUJ9OKAT71UC,M,1957-08-12,68,Unified Partner
8171,IGBM9YCRKVNS4CCR,F,2005-01-11,20,Unified Partner
8172,IGLP8R99NCHNSSU5,M,1995-11-06,30,Athlete
8173,IGQI3OUMSX2QZF71,M,1952-09-07,73,Athlete
8174,IGSRIJ7LWCXZMNGP,M,1953-10-15,72,Athlete
8175,IH6Z6PISXLX2V7AB,M,2000-04-07,25,Athlete
8176,IHING7NB9LPBBLWA,M,1993-03-24,32,Athlete
8177,IHL6C3AY9S8R4CWJ,F,,0,Coach
8178,IHS8470QEW15QZY2,F,1983-02-11,42,Athlete
8179,II4ECR27O584X2KD,M,1978-01-20,47,Coach
8180,IIBXPLJPBSB9P3ZL,M,1991-01-18,34,Coach
8181,IID2ZX4QYJRONLOL,F,1981-08-12,44,Athlete
8182,IIEWR430CP9YJXJZ,M,1999-02-25,26,Athlete
8183,IIRFDAATXDHU40GR,M,,0,Coach
8184,IIVVDTOXJEB1QMQY,M,1970-09-29,55,Athlete
8185,IIW0N1GIDOP4T0SU,M,,0,Head Coach
8186,IJ2UFDS2JZ3KDMMP,M,2009-08-05,16,Athlete
8187,IJ5NDE76Y3Q3KQNX,M,1998-12-13,26,Athlete
8188,IJC4F2FOQHT43YY8,M,1998-05-12,27,Coach
8189,IJG7R4ALH1MUCMNU,F,2005-05-02,20,Athlete
8190,IJLQ9D19W05I1J45,M,1982-10-11,43,Athlete
8191,IKARNYZZDEWLEX0J,M,1997-08-20,28,Athlete
8192,IL0QXOPKBC4J8CUP,F,1971-11-10,54,Coach
8193,IL98JMBKWO3QGQA6,F,1972-01-09,53,Athlete
8194,ILGUFPD5I9OH7NBA,M,2003-06-27,22,Athlete
8195,ILJ9FJ77MGFH39FH,F,1970-11-18,54,Athlete
8196,ILRH7Q236MGBK3GO,F,,0,Coach
8197,IM3GJZDOLWUF4R2L,M,2007-01-03,18,Athlete
8198,IM5KHW1SXF77S03G,M,1971-12-18,53,Athlete
8199,IM60EOLK81KOHT2Y,M,1990-09-19,35,Athlete
8200,IME37L495LNE96MM,M,1995-01-04,30,Athlete
8201,IMEZDGFCMGGZ4P4R,F,1980-02-14,45,Athlete
8202,IMGMFLS6OMAK6Y5J,F,1962-03-14,63,Athlete
8203,IMOVREKCSR2OGXRH,M,1984-07-28,41,Athlete
8204,IMOZG6723ED3WQDW,F,1992-03-17,33,Athlete
8205,IMWBE4OMC4S73BXH,F,1988-12-19,36,Coach
8206,IMXPKNK6LKDYR7SE,M,1961-05-28,64,Athlete
8207,IMXUIPR7TW684XO8,F,1961-12-17,63,Athlete
8208,IN408YKNMYP1DVC9,M,2011-03-28,14,Athlete
8209,IN5TUK6VGX65KCQY,M,1973-05-20,52,Athlete
8210,INE2XT535PQ2XYLV,M,2002-03-16,23,Athlete
8211,INKSD6GATGZ7N67H,M,1961-05-10,64,Unified Partner
8212,INS20QHMKL30809R,M,1994-11-11,30,Athlete
8213,IO8DEG8533PU864O,F,2010-11-16,14,Athlete
8214,IOAN48S6D4S3LQDE,M,1987-04-04,38,Coach
8215,IOFXGQEDY69U5PIG,F,1989-04-13,36,Unified Partner
8216,IONGNGU98SWZZOY1,M,1972-03-06,53,Athlete
8217,IOQQ5FGIGPXW2XOH,M,,0,Coach
8218,IP4N1OM10NUVSEDA,M,1962-08-20,63,Athlete
8219,IQ1M4WZTXJ5CG2CM,F,1975-01-24,50,Athlete
8220,IQ3HKXMP26SKQGPV,M,1967-10-14,58,Athlete
8221,IQ8SY19ALYTWLFM1,F,1988-10-17,37,Athlete
8222,IQC99MX7L6M801XL,M,1967-05-15,58,Unified Partner
8223,IQFR4Z1UDJ9DP0I8,F,1990-09-21,35,Coach
8224,IQRJJUWGQ50BDKYW,F,1996-08-11,29,Athlete
8225,IR02VHSDWNVJE7KH,F,,0,Coach
8226,IR0GZUFFHBBKR252,F,1990-11-19,34,Coach
8227,IR1I09LAJES8O5EX,M,1995-07-19,30,Athlete
8228,IRA7SC4V57XYBA0E,F,2000-10-07,25,Athlete
8229,IRA8OYV1BYYEC7OE,F,1997-06-10,28,Coach
8230,IRFAC8H9WLPUHLC3,M,1997-03-09,28,Athlete
8231,IRGU32I9THTZ1FP9,M,1998-04-17,27,Athlete
8232,IRY9BTI8UB2GFTDW,F,1989-12-22,35,Coach
8233,IS78WCVGM5KW948A,F,1970-02-12,55,Athlete
8234,ISH1732ELP09MV4Q,F,1978-02-07,47,Athlete
8235,ISVAUS92N7P2S860,M,1974-09-23,51,Coach
8236,ISZTPZCN240PM2QZ,M,1956-05-03,69,Athlete
8237,IT6WFJZRUJICKX9B,M,2001-04-07,24,Athlete
8238,IT9OLHPNM85OWNP2,F,1950-06-04,75,Athlete
8239,ITJWIOQQLA82T275,M,1974-12-31,50,Coach
8240,ITOW1PU80YZ4H4FC,M,1997-09-25,28,Athlete
8241,ITPO3BTA2ODIJQZ9,M,1985-12-27,39,Athlete
8242,ITXDAZ60MFWG5GU8,M,,0,Unified Partner
8243,ITYD6FZI4XNM101Z,M,1986-05-21,39,Athlete
8244,IU52M6RGAE9C9IYU,M,1985-02-06,40,Athlete
8245,IUASH88Y0FG32JWM,M,,0,Unified Partner
8246,IUK6Y6S1JSUH3OF3,M,1969-04-27,56,Athlete
8247,IUOGNA2RT5KZJJLS,F,1988-12-30,36,Athlete
8248,IUOVMKSZEYF6CVVL,M,1979-11-06,46,Athlete
8249,IURATRRXXUZEBUTK,M,2005-12-13,19,Athlete
8250,IV1WRHD5L7QVO97Z,M,1960-06-26,65,Athlete
8251,IV7E9DV3WSSERV0V,M,2010-02-11,15,Athlete
8252,IV8FTXXE4YZUMDFA,F,2007-03-22,18,Unified Partner
8253,IVCGXWW1U8LBVVMD,M,1990-04-15,35,Athlete
8254,IVGVLFQLQ7S5XYDU,M,1982-04-09,43,Athlete
8255,IVIMAOGWL9TQBQED,F,1954-02-09,71,Athlete
8256,IVKN6LG5RQV9EZ2X,M,1997-10-21,28,Athlete
8257,IVTMFKGLTYFM83W5,M,1971-07-11,54,Athlete
8258,IVXMG7X9AYDN3NLV,M,1959-07-28,66,Athlete
8259,IVY6IBQK7IH9BJGI,M,2003-08-30,22,Athlete
8260,IW194I1WT6AW9SEV,M,1998-08-05,27,Athlete
8261,IW1IYQ4L3K0UT2X2,M,1992-04-05,33,Coach
8262,IW2CW20M3JQ4I11O,M,2013-09-30,12,Athlete
8263,IW2NPAESXPP4S4ZM,M,1999-08-17,26,Athlete
8264,IWEZIM0GZFQBFYLZ,F,1961-12-29,63,Athlete
8265,IWGGVJQC7W0RD7RV,F,2008-10-22,17,Athlete
8266,IWNM5L8AJOAFHESZ,F,1989-02-08,36,Athlete
8267,IWV92W5RRP9YD838,F,1941-06-18,84,Coach
8268,IXCO7382P20NMYIT,M,1977-12-03,47,Unified Partner
8269,IXGSKK8ZPVYP5M6V,M,1973-03-12,52,Athlete
8270,IXH2V5J87A2OYSQ1,M,1963-02-21,62,Athlete
8271,IXPPIA3ZH303GHN7,F,1984-09-25,41,Athlete
8272,IXQ5UH2UKFNRD9LE,M,,0,Unified Partner
8273,IXVXGHUIO531AHSH,F,1969-10-08,56,Athlete
8274,IXW23JWGK9P2SRDN,M,2000-02-13,25,Athlete
8275,IY1XUJZYPGBLGD4E,M,2006-09-05,19,Athlete
8276,IY24XJ7SKL7F1FNP,M,2000-04-26,25,Athlete
8277,IY4QJMC1J80ABM1I,M,1971-05-24,54,Athlete
8278,IYMPE1OOCX2Q3YB3,F,1966-06-10,59,Athlete
8279,IYUECKU4VDBLHG8A,M,,0,Athlete
8280,IZ4V40RXOCIE6HNP,F,,0,Coach
8281,IZBFTQP3H06WVU7X,F,1989-12-06,35,Athlete
8282,IZFR72LX8FZAZ23K,M,1964-03-02,61,Athlete
8283,IZFWW20HXVWNFT6G,F,1962-05-22,63,Athlete
8284,IZOWX896IPMHUDRA,M,1992-07-01,33,Athlete
8285,IZPLG1BOO2DJT4K6,F,1996-02-18,29,Coach
8286,IZQTGMFTDQRVHEVW,F,1966-12-11,58,Athlete
8287,IZQXMSU8GO8Y4Z0I,M,1957-10-22,68,Coach
8288,IZYWPJVLQ0KR49HS,M,1991-07-18,34,Athlete
8289,J00YU6RCAXJSEE18,M,1961-01-18,64,Unified Partner
8290,J05EKF4R4I54GZCB,M,1998-10-27,27,Unified Partner
8291,J0APWVUROUAIAWN6,M,1994-10-06,31,Athlete
8292,J0AXBYE9UXNYY0ZH,F,1995-12-23,29,Athlete
8293,J0BIWLDXFKAR8N1T,F,1993-11-11,31,Athlete
8294,J0EO4XGYQUHRTM0C,F,1945-06-04,80,Athlete
8295,J0VJMVAGOKZVJN7O,F,1957-02-12,68,Athlete
8296,J0XBL0HS60IKRJ7R,M,1984-10-10,41,Athlete
8297,J14EGM06FBJEALHD,M,1978-04-01,47,Athlete
8298,J1C1GS6PP5AIKX0K,F,2007-04-21,18,Athlete
8299,J1CSIV04Q6R12517,F,1973-01-03,52,Athlete
8300,J1KINJSB47060CZ8,M,1982-05-05,43,Athlete
8301,J1LMM6O6W9HAI5IG,F,1983-03-31,42,Unified Partner
8302,J1RESLEF3X94BN5R,F,1964-04-18,61,Athlete
8303,J23OS1KA5IN7BJ93,F,2001-05-10,24,Athlete
8304,J250GTJMB32UYQGU,F,1993-04-09,32,Athlete
8305,J2CQGY92LTG8BVR5,M,2004-08-09,21,Athlete
8306,J2RTFWKYL8ZPX2UH,M,1959-11-16,65,Athlete
8307,J2WDP158GEQUE0Y6,M,1957-06-19,68,Athlete
8308,J30WX9P7VCUMAUON,F,1988-09-12,37,Athlete
8309,J3267PIHQZXQK5U8,F,2006-03-16,19,Athlete
8310,J34PFCY3SADAS5XT,M,1994-01-20,31,Athlete
8311,J37D0LNIZKJK5Y0M,F,1981-09-02,44,Athlete
8312,J3F6D30YRV18SHDF,F,2005-09-09,20,Athlete
8313,J3J6LM0FFTY1KUTX,F,1966-09-02,59,Athlete
8314,J3TGRIS28V3DDEQ5,M,2010-11-18,14,Athlete
8315,J3VA5A9A6E0CFWWQ,M,1993-08-06,32,Athlete
8316,J3X5BRY14ROGQXWP,F,1982-06-22,43,Athlete
8317,J3Z88334F3TRNDXR,M,1997-12-28,27,Athlete
8318,J4AFA2VCCXOFW5HR,M,1942-04-05,83,Athlete
8319,J4SMYK1BTOBA3QLL,M,1982-03-19,43,Athlete
8320,J58QI9MXHL90PPVJ,F,1986-04-29,39,Athlete
8321,J5ARKR3DW1TTJ246,M,1993-04-01,32,Athlete
8322,J5MXR2NO5QD48QJ8,M,2004-05-31,21,Athlete
8323,J5V140I7B510L3HE,M,1996-03-30,29,Athlete
8324,J641EWFKJWHK0X2I,M,1963-01-10,62,Unified Partner
8325,J66QBOITJ8J5IYPT,M,2000-11-16,24,Athlete
8326,J6NBHF1G4GQQVNFD,M,1998-03-12,27,Athlete
8327,J6Q4X0KG0K1UR555,F,1974-04-06,51,Athlete
8328,J7GUMEXUXUHBKDG7,F,1970-04-26,55,Coach
8329,J7H0SDIS9A6ERPID,M,2005-06-20,20,Athlete
8330,J7H7EOIH2VESRDD3,F,1986-11-26,38,Athlete
8331,J7HRN2VKW0D1JZPY,M,2003-11-04,22,Athlete
8332,J7JNNV5NU9ZJK709,F,1993-01-19,32,Coach
8333,J7O371LQ2QHDXFV0,M,2002-03-06,23,Athlete
8334,J7OA8OBHY2W94VGX,M,1960-02-10,65,Athlete
8335,J7TEFDP74XIDFLSX,M,2001-04-18,24,Athlete
8336,J7WH6NQSEMV8G487,F,1998-12-15,26,Athlete
8337,J835DU04P9C9X3II,F,2006-03-11,19,Athlete
8338,J8BSB12SX2QBOWXB,F,1974-12-30,50,Coach
8339,J8M5D9VMM9ZEQ1TY,M,1977-12-28,47,Athlete
8340,J8NQECJKU4Y8U5WB,M,1999-08-31,26,Athlete
8341,J8PQYIZN7ULEX9QT,M,1964-10-16,61,Athlete
8342,J8XT25G2M8GSAF0D,F,1972-06-06,53,Athlete
8343,J91NIEJPY7DGBEWD,F,2002-07-09,23,Coach
8344,J91YWTANZYAFHIGT,M,1985-07-23,40,Athlete
8345,J990MDUXAJOJI73C,M,1976-02-04,49,Athlete
8346,J9B9FH8775XFDG9X,M,1983-12-18,41,Athlete
8347,J9BKGRWH3JDOGIH3,M,2001-02-05,24,Athlete
8348,J9GPE4CRHVYU6MMJ,F,,0,Coach
8349,J9HD8KS8ZYVQPZEV,F,2005-11-17,19,Athlete
8350,J9N9W6JYA3T64JC5,U,,0,Unified Partner
8351,J9OZR9NRXI1KSPKT,M,1973-08-01,52,Athlete
8352,J9QGQOQZ80P0CNA0,M,1956-09-21,69,Athlete
8353,J9V7NK95LLOWHQUR,M,1961-07-29,64,Athlete
8354,J9VYLD6OMTMYUXIR,M,1969-04-14,56,Athlete
8355,JA3P4F2J5OD0UP1T,F,,0,Athlete
8356,JABEXN83X755TJKS,M,1980-05-16,45,Coach
8357,JAKE59LVO9AF6SSO,M,1961-03-26,64,Athlete
8358,JAS7Y8OO8YF1MHPC,F,1980-03-06,45,Unified Partner
8359,JAZJH1C1IXUX11F7,M,1965-10-27,60,Athlete
8360,JB36V5SQ8RCEA37Z,M,1973-01-01,52,Athlete
8361,JB6SOA03C085FZ41,M,2005-01-10,20,Athlete
8362,JB742TD2S1HEJ8WR,F,1967-09-25,58,Coach
8363,JBGYA3CSWWJ1ZVRT,M,1989-07-25,36,Unified Partner
8364,JBJV28QS9511H42P,M,1999-06-25,26,Athlete
8365,JC1UBU88OQ7O6BI7,M,,0,Coach
8366,JC3V68IDJ0GI3HLU,F,1988-06-04,37,Athlete
8367,JC6JHOZ72BN0H1HN,M,1975-11-19,49,Athlete
8368,JCBC3ZRAY2HPP31M,M,1971-04-13,54,Athlete
8369,JCDM15XBJLMIBRYU,F,1998-11-11,26,Coach
8370,JCG6INYNYHN8KQ6I,M,1994-03-31,31,Athlete
8371,JCIAJSA3YLQ202NK,F,1974-03-07,51,Athlete
8372,JCJ847TMJM2XEJK1,M,1967-11-04,58,Athlete
8373,JCT728EO3WCJ8V4N,M,1960-09-30,65,Athlete
8374,JCWSWHPH5DDBX40I,F,1968-10-05,57,Athlete
8375,JDMHR11V2KG0RT6Z,F,1976-07-01,49,Coach
8376,JDPWMR4OGGY861GO,M,1998-01-30,27,Athlete
8377,JDQ5376ZLUVR0X61,M,1954-03-15,71,Athlete
8378,JDQGW9D18TXWAEOO,M,1980-10-07,45,Athlete
8379,JDQUFXF96YF8XMHX,F,1985-11-04,40,Athlete
8380,JDVPBOS4WNJBTO56,F,1953-02-16,72,Athlete
8381,JDX7TY4H144EPP4V,F,1988-09-08,37,Athlete
8382,JE56RNTJD1CLJHTK,M,1987-11-09,38,Coach
8383,JE62GQVJAYCBXHIN,F,1965-11-02,60,Coach
8384,JE6DUCLIYLS51490,F,1995-04-19,30,Coach
8385,JE7KAV45KZ4NW5X2,M,1986-06-05,39,Athlete
8386,JEI6VSOTTDWEB2DC,F,1995-01-09,30,Coach
8387,JEO5KB08EAPRTTDZ,F,1961-04-13,64,Coach
8388,JERRQ2MMX21WKVBB,M,1957-12-02,67,Athlete
8389,JF8BG0FIYGEBZV4J,M,1991-12-15,33,Athlete
8390,JFBTSNKFTCSHJMWP,M,,0,Coach
8391,JFDBLT9W1M738MJW,F,2004-01-02,21,Coach
8392,JFSY924XCSSR9AFG,F,,0,Coach
8393,JFUWNYR97884FGXC,M,,0,Athlete
8394,JFZNS7M6POF61U5X,M,1956-08-17,69,Athlete
8395,JG5NAU05IARUF269,M,1992-10-12,33,Athlete
8396,JG6KSZY8PDCHXX7R,F,1996-02-05,29,Coach
8397,JG6TKFS91RGJLDMG,M,,0,Unified Partner
8398,JGAJ6H52XI2I9VD2,F,2002-08-23,23,Athlete
8399,JGALPWQ9062UW9F3,M,1998-09-26,27,Athlete
8400,JGFUSHCMJZHF3H63,M,1990-03-11,35,Athlete
8401,JGPABTLSCYHNLVC5,M,2009-09-26,16,Athlete
8402,JH9DJH6E573XBJPT,M,1965-08-02,60,Athlete
8403,JHN6MNVQ4U88601Y,F,1998-12-10,26,Athlete
8404,JHNE33FKA6JH0W4L,M,1964-05-25,61,Athlete
8405,JHOSJBD76NCS0SCP,M,1960-02-17,65,Athlete
8406,JHUJP2MRZSDX5DS2,F,1996-03-19,29,Athlete
8407,JHVQINU6LPKM72B2,M,1987-07-21,38,Athlete
8408,JHWQHKIY0F8WHBAN,M,1992-01-19,33,Athlete
8409,JHXK97WSKK73DDBX,M,1950-04-03,75,Athlete
8410,JIABVL19SKYE2FVC,M,1994-03-25,31,Athlete
8411,JIM7S41WRGP39O43,F,1995-09-05,30,Coach
8412,JJ8G3HMWDEFR0N0I,F,2009-08-01,16,Athlete
8413,JJ8OAQOPUWVTUX24,F,2010-12-03,14,Athlete
8414,JJBADVZQF9KVZ173,M,1968-12-17,56,Athlete
8415,JJBZTV3GK2Z8IKSN,M,,0,Coach
8416,JJFIKOWPBYPXG5BP,M,2000-01-31,25,Athlete
8417,JJVJR73LWFK6RO17,M,1966-03-29,59,Athlete
8418,JK2FC4O7QL1OKR4Y,M,2009-08-30,16,Unified Partner
8419,JK4CDXSOCHO3HQSA,M,1977-09-16,48,Athlete
8420,JK68VPJ0N878KYMS,F,1973-10-14,52,Athlete
8421,JKBOXLD6ZOEXD01R,M,1990-02-07,35,Athlete
8422,JKF0W981QLVB376F,M,1957-10-12,68,Athlete
8423,JKOY4IMK3TJ5M8II,M,1994-11-18,30,Athlete
8424,JL5ZYA62APNZI77A,M,1988-12-10,36,Athlete
8425,JLHIQE9EG949LUUW,M,1979-08-07,46,Athlete
8426,JLTU7AVVICSU5RIP,F,1981-12-31,43,Athlete
8427,JM0NBR9KB5DZKCTC,F,1955-08-03,70,Coach
8428,JMHNJDMVD9XDT2TP,M,2009-08-24,16,Athlete
8429,JMOP59BQDG1PMTS5,F,1948-04-20,77,Athlete
8430,JN93W7UCCW3YRITH,M,1994-12-27,30,Athlete
8431,JNJGC6CW68H0TLTP,M,1991-10-06,34,Coach
8432,JNO716PUXR0UD06P,M,1992-03-02,33,Athlete
8433,JO63QKTMTNNC3PMB,M,1975-10-03,50,Athlete
8434,JO8V1XNSC67283EM,F,1997-07-16,28,Athlete
8435,JOEJOFKFJ63VRPE4,M,1962-04-03,63,Coach
8436,JP0JUYY9AKYF7WJH,M,2009-06-25,16,Athlete
8437,JP48O5LO0LKRPIXX,F,1994-08-17,31,Athlete
8438,JP7N8LV0A3IHBMAW,M,1995-11-15,29,Unified Partner
8439,JPCRF54PISKD09XN,M,1956-07-27,69,Athlete
8440,JPDQ2AC1OLB70U4V,F,2000-12-28,24,Coach
8441,JPHWHPF7L1022OCO,M,2009-03-06,16,Athlete
8442,JPJIDGQ0N60H8EEE,M,1982-06-08,43,Athlete
8443,JPKDVP5MOT8QIA3Z,M,1973-07-19,52,Athlete
8444,JPNVVOMKAYALAK61,M,1946-12-10,78,Athlete
8445,JPO6BGPDBJXEE0Q4,M,1961-04-20,64,Athlete
8446,JPPAESMY9W8X1DXX,M,1963-07-30,62,Athlete
8447,JPUDM0V5XZ2WFFRS,M,1962-06-02,63,Athlete
8448,JQ9RZX1U7GTP5M0M,M,2002-12-27,22,Athlete
8449,JQCM62PV1XBSA3E4,F,2006-10-14,19,Athlete
8450,JQPKZDJNZ476KZW5,M,1999-05-14,26,Athlete
8451,JQSNER4QD5VUPYC9,M,1999-10-29,26,Athlete
8452,JQZDGO0TLEULIVK6,F,1991-08-23,34,Athlete
8453,JR8MSP5KJXDCJ0FN,M,1988-12-26,36,Athlete
8454,JS6DZT0HORB9UWKH,M,2011-01-06,14,Athlete
8455,JS7HJ090QX7XZLRP,M,2009-04-24,16,Athlete
8456,JSFVSDE73LM4JB2E,M,1997-02-21,28,Athlete
8457,JSSWHFRMZUTXT0U9,F,1988-03-20,37,Coach
8458,JSZBFAZVL5CBICII,F,1973-02-28,52,Athlete
8459,JT1IU8IWSKUI7HPM,F,1995-12-06,29,Athlete
8460,JT5YAJV5N62VNM90,F,1974-06-19,51,Athlete
8461,JTKTTUN5OCR131QB,M,1967-01-09,58,Coach
8462,JTOHE49P0YJO3MTG,M,1953-01-10,72,Athlete
8463,JU0HLIY6YES44SVE,F,1971-07-19,54,Athlete
8464,JU3GL3ERV3SMIWHF,F,2003-01-10,22,Athlete
8465,JU6D5MW73XKWGX17,M,1977-05-20,48,Athlete
8466,JU9HXZZ7FMPUYXMX,F,1984-04-06,41,Athlete
8467,JUAXDG0N07IRLQVD,M,1961-04-15,64,Athlete
8468,JUHG6BOW0XYV2E16,M,1995-04-23,30,Athlete
8469,JUNAJFNIR1QCUH0B,M,1956-10-27,69,Athlete
8470,JV6IC5KG1BE52JH5,M,1990-05-06,35,Athlete
8471,JVA22PRPDFOEIKIV,M,,0,Athlete
8472,JVL3UBMUUCWCM97J,M,1986-08-11,39,Athlete
8473,JVMYG8F70ODC926R,F,1981-06-16,44,Athlete
8474,JVRC8OIEOVSUIHRM,M,1995-11-20,29,Coach
8475,JW16KCG7KJRC71QA,F,1986-10-19,39,Coach
8476,JW1J5XZDYW831AEU,F,2001-01-10,24,Athlete
8477,JW712C01FHVEJPO1,M,1988-04-21,37,Athlete
8478,JWCJHR1E6TKOJILT,F,,0,Coach
8479,JWJRCFLTT3IACDPR,U,2004-03-01,21,Athlete
8480,JWKQ3UVRI4GE2Z58,M,1991-02-09,34,Athlete
8481,JWOIXH8T7CV7HXHT,M,1985-07-13,40,Athlete
8482,JWR1IOUH2U7J1NJY,M,1998-09-17,27,Athlete
8483,JWT12UHTLCUPMU4L,M,1988-07-24,37,Athlete
8484,JWWNBDCZ1BZC47E2,F,1958-06-17,67,Athlete
8485,JX325CYO6TVFQGIK,F,1982-07-17,43,Athlete
8486,JX45H5UEYLF7KHIK,F,1998-02-10,27,Athlete
8487,JXCKF7XMNBGHL8E5,F,2001-01-18,24,Athlete
8488,JXH6JCELMYIR0JS3,M,2010-09-01,15,Athlete
8489,JXNMGLOXS8G3WU08,M,2005-05-19,20,Athlete
8490,JXR9VMIHLYMDHTBI,M,1965-09-15,60,Athlete
8491,JY34EVI3Z7DXUIQ4,F,,0,Athlete
8492,JYR4K4A00KDXL0SG,M,1966-07-19,59,Athlete
8493,JYRT84GRF5D4NE3P,F,2012-05-02,13,Athlete
8494,JYSM1S7ZM53LRVKN,M,1995-09-21,30,Coach
8495,JYYYV3W8LB3VBSEH,F,1990-02-14,35,Athlete
8496,JZ0RUE2YJDOE0FQT,M,1984-08-22,41,Athlete
8497,JZDZTW7OZX07E4GK,M,1970-11-06,55,Athlete
8498,JZRT2LAPL8NBIVT0,M,1964-02-25,61,Athlete
8499,JZVJIICFEFTLH9WE,M,1964-12-26,60,Athlete
8500,K02WNHVJS2A67CXQ,F,1965-03-03,60,Athlete
8501,K0GIA04PRGPT289E,F,2000-03-03,25,Coach
8502,K0VCF9X7AONGP864,M,1999-03-08,26,Athlete
8503,K10CQM8Q7K05L1GC,M,1973-02-04,52,Athlete
8504,K10H5AZK7CVSKT9Q,M,1970-10-26,55,Athlete
8505,K11CC8MJ1S4ILHJ1,M,1998-08-13,27,Athlete
8506,K15G4OLZODVVCD1W,M,1967-03-11,58,Athlete
8507,K1FYAJ0ZVR2SY2A4,M,2012-08-04,13,Athlete
8508,K1M77TFJV98KWIMZ,F,1986-03-11,39,Coach
8509,K1RCRRMXHUP4M8UE,M,1990-01-12,35,Athlete
8510,K1WVF0DP5Z9E45ZK,F,1988-02-11,37,Athlete
8511,K1YC0P12XI9AGWR5,M,2001-10-18,24,Athlete
8512,K25MXZ20JQYBJY7Z,M,1963-10-14,62,Athlete
8513,K26CEKUDYBX6YEAM,M,,0,Unified Partner
8514,K2PN7J904ZH9JYS7,F,1998-04-09,27,Athlete
8515,K2SGQKPH1TBSU7ZE,F,1982-08-26,43,Athlete
8516,K36FZ9RS8RXV7NFV,M,2014-01-21,11,Athlete
8517,K3BW1P1ZKVAKAHMP,M,2009-01-19,16,Athlete
8518,K3H8ZJNVZ6YNKHXB,M,1958-04-11,67,Coach
8519,K3MIKUKYVRZUGQN5,M,1961-08-18,64,Athlete
8520,K3SG73NB1AGB0LXV,F,2004-12-24,20,Athlete
8521,K3U52JXBBSY4LPHI,M,1998-11-17,26,Athlete
8522,K3WPZEVIV85WTXZA,F,1991-12-31,33,Athlete
8523,K4AQ19T3W79BRM4L,M,1988-05-25,37,Athlete
8524,K4RPYSSUAQMFSYME,M,1974-04-21,51,Athlete
8525,K538PFFFDAUVCTS8,M,1982-02-02,43,Athlete
8526,K5ASBB1GPTG7TKSP,F,1982-11-18,42,Athlete
8527,K5P8PJ8MYJ6NXQ3G,M,1997-09-04,28,Athlete
8528,K5PLPWS302HWSDBN,M,,0,Unified Partner
8529,K5RJN9QM6F6T02IR,F,2003-09-22,22,Athlete
8530,K63ELMAWZ5UM0OYJ,F,1980-12-09,44,Athlete
8531,K648SDNQRGHFU6SC,M,1967-09-25,58,Athlete
8532,K6BACA4MX36L4ZCB,F,,0,Coach
8533,K6FSPWZB99KYHGI5,F,1957-05-06,68,Athlete
8534,K70R7GCD24K85GRL,M,1963-03-15,62,Athlete
8535,K75T6LD5VLPEBOEO,F,1999-11-16,25,Athlete
8536,K76AWFS6PTPLXGK1,F,1972-07-22,53,Athlete
8537,K76VBHEOPIIXN4UP,F,1984-03-02,41,Athlete
8538,K7JTELF66EHHTOGL,M,1990-06-06,35,Athlete
8539,K7MGVA7QIHTDVYLT,M,1991-01-20,34,Athlete
8540,K7NECT6WUY9LLT5E,M,1970-09-02,55,Athlete
8541,K7T343N22HFFYIES,M,1964-09-02,61,Athlete
8542,K83YWGIFUAX560MR,F,1963-10-21,62,Athlete
8543,K84FAXQHLGXKVS6A,M,1993-07-28,32,Athlete
8544,K87F9JRSXQRDAE2Q,M,1969-09-21,56,Athlete
8545,K8DMRAXD6RKI0QQD,F,1953-06-19,72,Athlete
8546,K8QU9TYXZYE794XW,M,1968-04-29,57,Athlete
8547,K8VQNOOI8BBBNLYN,F,,0,Coach
8548,K8YB0QMWES3VXABV,F,1983-05-08,42,Athlete
8549,K9303H2HQA58JU8S,F,,0,Coach
8550,K9DMSGHETMW14X99,M,1974-03-06,51,Athlete
8551,K9ENDJ5V4FE1JUK8,M,1968-11-05,57,Athlete
8552,K9TGEXXLK76MFYZ6,M,1987-09-15,38,Coach
8553,KA1XBXI2I8U0KIUV,M,1987-06-13,38,Athlete
8554,KA9TFPA68S1PNI3W,F,1965-12-13,59,Athlete
8555,KABV3KZ33HAGJAGG,F,1973-12-24,51,Athlete
8556,KAD01NNY2C78Y83X,M,2005-10-04,20,Athlete
8557,KAGPYRQXV9M10YNG,M,2001-02-12,24,Athlete
8558,KAJ13OZG0UJRMEF4,M,1997-07-09,28,Athlete
8559,KAXK48I9KS9D1F7W,M,1947-04-15,78,Athlete
8560,KBB4X6C1JP42X6TB,M,1987-03-19,38,Athlete
8561,KBFO7D0NZ7XPP286,F,1998-09-13,27,Athlete
8562,KBH0FIZED0JH97XB,M,1955-09-29,70,Coach
8563,KBK2W34L6U30CSGW,F,1987-05-27,38,Athlete
8564,KBK4LMTF55NJ1T33,F,1958-05-17,67,Athlete
8565,KCDVMUT28OFYQIXU,M,1962-09-03,63,Athlete
8566,KCEC9TSR71DJ80XI,F,1997-04-22,28,Athlete
8567,KCFCEE3CZGSC0OQ8,M,1992-08-15,33,Athlete
8568,KCQBYXWEJHWV6ZGV,M,1984-02-20,41,Athlete
8569,KCT51LN2M6XHPX0M,M,1954-08-31,71,Unified Partner
8570,KD1ZWMYOPRL108E2,F,1984-07-19,41,Athlete
8571,KD4EE8ABJ60ESIL8,M,1964-09-29,61,Athlete
8572,KDGRAO85HBXS9HIE,F,1973-06-06,52,Coach
8573,KDIVR54F4E7OZX1N,M,1969-01-21,56,Athlete
8574,KDN79G7NU02RDQ6Q,M,2000-03-10,25,Athlete
8575,KDPDQXP2O6I7HZGQ,M,1963-04-19,62,Athlete
8576,KE8KPGM9CH1EA071,M,1952-09-22,73,Coach
8577,KEA29P5DZJVAHUGW,F,1981-03-11,44,Coach
8578,KEBIZIUJDKC0JQ3J,M,1998-04-08,27,Athlete
8579,KELROQLW491VCNT3,F,1976-04-08,49,Coach
8580,KEYEJTBNTABC1DCG,M,2001-01-25,24,Athlete
8581,KEYUXPMWK6MN6JW2,M,1952-07-11,73,Athlete
8582,KF4QJ1UZNW3NYU5W,F,1969-06-18,56,Athlete
8583,KF8T4JHHZX2RFD3U,M,1984-03-09,41,Athlete
8584,KFAF2APY0UTIGSZG,M,1995-11-27,29,Athlete
8585,KFKKOIUS3GP4BC72,F,1942-01-01,83,Coach
8586,KFKO0HSYVOFEN895,F,1993-08-03,32,Coach
8587,KFN63HU65MJS2QJ5,M,1994-01-04,31,Athlete
8588,KG5CZX70LR3WR30U,F,1982-12-14,42,Athlete
8589,KG6Q0VVJMPFHAHK8,M,1964-10-29,61,Athlete
8590,KG6VY0QMYT5BFIBV,M,,0,Athlete
8591,KGAKMF0U2WZITOZT,F,1990-02-05,35,Athlete
8592,KGHB7ZWOGEN0WKB8,M,1968-01-03,57,Athlete
8593,KGLOF5GEEKUJYJ8W,M,1962-12-03,62,Athlete
8594,KH1EBLSE0WGXKOZX,M,1970-12-29,54,Coach
8595,KH5KCSLDLSXTLV9I,F,2001-07-13,24,Coach
8596,KH7FIPU7NA9FTK42,M,1987-12-16,37,Athlete
8597,KH9G6Y5MEWZBPLLV,M,1960-03-31,65,Athlete
8598,KH9HMDK6M84EOGA9,M,,0,Unified Partner
8599,KH9Z2IT77M6OWFLV,M,2007-12-01,17,Athlete
8600,KHGQPZ6VWJ16XV55,M,2002-05-26,23,Athlete
8601,KHSQISGE73V6G0T0,F,2007-01-02,18,Athlete
8602,KHUI6IA5QTJF8AHL,M,1960-03-18,65,Athlete
8603,KHW4W9T5W4L0UE50,U,,0,Unified Partner
8604,KHXE6LIJYP7IBWGG,M,1973-05-08,52,Athlete
8605,KHXRHGYPJEVBQYCH,M,2002-12-20,22,Athlete
8606,KI313JOUYABTTY88,F,1961-04-05,64,Athlete
8607,KIC92EXA1HR1PAOE,M,2007-04-18,18,Athlete
8608,KIDJYYVLVMS22TW9,F,1964-07-22,61,Coach
8609,KIFH3CBCD6JHHQYO,M,1954-02-04,71,Athlete
8610,KJ6JE6BOOFH4PLLK,F,1986-05-31,39,Athlete
8611,KJA4B3VPD7WTOT7B,U,,0,Athlete
8612,KJCEQQU9JX5TJ84B,F,1968-02-28,57,Athlete
8613,KJG7752SACQ20V5C,M,2005-12-03,19,Coach
8614,KJJQZ7GP1T0BTGH0,F,1971-06-16,54,Athlete
8615,KJMW9JVGITGOAWGV,M,1998-04-17,27,Athlete
8616,KJR49V2JIDG1KM3U,M,1999-07-19,26,Coach
8617,KJRMHO1K2A92KXEA,M,1979-03-02,46,Athlete
8618,KK0BSRARC0QU5UZW,M,1992-12-17,32,Athlete
8619,KK497UA99N2T3I2M,M,1966-03-24,59,Athlete
8620,KK84KL5HT66Y5KQ7,M,1956-05-31,69,Athlete
8621,KL01SNW4F3WBEL2U,F,1980-11-21,44,Athlete
8622,KL4O41HQGH95PX1W,M,1987-12-01,37,Athlete
8623,KLC6K1KDNCLTDU6V,F,1989-09-12,36,Coach
8624,KLEHA48SYZLLNXHU,F,2005-06-30,20,Athlete
8625,KLHUVUIKJ3OZXTEA,F,1989-10-16,36,Athlete
8626,KLI39PKE36Z7PV0T,F,2001-05-17,24,Athlete
8627,KLLZGWU9DAI1776J,M,1965-07-12,60,Athlete
8628,KLO6N8LLRU65Q3GT,F,2007-11-02,18,Coach
8629,KLP5X0TBFS2VV9XG,F,1973-02-08,52,Athlete
8630,KLURZIEF45HLFUFJ,M,1965-03-28,60,Athlete
8631,KLY05R9TQKA4D6KA,F,2012-03-06,13,Athlete
8632,KLZVPSNT7N9WZXQ3,F,2001-07-14,24,Athlete
8633,KM3D6SLD1NODEVRA,M,1962-04-18,63,Athlete
8634,KMKE1WLBNXKL7945,M,1964-04-06,61,Coach
8635,KN5UMELGGHXT98P8,F,2000-02-07,25,Athlete
8636,KNLJL4NB63XR6JA4,M,1998-12-19,26,Coach
8637,KNQFW44VJP3HKWFE,M,,0,Unified Partner
8638,KNSFPHEAS7Y6F6VR,M,1995-04-01,30,Athlete
8639,KNXU0V3A38RINY36,M,1958-04-03,67,Athlete
8640,KO2Q6ACI7TR8PYCN,M,1995-06-11,30,Athlete
8641,KO3Q95GNZG0I4OFS,F,,0,Coach
8642,KOCXYCQDZKIU49PD,F,1967-09-23,58,Athlete
8643,KOKKOQKA069G69CS,M,1987-08-07,38,Athlete
8644,KOLMV0JFCFEKHITF,F,1964-02-22,61,Athlete
8645,KOM45PDLDZIL0QIJ,M,1987-12-17,37,Athlete
8646,KONR7BF86RPMY0NZ,F,1989-08-18,36,Unified Partner
8647,KOQIH2N23R0D1N4B,M,1960-05-19,65,Athlete
8648,KP01DT9YB2WUN53T,M,1964-07-25,61,Athlete
8649,KP45T1GHWPP9VBW4,M,2013-03-20,12,Athlete
8650,KP8ZOMVUN658D41C,M,1951-10-09,74,Athlete
8651,KPTLUJ0DGRW3H009,F,1972-05-26,53,Athlete
8652,KQ6KQS7IK28Z3CU0,F,1968-08-14,57,Athlete
8653,KQIUT1M7NO8140VY,F,1980-05-18,45,Athlete
8654,KQU6RE045SOXY12P,F,1954-10-15,71,Athlete
8655,KRBXLFD4EKVAH8X8,M,,0,Athlete
8656,KRCX8836YVBT4QAF,M,1956-10-21,69,Athlete
8657,KS0G525XGSV68AN4,F,1967-01-20,58,Athlete
8658,KSGRS3B9X1N5G9JQ,M,1985-10-29,40,Athlete
8659,KSL0TMTIM8VRPA8Q,M,1971-04-04,54,Athlete
8660,KSUUHKVYEVSGAMQJ,M,1974-08-06,51,Athlete
8661,KT79DM6VL5MPEIFW,M,1960-12-05,64,Athlete
8662,KT7A9A3UQZLFFUFH,M,,0,Unified Partner
8663,KT8ITHJTQMRC65WR,F,,0,Unified Partner
8664,KTNAG4QQJTARUMCW,M,1997-09-16,28,Coach
8665,KTRPTJX4FC9R63RY,F,1984-08-12,41,Athlete
8666,KTY7QHJ1O4047MDP,F,1960-12-13,64,Coach
8667,KUD0EP91VQHKS7SW,F,1957-08-14,68,Athlete
8668,KUQZK9TEZ63X9WDQ,M,1945-12-12,79,Athlete
8669,KUVIR51Q178FXSRF,M,,0,Athlete
8670,KUW1MKBHPO0FFJ6I,F,1951-01-27,74,Athlete
8671,KV2J68XZ94IXGZWY,M,,0,Athlete
8672,KVPV1NJT5B0OMHDT,F,2004-03-17,21,Athlete
8673,KVZNX7J1MMM7M1E9,M,1960-05-21,65,Athlete
8674,KW4U1DJNF8I9B9Z1,F,1972-05-10,53,Athlete
8675,KWLEJHCHNVYF199C,M,1965-12-10,59,Athlete
8676,KWQ9OTNKDSLZP2TF,M,2002-01-07,23,Athlete
8677,KWRTFCAWEB7RO3JT,M,1952-04-01,73,Athlete
8678,KWWTC826VWOK5SO7,M,2009-09-11,16,Athlete
8679,KXJ94ZVJ39CNBJCI,M,1968-03-24,57,Athlete
8680,KXNZVMKMHLNRV0NA,F,1999-01-08,26,Athlete
8681,KY1Z57MTDVFZ1O77,M,1965-07-20,60,Athlete
8682,KY56ZXP2MXQBPHSQ,M,,0,Unified Partner
8683,KYD9RLPUL78CYHAH,M,1994-01-01,31,Athlete
8684,KYF5I8J6VVBO8W84,U,2003-10-16,22,Athlete
8685,KYFA2AMES3VPA5V1,M,1990-11-02,35,Athlete
8686,KYUEY8Z1G4W1CC26,F,1978-08-21,47,Athlete
8687,KZ2VPTGTLDQYCEHN,M,2009-02-01,16,Athlete
8688,KZ5KMI6ERTAD75PW,M,1984-08-10,41,Athlete
8689,KZDNXWH3AJVS05X7,F,1986-11-09,39,Coach
8690,KZMQVN87VY7QXR27,M,2004-11-15,20,Athlete
8691,L0IBALC42LG3SU26,M,1997-08-01,28,Coach
8692,L0MAJTIDSGZVFRZ8,F,1984-04-06,41,Athlete
8693,L0QEXQ20I0EG85RO,M,1956-11-18,68,Athlete
8694,L0SNJMBTTZ9TREGJ,M,1978-09-21,47,Athlete
8695,L0U8C0TTEVVXXQU7,M,1962-06-30,63,Athlete
8696,L0X6OERCU0U01HX7,F,1970-03-23,55,Athlete
8697,L0ZAB6VW8WYYAS1M,M,1981-06-20,44,Athlete
8698,L16GYJG2LQLTVWHC,M,1992-06-03,33,Athlete
8699,L17K9WKQ7MKKQWR8,F,2010-06-25,15,Athlete
8700,L1COLSN5SWRFW9U3,F,1999-08-14,26,Athlete
8701,L1JRFH7COW5NE8HQ,M,1969-02-25,56,Athlete
8702,L1KDNLO3GWECBM61,M,1983-02-08,42,Athlete
8703,L1KOAS3Y6JRQIJDN,F,1987-12-05,37,Athlete
8704,L1NBF2WKU79H59VG,F,1979-04-05,46,Coach
8705,L1OKUHRUE38HMUOS,F,2001-02-09,24,Athlete
8706,L1S88TLY3LD7NOR8,M,2006-06-28,19,Athlete
8707,L1VCRSSLI09EEYKD,F,1953-08-07,72,Athlete
8708,L1Y0UKQWXA4HHOC3,M,2007-06-22,18,Athlete
8709,L2CF5HSIW66R9VFS,F,1991-11-30,33,Athlete
8710,L2HOPKJIGBQDGXP5,M,1962-12-10,62,Athlete
8711,L2KKSBTTKDURV2L2,F,1954-07-12,71,Athlete
8712,L2L9B31H20L6P96V,F,1999-04-13,26,Athlete
8713,L2P1J6Y0EPF4VCLW,F,1946-04-15,79,Athlete
8714,L2UFT8FEQ6KSQ9UD,M,1994-07-19,31,Athlete
8715,L2XSOD59S12FBNB9,M,,0,Coach
8716,L390408FI41WJBY1,M,1993-11-15,31,Athlete
8717,L3B9QETDCSDLRE7G,F,1997-09-05,28,Athlete
8718,L3DGEJZA9TTYIE22,F,,0,Coach
8719,L3IWX2RPBTLV88RI,M,,0,Athlete
8720,L3N8HQH9ZU7MQRYB,M,1957-05-08,68,Coach
8721,L44K5GB93N8XNBW3,F,,0,Coach
8722,L4DB0JY7K9C2Q6BW,F,2003-06-05,22,Athlete
8723,L4TAURAW7XVK8XNR,F,,0,Unified Partner
8724,L4YXCL09P0N04T83,F,2002-03-09,23,Athlete
8725,L594NQ21IJAX2EIH,M,2008-04-08,17,Athlete
8726,L5C9JCSZ2EZYOJU6,M,1970-12-14,54,Athlete
8727,L5EJW1GPHQYZJP9G,M,1997-05-12,28,Athlete
8728,L5GHJYP43KJEKYOB,M,1974-05-26,51,Athlete
8729,L5I7XSWSQPLCYDAM,M,1993-10-20,32,Athlete
8730,L5JN956J6FVS630Q,M,1960-09-05,65,Athlete
8731,L5JP2ZF27F6OOX7H,M,1957-08-06,68,Coach
8732,L5KVAZM3BBBA8CC3,F,1995-12-19,29,Athlete
8733,L5OKTR76PR18MMJQ,M,1986-11-24,38,Athlete
8734,L5UWOTOLYUIQHF8Q,F,1992-02-25,33,Athlete
8735,L5YJ8BT4KHWQD09I,F,1989-05-12,36,Coach
8736,L5ZX4ET9TUGOAHQW,M,1972-12-25,52,Athlete
8737,L683JJP6MHKI1ESW,F,1987-08-23,38,Athlete
8738,L6ARCQR893DBW1D3,M,1957-03-14,68,Athlete
8739,L6H6AMQGR2KTQRQ6,M,1965-07-19,60,Athlete
8740,L6J2HP4X06K5SCLH,M,1994-08-17,31,Athlete
8741,L78RVQQSHU9X21IV,M,1996-04-10,29,Athlete
8742,L7BWCNO1RUXW1Q6D,M,1963-05-05,62,Coach
8743,L7IZV17E1W4LD2XO,M,2000-06-20,25,Athlete
8744,L7J0ZTAM91CELNU1,F,1981-07-23,44,Coach
8745,L8A0K0VUKXDMVBNZ,M,1976-09-11,49,Athlete
8746,L8BUHCJNEQB19KYV,M,1975-07-25,50,Athlete
8747,L8CG7VYA5K0PDPTF,F,1968-08-26,57,Athlete
8748,L8O3F2JG8FV76X6Y,F,1968-06-11,57,Athlete
8749,L9EGN2WLJ5E1FU5W,F,1963-02-11,62,Athlete
8750,L9R71NF4H20OWA58,M,1976-01-01,49,Unified Partner
8751,L9SAWALS73DO20FW,F,1962-01-05,63,Athlete
8752,LA266OWP5B348DCJ,F,1973-12-07,51,Athlete
8753,LA6QLBNLYG2MNM3O,M,1984-09-10,41,Athlete
8754,LA7VX00UEUOVH410,F,1975-04-26,50,Athlete
8755,LABVSIBXAAORSZ4R,M,1965-05-19,60,Athlete
8756,LAHYH3YC8A5GCZJW,M,1993-08-17,32,Athlete
8757,LAKJ5Z5B38YBZZB1,M,1995-09-15,30,Athlete
8758,LAOWKWF813BVXF3F,F,2011-12-26,13,Athlete
8759,LB3POP0A2ZW5YXG6,M,1970-08-15,55,Athlete
8760,LB4JSSIN0MGG0VA4,M,1964-12-08,60,Athlete
8761,LB7YDRJ43RSZ6UI0,M,1997-03-07,28,Athlete
8762,LBGCS3EYTZ7XF7FG,M,1970-07-03,55,Athlete
8763,LBWKFLI3O9XTT8S6,F,2002-12-20,22,Athlete
8764,LBYIYJ4LN7TDP8KM,F,1994-12-30,30,Athlete
8765,LCAHX42N6FNQTF34,F,1948-04-08,77,Athlete
8766,LCJVKAS794YNV5KT,F,1989-01-04,36,Unified Partner
8767,LCR6QXG1G3LN979J,F,1987-04-08,38,Athlete
8768,LDG40NI8NLE89GF2,M,,0,Athlete
8769,LDNBRS8TTV90X4LP,F,1970-01-05,55,Coach
8770,LDZ38D2ORUV84HI7,M,2003-12-09,21,Athlete
8771,LDZ3Z8K1PJD14VBU,M,1987-02-13,38,Coach
8772,LE15J8KM8ALPLAFP,M,2004-02-04,21,Athlete
8773,LE2REWU3PLQQ2QTF,M,2007-04-25,18,Athlete
8774,LE8CNC3ND8BAQNGD,M,1985-11-04,40,Athlete
8775,LEA8VSEEA4VLLE17,M,1951-05-15,74,Athlete
8776,LEDG5Y4HQMM7E6MD,M,1953-09-11,72,Athlete
8777,LEECKQBSTOJ11YW4,M,1996-04-08,29,Athlete
8778,LEEETYNDR5RXL007,M,1956-08-03,69,Athlete
8779,LENBFQLSSXSM3YCT,F,1943-12-13,81,Athlete
8780,LEPAWU0XHXBY2OW3,M,1968-04-25,57,Athlete
8781,LEW48TQ7DNI8J5PT,M,2002-03-15,23,Coach
8782,LEZH47UATXN02BPU,M,1992-04-22,33,Athlete
8783,LF09P2V7211TDU3G,M,1996-01-03,29,Unified Partner
8784,LFCMU2RIJ9PZOVMG,F,1947-01-29,78,Athlete
8785,LFH1RQWQCYUFQ4L4,M,1998-10-16,27,Athlete
8786,LFJK9NPUX7JCPAXL,M,1957-01-20,68,Athlete
8787,LFKDPGXDTVL71LRF,M,1955-04-19,70,Athlete
8788,LFOW589HO3T52OIJ,M,1976-02-19,49,Athlete
8789,LFQUBLH6W97I8OWA,F,,0,Coach
8790,LFR3F7ZPCG7CVBVM,M,1998-03-17,27,Athlete
8791,LFVSUIJ6FO6Z6PAM,M,1976-09-13,49,Athlete
8792,LFX1Z77IK9F21GS5,F,1987-01-21,38,Athlete
8793,LFX7T08OEDXBAZLR,M,2014-07-03,11,Athlete
8794,LG52Z3ZZIHCWU4P0,F,2000-09-25,25,Athlete
8795,LGG09XYU37150C5U,M,2007-03-26,18,Athlete
8796,LHEKBKXKJSARN8TY,M,2010-04-24,15,Athlete
8797,LHM9Z5F1W3DIXTXF,M,2007-03-05,18,Athlete
8798,LHOI5VAJVZ4CO94R,M,1967-09-21,58,Athlete
8799,LHX05GL0OREE3KDO,U,,0,A-HOD
8800,LI9TCJAQ3Z6RSTFB,M,2008-01-09,17,Athlete
8801,LICD4962Y5E2EOOD,F,1989-07-28,36,Coach
8802,LIKJ89FNHE5Q7TAM,F,2004-08-11,21,Athlete
8803,LJ78ATA3HLQU1IZ3,M,1982-09-05,43,Athlete
8804,LJ7Q6MDKJHMNH3ZE,M,,0,Coach
8805,LJG80OG0ATNQ79AA,M,1996-10-17,29,Athlete
8806,LJH54ZHBZXK5LECN,F,1987-10-18,38,Athlete
8807,LJU2CU8KJ8V0KNMJ,F,1955-01-10,70,Athlete
8808,LJYDK7AV67Y3K53E,M,1977-09-26,48,Athlete
8809,LJYH2Z1W73N89RFO,M,1985-09-27,40,Athlete
8810,LK5MWO15LZ059LM3,M,1947-04-17,78,Athlete
8811,LKA2DIXKQTTLT1WB,M,1994-08-24,31,Athlete
8812,LKLJYMNYYH7NCLRC,M,1973-05-29,52,Coach
8813,LKP48XEYQBM48TZY,F,2001-09-01,24,Athlete
8814,LKPDA8BZ1KAE4GIS,M,1996-03-12,29,Athlete
8815,LKPPT82QSCUWFIXR,M,1997-04-02,28,Athlete
8816,LL0YWX6AJW1E3AT0,F,1962-09-08,63,Athlete
8817,LL4SRTQ6Q6ATZ9HJ,M,1982-03-22,43,Athlete
8818,LL76T8NJF68GCOM2,F,1981-01-28,44,Coach
8819,LLKVU3U75LKDWKOL,M,1999-03-29,26,Athlete
8820,LLL6NLASMRXJ36NX,F,1994-01-18,31,Athlete
8821,LLNU48YPI1A910A5,M,1994-08-29,31,Athlete
8822,LM413S5C0OH6I7WR,F,1997-05-18,28,Coach
8823,LM99CQ2Q0XHMZJRV,F,1971-11-24,53,Athlete
8824,LMBVO4B137FRIH6V,M,,0,Coach
8825,LMJZV8OXD2110UK4,F,1968-01-10,57,Athlete
8826,LML45I6KTKVS8DTU,M,1997-07-26,28,Athlete
8827,LMVVDMGAW3AQJW0R,F,1983-02-10,42,Athlete
8828,LN7G178YNH26MM40,M,1976-05-28,49,Athlete
8829,LNCAWRIYB6WKFNO1,M,1977-04-13,48,Athlete
8830,LNI8JAUWFHT26JZZ,F,1971-04-30,54,Athlete
8831,LNL052G2R6H4EV2R,F,1995-12-15,29,Unified Partner
8832,LNNOGATI41RCG1M5,M,1962-04-08,63,Athlete
8833,LNXCAHV35RAMBL50,M,1997-01-15,28,Athlete
8834,LOKG76IUEPFL7TT8,F,1985-03-23,40,Athlete
8835,LONSMFD50WZD4LDZ,M,1950-11-03,75,Athlete
8836,LOOIPSN71JSVG3C6,M,1947-08-23,78,Coach
8837,LOPSRJUIB0WZVFBR,M,1993-01-31,32,Athlete
8838,LP335SCE3TJQBQN0,F,1996-03-03,29,Athlete
8839,LP8Y7NPPL85Q9UHB,M,1996-09-20,29,Athlete
8840,LP9J3K7P1SOAIAOD,M,2001-11-18,23,Athlete
8841,LPEP6M542CWLZ69Y,M,1985-12-17,39,Athlete
8842,LPM22KAAP5JFXCDV,M,1964-04-10,61,Coach
8843,LPSB6C9TTE1S8Z4F,M,1974-12-13,50,Athlete
8844,LPWZHE75OA7A9YKA,M,1963-10-22,62,Athlete
8845,LQ66LMJLY55HCTDC,M,2002-10-22,23,Athlete
8846,LQ8GDEDO5VXR80ID,M,1990-01-01,35,Athlete
8847,LQFEUD18PYDNDAFB,F,1994-09-19,31,Athlete
8848,LQG28FVQX5RMCVL3,M,2000-03-07,25,Coach
8849,LQL27J0YRLYPIJP9,F,2000-03-05,25,Coach
8850,LQTZ5OHLQNDWFE9U,M,1998-04-29,27,Athlete
8851,LREM05EZI0RTNC2U,M,1981-07-21,44,Athlete
8852,LRJU05BEJ9B8P4EV,M,1989-04-06,36,Athlete
8853,LRXVQVQ0D7V8J4M3,F,1974-12-07,50,Athlete
8854,LS55Z3GEH938AOCE,F,1996-01-21,29,Athlete
8855,LSHWFU9POTULX0OD,M,1994-02-28,31,Athlete
8856,LSK3HTSZSGDZRGKW,F,2001-01-25,24,Athlete
8857,LSVNGBEDK86E05IE,M,1960-12-14,64,Athlete
8858,LSYJ3SAMFZJD4LOH,F,1967-06-06,58,Athlete
8859,LT7B497BR8VXSBX6,M,,0,Coach
8860,LT7CJMIVKHF5E6EU,M,1989-01-31,36,Athlete
8861,LTM6MUX0LHUUCF5T,M,,0,Coach
8862,LTXSXL4ZRLL9YUUH,M,1977-01-24,48,Athlete
8863,LU663QISS0518KPX,M,2004-02-20,21,Athlete
8864,LUL8F53C8C703WS7,M,1978-05-13,47,Athlete
8865,LUOLUG3QDG54O565,F,2004-09-25,21,Athlete
8866,LUP0BZ6MAYT1LL6S,M,1957-08-26,68,Athlete
8867,LUZ8O1DWI82C91SE,F,1977-02-03,48,Athlete
8868,LV7ZICBZGVVLHZIG,M,1993-02-21,32,Athlete
8869,LVA2MI0K1G3JI9Z7,M,2004-10-05,21,Athlete
8870,LVPK5VZ5WLY0VV4U,M,1999-10-18,26,Athlete
8871,LVRKCOHJOUHPKXZS,M,1965-09-08,60,Athlete
8872,LVSD9GWK0SP1OF2V,M,2004-07-22,21,Athlete
8873,LVV9FM5IFKI7QEIJ,F,1982-02-08,43,Athlete
8874,LW01BAWGDCZ3R6D1,M,1955-09-04,70,Coach
8875,LWN8TOIWED1WJA7X,F,2011-09-16,14,Athlete
8876,LWPSW1QVCJHGLH04,M,2008-02-26,17,Athlete
8877,LWVWIJRPTTMKNE3W,F,1996-10-25,29,Coach
8878,LWYMXAVND8Q9T3MH,F,1953-09-19,72,Athlete
8879,LX18YVJ64R5DCLNY,M,1950-08-10,75,Athlete
8880,LXC65IZSG9E5LTZE,M,,0,Coach
8881,LXJ92DWUI6LQXZYB,F,1999-12-15,25,Athlete
8882,LYDXTEJ0QZPC7N39,M,1963-08-06,62,Athlete
8883,LYL3L15VEPMDMXHF,M,1976-03-03,49,Athlete
8884,LYMUX33L3A4LYPFV,M,1985-01-21,40,Athlete
8885,LYP1EQLME1BKJ7O0,F,1992-11-08,33,Athlete
8886,LYQJJ7NVTW76POFL,F,1989-03-20,36,Unified Partner
8887,LYYIJZGCJALBCKAK,F,1954-05-27,71,Coach
8888,LYZKUYK5JNWS0WRE,F,1961-04-25,64,Athlete
8889,LZ2CYXX2YS9XVD4K,M,2000-04-18,25,Athlete
8890,LZ5N9SZC36JXUPFJ,F,1974-07-11,51,Athlete
8891,LZ8LXQF2F40YTFO8,M,1998-06-05,27,Athlete
8892,LZENZ3V0JDKWCSJI,F,1954-04-12,71,Athlete
8893,LZPZRMM5RVBRJ88P,F,1959-11-17,65,Athlete
8894,LZY6T83ZHW5SPHOG,M,2012-08-01,13,Athlete
8895,M03FJW352ZMUI70D,M,1966-05-26,59,Athlete
8896,M0ERJSC5FOJA99KP,M,1999-03-18,26,Athlete
8897,M0JN6STP3N1DWS2C,M,2004-04-01,21,Athlete
8898,M0VFS4VW8T680UQV,F,2004-03-26,21,Athlete
8899,M0XL1J11KK7HUH9L,F,1959-09-22,66,Coach
8900,M11ZOFC4GM3C0F8C,F,1997-03-13,28,Coach
8901,M19FOCEAIACHL8K4,F,1993-08-30,32,Athlete
8902,M1PAZ0LWYY34IWXX,F,2000-06-13,25,Coach
8903,M20MH4DGQ5XAHASJ,F,1971-07-11,54,Athlete
8904,M20S7AD03VX0VXGW,M,1962-06-11,63,Athlete
8905,M29LC7TV28U82M8V,M,1985-03-11,40,Athlete
8906,M2H8QB0RB8ZJDTAT,F,1986-12-13,38,Athlete
8907,M2Q11ORD2LESTN7E,M,1984-11-22,40,Athlete
8908,M2QL1WMNWNG0JT6U,F,2008-04-27,17,Athlete
8909,M3A5XX4LT2WRIZ6A,M,1996-08-30,29,Athlete
8910,M3K5JKH6QG9MDIQ6,M,1995-03-10,30,Athlete
8911,M3M28J459LIINZSK,M,1997-12-19,27,Athlete
8912,M3OWARCAYRL1LII3,M,1999-02-19,26,Athlete
8913,M3S5GU5DWWADU1CN,M,1962-12-31,62,Coach
8914,M3SZ0LQA3ZGB3GX8,M,1988-02-15,37,Athlete
8915,M3Z2GNHV80Z7KQXS,M,1993-06-01,32,Athlete
8916,M42YIARICGAES0EW,M,1960-01-13,65,Athlete
8917,M46E3HJZAM6MASU0,M,1992-11-11,32,Athlete
8918,M47MIO764DZ1CWGJ,F,1987-02-10,38,Athlete
8919,M487YZD8G60XATI0,M,,0,Coach
8920,M48L524F0DDTVCO2,F,1963-09-30,62,Athlete
8921,M4K0DDFSNW6UZC8L,M,1970-01-21,55,Athlete
8922,M50AH7ZMHE5SCAZH,M,1985-10-08,40,Coach
8923,M5AS968M0BF7UANG,M,1965-10-06,60,Athlete
8924,M5CU8GWHIEH45MMF,M,1974-11-23,50,Athlete
8925,M5S6W1N0S96ZRCX5,M,1987-01-27,38,Unified Partner
8926,M5U1CFM2JEXX560S,F,1993-02-14,32,Athlete
8927,M5VOXBHMWJZOZ3OQ,F,,0,Coach
8928,M5ZQAJP2Y7WWNYRD,F,2001-01-21,24,Coach
8929,M62CWY9V71JP894Q,F,1974-12-20,50,Athlete
8930,M655BA77GNQ3TQVT,M,1976-01-20,49,Athlete
8931,M69F79OZFAIURF47,F,1958-02-06,67,Athlete
8932,M6DB6NWIWE37HWXC,F,,0,Unified Partner
8933,M6OGVM3LKUWMAAUO,M,2005-12-23,19,Athlete
8934,M6S2PV42SJBKAA6Z,F,1956-04-24,69,Athlete
8935,M6SAXMQYUC1SLYO1,F,1956-02-21,69,Coach
8936,M6XEGZ727JJZ944Z,F,1965-08-29,60,Athlete
8937,M6XVNJWVK6E54LJ2,M,2004-06-28,21,Athlete
8938,M6ZQJ2JQ6WVMUPDE,M,1983-04-19,42,Athlete
8939,M727BDMEGJL7IHX2,M,1958-10-12,67,Athlete
8940,M78B4M8ESR0ARBCV,F,1997-10-29,28,Coach
8941,M79MGEPHLOW486PL,M,1981-12-28,43,Athlete
8942,M7BEK13D7P06C4J9,M,1995-05-05,30,Athlete
8943,M7DDNPZHQDRY4U20,F,1991-06-30,34,Athlete
8944,M7M22LJ4QQ26UX1X,M,2003-03-19,22,Athlete
8945,M7TZ32NLK9N018OX,M,1961-10-18,64,Athlete
8946,M86DFBJSENOC4HBP,F,1951-05-19,74,Athlete
8947,M874LDSPG74ZXJQ0,M,1964-01-18,61,Athlete
8948,M8NF68M6OQIIF75N,M,2007-03-12,18,Athlete
8949,M8VVZD0PEAS38X2E,M,1953-03-19,72,Athlete
8950,M9E184G6C4BIJCWR,M,1996-05-14,29,Athlete
8951,M9HK5Y71HZ1D1XX6,M,1999-07-24,26,Athlete
8952,M9ILTMZ46VMYYATW,M,1961-07-31,64,Athlete
8953,M9L62XF2JJRAY1V7,M,1962-01-27,63,Athlete
8954,M9MWD6V91F6DLQEM,M,1963-02-08,62,Athlete
8955,M9WNBFUV3P3QMRC5,M,2001-08-01,24,Athlete
8956,MA62NDT3US2V3SGH,F,1965-09-12,60,Athlete
8957,MA80WFZN3JMY25GZ,F,2001-11-03,24,Athlete
8958,MAB5MUUQEMY2UJ6U,M,1990-07-17,35,Athlete
8959,MAPN3L4L33IJTYSM,M,2012-03-16,13,Athlete
8960,MAZ5NE7QCJBJ6ATI,M,1993-12-15,31,Athlete
8961,MB5ARXPW05VFL192,M,1992-05-19,33,Athlete
8962,MBIEQMQ3OEHLESBU,F,1998-10-02,27,Athlete
8963,MBJDPJMYDIIXXYX3,F,1961-07-27,64,Athlete
8964,MC6UV41P3VN2E19Y,M,1990-12-08,34,Athlete
8965,MCL5D0MHPHVX3DF5,M,1979-02-03,46,Athlete
8966,MCV3B9HYXMVINMEA,F,1990-07-15,35,Athlete
8967,MDCO8JIJNH5IQUKL,M,1971-05-01,54,Athlete
8968,MDHOD37864KSFE3C,M,2007-03-19,18,Athlete
8969,MDKK8SFRKAANCYYL,M,1998-06-29,27,Athlete
8970,ME138V1DV3ZSGEN2,F,1964-12-14,60,Athlete
8971,ME7KHYJYXW9233K2,M,1992-05-13,33,Unified Partner
8972,MELLR9BJ5K6P55E4,M,1968-08-09,57,Athlete
8973,MELORRCR0FBPT8IP,F,1981-08-26,44,Athlete
8974,MF1ILM7X4B0BAQ8P,M,1983-07-18,42,Athlete
8975,MF2L9IUNKRA5PU46,F,1979-12-26,45,Coach
8976,MF3XCI60ZK6J1EWF,F,1998-09-02,27,Athlete
8977,MF4TQ17XJKNQDUTW,M,1972-05-14,53,Athlete
8978,MF4VV5IOL48CYK9D,M,1961-09-17,64,Athlete
8979,MFWWWP32NWRDZ969,M,1999-11-03,26,Athlete
8980,MG4TNVMNWIZ70SLL,M,1953-01-03,72,Athlete
8981,MG6GV6P072FCBHQ5,F,1945-06-22,80,Athlete
8982,MGETSHELVZ38X16Q,M,1984-07-26,41,Athlete
8983,MGICAMD21UTC66XU,F,1978-02-07,47,Athlete
8984,MGLGAXNARYRJXVAF,M,1990-01-16,35,Athlete
8985,MGM6AY8PUVR73RD8,M,1975-06-13,50,Athlete
8986,MGO876A7IX5AORH8,M,2007-05-01,18,Athlete
8987,MGTJIQZU2E1D9IZZ,M,2006-12-28,18,Athlete
8988,MGUT6C1LRXSZTIFI,M,1970-01-31,55,Athlete
8989,MH16EDZ3TDU60O50,F,1992-07-24,33,Athlete
8990,MH2C8JDG84RUX0TC,F,1947-03-12,78,Athlete
8991,MHB66U5JYVXQ0M3M,F,1953-02-26,72,Coach
8992,MHGEF5PKNEU2JSC0,M,1973-01-26,52,Coach
8993,MHQAQU3RI146NZU1,M,1961-11-14,63,Athlete
8994,MIKTPG61YCMHJXMA,M,2004-10-17,21,Athlete
8995,MIRUM7HZMZV8P9IV,M,1989-03-21,36,Coach
8996,MJ0LPCJ4I4GUBRAI,M,2000-04-27,25,Athlete
8997,MJ6NB22XX8FT2DEM,M,1945-09-14,80,Athlete
8998,MJIAOJVK8GVIYKVG,M,2003-12-23,21,Coach
8999,MJWLY4XIKM47TSTS,M,1998-02-09,27,Athlete
9000,MJYIY9E548MU0I5R,M,1993-03-08,32,Athlete
9001,MJYRLOMER98DVUJS,F,1993-04-07,32,Coach
9002,MK5BCAOSI5B921R4,M,1998-09-17,27,Athlete
9003,MKEZ0V9PCL2LVSYJ,M,1977-06-13,48,Athlete
9004,MKH2K7G1M582XIO0,M,1999-01-29,26,Athlete
9005,MKIK2J7ZBD1WVXWS,F,1996-03-22,29,Athlete
9006,MKJAGRW1I6LSIXJQ,M,1993-05-06,32,Coach
9007,MKMO6FHUIIPSMTB2,M,1989-12-28,35,Athlete
9008,MKOPQO1B3GXLFXMS,M,,0,Athlete
9009,MKT9CWBPIZHWZGOO,M,1989-06-24,36,Athlete
9010,MKTC1P0W34UIW8ZQ,F,1961-02-24,64,Athlete
9011,ML26CM7AOHYZSUWG,M,1992-03-10,33,Athlete
9012,ML84OUSS98PB8WNT,M,2000-01-24,25,Athlete
9013,MLEZ1ZSFRB25UD5J,M,1977-10-22,48,Athlete
9014,MLLML6PCKGXZAX3A,F,1965-05-31,60,Athlete
9015,MLOUYWMNGVQ6WUP6,M,1990-05-18,35,Athlete
9016,MLOW0D11W7ZA5WUH,F,1995-09-18,30,Athlete
9017,MLS14H7VEW3T5NB2,F,1997-02-18,28,Athlete
9018,MM13S90NXINRYN6U,M,1967-12-23,57,Athlete
9019,MM3R2O9CRJCPUUPB,M,,0,Coach
9020,MM5R1GV4TTNF9YO9,M,1972-02-06,53,Athlete
9021,MMJGPEZLUBEN3OPL,M,1941-06-22,84,Athlete
9022,MMQK3JELMJ09CHLN,M,1986-06-18,39,Athlete
9023,MMSMX8HYX1C76LV6,M,1990-04-06,35,Athlete
9024,MMX0KPGV0N5DCBH1,M,2003-11-28,21,Athlete
9025,MMYMKJCZAQ05AWUS,F,1975-02-03,50,Athlete
9026,MMZVEX7KFY5AD82X,M,1969-08-14,56,Coach
9027,MN149ZRYDKC7DNZR,F,2007-06-16,18,Athlete
9028,MNG4E8VWM1TZRL5L,M,1990-03-14,35,Athlete
9029,MNJK2D0QUNU87IDG,F,,0,Athlete
9030,MO2TKY4YUJ6CQ4W0,M,1966-08-02,59,Athlete
9031,MO8F52R0FN3HN6OX,M,1997-11-29,27,Athlete
9032,MOJ1HEI913HL78ZJ,F,1992-04-10,33,Athlete
9033,MOLBXP6PFBGMW0XX,F,1992-06-17,33,Coach
9034,MP2OIYVK0R4FN5WX,M,,0,Unified Partner
9035,MP313BQ3W3HJ8JHT,M,1944-11-28,80,Athlete
9036,MP7O7G0KIS1JVR50,M,2001-04-13,24,Athlete
9037,MPNOFN8J8U5J5FFR,M,1988-07-05,37,Coach
9038,MPUCKADIANX8R468,M,2001-01-01,24,Athlete
9039,MPWNNIZD4UC3U9U0,M,1973-09-17,52,Athlete
9040,MPY7VR0J6CNM268I,F,,0,Coach
9041,MQ4W0IENBTNV9ZCU,F,,0,Athlete
9042,MQ58ZTGZ0OSBLPIO,F,2002-03-24,23,Athlete
9043,MQATZT40D9LI9OKZ,M,1997-06-11,28,Athlete
9044,MQCS8TB70HRM8ZQT,M,,0,Athlete
9045,MQIK76XFU2914IAV,F,2008-04-21,17,Athlete
9046,MQIXTYUKZI7MU0VH,M,,0,Unified Partner
9047,MQNA53IJ30ZKPXKO,F,1993-11-12,31,Coach
9048,MR2EUN1CYIF0XJFT,F,1963-02-02,62,Athlete
9049,MR3IVA0XLH1K9784,M,2001-01-08,24,Athlete
9050,MR4IM3CPDH82KBTO,F,1998-07-30,27,Athlete
9051,MRDKW2X1D8LHDTBV,F,1988-09-30,37,Athlete
9052,MRFY9ETNDCT4M8HI,M,1960-09-03,65,Athlete
9053,MRMN9DIAWKAOAZPD,M,2002-08-21,23,Athlete
9054,MRU6PXZ2PGS90URH,F,1967-03-28,58,Athlete
9055,MS7VDFXYCYDGU0GC,F,1992-11-21,32,Athlete
9056,MSM6AHP4A1XZKK76,F,1998-07-17,27,Athlete
9057,MT6ZC5623GXT7VY9,M,1995-08-24,30,Athlete
9058,MTJDNOVVYD6QEE1A,M,1985-06-03,40,Athlete
9059,MTLWFSJQX0CIQXS8,F,1994-08-04,31,Coach
9060,MTM6RQFZ1VWF2CS0,F,1982-03-22,43,Athlete
9061,MTMQH602D6GIQ6NW,F,1991-09-25,34,Athlete
9062,MU4FBEVNBRJF7W1M,F,1963-04-20,62,Athlete
9063,MU7GG1KY847ROAS4,M,1970-06-02,55,Unified Partner
9064,MUBPCCGWNXEUAJ06,F,,0,Unified Partner
9065,MUES85RTLS3OLZGH,F,1965-09-19,60,Athlete
9066,MUHUGOMZH80D51CB,F,1997-10-20,28,Athlete
9067,MUI8A0KU66FCYC6I,M,1971-10-22,54,Unified Partner
9068,MUK9ORWJPM5V3R53,F,1985-01-08,40,Athlete
9069,MUTOMU4430AW9CUY,F,1990-01-01,35,Athlete
9070,MUTZ018CTRIVB9T6,F,1997-01-18,28,Coach
9071,MUUJFB7FM85BMNB6,M,1969-03-26,56,Coach
9072,MV5L5S86O9TLRJTU,M,1977-05-06,48,Athlete
9073,MV7AADBW85M414AR,M,1962-03-20,63,Athlete
9074,MVGKIPX75QTC0B6I,F,1999-02-17,26,Athlete
9075,MVK94S80J1W79ZN3,F,,0,Unified Partner
9076,MVNZ6624TCNVMS2Z,M,2006-06-11,19,Athlete
9077,MW5W94LR8YDWWUEU,M,1972-12-12,52,Athlete
9078,MWFNQKI3Z4N7C0DG,F,,0,Coach
9079,MWLCLQZ6JL2V8Q10,F,1961-04-22,64,Coach
9080,MWP3LTW9C30G78RQ,F,1971-03-05,54,Athlete
9081,MX1K68TCBHIB0Y54,M,1998-05-18,27,Athlete
9082,MX3UIIR83953CFT6,F,1999-05-07,26,Athlete
9083,MXPCCKWZK88JK629,M,2004-05-13,21,Coach
9084,MXSTIZZ7U13XBCIC,M,1987-02-06,38,Athlete
9085,MXWLMDOLO9DFGXV0,M,1984-12-18,40,Athlete
9086,MXX4EVU0FCKEKCED,F,1983-12-28,41,Athlete
9087,MY1ZKOTUHQY6AURF,F,1979-09-06,46,Athlete
9088,MY5WKSU6E7864K4N,M,1985-03-20,40,Athlete
9089,MY8R7A0W1IMTZ30C,F,1951-05-12,74,Athlete
9090,MYA0TPVAPIL9XC52,F,1991-10-05,34,Athlete
9091,MYK4CG27GWV7W77L,F,1981-04-04,44,Coach
9092,MYQDPW5MH1ROK8MN,M,1963-03-22,62,Athlete
9093,MYVD8ONCUQ8DCQQ2,M,1958-08-30,67,Athlete
9094,MZ5LK04TA0R5ZM6H,F,2006-06-20,19,Athlete
9095,MZ6H2HEAA6T00FY5,M,1991-02-17,34,Coach
9096,MZGGLR7FS1HCCZ19,M,1978-11-29,46,Athlete
9097,MZHWU49NRL54VEW7,F,1997-01-01,28,Athlete
9098,MZVJPPBB0A30QWN8,M,1959-02-15,66,Athlete
9099,MZVN4ZU77ZIC775L,M,1993-10-06,32,Athlete
9100,N01V3EUNYNV8AG2I,F,2004-09-10,21,Athlete
9101,N040GOOBHL94O5P7,M,2008-04-11,17,Athlete
9102,N08Z9M76MUYPQYNW,F,2005-07-09,20,Athlete
9103,N0B36P2O7GY0FCQW,F,1973-03-26,52,Athlete
9104,N0K03KOBJ5LF0KFP,F,2006-05-30,19,Athlete
9105,N0PU02XTRBCF0BZL,F,2003-04-10,22,Athlete
9106,N0UTIKG7G3QLGM7Z,F,1966-03-02,59,Coach
9107,N16A1OSLTZ4QYANN,M,1991-10-30,34,Coach
9108,N19PCVHOMY8PGYCM,F,1964-09-04,61,Athlete
9109,N1BF8XH21XM4WPO6,M,1993-05-23,32,Coach
9110,N1CT0RPU90MZHRJ6,M,1970-10-21,55,Coach
9111,N1W92XSQTOJT8360,F,1995-07-12,30,Athlete
9112,N1XKJOVJVA6MCJQ2,F,1959-12-27,65,Athlete
9113,N23ILOTTL7WZ7009,F,1957-10-03,68,Athlete
9114,N26WC6CO1PQDKXE5,M,1969-03-07,56,Athlete
9115,N2FJMZCGFPYH96HB,M,2003-09-12,22,Athlete
9116,N2H2BS6VUN9C0UZL,F,1995-11-24,29,Athlete
9117,N2PSVG5LVYMWN1TE,F,2005-01-27,20,Coach
9118,N2XW2WSLLR97HIEN,F,1982-08-20,43,Coach
9119,N35HAM3L7JO13TS2,F,,0,Coach
9120,N37JFO77D05SVRF2,M,1965-09-24,60,Athlete
9121,N37K7KTHKNWKBGYK,M,1966-07-21,59,Athlete
9122,N3X0QNHC8MB53MZC,F,2005-02-07,20,Athlete
9123,N3YLWQNY0HWKCD90,M,1952-11-29,72,Coach
9124,N3YQSO9EOBQ6AVPS,M,1991-05-04,34,Coach
9125,N47LXNGT2OQHIVAJ,M,1975-04-27,50,Athlete
9126,N48WA2TVCGG0XK34,F,1983-07-25,42,Athlete
9127,N4EWMR3Z8UFJIS33,F,1987-01-07,38,Athlete
9128,N4KDRHXQPHCXIXNV,F,1997-05-11,28,Athlete
9129,N4PEUW2QUPBI7WTK,M,1982-03-15,43,Athlete
9130,N4SH5B1WQ24VI5Z0,M,1977-01-09,48,Athlete
9131,N4VHT8ZGKIXEC8CI,M,1961-11-30,63,Athlete
9132,N50K0FX7GNYW4JE6,F,1980-07-18,45,Athlete
9133,N521Z16JUIJGA9AH,F,1965-03-12,60,Athlete
9134,N532OWBLVV2G3X3F,M,1999-02-10,26,Athlete
9135,N59R3L2EIB8S3CUT,F,,0,Coach
9136,N5D3MYG9PLUJZ3GN,M,1984-10-22,41,Coach
9137,N5IURKK4HK1ZISAB,M,1966-04-10,59,Athlete
9138,N5LV4KSBJ4WWIRVW,M,1971-02-12,54,Athlete
9139,N5S28UMD66TA333R,F,2008-12-25,16,Athlete
9140,N5TTUW3VS8R9N194,F,1990-02-07,35,Athlete
9141,N6D0VL0RKM4PO4BB,F,1995-01-11,30,Coach
9142,N6OZ9IICQB69ULBP,F,1974-12-10,50,Athlete
9143,N6Z9Q5D01QARGIC7,M,1966-10-10,59,Coach
9144,N6ZX6IUC7TQMSZNJ,F,1968-06-28,57,Athlete
9145,N73RTVZRTLG3USN7,M,1964-09-19,61,Athlete
9146,N774MIXEVL0MS6J5,M,1978-06-26,47,Coach
9147,N7DDVP26XC0SZO0K,F,1962-07-29,63,Athlete
9148,N7E65F694J0QKC8U,M,1987-02-24,38,Athlete
9149,N7K8VJQ9R2LAV6Z7,F,1961-06-27,64,Coach
9150,N7OAQ9Q2MOHDVN0T,M,1994-08-20,31,Athlete
9151,N7T5NX3AZ149UKIW,M,1992-09-28,33,Athlete
9152,N7UPP310RBETKMHB,M,1997-09-30,28,Athlete
9153,N7WN188BSJLYCAL3,F,1950-07-22,75,Athlete
9154,N7X3F36ZHIZEOK97,F,1991-01-04,34,Athlete
9155,N82JDDNAKC1OCP02,M,1988-06-27,37,Athlete
9156,N85SI27HW3TIRT2Q,M,1993-01-12,32,Athlete
9157,N899E8C9Q8203B2R,M,1981-02-24,44,Athlete
9158,N8KX1IE9QA8FRJGG,F,1970-03-03,55,Athlete
9159,N8MEE3Q3ZG4FQ6WW,M,2010-11-30,14,Athlete
9160,N8S68MXOSXKKTDQF,M,1976-08-08,49,Athlete
9161,N95BELA6UCQ16Q5K,M,2002-06-26,23,Athlete
9162,N99W9E9F1JD56OYF,F,2003-12-13,21,Athlete
9163,N9DGQVFJXGAT6016,M,2000-06-13,25,Athlete
9164,N9YV1MYS5MB09N4D,M,1986-11-24,38,Athlete
9165,N9Z7I4OFXMM6IV85,F,1989-04-09,36,Athlete
9166,NA0C2RDDYY5BDVYT,M,1996-12-07,28,Unified Partner
9167,NA3H9EI3O1UQSHBA,M,1957-11-17,67,Athlete
9168,NA482F2AH11J89G7,F,1997-06-24,28,Athlete
9169,NA9BVG0KU3KFTHX6,F,1971-01-31,54,Coach
9170,NABYK0RXQDG36AJL,F,1978-12-10,46,Coach
9171,NACJKPVJI88DLHV8,F,1982-06-08,43,Athlete
9172,NAIKTR6271LMDON3,F,1997-07-29,28,Unified Partner
9173,NAMENRRSNR8GYUH6,M,1976-01-12,49,Athlete
9174,NASVCOH40LMNN9YP,M,2004-10-14,21,Athlete
9175,NB1KRRC1J0TDVSQO,M,1968-10-10,57,Athlete
9176,NB4KI52BVQHLILNZ,F,1965-09-18,60,Athlete
9177,NBMDSPQUXCBL2OVW,M,1983-11-10,42,Athlete
9178,NC0HS6QK7GQXM3YT,F,1983-07-29,42,Athlete
9179,NCGJBE1QZDTYMJN0,M,1995-03-14,30,Athlete
9180,NCIREZ9GE7RQZOTJ,M,2003-01-16,22,Athlete
9181,NCM7IF3ZITFAAEH8,M,2010-08-13,15,Athlete
9182,NCPQCS2DO8HQ0KPU,M,1971-11-10,54,Athlete
9183,NCVUIJ54STZ8O9J5,M,1955-06-03,70,Coach
9184,NCZBVLLQBCN9WKEJ,M,2011-09-14,14,Athlete
9185,ND2JKJA1DUOA0X8T,F,2000-02-19,25,Coach
9186,NDBJATWC7AI11E9N,M,1994-10-14,31,Athlete
9187,NDEVDJRTT6W0OFF2,M,1991-03-03,34,Athlete
9188,NDGVT7GEFIAD5SY5,F,1988-02-16,37,Athlete
9189,NDK2W2S128SX3MNB,M,1982-12-01,42,Athlete
9190,NDLIX09QKNN69QL3,M,1973-01-01,52,Athlete
9191,NDW87TAJ0XEQYNFK,M,1945-03-27,80,Athlete
9192,NE6DCV8Z32536HN9,F,2003-09-30,22,Athlete
9193,NENLUIIRAQ1VKTM4,F,2002-09-23,23,Athlete
9194,NFC390SF6HBHCMZS,M,2000-04-14,25,Athlete
9195,NFVH6LUM5XEA7HFJ,M,2001-03-16,24,Athlete
9196,NFW2CWFR1AFFIGOC,M,1963-03-07,62,Unified Partner
9197,NFXZ5IGL1YROSNZC,F,1982-01-08,43,Athlete
9198,NGC98F9Z9QJ2IJMN,F,1973-10-27,52,Athlete
9199,NGKLEEWGA67MTY49,F,,0,Unified Partner
9200,NGOKJ2SLFRJJ1QU3,F,1985-03-28,40,Athlete
9201,NGPF2YXPPPFUFOX1,M,1970-06-09,55,Coach
9202,NGUACG7UOSAZMCTK,M,1992-11-30,32,Athlete
9203,NGUP6S3FSCG60BQV,M,1988-11-15,36,Athlete
9204,NH1UB06KXXGYKJ76,M,2004-07-08,21,Athlete
9205,NH28573J67X7LJ6S,M,2010-05-31,15,Athlete
9206,NH3T0O9Z2I8IL7VJ,M,1965-05-25,60,Athlete
9207,NHAIOD5IGGCLT1NF,M,1970-05-19,55,Athlete
9208,NHLIWYB7PZS7GLPY,F,2003-02-06,22,Athlete
9209,NHOLEZWSK2ALEWY6,M,1999-04-14,26,Athlete
9210,NHOOPTOLY1KOEQX2,M,1966-09-12,59,Athlete
9211,NHPN9TH6EJZBURHK,F,1900-01-02,12,Unified Partner
9212,NHTEXNNXEKNRX5AL,M,1970-03-28,55,Athlete
9213,NI4C4SQR5VZMV3HV,M,1991-11-19,33,Athlete
9214,NI5PHZCFTOTVY03T,M,1959-05-17,66,Athlete
9215,NILNT8EEMVY8J7XQ,M,1999-03-25,26,Athlete
9216,NIQQHIV7E5AK04K6,F,1980-07-31,45,Athlete
9217,NIQR3EMR7E6O4ZJM,M,1976-01-10,49,Athlete
9218,NIW6D0B7EBF42GE4,M,2003-05-27,22,Athlete
9219,NJ0V2NP5RI2ZYAA9,M,1998-02-16,27,Athlete
9220,NJB1V4SVZ5KGT30V,U,1997-04-25,28,Athlete
9221,NJDJSSTH87QZC16B,M,1997-11-29,27,Athlete
9222,NJEAD9D66WGISHP4,M,1975-05-26,50,Athlete
9223,NJUVRV7670JE7G4A,M,2001-05-05,24,Athlete
9224,NKDAA76YXNJTJY4H,M,1991-04-11,34,Athlete
9225,NKFZPRH93QORD6ML,M,2002-11-01,23,Athlete
9226,NKGE4EBSYWN9PCSY,M,2004-07-04,21,Athlete
9227,NKSO1EN9NGMASGFX,F,,0,Coach
9228,NKT09S6U7VRRSUJS,F,1988-05-28,37,Athlete
9229,NKT303HSKBYUIUEB,M,1998-05-20,27,Athlete
9230,NKXQXVLAO4DQ1ZRW,M,1996-09-24,29,Athlete
9231,NLEM1PEFGGPDY52V,F,,0,Coach
9232,NLF13Q00QX17X2TT,F,1992-09-18,33,Athlete
9233,NLQA9FGHUD0BRCO0,F,1980-05-31,45,Athlete
9234,NLREM07FFUWLUXZT,F,2006-02-01,19,Athlete
9235,NLUZJGBN6QKCXIA8,M,1981-04-10,44,Athlete
9236,NLXB7YQ11VOSV0HS,M,1964-08-31,61,Athlete
9237,NM7N6Y7WYFCQJ5UC,M,1970-07-23,55,Athlete
9238,NMIOBZ6ZLP0HW9OC,F,1956-09-28,69,Athlete
9239,NMQ69YU0NLWAGY68,M,2002-02-26,23,Athlete
9240,NN8J3L81AKGUYP6X,M,1992-12-30,32,Athlete
9241,NNHDR4OMYJD88V93,M,1986-08-27,39,Athlete
9242,NNUW7QKBXC1BVCJK,F,1987-05-25,38,Athlete
9243,NNWXOMCPCQNGLIJ7,M,1988-01-02,37,Athlete
9244,NNX5IDNZ2N4WQ86F,F,1945-02-22,80,Athlete
9245,NNXQ32W61JK4CT46,M,,0,Coach
9246,NO3L4DE59RAUL37N,M,1998-08-22,27,Athlete
9247,NO9VF587ATUPOI04,F,1954-08-08,71,Athlete
9248,NOC9SGLZ3XN1WROR,M,2002-05-08,23,Athlete
9249,NOM0S18TJ2OT30G9,F,1966-06-16,59,Athlete
9250,NOMNJ9EDKW50GJJ3,M,1984-12-15,40,Athlete
9251,NOOFI654UPY3OJ46,M,1960-07-30,65,Athlete
9252,NOSIDLVPRC97X4C2,M,1992-03-25,33,Coach
9253,NPB42DSSP9HVDEGQ,U,,0,Coach
9254,NPDUG3VRLDAKADQP,F,1983-07-13,42,Athlete
9255,NPG6TU37DVB3CCDU,M,1969-12-20,55,Athlete
9256,NPLZ8830KBVONI26,F,1970-05-17,55,Athlete
9257,NQ0M50NNPT5G1U9Y,M,1982-02-04,43,Athlete
9258,NQ93H0AOBS675GCZ,M,1971-07-21,54,Athlete
9259,NQQEKYA137MMFJQF,M,1977-06-16,48,Athlete
9260,NQSRCSKWADX5LYQR,F,1997-07-24,28,Coach
9261,NQV70LN3T2VJ1TAC,F,,0,Coach
9262,NQVDC2Z4BMUMNOXG,M,1991-11-10,34,Athlete
9263,NR9B0AWEFMEXJJ4V,F,1987-03-31,38,Athlete
9264,NRBT69CD5R5I65FY,M,2004-07-14,21,Athlete
9265,NRFGO4IXBSZYIJRG,M,1982-05-07,43,Athlete
9266,NRQ5PSHLDIVI2KSJ,F,,0,Athlete
9267,NS0HZRJV5PN8ATLV,M,1995-12-06,29,Athlete
9268,NS2MHALWSA4ANGYM,F,2007-08-14,18,Athlete
9269,NSFONKBVHAY3FJF7,M,1992-08-22,33,Athlete
9270,NSKFQ681IBZNRLNX,F,1994-08-01,31,Athlete
9271,NSMITWNHEW2SM6I8,M,1967-02-18,58,Athlete
9272,NSP4J7INSLRXBA3Y,F,1999-02-18,26,Athlete
9273,NSQQ7LFG7IAEJCJX,M,1975-05-10,50,Athlete
9274,NTINEYAOEW2KQ8NT,M,,0,Unified Partner
9275,NTYYE3KAE5ICS0FK,M,1985-10-17,40,Athlete
9276,NUF5EUQM6XJPVMPI,M,1950-09-17,75,Coach
9277,NUNIZL70JMQUROKS,F,1986-08-16,39,Athlete
9278,NUO0SCW72VBWPTCS,F,1963-07-06,62,Athlete
9279,NURRDZHXSQCUE9EA,M,1994-12-27,30,Athlete
9280,NUVYQ8QUQD38CNQT,F,1995-07-25,30,Athlete
9281,NVB8FHTUHBOOYQ8V,F,1998-09-20,27,Coach
9282,NVDRVFI2NDA092IP,M,1978-05-12,47,Athlete
9283,NVIFRE6AAMINS1FR,F,1992-03-17,33,Athlete
9284,NVKCON7PFHMYRTVQ,F,,0,Unified Partner
9285,NVMB9BQGDJ6MVOOA,M,1990-07-22,35,Athlete
9286,NVWRPM3C344DZOFJ,M,1981-12-13,43,Athlete
9287,NVY7WGSX55XVL2KN,F,2007-12-18,17,Athlete
9288,NWGVYLZAZRJPN8PY,M,1976-07-24,49,Athlete
9289,NWYR9S0NRPCOYD79,M,1991-12-14,33,Athlete
9290,NXA0LH9UI4FZPFHT,M,2006-08-16,19,Athlete
9291,NXBHSFY1XVHJ2LVM,M,,0,Unified Partner
9292,NXIBC9PZ6P005XB8,M,1998-07-21,27,Athlete
9293,NXJTTXPV9VOH2387,M,2007-09-29,18,Athlete
9294,NXVPATWEWDM71XW0,M,1992-07-16,33,Coach
9295,NY0942EN0ASF6MHV,M,1959-06-07,66,Athlete
9296,NYF1SWUH6VYN51OW,M,1955-05-04,70,Athlete
9297,NZ3GOQEQFHS5Z0Y1,M,,0,Coach
9298,NZ3YUAQKDU1IJKB3,U,,0,Unified Partner
9299,NZ4Z8063PKAFWT78,M,1969-08-13,56,Athlete
9300,NZZAW3EL44PZMQR0,F,2004-09-24,21,Athlete
9301,O01M0BQZXHAFBY1X,F,1963-02-01,62,Athlete
9302,O0D9A191CYIETKL2,F,1968-03-01,57,Athlete
9303,O0KHYBSI5CXQQK9U,F,,0,Unified Partner
9304,O0UEX3JLSHI0H0WV,M,1994-04-12,31,Coach
9305,O0XC51ABVT3N1HYX,M,1991-07-08,34,Athlete
9306,O0YS4S939D7CH5YK,M,1979-12-20,45,Athlete
9307,O11BUBWH8FRVI2E6,M,2004-09-10,21,Athlete
9308,O1BPNPO53IDVTOFQ,F,1970-03-01,55,Athlete
9309,O1FYLHZQ9AFZ6V11,M,1997-09-26,28,Athlete
9310,O1JR584RKT75PUV3,F,2001-08-29,24,Athlete
9311,O1ZDMMZWUZ86R01A,M,1992-10-23,33,Athlete
9312,O20441BH80TJXMGG,M,1957-06-27,68,Athlete
9313,O227Z3Z2EXPRK4AX,M,,0,Coach
9314,O28OSFLQOCBIOLQ1,M,1953-05-22,72,Athlete
9315,O2RQROVQDOQ5AI4P,F,1994-08-18,31,Athlete
9316,O2VZTEOS04XBX69V,M,1958-01-04,67,Athlete
9317,O3295BTN4PBBNRT8,M,1993-11-16,31,Athlete
9318,O341E0OO94L1CGTR,M,1978-04-25,47,Athlete
9319,O39T3VTFN9LQT51G,M,1976-09-17,49,Athlete
9320,O3A45JISYQQ7EXZG,M,2002-03-25,23,Athlete
9321,O3CTLIFK155412OE,F,,0,Volunteer
9322,O3ER4CYJK1VSPP7S,M,2000-07-27,25,Athlete
9323,O3IGXIFUW840X73J,F,1969-08-03,56,Athlete
9324,O3NB1VG9HWLQ4KV7,F,1996-05-20,29,Coach
9325,O3Q0O06M5O3KTRXM,F,1980-01-26,45,Coach
9326,O3QHKODCTRVJ3A0N,M,1954-04-16,71,Athlete
9327,O3UVMMRDDV047B18,F,1966-10-27,59,Athlete
9328,O42VHE13CCPTBNT8,F,1991-01-08,34,Athlete
9329,O4JZFT5F4FKWXTEP,F,2009-09-25,16,Athlete
9330,O4NKZXZSDK8TUK7I,M,1983-03-13,42,Athlete
9331,O5GDEOT3V1DPSP0V,F,1999-09-29,26,Athlete
9332,O5QYPUP51BU2PMV0,M,1973-06-17,52,Athlete
9333,O5WTBA9I3ADJ4H4K,F,2000-07-28,25,Athlete
9334,O5Y57RXJXSIVRZAL,F,2002-12-19,22,Coach
9335,O5ZYGCSU3YS83IWV,M,1977-06-07,48,Athlete
9336,O63I85LI38SIQTGJ,F,2010-09-01,15,Athlete
9337,O63NXS3AHOAFF5R0,M,1979-10-21,46,Athlete
9338,O64X3OS4C8GITGSN,F,1987-08-07,38,Athlete
9339,O67GF7I7AZQX5XIL,M,1967-11-21,57,Athlete
9340,O6E9J2XQUJUZ1PZ1,M,1979-09-06,46,Athlete
9341,O6XDYOEX2PKF7RTA,M,1972-06-14,53,Athlete
9342,O73RK8WUNS01P9E1,M,1997-12-28,27,Athlete
9343,O74V4JAZ8H0T8AEN,M,1970-01-14,55,Athlete
9344,O79UY2B7EFVR8QVG,F,1975-10-14,50,Coach
9345,O7CWMZX7H7CYQEDZ,M,1974-04-09,51,Athlete
9346,O7VVISOLMKB2DGL7,M,1992-10-06,33,Athlete
9347,O7Z1X7KE83QZZKL0,F,1952-03-28,73,Athlete
9348,O81RP2UTSGT29EDC,M,1999-03-30,26,Coach
9349,O839OGSKGM8M72CK,F,1962-06-16,63,Athlete
9350,O89ISTCIHB1WCM0R,M,1979-09-11,46,Athlete
9351,O8DKALSN9FTD66GB,M,1947-04-25,78,Athlete
9352,O8IBKP3N74PB51HE,M,1964-06-01,61,Athlete
9353,O8O43U9SAYV8C11L,F,1975-12-04,49,Athlete
9354,O903U8UWGBBS9ARR,M,1973-09-06,52,Athlete
9355,O95S8XONMMS1H6VP,F,1999-05-04,26,Coach
9356,O96BAVOMZO8X8IUB,F,,0,Unified Partner
9357,O99RCUT66UU7JG63,F,1964-10-15,61,Athlete
9358,O9DLZF30MMDNU8CX,M,2003-06-20,22,Athlete
9359,O9E6GHL34KH8PN26,M,1968-07-17,57,Athlete
9360,O9IC5T1B3OHJVOLW,F,1983-09-27,42,Coach
9361,O9S5RDISIR17PY9R,M,1995-06-28,30,Athlete
9362,O9VXVP6T68SKJKD1,F,2008-09-12,17,Athlete
9363,O9X6G5T5JUEX8WV3,M,1963-09-24,62,Athlete
9364,O9ZIWWJCE9BC9Y6X,M,1962-10-01,63,Athlete
9365,OA3IR7N4Z5MGLKXS,F,1990-07-17,35,Coach
9366,OA59F868BXCZ0OVE,M,1995-07-09,30,Athlete
9367,OAHGY80TAGJJ2RTM,F,1959-11-17,65,Athlete
9368,OAN1Q08TW7PQI7PL,U,,0,Unified Partner
9369,OAPU3XZ6XYM0Y4MB,F,1972-07-29,53,Athlete
9370,OB1PIS8Q59Z2F8NA,F,1958-07-02,67,Athlete
9371,OB2X1K78T94P3MLC,M,2000-02-04,25,Athlete
9372,OBFWDAX1AU3CHRFD,M,1967-05-14,58,Athlete
9373,OBI5ACIE10FU1EWK,M,1993-10-17,32,Athlete
9374,OBMI023UWE9BISJB,M,1960-12-28,64,Athlete
9375,OBMY70HIIO97UFBL,M,1992-01-03,33,Athlete
9376,OBRJQ5159E0Q6GDQ,F,1956-04-03,69,Athlete
9377,OBU510D4P1KPY33D,F,,0,Coach
9378,OBW6SAYMEJKR2JS1,M,1971-10-24,54,Athlete
9379,OC195IVBZKNRUVQ1,F,,0,Unified Partner
9380,OCA4OL48L78JCVPN,M,1957-01-14,68,Athlete
9381,OCJORDM7CANLIRFG,F,1975-01-07,50,Athlete
9382,OCNU3YC5UHZLROY5,F,1996-08-20,29,Athlete
9383,OCS4VNMDAWBGZM38,M,2003-10-14,22,Athlete
9384,OCU9OMJSNRW00SXD,M,2011-08-06,14,Athlete
9385,ODHFSYFOONHD2A54,F,1991-05-07,34,Athlete
9386,ODIB1261DFUE8F41,F,,0,Coach
9387,ODQ42KXSXP5PXPDD,F,1989-10-27,36,Athlete
9388,ODRQFBJ4UXE1KE2Q,M,,0,Athlete
9389,OE916OK1EVIAMAEH,M,1979-03-01,46,Athlete
9390,OEEH2GBNHXJD0Z4R,M,1967-10-19,58,Athlete
9391,OEJQVHC5PJ9998FM,F,1979-10-16,46,Athlete
9392,OELO91N9Q1GF2REJ,M,,0,Athlete
9393,OEVCZSPALQKAT4ML,M,1962-11-30,62,Athlete
9394,OEYDEBXTKPPML9TO,M,1960-05-28,65,Athlete
9395,OF1FI6NS7K3GGO6T,M,2007-02-06,18,Athlete
9396,OF8M4BLFC8FBFQIU,F,2000-12-11,24,Athlete
9397,OFEYFJNK3JBPSPMQ,F,1981-11-13,43,Athlete
9398,OFGHWJD77C1K8DNH,M,1995-03-04,30,Athlete
9399,OFV44OW4OY48B0U6,M,1955-10-02,70,Coach
9400,OFYX7U1RMR72DDNF,M,1988-09-15,37,Athlete
9401,OG3CZEENKBB9RR44,M,2002-11-18,22,Athlete
9402,OG4GCX07A22LB7C5,M,2000-05-06,25,Athlete
9403,OGMKD669EMICTWWT,M,1987-12-11,37,Athlete
9404,OGMT1YVN34V7MJI5,F,1961-03-12,64,Athlete
9405,OGUGJ2ME64RFBHWO,M,1994-10-22,31,Athlete
9406,OGVBMRFWJNQBOE1Z,M,1978-04-08,47,Athlete
9407,OH04KF7J48MCS1LS,M,2004-05-31,21,Athlete
9408,OH2DR2ZHU3MXHS1J,M,1999-11-23,25,Coach
9409,OHWDA5RSHXIOLJX8,M,1966-10-01,59,Coach
9410,OHZCNY0JF3AKGHTK,M,1999-08-10,26,Athlete
9411,OI20M7O8OA1V1906,F,2007-03-04,18,Athlete
9412,OI468AKEZFKT4A82,F,2009-12-17,15,Athlete
9413,OI7XT2G09MER5VAP,F,1975-07-04,50,Athlete
9414,OIINB9848GL206QL,M,1962-12-21,62,Athlete
9415,OINWPOI28ISEG63O,M,2002-03-06,23,Athlete
9416,OJ0I1ROMEVHBKOGL,M,2006-10-01,19,Athlete
9417,OJBJ3REWI3UP6XSK,F,1998-01-08,27,Coach
9418,OJPNFG2TABNZLMLA,M,2006-07-18,19,Athlete
9419,OJQV8CKMV1CRNGTW,M,1977-01-12,48,Athlete
9420,OJTHKD4F5N7PHLN5,M,1992-10-27,33,Athlete
9421,OJZFVVIIGLDVE15H,M,1978-05-23,47,Athlete
9422,OK4N7R7UCL3BO2VM,M,2011-04-30,14,Athlete
9423,OKA7ST857NS980CB,F,1962-03-16,63,Athlete
9424,OKL2V68BX6T0S1AT,M,1978-05-15,47,Athlete
9425,OKM9BHE62HC4T1MI,M,1988-03-02,37,Athlete
9426,OKT38XGDS8Z550JD,F,2002-08-08,23,Unified Partner
9427,OL2FV4PU1JXJD8FH,M,1968-03-01,57,Athlete
9428,OL45H85ZINLZBOHA,M,1994-08-02,31,Coach
9429,OLCG996ENEKFLY2L,M,1992-10-22,33,Athlete
9430,OLW08QI9BAD4OUKI,M,2001-08-25,24,Athlete
9431,OM4SH0689GUMFMHW,F,1993-03-11,32,Athlete
9432,OMK45JYGDPKFF6UT,F,1953-12-12,71,Athlete
9433,OMKVC3W3TS0OEEA9,F,2004-03-18,21,Coach
9434,OMRYF5Z6R7YFJWMB,F,,0,Coach
9435,OMXX1HPL0JCGT1SV,F,1987-10-27,38,Athlete
9436,ON4IC8NYGDF45P29,F,,0,Coach
9437,ONAA5D62U12605EX,M,1957-01-15,68,Athlete
9438,ONAXXPKCAZRU5SWP,F,1994-07-25,31,Athlete
9439,ONLJYWOVDZVI0V9F,M,1960-05-08,65,Athlete
9440,ONVD0ODW7W8ERJ8C,F,1969-11-18,55,Athlete
9441,ONYXW0ITMC66E2OC,F,2003-02-15,22,Athlete
9442,OO2VKJ5QDDKYWNFZ,M,2001-01-03,24,Athlete
9443,OO5ZK4LQ35IV2S0V,M,1994-05-12,31,Athlete
9444,OO99WGBXD0AT7K46,M,2003-07-07,22,Athlete
9445,OOJALD8ZNDFVYOLZ,M,1987-04-23,38,Athlete
9446,OOLH3UQZB830KNN7,F,1993-05-24,32,Coach
9447,OOO7MSLZ31HQ8VMQ,F,2001-11-13,23,Athlete
9448,OORJCNJO6Y7HS5UZ,F,1970-03-12,55,Athlete
9449,OOU8PU8SHLR3UZR5,F,1965-02-18,60,Athlete
9450,OP1KXO5CMQ4Z1CSP,M,1989-12-22,35,Athlete
9451,OP84PUSZ99D7QQMC,M,1992-07-31,33,Athlete
9452,OPF0NY9KGC71U8OC,F,1968-08-21,57,Athlete
9453,OPNR85SJ7YSWH2KP,F,1989-02-16,36,Athlete
9454,OPO7BCPMF58GNS7H,M,2011-02-11,14,Athlete
9455,OPV08HMAMBFYOHHD,M,1993-03-21,32,Athlete
9456,OQ9MGSEFTISA06RM,F,1970-06-13,55,Athlete
9457,OQAPOV3OXKDZXRLR,M,1953-01-31,72,Athlete
9458,OQBKYZ9O0O6PXAFP,M,,0,Athlete
9459,OQLEPE7OONHKAE7F,M,1993-12-02,31,Athlete
9460,OQQM5XUPC88E5NEZ,M,1974-09-13,51,Unified Partner
9461,OQYETAN3JQW3AAXZ,M,1970-10-08,55,Athlete
9462,OR6D7FW825GX1U0Q,M,1983-09-10,42,Athlete
9463,OR7NT8YGDG2775TZ,M,1983-07-12,42,Athlete
9464,ORG8JOCOPMDBTH0I,M,1996-05-14,29,Athlete
9465,ORIOW0LDY41GY30L,M,1961-03-08,64,Athlete
9466,ORTG5Q41J17EJBR0,F,,0,Staff
9467,ORVFHMNA3I6DXT07,F,1957-07-25,68,Athlete
9468,OS80B7CX7HW3GS6R,F,1989-05-17,36,Coach
9469,OSBPDLAAFFXGJPQ0,M,1953-04-20,72,Athlete
9470,OSFSFZ0FEQLE0M32,F,1999-09-22,26,Coach
9471,OT01V4ZYHT7NX6NV,M,,0,Athlete
9472,OT2GP5FDRZXKCSE1,M,1970-05-11,55,Coach
9473,OTAHSKUVGORG23DK,F,1961-09-16,64,Athlete
9474,OTDCD1QMYMVNCRZN,F,1950-08-25,75,Coach
9475,OTIH43ZHOE8YH6EX,F,,0,Athlete
9476,OTRGXD83N4OBJPWP,M,1973-11-23,51,Athlete
9477,OTV36OEH4FZKIXKW,M,1957-06-01,68,Athlete
9478,OU2NAV256HVZE68Q,M,1989-11-21,35,Athlete
9479,OU7E5OQAYP0SP4XK,M,2004-01-26,21,Athlete
9480,OUGAGSVE9LSO7AID,M,2002-07-10,23,Athlete
9481,OUJKJVGPOO6OQYVV,F,1970-09-16,55,Athlete
9482,OV7YK34BY6LMULFR,M,1997-01-16,28,Coach
9483,OVDH6TTWIQ3418M8,F,1989-03-13,36,Coach
9484,OVEES4IZR1MX1YLU,M,1981-11-18,43,Athlete
9485,OVXZQRZG7R8J9OK7,M,1960-05-15,65,Athlete
9486,OW77DWJK6Y90BFFD,M,2007-04-12,18,Athlete
9487,OWF7TF7T805UI0CA,F,2001-05-19,24,Athlete
9488,OWKEMHCTNTJXVUTA,F,1993-02-13,32,Athlete
9489,OWNOB6D4TKRXD80B,M,1999-02-19,26,Athlete
9490,OWSJ800HTUE31KB2,F,1963-12-03,61,Coach
9491,OWW0DINS9E4M66A4,M,1992-12-19,32,Athlete
9492,OX0DODIQF0KTPM45,F,1988-09-30,37,Athlete
9493,OX7ZUEQK4Q312E9U,M,1990-12-20,34,Athlete
9494,OXJSG21HDAP1RRJT,F,2001-07-20,24,Coach
9495,OY0HOZJVHWK8VY6D,M,1968-03-14,57,Unified Partner
9496,OY184T1C1DYF9ZG6,F,1970-04-25,55,Coach
9497,OY6UECFYACP5F00W,F,1965-08-26,60,Athlete
9498,OY8SHH7I7DWWD73W,M,1969-09-08,56,Athlete
9499,OYFXM2LRJAAVXKCB,M,1959-06-22,66,Athlete
9500,OYVOK7QGC71N5LVN,M,1962-04-09,63,Athlete
9501,OZ3MKA376IA6JEUP,F,1992-07-22,33,Athlete
9502,OZC98QWSGHCTUK62,M,,0,Unified Partner
9503,OZEY3OKOGA3GPOCQ,F,1989-03-16,36,Athlete
9504,OZJMPR1XV39RESGB,M,1969-11-19,55,Athlete
9505,OZTZVD0VYUVXO20O,M,2001-01-12,24,Athlete
9506,P0FV8KHCIIQWB4FX,M,1960-11-13,64,Athlete
9507,P0JLGAGLPEJ0UMFK,M,1948-10-03,77,Athlete
9508,P0N27L42N9X4766C,M,1980-02-27,45,Athlete
9509,P0X9NMS4W29G00F4,M,1964-07-04,61,Athlete
9510,P0YMJDPN2FBPEGEA,F,1998-02-26,27,Athlete
9511,P14H5DUA0ELBBK53,M,1998-03-23,27,Unified Partner
9512,P17DSML65HUURPJ1,M,1984-11-11,40,Athlete
9513,P18UFRX11LP0ZH7H,F,1974-06-06,51,Athlete
9514,P1HG5B6LEO8XH7K4,M,2003-11-10,22,Athlete
9515,P1LOZIL31JIHNOL7,F,1990-11-30,34,Athlete
9516,P1P448YJT2YYVXML,F,,0,Coach
9517,P1QVPYQNS9O71JTO,F,1982-09-16,43,Athlete
9518,P1R5ZPAVGDUJ2GQF,F,1999-08-17,26,Athlete
9519,P1VQKKQLN4LE8UF0,F,1968-03-16,57,Coach
9520,P20Z7DVXKF0IFIJP,M,1974-10-06,51,Athlete
9521,P2J8S3C0Q85YRAFJ,F,1983-01-05,42,Athlete
9522,P2JHG38MB6JCOV21,F,1993-02-27,32,Athlete
9523,P2N7ULN0GT0WBOPD,F,1986-04-28,39,Coach
9524,P2TN8Q826OJ9VC6D,F,2001-03-08,24,Athlete
9525,P35TR3L51N6GIM2X,M,1970-08-19,55,Athlete
9526,P3ANHM47RX12R5XX,F,2005-01-07,20,Athlete
9527,P3HGN1J1Y0DMLYC6,M,2006-12-16,18,Athlete
9528,P3LSI3HZE391U3QY,M,1965-12-27,59,Athlete
9529,P3Q78XI6JZFRTJVT,M,2002-08-02,23,Athlete
9530,P407R5COWGIT4RD9,M,,0,Athlete
9531,P40E7JI3ACZ3YWHT,M,1996-10-02,29,Athlete
9532,P49KJ5N4S6MZ1S6P,F,1987-07-19,38,Coach
9533,P49Z3543RV8YDWAR,F,1964-02-03,61,Athlete
9534,P4G9OJOHFKC23ZHG,F,1963-11-06,62,Athlete
9535,P4ICGX7WA6BQ66TQ,M,1985-04-15,40,Athlete
9536,P4P1G8BPY8EVUOC0,F,1993-08-11,32,Athlete
9537,P4T9XRCPNLCURZ84,F,,0,Coach
9538,P547F44K0F8Y67CP,M,2005-09-02,20,Athlete
9539,P55RJIDAMRWVEQWC,F,1974-05-09,51,Athlete
9540,P5C3AOCG1UY2STIV,F,,0,Coach
9541,P5DW75NQNJA5O16A,M,1982-05-14,43,Athlete
9542,P6RJUWWP18U55ZN4,F,1966-03-11,59,Unified Partner
9543,P7APODQKVKC3TZQ4,M,1985-06-14,40,Athlete
9544,P7AUCTY77W82B6M2,M,1988-10-19,37,Athlete
9545,P7F5E0PN6DFPQR01,M,1980-10-22,45,Athlete
9546,P7LD1E4KA9JDQQL1,F,1978-04-04,47,Athlete
9547,P7O7NHY4TZ9UGLVI,F,1999-05-05,26,Coach
9548,P7QH474Y3QMZB11C,F,1995-10-23,30,Athlete
9549,P7WPJD5OP2024F2H,M,2003-05-02,22,Athlete
9550,P80RU7M9TQ66XYC4,M,1958-01-28,67,Athlete
9551,P83O1TBQDGFAZOYP,M,1998-11-10,27,Coach
9552,P89NHJI9I2AQ6P0Y,M,,0,Unified Partner
9553,P8A6FE1YBZDD0LKC,M,,0,Coach
9554,P8CDEBA2RUCOYNXN,M,1968-07-24,57,Coach
9555,P8D306RLFA672K6B,M,1992-02-27,33,Athlete
9556,P8PZKV1QUCLWB7S6,M,1962-05-11,63,Athlete
9557,P8Q6X7V85PF051QE,F,1999-03-25,26,Athlete
9558,P8Z3V2TYAR13R2LS,M,1964-12-31,60,Athlete
9559,P9BCFWCY7PM91LTA,F,1977-01-01,48,Athlete
9560,P9LNM25JF50CV6DA,M,1974-07-03,51,Athlete
9561,P9ZXHNKOS5F7FUWQ,M,2011-08-10,14,Athlete
9562,PA57ECEFWYIXFEFL,M,1971-04-13,54,Athlete
9563,PAR67EQ3M5YCCMEI,F,1970-07-15,55,Athlete
9564,PAVB5RCOBBJRY5ML,M,1954-05-03,71,Athlete
9565,PAYJSEG6H430FGOU,M,2006-03-24,19,Athlete
9566,PB34DZN07K3FV0NI,M,1997-11-14,27,Athlete
9567,PBCN7R8M23I26TFU,M,1942-10-15,83,Coach
9568,PBJ6XB3YFRPEDM94,M,1997-05-08,28,Coach
9569,PBMP4P154MGA41MN,M,1999-10-07,26,Athlete
9570,PC1YH2PGFFSHFMOS,M,1951-11-08,74,Athlete
9571,PC377CYI3IT757I0,M,1957-10-09,68,Athlete
9572,PC7GBSS7RFI9VU7X,M,1958-08-30,67,Athlete
9573,PCBPBDGKCQUQXNPE,F,1996-07-13,29,Athlete
9574,PCD6M6H1MH4YRTCL,F,1988-08-18,37,Athlete
9575,PCD9Z7QNVY148XF1,M,2008-01-29,17,Athlete
9576,PCNPFLLF7C7Z167L,M,1981-12-21,43,Athlete
9577,PCOFKX036AA7TIOD,M,1998-10-24,27,Athlete
9578,PCP2LO3MFQFYK3OF,F,2009-06-05,16,Athlete
9579,PCYM1STED3FZJ5U0,M,,0,Coach
9580,PDBZ8NQGY54FNJZW,M,1999-03-04,26,Athlete
9581,PDD1VCW47X8PW3FP,F,2002-10-10,23,Coach
9582,PDJKEBIALDUAAW5W,F,1995-06-22,30,Coach
9583,PDLO1V9RDKNOAWJR,M,1998-11-06,27,Athlete
9584,PDU9YIRJPIHMXNY3,F,1992-04-30,33,Athlete
9585,PE17TII3KGBCQ4FB,F,1998-03-23,27,Coach
9586,PE2UHANYW9T5LOLL,M,1950-12-18,74,Athlete
9587,PEGDNT2G3NT2I6FV,U,,0,Athlete
9588,PEPQ8F4Y7YBYQH7E,M,1974-04-01,51,Coach
9589,PEQVIONHWWC7YBZ4,M,1960-10-28,65,Coach
9590,PF39YPV7F0HNS25K,M,1992-09-03,33,Athlete
9591,PF3AA5R6N95U90PR,M,1952-06-06,73,Athlete
9592,PFBLAWLYT5EE7C1L,M,1972-07-31,53,Coach
9593,PFGVJ1N9MS7M2BWH,M,1972-02-28,53,Athlete
9594,PFN3NVN3KXY08UTG,F,1997-08-23,28,Coach
9595,PFQVMK3PCNRK69V4,F,1990-01-21,35,Athlete
9596,PFVV6ZP9TWMN636D,M,2008-06-27,17,Athlete
9597,PFW9YY449KC6LGJ8,M,1975-01-01,50,Athlete
9598,PG2OXG82D7RE0R2Z,F,1977-01-14,48,Athlete
9599,PGATR11TN9HBVV6K,M,2002-11-18,22,Athlete
9600,PGF9AT3X7H7QSG93,F,1974-09-08,51,Coach
9601,PGFG2LMLPKQSWLE2,M,1962-10-09,63,Athlete
9602,PGL5FVKWIF0LZHA8,M,1990-01-23,35,Athlete
9603,PGNIJQIVET62NBHZ,M,1993-04-02,32,Athlete
9604,PGQ5XLAJ5YUG0YQL,F,1990-06-14,35,Athlete
9605,PGT3XUHG3BE0631O,F,1959-10-03,66,Athlete
9606,PGWMCRSNFN8ULZ4D,M,1956-02-03,69,Athlete
9607,PH3S2MAQM9X9OYF4,F,1982-01-29,43,Athlete
9608,PHGGJJRPBMTTLORG,F,2003-06-27,22,Athlete
9609,PHSXPQGRR9JZUCOJ,M,1996-05-22,29,Athlete
9610,PIJCVW9K3GAY89Q1,F,,0,Coach
9611,PIM7JMMLM2CGT9S6,M,1965-03-19,60,Athlete
9612,PINGSD11XU3ISVRJ,M,1991-02-17,34,Athlete
9613,PINI0P63KJK4YH5Y,F,1963-06-03,62,Athlete
9614,PIQJ843Z4IRV1H7D,M,1975-07-25,50,Athlete
9615,PIUT5OZ35DMFIRSY,F,1946-01-15,79,Athlete
9616,PIYXLEPA6DSXTHX2,F,1976-08-10,49,Athlete
9617,PJ0I2XWK8ET6M4UW,M,1967-02-09,58,Athlete
9618,PJ42DLB3FM9XWDHS,F,,0,Coach
9619,PJ43K7O9TXFK3DUL,M,1980-02-28,45,Athlete
9620,PJ6LEFP2NDT74ONG,M,1964-01-01,61,Athlete
9621,PJL2EJVPOVZ6YTKB,M,1988-07-08,37,Athlete
9622,PK5DFQN72K4LIV9S,F,1961-12-20,63,Coach
9623,PK8L6Y3GNTOUJX10,M,1967-07-20,58,Athlete
9624,PKG5ORX3VZNKTG4H,M,1967-10-24,58,Athlete
9625,PKSBCOEC660HBFEZ,F,1966-10-03,59,Athlete
9626,PKX2KQAUCAQRP6AN,F,1993-07-20,32,Coach
9627,PKZ1XQ2N3DUD2N1D,F,1965-03-06,60,Athlete
9628,PL0DA36WG0K6436I,M,2004-12-29,20,Athlete
9629,PL3LDA4JKQHNKZG9,M,1956-01-15,69,Athlete
9630,PL46ACV0RF067VZR,M,2005-10-14,20,Athlete
9631,PL63TSB74YQLGDCJ,M,1995-02-28,30,Athlete
9632,PLBWOS130FDVX7UL,F,1961-12-24,63,Athlete
9633,PLE24CM0ANY8ARCM,F,2004-08-12,21,Athlete
9634,PLLTHCSVJF735ETK,F,1991-10-28,34,Athlete
9635,PLOKDACCHU4Z5EGK,M,1967-07-24,58,Athlete
9636,PLUTBZBLQG1O622G,M,2008-06-22,17,Athlete
9637,PM0GG3PUJVNTYSXG,M,1966-10-13,59,Athlete
9638,PM5QS62M0BM2J92T,M,1956-01-25,69,Athlete
9639,PMIFRGBYBQ8NQTUV,M,2011-05-08,14,Athlete
9640,PMX09AUZB3U9UB27,F,1996-11-18,28,Coach
9641,PMZLI7FUTO7E8N2Q,M,1968-11-01,57,Athlete
9642,PMZMWUPZNCYEU1LI,M,,0,Coach
9643,PN00OXC9OZ2MJPLR,M,1970-09-17,55,Athlete
9644,PNVF0BN0Y93PADV6,M,1985-07-17,40,Athlete
9645,POLBIZS9AGGWG5FW,F,1957-07-14,68,Athlete
9646,POW6T3SMJMIWP8K4,M,1953-05-03,72,Athlete
9647,PP0BVUJ4Z08WJFG6,M,1965-07-02,60,Athlete
9648,PPL29DMK2ES3JCY1,M,2004-03-16,21,Athlete
9649,PPOK5ER2QSBIUZ25,M,1973-06-06,52,Athlete
9650,PPW8MVHRNS64P5TW,F,1979-09-19,46,Athlete
9651,PQOD7A4LY5A3L6K9,F,2012-04-22,13,Athlete
9652,PQQNLOH6KBHKZYU9,F,2004-08-23,21,Athlete
9653,PR4G0ABNYB6ZAYE2,M,1951-09-22,74,Athlete
9654,PR858QDDN3TQXWSQ,F,1956-11-26,68,Athlete
9655,PRFUJECWO3J6ETN7,M,1961-08-15,64,Athlete
9656,PRLWCPH7XPR92PNV,M,1970-05-23,55,Athlete
9657,PRZKEX38QQ3KQ56W,F,2001-12-17,23,Athlete
9658,PS19F56UY2SNTCR5,M,2000-04-09,25,Athlete
9659,PS7SCRADILPNCS5K,M,1982-01-22,43,Athlete
9660,PSFEW0KDE5C41YUR,M,1955-05-22,70,Athlete
9661,PSI926YEPPZ0DVW9,M,1964-02-09,61,Athlete
9662,PSJJHLPHH6AL7IA8,M,1952-11-26,72,Athlete
9663,PSNSG5XP3EZLPDR6,M,1974-06-02,51,Athlete
9664,PSTN5FTXEVCRM8FG,M,1985-01-21,40,Athlete
9665,PSZ8V0GYBDFM4SPZ,M,1992-08-02,33,Athlete
9666,PTJX0GWM8OJO7D48,U,,0,Unified Partner
9667,PTLZXX7SDZVAZ4NB,F,1978-03-14,47,Coach
9668,PTM4EIB7PKN75DK6,M,1974-09-21,51,Coach
9669,PTTI9E2ZQ50B7WD2,M,1960-12-14,64,Athlete
9670,PTTMK1QHIMITI42N,M,1993-04-25,32,Athlete
9671,PUE5F9AYOQDDINLX,M,1980-05-06,45,Athlete
9672,PUEV0ATJ1SAZOZUH,M,1987-01-24,38,Athlete
9673,PUH2D7YACJB0F67K,M,2005-02-14,20,Athlete
9674,PUM3ZNOYBXYC5C8C,M,1965-06-17,60,Athlete
9675,PUQAP7Y0XD1QVYXV,F,1989-04-24,36,Athlete
9676,PUX2UYQGJE1R9ZU9,M,2002-02-12,23,Athlete
9677,PV0V7XBP0TI0NTIN,M,1985-06-22,40,Athlete
9678,PVA5CGNBT6G3O3MT,F,,0,Coach
9679,PVEH6847PPRWMOTE,M,1974-09-24,51,Athlete
9680,PVFWOH4OCPHDTF44,F,1987-11-23,37,Athlete
9681,PVGYMQRLYGSMOFE1,F,2010-02-13,15,Athlete
9682,PVVL1289T9FH9SE2,M,,0,Unified Partner
9683,PW2GTPJBJ60T4Y2U,M,1957-09-20,68,Unified Partner
9684,PW7DOCC08AY0U6Y0,M,1956-07-26,69,Athlete
9685,PWDO2U74K8ACMBBV,M,1975-02-14,50,Athlete
9686,PWON9YT1C2O35RPH,F,2010-09-23,15,Athlete
9687,PWZ3VJBDCLBCWH53,F,1968-08-06,57,Athlete
9688,PX1MECFP6DH001N0,M,2003-10-26,22,Athlete
9689,PX3FA2E3T0199X0D,M,1963-03-02,62,Athlete
9690,PXBL3APHRNVIZLRC,F,1994-08-30,31,Athlete
9691,PXE6EWUCBL67JDRS,M,1980-10-25,45,Athlete
9692,PXHY917K483PKTNI,U,,0,Unified Partner
9693,PXJPBWJB5617M13E,M,1999-07-29,26,Athlete
9694,PXKUGBT8CZNRUEOJ,M,1954-04-07,71,Athlete
9695,PXULH6OEMQWP33PU,F,,0,Coach
9696,PYBRU54ZUQDER07X,F,1990-11-08,35,Athlete
9697,PYCFSC1V6MXHLBA6,M,1986-02-05,39,Athlete
9698,PYF01TVOMH7S5OQ6,F,2008-09-12,17,Athlete
9699,PYFXNYHVL6S2QF6O,F,1995-09-22,30,Athlete
9700,PYX2WL42SLGII3UR,M,1993-09-14,32,Athlete
9701,PYY94X8JARPSJ7B6,M,1964-04-11,61,Coach
9702,PYYEBH0AVISWS3I4,F,1962-06-07,63,Coach
9703,PZ01ANT4OK7DK9WJ,M,1976-12-19,48,Coach
9704,PZ5LZ90JVSDURCYO,M,1992-10-09,33,Unified Partner
9705,PZJGNJEEAGMF4U9T,M,1991-07-07,34,Athlete
9706,PZRQII2ZPCB9M3BP,F,1972-07-24,53,Coach
9707,PZTXK2ARGY7PBVEX,F,1983-05-12,42,Athlete
9708,Q04ES8FUZJO3BFD5,M,2005-01-01,20,Athlete
9709,Q079CDJAD2NRFHU6,F,1987-11-07,38,Athlete
9710,Q0IX8EGJ5ST6T9G8,M,1985-05-10,40,Athlete
9711,Q0LD9CH6206GOV15,F,2009-09-09,16,Athlete
9712,Q0RLVRQ8TZMOG7RB,F,1969-04-13,56,Athlete
9713,Q0X90KE6HH5TGAN5,F,1991-06-17,34,Coach
9714,Q1C1QKB5SCQQRM8B,F,1984-09-10,41,Coach
9715,Q1J5B02PXW09OG0Z,M,1987-11-26,37,Athlete
9716,Q1QIOZNMCRO5JWP9,M,1996-09-18,29,Athlete
9717,Q1SFNOIR72CF3DBU,M,1961-03-06,64,Athlete
9718,Q1WD2DZVK18GRGCX,M,1998-04-19,27,Coach
9719,Q1XPSJQO8ZT35VGM,M,1996-12-24,28,Athlete
9720,Q1XYMROBZFXFVAHW,M,1973-12-03,51,Athlete
9721,Q258K80L0WXXJOL3,F,1983-08-04,42,Athlete
9722,Q25V8KTQWR3362C8,M,1976-06-04,49,Athlete
9723,Q2RA8KBXUPUG7CYX,M,1961-04-29,64,Athlete
9724,Q2THW4SA55PLYOOD,M,1978-02-08,47,Athlete
9725,Q35HZSELD3FTYTM9,F,1966-04-23,59,Athlete
9726,Q36H0P808E5J8JE6,F,1953-03-05,72,Athlete
9727,Q3ASBZPWJMIRT50A,M,1956-05-16,69,Athlete
9728,Q3H75TAYNR8YEWSJ,F,,0,Coach
9729,Q3J56WP5WHWLCZDB,M,1956-07-19,69,Athlete
9730,Q3PI9FKRDOSHNS2H,M,1980-12-02,44,Athlete
9731,Q3Y6A9ZR7DW3H5CE,M,1991-02-06,34,Athlete
9732,Q3YZNWPRE4AXWDYH,M,1974-06-10,51,Athlete
9733,Q3Z66V5NHZ6SC5BF,M,1963-09-22,62,Athlete
9734,Q40F3EN3EVLJZCCJ,F,1992-03-19,33,Athlete
9735,Q40SXZAUIPTNQNJS,M,1961-08-15,64,Athlete
9736,Q48RYX86TI1MUET1,M,1990-02-06,35,Unified Partner
9737,Q4CUMK9ACTRYFQTX,F,,0,Unified Partner
9738,Q4GDMA3EI5ACVDOA,F,2009-07-10,16,Athlete
9739,Q4HYIZTH738AU9I5,M,1960-06-24,65,Coach
9740,Q4L9FSSP7MAO7KJ3,F,2003-06-27,22,Athlete
9741,Q4LSATT63CEUFNWG,F,2004-10-04,21,Coach
9742,Q4O78ADEA1IA5SI4,M,1984-06-20,41,Athlete
9743,Q4X3DY0ZT4TMKDEE,M,1958-02-22,67,Coach
9744,Q4Y2BNLN2XHGQ3MV,M,1984-05-05,41,Athlete
9745,Q5E3H5J2HOPERTZW,F,2003-11-12,21,Athlete
9746,Q5KAA6LX1ASZKKXW,M,1963-03-12,62,Athlete
9747,Q5WD5RB1K6HK4KQ2,M,1964-11-09,61,Athlete
9748,Q5XMOF0MO6BM61IC,F,1991-05-18,34,Coach
9749,Q6A703532VSYSU2K,M,1951-01-10,74,Athlete
9750,Q6DNIESB0UARTSWK,M,,0,Coach
9751,Q786TJY5PGKMN26Q,F,2004-04-29,21,Athlete
9752,Q78DZMTDK77ZRU3D,M,,0,Unified Partner
9753,Q7BX9RHP6TPKNVDS,M,2001-07-07,24,Athlete
9754,Q7DUTRK0MEJC9FOO,M,1994-01-17,31,Athlete
9755,Q7TE3G0SGVW77ETM,F,1955-04-15,70,Athlete
9756,Q7VP3SFLVS5SP8XZ,M,1995-05-18,30,Unified Partner
9757,Q7Y6XZDEBM02RJP1,M,1998-10-24,27,Athlete
9758,Q815P05Y2X2DNMAX,M,1963-09-24,62,Athlete
9759,Q82NSS0PKUDID9GM,F,1956-11-26,68,Athlete
9760,Q87995OKAIUWN3HC,M,1961-05-03,64,Athlete
9761,Q8BWMZV35JTD2ZDK,M,2002-10-01,23,Athlete
9762,Q8YQ71NJLO3P1CM3,M,1983-12-30,41,Athlete
9763,Q9AE2JXJ5JD9SLMK,M,1968-07-05,57,Unified Partner
9764,Q9DRWZUZ0EFUXGK1,M,1961-10-14,64,Athlete
9765,Q9O2NCKGFW1C909C,M,1992-06-19,33,Coach
9766,Q9OGQGPSLLUSYGLJ,M,1976-12-28,48,Athlete
9767,Q9Q3U33MIELU2VFN,M,1969-05-21,56,Athlete
9768,Q9WSW49LAMV7IOTC,M,1993-08-11,32,Athlete
9769,QADBW4QNTW0K1581,M,1985-09-03,40,Athlete
9770,QAG86LS7P42GRS4E,F,2004-03-15,21,Athlete
9771,QAMTN7ALKB5VY7QB,M,1992-08-09,33,Athlete
9772,QAWWADYHLH2B4R9C,F,2004-12-26,20,Athlete
9773,QAXN2OF6XLEHF209,M,1962-09-22,63,Athlete
9774,QB2KTGTMVZKYZP6K,M,1991-06-02,34,Athlete
9775,QB9BS6XFBKAKF44Z,M,1979-07-05,46,Coach
9776,QB9QK37LWYXA4HTQ,F,2001-03-08,24,Athlete
9777,QBAZ7I7LNB7NWXRI,M,2003-11-04,22,Athlete
9778,QBQ841F99HGPZPRH,M,1989-12-07,35,Athlete
9779,QBQPQNE2IHN9UPOW,M,1965-06-05,60,Athlete
9780,QBXJ1Q2N3D9JJI3E,M,1973-06-28,52,Athlete
9781,QCC1I5RDR9QS2CYT,M,2005-09-15,20,Athlete
9782,QCIJC855J0RUDKLV,M,,0,Coach
9783,QCJJYLJKFXO9TMYX,M,1995-07-12,30,Athlete
9784,QCKZXB4VN6PVTFUL,F,1990-11-09,35,Athlete
9785,QCLOC4WVLAX7W0FZ,M,1991-09-13,34,Athlete
9786,QCS8OMQ23I3FI3I7,F,1961-08-24,64,Athlete
9787,QCSJS4ZL94Y4I4UR,F,1965-06-25,60,Athlete
9788,QCUHD61QXT50XQY7,F,1989-12-27,35,Athlete
9789,QD3HJPCFUCD0X59F,M,1991-10-13,34,Athlete
9790,QD4PUM1RDFROSDN6,F,2001-04-25,24,Athlete
9791,QD4YVZ5DSFP8FBF3,F,1982-12-22,42,Athlete
9792,QDBMNV252OWQJGMZ,F,1993-07-09,32,Coach
9793,QDD9TSNAEVU1FKIF,F,1960-06-28,65,Athlete
9794,QDK5XIL9ROKXD0BJ,M,1994-10-17,31,Coach
9795,QDOMLTW5UOJCHX2Z,M,,0,Coach
9796,QDV9P8YVVSYSW9WA,M,1988-09-09,37,Athlete
9797,QDWK94PIUANSU2L3,M,1994-04-12,31,Athlete
9798,QDYOFQ8SCR9SN1NI,M,1957-01-11,68,Athlete
9799,QEAO9QMULFR5GPG9,F,2011-01-24,14,Athlete
9800,QEKG8QJW8TOED95X,M,2011-04-28,14,Athlete
9801,QES3RO5KLOE1MRCN,M,1994-03-07,31,Athlete
9802,QEXPOH9SZ1O25XQQ,M,1991-07-22,34,Unified Partner
9803,QG70O0WSGO27S5ZJ,F,1959-04-17,66,Athlete
9804,QGA3XDFB5D2NKZOT,F,,0,Unified Partner
9805,QGQXQWSOJW7OE2MW,F,1965-12-10,59,Unified Partner
9806,QGTZLLZDEXCHEA6V,M,1952-05-08,73,Athlete
9807,QH60PEHZB3MIKKJH,M,1980-09-09,45,Athlete
9808,QHKX4WJLVMC4NB8V,M,1972-11-24,52,Athlete
9809,QHMO0S3Q0KSSL4SZ,M,1992-06-16,33,Athlete
9810,QHPZ4N86YF1PPENQ,M,1975-06-14,50,Athlete
9811,QHTLVGOJAZGB1SYC,F,1984-11-16,40,Athlete
9812,QHY3IKCPKWO1EWNV,M,1975-09-06,50,Athlete
9813,QIG9N23SQ05IXJJ7,M,1961-12-28,63,Athlete
9814,QILGVNTF74UZ5J7L,F,1979-06-12,46,Coach
9815,QIQ39E4HI80OA9B0,M,1977-10-06,48,Athlete
9816,QIRQERAHDHU9HPNT,M,1989-10-18,36,Athlete
9817,QJDLR7AYSX9NQ0U8,M,2004-10-12,21,Athlete
9818,QJEKWPF0UGN97HKT,M,,0,Coach
9819,QJF9O9QSRHZD1Q4Y,F,2004-07-22,21,Athlete
9820,QJFMT70EKJ939YVF,M,2002-02-12,23,Athlete
9821,QJI9IRWSYRRDGMZR,M,1990-02-14,35,Athlete
9822,QJP9KJ138WSORTXK,M,1997-07-08,28,Athlete
9823,QJYY6AFV1ZJA1SZL,F,1985-09-08,40,Coach
9824,QK5A34OPLWYB4JWF,F,1942-05-09,83,Athlete
9825,QK6ZNTVML1WM2YU8,M,1993-01-27,32,Media
9826,QKHVKSO9U1N800ZC,F,1972-08-11,53,Athlete
9827,QKXHKFMNS89RE8WB,M,1969-04-08,56,Athlete
9828,QL05DAV5Y5DJEW0C,M,2002-07-01,23,Athlete
9829,QL7445QLQX3JGWFS,M,1952-09-02,73,Athlete
9830,QL9RODP8Z0BAOLJL,F,1934-11-09,91,Athlete
9831,QLE47LLMY4R1SCGK,F,1976-09-30,49,Athlete
9832,QLHWHJ1IW24NDB0U,M,,0,Coach
9833,QLN34G4PPVXFKZFX,F,1987-09-12,38,Coach
9834,QLRPDO7OSVNSFVBD,M,1976-10-02,49,Coach
9835,QLRX3MFFZS3SHDRO,M,1959-06-27,66,Athlete
9836,QLXXSJ1TM8GWPSVX,M,1986-01-28,39,Athlete
9837,QM7YMMYK2YFKAQV2,M,1958-07-28,67,Athlete
9838,QM9BU00TVEBOJ8QZ,M,1973-08-05,52,Athlete
9839,QME70QLWOTJ0XPFP,M,1998-02-26,27,Athlete
9840,QMIHRJTIBRMNKFTV,M,1994-12-13,30,Athlete
9841,QNE6EHB0XNYP45LF,M,1979-08-07,46,Athlete
9842,QNG4F11SLC101ICR,M,2001-09-28,24,Athlete
9843,QNJX1MHR12Q0KXL8,F,1985-07-24,40,Coach
9844,QNRSBED4BENVEXPA,M,1976-08-26,49,Athlete
9845,QO28NQCFHKC7DOKH,F,1991-11-12,33,Athlete
9846,QO37XWZB4Q5P8MXO,M,2006-05-14,19,Athlete
9847,QO93CPLOF3AO6TZO,M,1995-08-01,30,Coach
9848,QO945MC43WTPCV8Q,M,1952-10-22,73,Athlete
9849,QO98WNH26PUPG9RM,M,1968-05-11,57,Athlete
9850,QOC8E0WQWQ514DFU,M,2009-09-21,16,Athlete
9851,QOGH63WJC04D38VQ,M,1999-03-10,26,Athlete
9852,QOH3QF21RQC42QVI,M,1967-05-19,58,Athlete
9853,QP12SN8EINAMEOJV,M,1985-08-15,40,Athlete
9854,QP7837DE0G23O8N1,F,1982-07-14,43,Athlete
9855,QPD1LXXZ046KRVDY,F,1964-09-29,61,Athlete
9856,QPHPRYBK5R57I2WH,F,1982-05-18,43,Athlete
9857,QPPP0EOCPLI84BTR,F,1959-05-12,66,Athlete
9858,QPYSHVYFS5ML3KJL,M,2011-09-10,14,Athlete
9859,QQ06SMO846NBMDZ6,M,1960-12-07,64,Athlete
9860,QQEX8UR5A20K5K8N,M,1960-12-02,64,Athlete
9861,QQTBOH04HT315870,F,1973-09-26,52,Athlete
9862,QR1CLDE7GXPLNL1D,M,2003-10-29,22,Athlete
9863,QR1OOU92F9K8ZVZC,M,1974-10-08,51,Athlete
9864,QR8DBZG4E697958Z,M,2004-10-14,21,Athlete
9865,QRBRNO3MZW36GT35,M,1984-03-22,41,Athlete
9866,QRYF8AI64N3K5C7Z,M,1983-08-12,42,Unified Partner
9867,QSE1XSPSLPVL60PJ,M,1991-02-07,34,Athlete
9868,QSFKZTIRYE4SPOW6,M,1983-05-13,42,Athlete
9869,QSOLNZPL4GC183X5,M,1970-07-20,55,Coach
9870,QSZJ0VYC8TCI535R,F,1978-05-31,47,Athlete
9871,QT3DNIF6AU55MV53,M,1994-05-31,31,Athlete
9872,QTETFK54E4WUYFSS,F,2001-05-27,24,Athlete
9873,QTGRK6MB5STW8DFK,M,1965-08-14,60,Athlete
9874,QTL3B6RRYIJQVH9L,M,2002-01-04,23,Athlete
9875,QTSXXUFBG61AQJ5Y,M,1963-04-23,62,Athlete
9876,QUAXA1569YOUPQY5,F,2006-05-02,19,Athlete
9877,QUGG0EU8QA7D62MY,M,1993-09-30,32,Athlete
9878,QUGVP9UJLDYG1H5M,M,1987-11-12,37,Coach
9879,QUMT2RM7HRDZ37I1,M,2000-11-15,24,Athlete
9880,QUO25R7DN7F1LZJN,M,2004-06-27,21,Athlete
9881,QUO78X7W67QVUG8V,M,1987-02-20,38,Coach
9882,QUVA5AHMR9NZ5KU6,F,1961-09-19,64,Athlete
9883,QV29KQCWJD0C4OA2,M,1978-09-15,47,Athlete
9884,QV6B36J71BH83HHP,M,1993-03-20,32,Athlete
9885,QVQMJMMYCLAQEDCP,M,1964-08-14,61,Athlete
9886,QVZQA5WORTUQFJM5,M,1995-08-30,30,Athlete
9887,QWDNQOFGMLXC8IBB,M,1961-03-22,64,Athlete
9888,QWJXBWSKEYDL73CJ,M,1992-02-17,33,Athlete
9889,QWKWAHCC9IUJF6RY,F,1971-01-24,54,Athlete
9890,QWWTKSS45JR02FKI,M,2000-08-01,25,Athlete
9891,QWWZRZ3C9FWUQ3UW,F,1987-01-22,38,Athlete
9892,QX8SURVGWDJ8PSMO,F,1960-07-06,65,Athlete
9893,QXLCHRTVTO3MYZAU,F,1985-04-21,40,Coach
9894,QY1KLEL62Y88JNVC,M,,0,Coach
9895,QY7UBYCDYD5C5URJ,M,2008-03-25,17,Athlete
9896,QY7UZUL7EX1HHWPZ,M,1979-09-21,46,Athlete
9897,QYDIJLCG79K7M1KV,F,1970-04-15,55,Coach
9898,QYJ9OVVJ2JAUIOMI,F,2001-12-24,23,Athlete
9899,QYROPH0XJ5PW5FPE,M,1993-08-05,32,Athlete
9900,QZ0G97MM5TN7AGQP,M,1939-12-11,85,Coach
9901,QZ0O3NYZVGBN0HNZ,F,1978-09-07,47,Athlete
9902,QZ6UJO9KHI43GUQC,M,,0,Athlete
9903,QZI6D7CJYHOCNRU5,M,1990-01-20,35,Athlete
9904,QZSGNNACSZQNOYM0,M,1995-12-28,29,Athlete
9905,QZZ8JHQH2S2QKC6Q,M,,0,Athlete
9906,R01W0S75K86LCTMN,M,1994-10-07,31,Coach
9907,R036B2TB6AK2SUAE,M,1994-12-15,30,Coach
9908,R0C5E2C9YT5LFPW0,M,,0,Coach
9909,R0EQE7SG1UQFV18I,F,1963-05-08,62,Athlete
9910,R0KKWIO6OIZU2MVJ,F,1985-07-30,40,Coach
9911,R148RQJ9GMRCWWUY,M,1958-06-13,67,Athlete
9912,R191VZTLX090YYKY,M,2003-10-02,22,Athlete
9913,R1RTO3OQI5IUEA7D,F,1980-08-27,45,Athlete
9914,R208O6731V5EMMTZ,F,1985-09-18,40,Coach
9915,R29BIHWX8NAGWVLP,F,2008-08-25,17,Unified Partner
9916,R2I4A09U1MSXU68B,F,2006-09-06,19,Athlete
9917,R2JOCSSGZVGLU4S1,M,1951-08-11,74,Athlete
9918,R2KSNOEZXSXUP2CI,M,2011-06-09,14,Athlete
9919,R37MPSS5E1SWME2M,M,2008-12-29,16,Athlete
9920,R3LHLGOXRVSFDVQG,F,1990-10-14,35,Coach
9921,R3LYOTPVOJ2ZDR4Z,M,1969-04-11,56,Athlete
9922,R3O0LWJOBCIQLQYY,M,1998-07-21,27,Athlete
9923,R44UXFM6SZ1VASH9,M,1985-10-08,40,Athlete
9924,R4BUKN1NTTJ04VTI,F,1997-09-28,28,Athlete
9925,R4GUJZOMCI6FMRVB,M,1988-09-14,37,Athlete
9926,R4KQQ8TTX6MUDFMZ,F,2000-09-10,25,Coach
9927,R4P09RN0QCEG5755,F,,0,Coach
9928,R4Q3S1U4LFGJYKV9,M,,0,Unified Partner
9929,R4UIUSTTYUJ7263Q,M,1961-08-02,64,Athlete
9930,R4VMPXKHGJ3FL65M,M,1972-12-20,52,Athlete
9931,R5H8HMN42REHG1W6,F,1998-07-02,27,Athlete
9932,R5MEWJT57KHXXBFZ,F,1973-12-05,51,Athlete
9933,R693T6SXG2Z600R5,M,1981-07-24,44,Athlete
9934,R6HZX5XFR42LQHDL,M,1957-04-06,68,Athlete
9935,R6VVSKJLRCE0TUX9,F,1970-09-19,55,Coach
9936,R6YQSDEGMV3OQGX3,M,1984-03-20,41,Athlete
9937,R70B51BP12FHD4K7,M,2002-10-22,23,Athlete
9938,R70NOA70FAH8EAWD,F,1998-08-16,27,Athlete
9939,R74A3YJAMIC7N6DL,M,2004-02-05,21,Athlete
9940,R783QTE4DTII80PY,F,1959-08-20,66,Athlete
9941,R7B3EZBVWY8WHSQW,M,1969-05-01,56,Athlete
9942,R7F5UMDKEKMXADBI,F,2014-12-31,10,Athlete
9943,R7POI2K697WLW7PP,M,1995-07-27,30,Athlete
9944,R7VOS36RGJC8PBQ0,M,1962-08-20,63,Athlete
9945,R86W3ZSKRAU57L7X,M,2013-01-11,12,Athlete
9946,R8LTV5CWML5YMIMP,M,1988-11-07,37,Athlete
9947,R8PCCYQM0TGHMWYA,M,1981-09-18,44,Athlete
9948,R8UCTHTK82SRBNHO,M,1999-02-22,26,Coach
9949,R979OYDSU0UYZV85,F,1991-03-07,34,Athlete
9950,R99YKVBNBVK152FS,M,2005-06-28,20,Athlete
9951,R9C47S0P8EC40ITC,M,1976-01-27,49,Athlete
9952,R9DB7SOATWXY3N4Z,F,2000-06-30,25,Athlete
9953,R9EQ4KDG6W36NJM5,F,1972-12-13,52,Coach
9954,R9FDKPSWE81V5I50,F,,0,Coach
9955,R9GKF19NOC3T8CIY,M,1986-02-13,39,Athlete
9956,R9JPNEAXQQ39TY88,M,1964-04-16,61,Athlete
9957,R9PIM44XFON644Y9,F,1998-12-08,26,Athlete
9958,R9UHE5OLYLIS3MEA,M,1983-06-11,42,Athlete
9959,R9WN8DO06AGQQC1A,M,1972-10-22,53,Athlete
9960,RAA8JUGARHU3UE9H,F,1978-05-21,47,Athlete
9961,RARI5NHRR5TY1C00,F,2001-09-21,24,Athlete
9962,RAT8IB43LUMBPE6M,M,1958-03-18,67,Athlete
9963,RBLANGQQ27AXWXFL,M,2008-04-30,17,Athlete
9964,RBQBQVVJXH56ESIZ,M,1979-05-03,46,Athlete
9965,RBVECSPCU42SE1UU,M,1991-11-07,34,Athlete
9966,RC0KFAVTMAGW8WTZ,F,1961-10-24,64,Coach
9967,RCEY94T8L0C543SC,M,1994-09-19,31,Athlete
9968,RCK8RK2VLDCCUS57,M,2007-03-02,18,Athlete
9969,RCKQC3CQ8HRHFG1W,F,2002-07-03,23,Athlete
9970,RCS5O5PV9NYEU0EN,M,1976-03-29,49,Athlete
9971,RD5D3QFV5F6I6AJJ,F,1969-04-22,56,Athlete
9972,RD7MW812V5VOI106,F,1965-12-16,59,Athlete
9973,RD7T581WX3UPVT13,M,,0,Coach
9974,RDCB4GG60HMY2H9M,F,1957-05-18,68,Athlete
9975,RDDVRG5C13NWAN5C,F,1971-09-09,54,Athlete
9976,RDY7K6236QZ8EPGC,M,1980-09-03,45,Unified Partner
9977,RE0A2EVNT9I2A0WN,M,1975-03-24,50,Athlete
9978,RE24G8G3CKGOMH1P,M,1978-07-14,47,Athlete
9979,REL5NCTCFFT77FXR,F,1957-05-05,68,Athlete
9980,REOAPYFAFO3L7YGF,F,1987-09-04,38,Coach
9981,REQRAW30UOE5171J,M,1986-12-30,38,Athlete
9982,RETVBAKRLVC9ZIC9,F,1995-08-17,30,Athlete
9983,REXUT8RA3R1QJO9N,M,2000-07-29,25,Athlete
9984,RFB79UKNRWVMMTEH,M,1994-07-28,31,Athlete
9985,RFGUSL55GW5GPW5P,M,2003-04-23,22,Athlete
9986,RFI4DH7WMJOYDJID,M,1957-10-31,68,Athlete
9987,RFLXP19WZ0KNKFE9,M,1990-01-08,35,Athlete
9988,RFX7SNVLTC859XOO,M,1983-08-11,42,Athlete
9989,RG2Q4V2OHLBFKJB6,M,2003-10-03,22,Athlete
9990,RG3015592IEN2V6A,M,1962-12-02,62,Athlete
9991,RG3HIWC3G5VJ1ALP,M,2007-12-12,17,Athlete
9992,RGFA12O17AAMST1J,F,1984-06-10,41,Coach
9993,RGR3PITE5WU2YWRS,M,1957-09-24,68,Unified Partner
9994,RH9R9G69VF4LVZUH,M,1982-05-17,43,Athlete
9995,RHAHKRPTLK4B9NU6,F,1973-04-27,52,Coach
9996,RHB05YFGGKNRF2JI,M,2003-10-07,22,Athlete
9997,RHF978X6R0FC8FC7,M,1994-10-06,31,Athlete
9998,RHVYWWNWE8EWNYAB,M,1978-04-24,47,Athlete
9999,RHZGKCX50N175PIO,F,,0,Coach
10000,RI6XT8CHF1UMO49P,M,1981-08-02,44,Athlete
10001,RI9QBV7ZQ0HDLGYQ,M,1987-06-17,38,Unified Partner
10002,RIADGUSHD0Z16TG0,M,1994-06-09,31,Athlete
10003,RIJYLBDHBI6H07V6,F,1957-10-06,68,Athlete
10004,RIUN9EXXCGMK222F,M,,0,Coach
10005,RJ7KUMXNMH90CO3F,M,2006-12-25,18,Athlete
10006,RJ7TYQ6LBYAREFJ4,M,1990-04-15,35,Athlete
10007,RJETGNHXDTX60D7H,M,2011-02-20,14,Athlete
10008,RJXVPTU5LJ2MH714,M,1990-03-01,35,Athlete
10009,RKC7L1O0R8CAAEU9,M,1963-05-13,62,Athlete
10010,RKE76YA03ZHN045O,F,,0,Athlete
10011,RKOKQ2GJRF4JT3I7,F,1983-10-07,42,Coach
10012,RKV0KGGSRZ34PZ06,F,,0,Coach
10013,RKYSWS7IME3BFF30,M,1983-08-17,42,Athlete
10014,RLCYB9XHU2RSC7ZK,F,1975-01-07,50,Athlete
10015,RLD5DRB1HYK3224B,M,1962-11-19,62,Athlete
10016,RLKSJUN2RG5XOU8H,M,1999-02-22,26,Athlete
10017,RLLRGO5ARCXF4EPL,F,1997-12-16,27,Athlete
10018,RLOIRQN2YW8K3CT0,M,2006-04-07,19,Athlete
10019,RLUJ4B8JA8FV8VM2,M,2002-05-01,23,Athlete
10020,RM272G2NVH7P1WG7,M,1947-12-24,77,Athlete
10021,RMDKXMM0D9SAIK7D,M,1987-06-06,38,Athlete
10022,RMEH6YKS3J50DWTK,M,2000-10-15,25,Athlete
10023,RMXKBDP9LMLOWSWH,F,2002-06-14,23,Unified Partner
10024,RMXWSA4PC9OW8NLE,F,1984-01-12,41,Athlete
10025,RMZKIIHMPSYYLLFM,M,1978-08-20,47,Athlete
10026,RNBHEPY4B0YLY4M3,F,1982-05-28,43,Athlete
10027,RND9KMVV44TNAMM8,M,1991-11-15,33,Unified Partner
10028,RNUQXFA0232LE7UZ,M,1988-08-05,37,Athlete
10029,RO3XMCBEZBTEUZFP,F,1990-05-12,35,Athlete
10030,RO5H6QTOTFBN33Y2,F,1947-04-02,78,Athlete
10031,RO5PUJQJS1428YZY,M,2011-07-14,14,Athlete
10032,ROBASZJLFT968CB6,F,1961-04-25,64,Coach
10033,ROCIHL4V07DAF0SH,M,1990-05-02,35,Athlete
10034,ROHJAQFBHNGK3GD5,M,2002-08-06,23,Athlete
10035,ROPWYUQ4SVYOOB9K,F,1997-10-07,28,Coach
10036,ROS7760DIP9PVMS4,M,2004-05-28,21,Athlete
10037,RP9DVKCYISTXIR6K,M,2005-01-01,20,Athlete
10038,RPI4QGRMHU21I6Z8,M,1998-05-14,27,Athlete
10039,RPJANJCGLAYHWFR9,M,1970-10-15,55,Athlete
10040,RPKENRPKBWA1E7DR,M,2004-08-07,21,Athlete
10041,RPPUHHEVCV1C1L4L,M,1953-03-07,72,Athlete
10042,RPUNGAHLCTQJRIV4,F,2008-01-02,17,Athlete
10043,RQ23RIF34W904OPF,M,,0,Unified Partner
10044,RQ9GNZAORZI3CCT9,F,1986-12-24,38,Coach
10045,RQASLXPNIEWUKBXD,M,2002-06-14,23,Athlete
10046,RQLSZW1GFMB0JEYZ,M,1978-07-29,47,Athlete
10047,RR9APH4K64N8FI8Y,F,1959-02-17,66,Athlete
10048,RRE94Y632FC0W1CM,F,1951-01-15,74,Athlete
10049,RRKN1NANXNGB64VL,F,,0,Unified Partner
10050,RRKYZO094RLQW2GG,F,1959-09-24,66,Athlete
10051,RRSB4KNB7I6S2565,M,1991-03-27,34,Coach
10052,RS53DB78M8QT83ZR,M,,0,Coach
10053,RS9PE60K5FRZZGS3,M,2005-12-07,19,Athlete
10054,RSAM0BMLU58XC23A,F,1961-06-05,64,Athlete
10055,RSDAPIOGWS2E223X,M,,0,Coach
10056,RSDWJWJ14HQ5G3FS,M,1968-08-22,57,Athlete
10057,RSGU3H1QD984GMNF,M,1972-11-20,52,Athlete
10058,RSQUZM73XI8XE852,M,1975-06-16,50,Athlete
10059,RSY28R8TEF4FIMWM,F,,0,Unified Partner
10060,RT9PSQOFUWY87202,F,1976-12-27,48,Coach
10061,RTCWUAYGRPDY6U2X,M,1967-08-28,58,Athlete
10062,RU760EQXDM24U3TH,M,1988-11-28,36,Coach
10063,RUDB3HLEVBZI2H1H,M,2007-09-03,18,Athlete
10064,RUFEA3DS93IQKEWM,F,1992-09-10,33,Athlete
10065,RUYNF1TH16Z5W3RT,F,2010-01-12,15,Athlete
10066,RV1Y69PKZO2BJ0B2,F,1975-07-02,50,Athlete
10067,RV4RH712U8M59VCQ,F,1972-10-29,53,Athlete
10068,RVV3JHQE98V1Z6LM,F,1999-07-08,26,Athlete
10069,RW3Y1Q9F3X8ZRH9Z,F,1977-04-15,48,Athlete
10070,RW9GOB9GASDBQIZF,M,2001-12-14,23,Athlete
10071,RWAQXPZHXQVOASZH,F,2008-03-07,17,Athlete
10072,RWMCLLXWG600F0V5,F,1996-02-25,29,Athlete
10073,RWN0ZKUV79891KGR,M,1994-08-13,31,Athlete
10074,RWRS0FH04WVN1ID6,M,1985-07-10,40,Unified Partner
10075,RX3EQS748E7CT4Q5,M,1963-06-10,62,Coach
10076,RXF1WZPLB9W6E6G3,M,1965-03-05,60,Athlete
10077,RXPEOCPFUS92PJ8T,M,1995-03-15,30,Athlete
10078,RXT7I77M14ETEC9R,M,1982-02-15,43,Athlete
10079,RXX70C2HDIQRGL1U,M,1973-12-14,51,Athlete
10080,RYAK5QD9TG9JN81P,M,2008-06-16,17,Athlete
10081,RYJJTYZP8L4XSILY,F,1974-12-16,50,Athlete
10082,RYL2G7VH71RKYZ7F,F,1962-01-06,63,Unified Partner
10083,RYQVDWIKH96F5ANX,F,1994-11-30,30,Athlete
10084,RYQZV9OYE35T5Z0N,M,,0,Athlete
10085,RZ6IUAFMZS5I2B5W,M,2001-08-09,24,Athlete
10086,RZ981JSN7T76ZJFO,M,2009-07-03,16,Athlete
10087,RZHW4UFL1PTUVII5,M,1985-04-15,40,Athlete
10088,RZI6CLJY1L4C66NX,M,1978-12-16,46,Athlete
10089,RZZPD5L8FJF18VPX,M,1986-03-17,39,Athlete
10090,S03JHH2RKZNVW2RY,F,1989-07-21,36,Coach
10091,S09CLL56OIK927XX,M,1985-07-15,40,Athlete
10092,S0E7AWWKDTPN918B,F,1975-11-14,49,Coach
10093,S0MOEWCMMJPNLG8T,M,1988-01-29,37,Athlete
10094,S10L6ORPWQ3FWOHK,M,1993-10-19,32,Athlete
10095,S14NVD9E8ZSUBECB,F,1987-03-22,38,Athlete
10096,S18XXMHNTVJSEOFE,F,1964-07-03,61,Athlete
10097,S1FNIFTAPZ48PMB4,F,1969-08-29,56,Athlete
10098,S1ILXBMQ96ZMX3YF,M,1974-08-18,51,Athlete
10099,S1IMOB7QL4SZ4B6O,F,1985-03-05,40,Coach
10100,S1IYHX001QQ0RJ3F,F,1987-03-23,38,Athlete
10101,S1LQNRFT1TROBOC8,F,1985-09-18,40,Athlete
10102,S20HGZ7C5DK4LDX4,M,1953-07-16,72,Athlete
10103,S21WK78YACC0LL5G,M,1991-05-30,34,Athlete
10104,S24030P13VWA9TOK,M,1973-10-04,52,Athlete
10105,S24W80YU6L8CG0KE,M,1960-12-15,64,Athlete
10106,S256FRY5OVFON22M,M,1991-01-18,34,Athlete
10107,S26ADUWFMBSQ0PW4,F,2000-07-17,25,Athlete
10108,S2BPIVIMN2R293U4,M,1989-10-17,36,Athlete
10109,S2CXOJKXTF6A6X19,F,1954-04-11,71,Athlete
10110,S2GIMI100C92XNAF,F,1963-11-10,62,Coach
10111,S2HKW3QQ6MXNVVCJ,M,1984-03-16,41,Athlete
10112,S2NB9CEA7G9X0UXR,F,2004-10-23,21,Athlete
10113,S2UXP4Q7VZWYRIBT,M,1991-04-04,34,Athlete
10114,S2YQ234TJOL90J7L,F,1975-09-28,50,Athlete
10115,S37L7Q5LC3F8WOU7,M,1990-07-26,35,Athlete
10116,S3ABKIYKS59GHJ27,M,1974-11-28,50,Athlete
10117,S3BHMJB2RLPRY8Q1,M,,0,Staff
10118,S3FSQVM9DFA1A73K,F,1987-03-15,38,Coach
10119,S3FZNR2BAKHYW07F,M,1993-09-10,32,Athlete
10120,S3YURA7YTHJ48NCG,F,1996-11-19,28,Athlete
10121,S445ZJ3JDK5ALDDM,F,1978-08-25,47,Athlete
10122,S45VY30S5NUNAGPV,M,1988-09-17,37,Athlete
10123,S4BGEZ05SEYBY1ZE,M,1970-06-18,55,Athlete
10124,S4BKEEJA8K8AQXV8,M,,0,Athlete
10125,S4OK3F45PSB1ZCTB,F,1976-12-26,48,Unified Partner
10126,S4RR8B3UBZPTIW3C,F,,0,Coach
10127,S4V5885W21DPMXIL,F,,0,Coach
10128,S4VNIT6I9LGI94AW,M,1995-08-25,30,Coach
10129,S4XR9GNFZHA3E68F,M,1967-03-08,58,Athlete
10130,S50QS92WHT1CA80L,M,1970-04-25,55,Athlete
10131,S51JBK2FQN8YA4JP,F,1998-12-28,26,Coach
10132,S5D826BKD7ZPI3SA,M,1989-04-17,36,Athlete
10133,S5DKZKEJSZ5PPX64,M,1962-04-25,63,Athlete
10134,S5ERXCJ53FDPZIUK,M,1967-11-26,57,Coach
10135,S5IJD171RL5GOUEH,F,2004-04-09,21,Athlete
10136,S5J2L8B7QS10KCAH,M,1988-04-03,37,Athlete
10137,S5PIS4LZX87HAV1B,M,1977-04-26,48,Athlete
10138,S5UCMGFPN32WYOFX,F,1958-08-31,67,Athlete
10139,S5XNX4CU3SY5B7LM,F,1979-04-06,46,Athlete
10140,S6103J121FTDJT16,M,1985-08-28,40,Coach
10141,S6BHILY8DJ61DGPY,M,2012-09-06,13,Athlete
10142,S6FKOXYSXELX5P4O,M,1994-04-01,31,Coach
10143,S6O0ZKDUSNY8KIY8,F,2003-12-27,21,Athlete
10144,S6Q1BSTMICM7823S,M,1973-06-13,52,Athlete
10145,S6T6Y31X2QGFA8CY,F,1969-12-27,55,Athlete
10146,S6YK3UF17S6HATKR,F,1981-02-25,44,Athlete
10147,S73Y2O37IIUZ7TFU,F,1979-01-03,46,Athlete
10148,S76IODDQ93KTQRGQ,F,1989-04-23,36,Athlete
10149,S7RKLSTDCWB7AR8G,M,1978-11-13,46,Athlete
10150,S7XOREXGYBJK6FZ0,F,2009-11-24,15,Athlete
10151,S7Z5PKMYGLT5SX2G,M,1976-12-27,48,Athlete
10152,S87J8AP7X4AKMJ68,M,2002-08-08,23,Athlete
10153,S87N1CWC8IMOUMQB,M,1966-04-14,59,Athlete
10154,S89JTZ0RT25LSZJK,M,1965-04-23,60,Athlete
10155,S8WRFN396N5TLLQQ,F,1947-01-22,78,Athlete
10156,S9GM8E4HWSIQJ08Q,F,1970-03-28,55,Athlete
10157,S9H746QHENS6M4SI,M,1978-12-28,46,Athlete
10158,S9O280TIUH31LJJ3,F,1953-12-31,71,Athlete
10159,S9R3VG08E28CM7XR,M,1960-03-06,65,Athlete
10160,S9XA3AUHLWU60JO5,F,2006-06-30,19,Athlete
10161,SA5QRKU6DKPNX3QB,F,1990-04-03,35,Athlete
10162,SADIEA0SHDHRIUWE,M,2005-04-19,20,Athlete
10163,SALGMEFD1K3UF6V5,M,2006-09-17,19,Athlete
10164,SALSPYE3TYG4K9N9,M,1992-05-15,33,Athlete
10165,SAU7L6CJ5GKWS0YT,F,2002-08-08,23,Unified Partner
10166,SAXUMXZUMMZ4IESP,M,1985-06-01,40,Athlete
10167,SB2WOVAA2TXDVLT2,F,1962-05-11,63,Athlete
10168,SB5NYL9ZPBKE5ZJE,F,1973-08-27,52,Athlete
10169,SBIBMEVB9KG86NT8,F,1993-01-02,32,Coach
10170,SBKV2QPJPW6YRZ0I,M,1967-11-09,58,Athlete
10171,SBQW0I2GEX8IQZZN,M,2001-08-31,24,Athlete
10172,SC3AVXX5WFG6WND6,M,1997-09-26,28,Athlete
10173,SC41GJV0XV7I6JV0,F,,0,Coach
10174,SC95LCV08YDDU1HT,F,1964-10-28,61,Athlete
10175,SCO4NWV0DNB33598,F,1954-06-30,71,Athlete
10176,SCZ8EEO6MWG6RZUW,F,1993-05-31,32,Athlete
10177,SD29NOT006F2N37E,F,1957-06-11,68,Coach
10178,SDBBZV5L7365BTGV,M,1956-04-15,69,Athlete
10179,SDDT553TSQOOH41G,F,1996-01-03,29,Athlete
10180,SDFQB7ZJB5B4MIVV,M,1970-01-15,55,Athlete
10181,SDQ9W7IVGU3744RG,F,1991-03-06,34,Coach
10182,SDT4C1WK3I4LIEHZ,F,1964-07-10,61,Athlete
10183,SE4LO6B45NYH1ZDW,M,1997-04-21,28,Athlete
10184,SE87W52OSFLPHX7P,F,1960-06-01,65,Athlete
10185,SE8I56KHF422ZWWI,M,1994-03-03,31,Coach
10186,SEAHJU7CEN2BEDRB,F,1972-01-15,53,Athlete
10187,SEG4AIW5YU2LOYV7,F,1971-02-01,54,Athlete
10188,SEHOG5WPCA7SP1QL,M,1988-02-26,37,Athlete
10189,SEI7TMU8DCYDGFM1,F,1953-02-25,72,Coach
10190,SEPZINQMYV29NI9A,M,1983-09-09,42,Athlete
10191,SEXL5EZO3SI14WB4,M,2013-09-19,12,Athlete
10192,SF03BT19U12OQE8B,M,,0,Coach
10193,SF2S8YW5GCQIGBBU,M,1994-08-27,31,Coach
10194,SF6J7FBLZHAAQKBG,M,1976-05-24,49,Athlete
10195,SFFL41Z9QXARCBTD,F,1955-04-21,70,Coach
10196,SFHDMU6SWA59YCU1,U,1987-02-06,38,Athlete
10197,SFIXN7E182ZJTB1H,M,2002-02-05,23,Athlete
10198,SFL71493WWDXKALG,M,1966-07-10,59,Athlete
10199,SFM54AS5SHI2Y8C6,M,1962-02-16,63,Athlete
10200,SFT2KZCG6LW5K0ZE,F,1967-05-09,58,Coach
10201,SFZNXE7WLXRN9AFG,M,1985-09-14,40,Athlete
10202,SG56EFUMRPFAS13H,F,1978-12-07,46,Athlete
10203,SG9667R3KVQ50UWW,M,,0,Coach
10204,SGE060YI51Q59WRP,M,1991-01-12,34,Athlete
10205,SGE29JHZR3M203SW,M,1965-05-10,60,Athlete
10206,SGKB7G0KT5TCR4VI,M,1964-01-23,61,Athlete
10207,SGS6RFAP5U27ZZUH,F,1989-03-15,36,Athlete
10208,SGU1XQ3QVM8R83M7,F,2000-02-09,25,Athlete
10209,SH4BSWJGRQMEMZMM,F,1971-01-24,54,Athlete
10210,SH4OKFTWP7KP4MS1,M,1958-06-18,67,Athlete
10211,SHERWFHZBTLYLC4W,M,1987-12-23,37,Athlete
10212,SHGX9ZM35S9F4GGH,M,1970-12-16,54,Athlete
10213,SHHNM26A1GT9YGDF,M,1955-02-08,70,Athlete
10214,SHO8ZV5M6NHBOA3N,M,1962-01-22,63,Athlete
10215,SIMAFA0EVW8QX13R,M,1947-04-29,78,Athlete
10216,SJ4SN04RJ6B37ETQ,F,1986-07-15,39,Athlete
10217,SJ93EFXYS8SVA2QW,F,1974-05-03,51,Coach
10218,SJDC3EC3YRKVS04N,F,2007-06-18,18,Athlete
10219,SJFB31U590LCQOQ8,M,1974-08-02,51,Athlete
10220,SJG9R6EUAQJ44ATL,F,1997-01-16,28,Athlete
10221,SJHCV7DZLO1OIY1U,M,1999-02-13,26,Athlete
10222,SJKVWPIV80RW76MG,M,1967-08-04,58,Athlete
10223,SJLJKPN0FQSVLJ58,F,2009-12-23,15,Athlete
10224,SJPRKZ3V7MRJA65L,M,2001-03-06,24,Athlete
10225,SJR45H16ZQT2UH5O,F,1998-06-25,27,Athlete
10226,SJSQ0X0IUO6ZSVO7,M,1950-03-01,75,Unified Partner
10227,SKAHO1HZHJ2XTIRX,F,1989-04-22,36,Coach
10228,SL1Y8ODIJW8DQEG4,M,2003-10-07,22,Athlete
10229,SL8LJ0KPZGAE68GP,F,1990-07-11,35,Athlete
10230,SLHVONSTDQ19GNBQ,F,1981-11-08,44,Athlete
10231,SLY6T4S8QQZGN913,M,2009-04-06,16,Athlete
10232,SM02IPC83G0Q77F2,F,1990-02-10,35,Athlete
10233,SME6BKOH5GMKVCLM,F,,0,Coach
10234,SMP7V49DFCKRXLEL,M,2000-12-08,24,Athlete
10235,SMWOUW5HQOWY7QJ9,F,1978-03-19,47,Athlete
10236,SMXUUNO1ZVJBAIR0,M,1964-02-06,61,Athlete
10237,SMYVKL8R3O2OB3OC,M,2007-10-15,18,Athlete
10238,SNDNDTPYCG89XJON,M,2001-11-25,23,Athlete
10239,SNV4I16PE8AMM5HN,M,,0,Coach
10240,SNWRERD2M1WX4DI6,M,,0,Unified Partner
10241,SNZYXYJEG157LL5H,M,1949-04-24,76,Athlete
10242,SO6CMKLTZIVZH7LI,F,1979-07-23,46,Coach
10243,SOCQCLXJ6C5IYE9F,F,1949-01-29,76,Athlete
10244,SOIWLB4J7KFR5AOH,M,1982-01-22,43,Athlete
10245,SONJAJBVQF7JZSWE,M,1990-12-27,34,Athlete
10246,SOS6WGJ94B4WQMAV,F,1970-01-19,55,Unified Partner
10247,SPA4CK356OQKYL3Z,M,,0,Coach
10248,SPDULJIK5KO8DVNK,M,1988-05-05,37,Athlete
10249,SQ7ITUR5ZN3KKEYI,F,1996-04-24,29,Coach
10250,SQJGC2D15AZT6WVF,M,1963-06-05,62,Athlete
10251,SQOH46HCSEJBZPSA,M,2003-09-05,22,Athlete
10252,SQPCR4BN04S4G7T1,M,1970-04-21,55,Athlete
10253,SQQFFJEPHS6SEY3Q,M,2007-04-24,18,Athlete
10254,SQRY9SGEADX5TPRC,F,2001-02-28,24,Athlete
10255,SQUGG0CTZOCIO4K0,F,2003-09-23,22,Athlete
10256,SQVJ0N58V1SBICHJ,F,1969-02-19,56,Athlete
10257,SQZLM2M3ADVSF9PT,M,1981-11-24,43,Athlete
10258,SR1IRS8YNEUQNZEZ,F,1955-06-11,70,Athlete
10259,SRULKWXH7471V66D,M,1998-05-13,27,Athlete
10260,SRXNOA7XT9XIYCPC,M,1997-06-30,28,Athlete
10261,SS4DKFIHVPSPOOCM,M,1986-09-15,39,Athlete
10262,SS5VRKEKZ6DNUTH9,M,2012-07-12,13,Athlete
10263,SS81Y8QFJKLU53II,M,1998-04-14,27,Athlete
10264,SSH9LFP33JU289MR,F,1973-06-11,52,Athlete
10265,SSQM5T9ASKSWVHXU,F,1974-06-20,51,Athlete
10266,ST0NWPIX9G0OLK6D,M,1992-06-07,33,Athlete
10267,ST24WXLZM8CNK6RP,F,1987-04-13,38,Unified Partner
10268,ST7GO70YHH4LCGQL,M,1974-01-11,51,Athlete
10269,STCMKO7OIJVZ94ZH,M,1955-05-13,70,Athlete
10270,STJC87TWQZBHV0SX,F,1999-03-10,26,Athlete
10271,STJFNNVAR47SD08S,F,1986-04-17,39,Coach
10272,STNJB9FRQLEPCMTA,M,1993-09-01,32,Athlete
10273,STU2A1Y86GL3ZVGJ,M,2013-07-11,12,Athlete
10274,STVJ2GGT3B90RH7V,M,1991-08-30,34,Athlete
10275,STXE0X368IM2OAZ2,M,2001-02-09,24,Athlete
10276,SUL62SE4BM6M434R,M,1978-09-01,47,Athlete
10277,SV8ERJ4COY2FUL81,M,1997-06-07,28,Athlete
10278,SVCVEJZ8JM7QT8RK,M,1984-01-03,41,Athlete
10279,SVLD0LR06FW0VQK6,M,1959-05-20,66,Athlete
10280,SW6OSUC9QG8AVBAB,F,1960-12-21,64,Athlete
10281,SWTDZQQAHJK376OM,M,1996-07-19,29,Athlete
10282,SWULWCFHBUMQB6QC,M,2007-03-04,18,Athlete
10283,SWXMNM22AQR8MT9M,M,2000-09-13,25,Unified Partner
10284,SX4RYGJLCJ4XFCTP,M,1987-12-12,37,Athlete
10285,SXCBP9PCR6DIQCH5,F,2010-10-11,15,Athlete
10286,SXCOBGVWZ8ULEB2F,M,1979-10-18,46,Athlete
10287,SXOLRGPFH2KFW9RG,M,2008-10-03,17,Athlete
10288,SXUISMVDSZZDSZKK,M,1988-06-25,37,Athlete
10289,SXWS15MZOY7ZEYA7,M,2000-03-07,25,Athlete
10290,SY0X4FVNADZW9ETI,F,1952-01-27,73,Athlete
10291,SY1WYTIEF7SCDF8I,F,2001-05-22,24,Athlete
10292,SY35SDG2WYKPW9MN,F,,0,Coach
10293,SY4PM1259JAF9S6A,M,1963-05-27,62,Athlete
10294,SY6CM93EYW7R3L3K,M,1957-03-13,68,Athlete
10295,SY8VT7JYDN7UVLTC,M,1990-12-20,34,Athlete
10296,SY9PFT1KA82F39O0,F,1988-07-07,37,Unified Partner
10297,SYD3K2WGR8Z9IF03,F,1978-12-02,46,Coach
10298,SYHL4JR44J7YHQ1N,M,2004-12-27,20,Athlete
10299,SYS0QX1MFDBTEHQF,F,1997-03-05,28,Athlete
10300,SYSCGCDW6437K2GQ,F,1999-02-18,26,Athlete
10301,SZFSWIV5UB1JKZST,M,1978-10-17,47,Athlete
10302,SZHOLDEJR5J8J0X5,M,1994-11-07,31,Athlete
10303,SZI9F3VVEOXEYK4A,M,,0,Unified Partner
10304,SZLXNUFLV1LE2Q6K,M,2009-07-09,16,Athlete
10305,SZMC330UJEF8J9IB,M,1974-05-05,51,Athlete
10306,SZYNX91328KKF35I,F,1992-05-05,33,Athlete
10307,T09DHCTACHQ6OX34,M,1998-08-06,27,Athlete
10308,T0GNX6CHTIMO4XK7,M,1968-04-24,57,Coach
10309,T0O4MPA52B2H3Q82,M,1985-10-02,40,Athlete
10310,T16WFP9RBLY7FIL4,F,1959-12-09,65,Coach
10311,T17K611DXSSW4I8Q,M,1980-07-12,45,Athlete
10312,T1CKQQTWOOS1RXWL,M,1961-10-12,64,Athlete
10313,T1D9V8Y2SC5633L0,F,1980-11-16,44,Athlete
10314,T1EZVOURCX6T5IEK,M,1985-06-16,40,Coach
10315,T1N4NHFWL5MS9O8Y,F,1980-10-17,45,Coach
10316,T253ZMWENBA9VD1E,F,,0,Coach
10317,T26R0DPGVWLL71ML,M,1990-02-06,35,Athlete
10318,T26X7EQOHARSL3O8,F,1985-06-26,40,Athlete
10319,T2W95JWI25J26SEM,M,1996-05-19,29,Athlete
10320,T315X1MRYLOMJ5IO,M,1996-03-22,29,Athlete
10321,T3O4FYTLC2MAOYL0,F,1997-05-18,28,Athlete
10322,T3QU34X64KZZGQYV,M,1959-12-03,65,Coach
10323,T4CRI0FLB8BJJUE6,F,2000-07-19,25,Athlete
10324,T4E1D9ZY8FNXZA8Q,M,1954-06-02,71,Athlete
10325,T4I4YDXVZUZHZN2B,M,1995-12-11,29,Athlete
10326,T4TVIRVTA7YNHNAS,M,2003-04-27,22,Athlete
10327,T4ULMI2DOC9AJIN4,F,1981-02-11,44,Unified Partner
10328,T53XTPR0I0BNIX51,M,2014-03-10,11,Athlete
10329,T58Y55YM36KFIB73,M,1991-05-18,34,Athlete
10330,T5EOOGUXN8AV1G6D,F,2001-07-03,24,Athlete
10331,T5LDVFNBHKC4JQTL,F,1997-10-15,28,Athlete
10332,T5YXG421ZHI49U5U,M,1964-12-28,60,Athlete
10333,T5ZUHK1K8YH0TRQ5,M,1959-06-01,66,Athlete
10334,T6ISF57T38UXCNN5,M,1996-02-19,29,Athlete
10335,T6UU4T5KSNXI115U,M,1996-06-06,29,Athlete
10336,T6XCAMGQUK87AOVZ,M,1996-03-18,29,Athlete
10337,T7MWOTVVAH0HCAS7,M,1981-07-10,44,Athlete
10338,T7WOTUOWIGBNVQ1M,M,1976-08-30,49,Athlete
10339,T7YA8DCTS000HHHM,F,2001-10-01,24,Athlete
10340,T7ZQIXD2PR1FM97Q,M,1996-04-08,29,Athlete
10341,T88QXP0D9FMIJVYS,F,1977-02-20,48,Athlete
10342,T88XBDFUEAB84LU3,F,1961-06-23,64,Athlete
10343,T91O9VDEAQW90O93,M,2003-12-06,21,Athlete
10344,T95E87N15O04WZPS,M,1955-07-05,70,Athlete
10345,T9CSALYSVQPW2YTW,F,2009-07-10,16,Athlete
10346,T9YK94S2K9FA0LFN,F,1971-03-05,54,Athlete
10347,TA1DVGXDN311GOD6,F,1980-10-30,45,Athlete
10348,TA86C215BD0U39VE,M,2007-11-13,17,Athlete
10349,TAB5SWSZ4Y5TZHIB,M,1983-10-15,42,Coach
10350,TAF8HJVZRO2G7SPQ,M,2000-07-12,25,Athlete
10351,TAHR82PGU6USEGIS,F,1993-05-24,32,Athlete
10352,TAOSMWEILW2P3HSK,F,1997-02-12,28,Coach
10353,TAWN9Q5X1HURM7FO,F,1950-06-03,75,Athlete
10354,TAWWMQDT69BISJCY,F,1990-08-01,35,Coach
10355,TB3SXZUQZ8HB7MR2,F,1978-11-23,46,Coach
10356,TB3W1WUVIKQYS9NJ,M,2005-03-06,20,Athlete
10357,TB5SUKO4630U5718,F,1994-01-27,31,Athlete
10358,TB9WEKB1B5C0H3CW,M,1981-02-02,44,Athlete
10359,TBCCCDU19GE8YNRT,M,2001-04-07,24,Athlete
10360,TBEB69UWC5U0P3UL,M,2002-01-04,23,Athlete
10361,TBSC8RGOXGF3BU9U,F,1961-11-26,63,Coach
10362,TBWNTKUE9789KUYW,M,1991-06-08,34,Coach
10363,TBZ80U14REBRY5YU,M,1975-09-06,50,Athlete
10364,TC10EZAVZCBFRHVK,M,1982-04-05,43,Athlete
10365,TC2WV7J3ABEXXKSV,F,1983-06-26,42,Athlete
10366,TC6JHUX0IAXFX6JM,F,1957-09-11,68,Coach
10367,TCDQKW9PX4RF41RG,M,2000-09-11,25,Athlete
10368,TCFCSHW2B334XSFR,F,,0,Unified Partner
10369,TCHFDXF0AUJE34AB,M,2000-02-07,25,Athlete
10370,TCTOX78SSGZZ9XH4,M,,0,Athlete
10371,TCVJWK2CLQ4K9DMI,F,1966-04-25,59,Coach
10372,TDCUUZ4PSM78NVDW,M,1995-03-22,30,Athlete
10373,TDE35NMK1N6MMDB7,M,1977-08-10,48,Athlete
10374,TDF89UCZLMY05ZDP,F,2003-09-12,22,Athlete
10375,TDKV9HIFC6I1901M,M,1991-02-26,34,Athlete
10376,TDMRMOO8BO1UCCVR,M,1988-03-26,37,Unified Partner
10377,TDVAF4QTYDJV2V8A,M,1994-07-20,31,Coach
10378,TE1LTFJNWXUZYCXM,M,1999-10-06,26,Athlete
10379,TE7821PR31VDI5ED,F,1993-09-27,32,Athlete
10380,TE8CULL3N78D1MHS,F,,0,Coach
10381,TEBTNR9OL2GIQBLZ,M,1992-09-24,33,Coach
10382,TECN2Q5TT02PFKTC,M,1970-08-05,55,Athlete
10383,TEMAIYIBYIUCTY80,M,1985-03-18,40,Athlete
10384,TENNXESHWWPFCLZ7,F,1966-06-08,59,Athlete
10385,TEQ8RTAJ3PVOXYJZ,M,1970-01-16,55,Athlete
10386,TEWTW0WUINX99VVM,M,2011-12-31,13,Athlete
10387,TF33I4I91DQMW4U7,M,1991-01-31,34,Athlete
10388,TF7YUS9CA0V2HC51,F,1962-10-02,63,Athlete
10389,TFHMODJ3DE857V2P,F,1997-10-14,28,Athlete
10390,TFLAVYL3LM90KY4O,M,2000-09-22,25,Athlete
10391,TG3RQSEQV9J3Q4QK,M,1997-02-12,28,Athlete
10392,TGPOJ0478FUNV8C2,M,1996-06-10,29,Athlete
10393,TGUROVKWXQZJ4AYY,F,1995-01-26,30,Athlete
10394,TH3TSXGXGOJ1NIBV,F,,0,Coach
10395,TH5NO5X1BM1PRBJL,M,2000-10-18,25,Athlete
10396,TH6KIFPPM30WDEU9,M,1967-01-02,58,Athlete
10397,TH7SQNNK5SRFXQFC,M,1978-08-22,47,Coach
10398,THDNMEP94GTQAKYB,F,1952-06-19,73,Athlete
10399,THKUOHZ47V0SNUH7,M,1994-06-06,31,Coach
10400,TI39T9JZ3BJT3CKD,F,1997-01-26,28,Athlete
10401,TIGX9YNQ3ZXFGFOC,M,1996-08-08,29,Unified Partner
10402,TIH1DXA5LGPM1IJ3,M,,0,Athlete
10403,TIL34CJY1EA0OZKZ,F,1974-01-05,51,Coach
10404,TILUU9IIMQKVRAUZ,F,2003-01-25,22,Athlete
10405,TINTAM29EMQ32NHJ,F,1958-05-27,67,Athlete
10406,TJ0LEN62ICDHN5U9,F,2004-03-11,21,Athlete
10407,TJ3FKEB2WM86IW4W,M,2009-05-15,16,Athlete
10408,TJBJV4RKX3CQRKHD,M,1973-01-16,52,Coach
10409,TJOMSZ465CWZFC02,M,1955-10-22,70,Coach
10410,TJQHEZLSB7OCVAZ4,F,1952-03-15,73,Athlete
10411,TJS4G1X4AI2KTJQ4,M,1997-09-02,28,Athlete
10412,TK7DJ2MFASS5Q3KV,M,1972-11-04,53,Athlete
10413,TKDIOIFCD2NBVGMF,F,1984-04-24,41,Athlete
10414,TKQL60040QWKHBL6,M,1963-06-24,62,Athlete
10415,TKR9DWSTCT5Q5CGN,M,2000-01-01,25,Athlete
10416,TL2JYB09EW42K9NO,M,1950-09-26,75,Athlete
10417,TL7PR36S22VMGVTC,M,1981-10-25,44,Athlete
10418,TLQ9KHK71HV0TVJR,F,2001-07-17,24,Athlete
10419,TM70C46TZ4HNO06D,F,1988-02-23,37,Athlete
10420,TM7PVRBK2ZZN4KQ8,F,2009-12-29,15,Unified Partner
10421,TML70W8RUJC21Y5C,M,2005-09-07,20,Athlete
10422,TMT9AAI1PNMZXH7J,F,,0,Coach
10423,TMXYI5U5Q27UOJ2A,M,2003-02-03,22,Athlete
10424,TMYMCTLW2IU1B6BX,M,,0,Coach
10425,TN3GW95MUWQVTIVG,M,,0,Unified Partner
10426,TN3OHYDKG4CGKHLJ,M,1985-10-21,40,Athlete
10427,TNAOC6WKLI1SULBF,M,1964-08-09,61,Athlete
10428,TNEJ532NYUOA7U24,M,1960-03-19,65,Athlete
10429,TNIDKI7ESE9E3NGM,M,1974-09-28,51,Athlete
10430,TNKZFFICXJEV4600,F,1988-07-18,37,Coach
10431,TNL397KQV69FDTIV,F,1957-12-27,67,Athlete
10432,TNSDBNHTN897H8AU,M,1953-02-01,72,Athlete
10433,TOCMQXSAYURBTTNX,M,1972-12-13,52,Athlete
10434,TOMWBG9AJ9IBY03V,M,1982-09-29,43,Athlete
10435,TOQAYIQL7HR4WSQ9,M,1978-05-22,47,Coach
10436,TOQEIST7AN7WUDHP,M,1977-08-01,48,Athlete
10437,TOWZAPF7PCVOKXKY,F,1965-08-21,60,Athlete
10438,TP47ZA7672MLHRED,F,2000-05-29,25,Athlete
10439,TP84C0GJ24RC5SAX,M,1949-04-22,76,Coach
10440,TPB3NB7CLT3JUSCA,M,1951-08-18,74,Athlete
10441,TPE0S6S5RV27P7FT,M,1994-09-15,31,Athlete
10442,TPFXKA2STOGECE5V,M,2004-02-17,21,Coach
10443,TPX4PKC8J0FX46ZF,M,1962-12-05,62,Athlete
10444,TQEI082XW65MVYM6,F,2006-02-04,19,Athlete
10445,TQFS5O82F6KP4TGQ,F,1966-06-17,59,Athlete
10446,TQHHJZ8X6FFAERZQ,M,1970-05-02,55,Athlete
10447,TQHMAJLT8KNVRN5B,M,1991-11-28,33,Athlete
10448,TQLTVX99U5MUUIED,F,1972-01-21,53,Athlete
10449,TQOYEK9ZZJK54HSC,M,1977-12-08,47,Athlete
10450,TQQNVN8422UERMCR,M,1999-03-31,26,Athlete
10451,TQU3XAYX7OD0DNCQ,F,1989-12-04,35,Athlete
10452,TQU926KA2VLOMLME,M,1985-04-22,40,Athlete
10453,TQXM0YCRM5KU2U7J,F,1977-04-18,48,Athlete
10454,TR024CGZFSULB91S,F,1987-08-04,38,Athlete
10455,TR29GX2PJOY0H6Z2,M,1967-06-01,58,Athlete
10456,TR5BXQMEF0Y9NZGT,M,2005-11-26,19,Athlete
10457,TRAN4DP731SBCW0L,M,1953-06-01,72,Athlete
10458,TRN5MVLCUBTOBORD,M,1959-04-06,66,Athlete
10459,TRV36SLGD0EAJ4TI,M,1994-10-20,31,Athlete
10460,TS3A55O30AZREE9B,M,,0,Athlete
10461,TS3ZFSK5DTUHBMB5,M,2004-12-01,20,Athlete
10462,TSBZM817U87UII4M,F,2005-01-05,20,Athlete
10463,TSEE3SXEO21VI0QX,M,,0,Coach
10464,TSLX2NK8B6TXV9TF,M,,0,Athlete
10465,TSLZITC30HTCMAG5,M,,0,Unified Partner
10466,TSQPNMWK8QE6IV5O,M,1999-05-20,26,Athlete
10467,TSV8KKJ9N7TYFPW5,M,1988-03-19,37,Athlete
10468,TSW4ANP0S8OOSVUL,M,1997-06-09,28,Coach
10469,TT5K34FN9A87R7RY,M,1994-11-08,31,Athlete
10470,TT5TJ186Q8SVYESM,F,1990-03-04,35,Coach
10471,TTILNBMLHUY5TUYR,F,1958-03-05,67,Athlete
10472,TTS8FQSMDVU8VCJP,M,2003-06-23,22,Athlete
10473,TTV1HF3JF7BVYPTV,M,,0,Athlete
10474,TU4GL2PYL0JQJKYA,M,1993-10-27,32,Coach
10475,TUGXLT1L3OIZ9RWY,F,1949-05-20,76,Coach
10476,TUQCV2XYVGXARZ58,F,2001-03-16,24,Athlete
10477,TUS2W2BQFTDKQIW0,M,1972-10-31,53,Athlete
10478,TUSV32IOL2V11S9S,M,1979-06-04,46,Athlete
10479,TUT3N4X5PGAE12W6,M,1962-09-12,63,Unified Partner
10480,TV1QDXHLB16YAGJA,F,1985-03-14,40,Athlete
10481,TV9UXDP2P1UB2VHY,M,1992-08-10,33,Athlete
10482,TWCMAT5M0JSGT6W0,F,1977-11-23,47,Athlete
10483,TWHGISLV60549S92,F,1984-02-27,41,Athlete
10484,TWPG0X1JNQXA7ETU,F,1995-10-19,30,Coach
10485,TWWUBESG47A91CD5,F,1990-03-01,35,Athlete
10486,TX0F0OFXV4CNOUGH,M,1983-04-08,42,Athlete
10487,TX4MR856G7AN5P3Z,U,,0,Unified Partner
10488,TX5X7233VZ738D5I,F,1981-02-24,44,Athlete
10489,TX9DIXFWG6URYB6M,M,2005-09-06,20,Coach
10490,TXF3X7KTN8BSX9SZ,F,,0,Coach
10491,TXGK0E5O2JQS19YG,M,1974-06-20,51,Athlete
10492,TXKLIO4AWBQ570OZ,F,2007-11-09,18,Athlete
10493,TXR2AUJ47PZQWMP0,M,1960-02-28,65,Athlete
10494,TXUE01ZNZTO3HC0Y,M,1979-10-08,46,Athlete
10495,TY429JHKNZF0UEVS,M,1964-03-15,61,Athlete
10496,TY4CIQ676Z2LICQB,F,1977-06-08,48,Athlete
10497,TY8S3D97SG78N818,M,2003-09-18,22,Athlete
10498,TYC151BI4IQC0G94,F,1986-04-26,39,Athlete
10499,TYTG95093VGX6A5O,F,1973-05-30,52,Athlete
10500,TYWSOF2YUQI2ABKN,F,2011-08-26,14,Athlete
10501,TZ1C5KHNFAMO441L,M,2000-10-27,25,Athlete
10502,TZEP707LASFTDJWE,F,,0,Coach
10503,TZJB1LPD4Y52QL2R,M,1996-05-18,29,Coach
10504,TZN0ET3DGJ782KC7,M,1971-03-22,54,Athlete
10505,TZPJ8W03G3P8TWTE,M,1968-01-18,57,Athlete
10506,TZZY6F8BO4NVCHA8,M,1989-03-06,36,Coach
10507,TZZYK2UP8XRC2G4N,F,1972-09-11,53,Athlete
10508,U00412Y3ARRMKEAT,M,,0,Coach
10509,U0371RT7DHR1FFNQ,M,1992-12-01,32,Athlete
10510,U046Z2UEZHN2DWDP,M,2006-10-19,19,Athlete
10511,U0536JOYF8SM3KOJ,M,1996-04-04,29,Athlete
10512,U08H4FFUSY2QFNPU,M,,0,Athlete
10513,U0NUZXV5Z7EF3HVJ,F,2006-06-26,19,Athlete
10514,U0Q101TKLT0J04WK,M,1997-08-29,28,Unified Partner
10515,U1EJ4WWKDOERTT84,F,2005-11-01,20,Unified Partner
10516,U1IGER22E7EV6KJQ,F,2006-05-26,19,Athlete
10517,U1O2VX4RWCTSNJ6G,F,1986-11-02,39,Athlete
10518,U1UJI6W0089TVXC0,F,1986-05-22,39,Coach
10519,U28Z7XHW7LD15X4B,M,1987-04-27,38,Athlete
10520,U2EMWS78NZBF90EK,F,2008-09-20,17,Athlete
10521,U2O8GZ2LR7K1UO9P,F,2003-08-21,22,Athlete
10522,U2QQ7CWBX1XNNTTX,M,1959-11-12,65,Athlete
10523,U2UBIQURK4KLG6C7,M,1955-03-13,70,Coach
10524,U31T842GTGCVC817,F,2000-01-24,25,Coach
10525,U3KRBKHH3OIAYDBU,M,1970-11-03,55,Athlete
10526,U48AKIBQT3PNQVZX,F,,0,Coach
10527,U4BC05A8WH5S1S3H,F,1965-04-08,60,Athlete
10528,U4JJ032HVKK6XG9J,F,1957-01-27,68,Athlete
10529,U4NR2IV7W6Y9DEQU,M,2005-10-15,20,Athlete
10530,U4TW7N24SR7AMKW3,M,2008-01-04,17,Athlete
10531,U4VB5OXGNC6ZTBAJ,M,1992-04-11,33,Coach
10532,U56B2WC7WSD1BRRC,F,1985-02-07,40,Athlete
10533,U5ADFS7CYP7MEIOJ,F,1987-09-23,38,Coach
10534,U5GJQNM1P59TIVRW,F,2009-06-08,16,Athlete
10535,U5YWSD7KXABP85GD,M,1972-02-22,53,Athlete
10536,U647FESCHFK9T08D,F,2009-03-24,16,Athlete
10537,U6ANJAPFO7JL2FCE,F,1980-02-08,45,Coach
10538,U6BLC0NDQCGHLJDH,M,1946-06-24,79,Athlete
10539,U6CRHFJUY1K7G6JO,F,1989-11-24,35,Athlete
10540,U6DWTTPBAGH5I2W5,M,1962-08-15,63,Athlete
10541,U6IQ9CODTRJI4XIG,F,1970-11-30,54,Athlete
10542,U6JM6BNMWO1USHC9,F,1953-08-12,72,Athlete
10543,U6QUBKB37E059KX5,F,1959-08-16,66,Athlete
10544,U6VWTXA0U3AKB7S4,M,1993-05-13,32,Athlete
10545,U6XY1910AU85G215,M,1952-02-11,73,Athlete
10546,U7F84T35CA5OLNOQ,F,1994-03-28,31,Athlete
10547,U7IENS3B0O2Q0VZ5,M,1997-10-01,28,Athlete
10548,U7MS5XXAES3ZQLUK,F,,0,Athlete
10549,U7S8SSIKXLIDM46I,M,,0,Coach
10550,U7TFV9144H8OAA0E,M,1996-04-22,29,Athlete
10551,U7Y519UKH21NA7ZD,F,1997-03-15,28,Athlete
10552,U7Z20TKWT8AAU1EJ,M,1957-07-11,68,Athlete
10553,U7ZVNQUZX9ISJOV2,F,2002-03-18,23,Athlete
10554,U8AIA7EGGBSAWZ6H,M,1994-05-10,31,Athlete
10555,U8B1S7I4T49KIUMU,F,1955-07-22,70,Athlete
10556,U8K6KX1LSE2LSCD6,M,2011-01-04,14,Athlete
10557,U8OOB8HZTYJHHYA7,M,1982-07-06,43,Athlete
10558,U8RMBXXFT4R6I2TK,M,1993-10-02,32,Athlete
10559,U8X14MDWNOF7INF4,F,1991-03-26,34,Athlete
10560,U9QR9ZBE6141V9QL,M,1958-09-12,67,Athlete
10561,U9UFT9MQ5PAPWKHD,F,1980-09-16,45,Athlete
10562,UA0VAZCL4E01W2HX,M,1993-09-17,32,Athlete
10563,UA2H69AC7RPUZO09,M,2001-07-16,24,Athlete
10564,UA5JPA3I6Q9WJGHT,M,1991-01-11,34,Athlete
10565,UABIH9ABGKPFE12Q,M,1979-09-05,46,Athlete
10566,UAJP84I6WUQ7YSC9,F,1967-01-26,58,Coach
10567,UASYJZDUMAHRQLJ0,F,1993-01-08,32,Athlete
10568,UAZ148XGXBFGKYWC,M,1982-09-13,43,Athlete
10569,UAZ68AVA2H6LIA7I,M,,0,Unified Partner
10570,UB19A25NRYL9H4SQ,M,1992-10-17,33,Athlete
10571,UB1AHNOQ5B8SV8MC,M,1977-06-06,48,Athlete
10572,UB7TBMRJ2MUSBC81,F,2006-11-06,19,Athlete
10573,UB7WQ0QO2CYWCTU4,F,,0,Coach
10574,UBDTP9COM8H3ZNWR,F,1975-09-25,50,Athlete
10575,UBMTUTH7ITIJRG4B,M,1987-05-08,38,Athlete
10576,UBU8ZI7BKY3M6R51,M,1974-07-05,51,Athlete
10577,UCA4JB5QLE2GK3QN,F,1969-07-22,56,Athlete
10578,UCK3XMC5QB68ZKAM,F,2009-06-23,16,Athlete
10579,UCMMYDTM0Z77SDP7,F,2008-03-08,17,Athlete
10580,UCOKMK7J5F754WR1,F,1949-05-17,76,Athlete
10581,UCQBR9Y8L3LMR8BP,F,1989-02-27,36,Coach
10582,UCS5M944AS6IQ7M3,F,1977-11-29,47,Coach
10583,UCU8H5GNME3DRGB4,F,1975-11-17,49,Athlete
10584,UD5KY4COP84PEHJV,F,1988-10-18,37,Athlete
10585,UDFBCFI5VGO0U2JB,F,1986-07-29,39,Athlete
10586,UDRW2MGWMREZI2L7,M,1995-12-28,29,Athlete
10587,UDVVYOE69JWNRHWA,F,,0,Athlete
10588,UDZN38AFPO2GSYV3,M,2005-06-21,20,Athlete
10589,UE3J9199R2G8HG85,M,1997-07-07,28,Athlete
10590,UE7YAT1XCBXKVS4P,M,1961-08-07,64,Athlete
10591,UE89ZGBR37LMI2QH,M,1999-07-08,26,Athlete
10592,UECCYXL9018W8KZ0,M,1971-01-26,54,Athlete
10593,UECZCYP67T265WDT,M,2009-07-26,16,Athlete
10594,UEOION9KKNZ8GZWB,M,1972-06-30,53,Athlete
10595,UERW5QW23WKV37JM,M,1964-02-05,61,Athlete
10596,UEVOOYRFHJROY550,M,,0,Athlete
10597,UF0OVJEZ7US7N4ER,M,1989-05-01,36,Athlete
10598,UF2P1R52GB732FNM,M,1970-07-21,55,Athlete
10599,UFORTKB4TW2TZTQ6,M,1995-04-30,30,Coach
10600,UFRPAJPZTUCUIIE8,M,1956-03-17,69,Athlete
10601,UFTSXSDO3TPLHUVS,M,1990-10-15,35,Athlete
10602,UFXOW3NITTYYN4YH,F,1990-07-20,35,Athlete
10603,UFYMUO5QYDGLV6UM,M,1968-10-01,57,Athlete
10604,UG01U1Q4Y0YERTC9,M,1967-01-19,58,Athlete
10605,UG15LH3PBGG3DVHY,M,1961-11-26,63,Athlete
10606,UGB8UW0JV5EF9TFX,F,1960-04-03,65,Coach
10607,UGC08AIUHMSK4XBH,M,2005-12-11,19,Athlete
10608,UGCNPG8F63S4DYEX,M,1986-07-16,39,Coach
10609,UGD9ESZQM4TR479A,F,1985-05-03,40,Athlete
10610,UGF3721GZHH2KV3H,F,2002-03-19,23,Athlete
10611,UGNMIFS578VS555D,M,1955-07-12,70,Athlete
10612,UH1F8W6LOGOFAWYZ,M,,0,Coach
10613,UHBIPB6BAG4RWMP9,M,1983-05-01,42,Coach
10614,UHJWI4JGKNOZ5Q1H,M,1984-08-28,41,Athlete
10615,UHQF3RUEVQ6XP4S3,M,1987-01-22,38,Athlete
10616,UHS286YP81D9QLE7,M,1965-03-24,60,Athlete
10617,UIBYXLPEM06EIXUI,F,1993-10-22,32,Athlete
10618,UICRGONQWLY0IG0T,M,1966-05-01,59,Athlete
10619,UIDN7N31DXNHO2VT,F,1983-04-03,42,Coach
10620,UIEA3WL82ND573OR,M,1990-03-07,35,Unified Partner
10621,UIHZRUDQT7GCIT5L,M,,0,Athlete
10622,UIK7LB81YNMTXCQZ,F,1991-09-12,34,Athlete
10623,UIKRUPL4SSL2PY2U,M,1997-03-14,28,Athlete
10624,UIMESS9L0EPCLT0Q,M,1998-10-28,27,Athlete
10625,UIMXCAH2JK7ESNSR,F,1956-02-05,69,Athlete
10626,UIUR11JGA5WR965C,M,1987-07-26,38,Athlete
10627,UIWD8TAWMV2UUBGC,M,2004-12-12,20,Athlete
10628,UIY05HAPHXY7FNRC,M,2000-09-26,25,Athlete
10629,UJ4P4F8KRG4ELNZE,M,1997-11-05,28,Athlete
10630,UJH7ME3QM944GR69,M,2001-10-09,24,Athlete
10631,UJOGNR2U3FCSBYN4,F,1998-06-04,27,Athlete
10632,UJVTAZ8ZGK2OS7PM,M,1999-08-27,26,Coach
10633,UJXH6N4MXWYNHVDN,M,2010-12-20,14,Athlete
10634,UK0GOWQPJLDZN3FT,F,1977-08-04,48,Coach
10635,UK2KPGFJID1REO8E,F,1978-06-03,47,Athlete
10636,UKAMLSSP4E0SQ8BS,M,1965-03-31,60,Athlete
10637,UKXA5N5POLW7RMRO,F,1992-07-02,33,Athlete
10638,UL0O1U6OSBERUBLP,F,1962-02-10,63,Coach
10639,UL133KI4NTQLH55N,M,1971-12-31,53,Athlete
10640,UL39GN26EB86EDTA,F,2007-05-11,18,Athlete
10641,UL50YBGEZ6EZJTZV,F,1960-01-12,65,Coach
10642,ULA0REVQ2G8M8222,F,1966-09-17,59,Athlete
10643,ULE4MVIAINYM3U0W,M,1997-11-18,27,Athlete
10644,UM5XV5FG0JI267EL,F,2002-02-25,23,Athlete
10645,UMBZBV79L04CAEYD,M,1995-03-21,30,Athlete
10646,UMMFEM79F6AJ5S20,F,1982-12-04,42,Athlete
10647,UN0CSFRUQNJUFY9D,M,1963-10-18,62,Athlete
10648,UN2M93R9FXKSF30P,M,1994-12-27,30,Athlete
10649,UN6MHGPY3C53AFWD,M,1960-06-16,65,Athlete
10650,UNC36B7RG4HCS8EQ,M,1953-01-21,72,Athlete
10651,UNHAHG7Z2BAMH5N8,F,1961-07-30,64,Athlete
10652,UNNZJA6PP7HI0UD1,F,2004-08-17,21,Coach
10653,UNSVVM9G3H03F3F1,M,,0,Staff
10654,UNXW5OT12PREH8TK,M,1994-02-02,31,Athlete
10655,UNZNN2WH26OTG849,M,1990-07-12,35,Athlete
10656,UODTX5P8AVXGAZUP,M,1972-08-30,53,Athlete
10657,UOFOINJWTQRZZBBG,F,1986-10-07,39,Coach
10658,UP457GJBOB214HRM,F,2008-07-07,17,Athlete
10659,UP95F7L8LC5HRUTI,M,1994-09-20,31,Athlete
10660,UPCCDODYZZ7XU6F6,M,1996-06-07,29,Athlete
10661,UPEYSQK32MQOEO4D,M,1958-08-08,67,Athlete
10662,UPHIQK9WVAQ1RX7J,M,1993-10-17,32,Athlete
10663,UPI4JLJ96XCW4TTT,F,2003-10-07,22,Athlete
10664,UPNVWAOIXZ373ICI,M,1974-10-02,51,Unified Partner
10665,UPPWHOT3J9R6MCC7,M,1992-03-17,33,Athlete
10666,UQ9FSAXB0LT3LC1Z,M,1992-10-06,33,Athlete
10667,UQDH97EGC43BC7SE,F,1998-09-08,27,Athlete
10668,UQL4696J14N8YPQE,F,1994-11-05,31,Athlete
10669,UQMYW4FO62AI8G1Q,M,1996-05-17,29,Athlete
10670,UR013708G9Y0ABX0,M,1980-07-12,45,Athlete
10671,URDJEQG1EFSOMWYC,M,1992-11-03,33,Athlete
10672,UREJWIM4ZXOUL6CG,M,1993-10-31,32,Athlete
10673,URMNI7EWGI688E17,F,,0,Coach
10674,URV0YOTTFOQ6JF1I,M,1958-05-24,67,Athlete
10675,US1WWXO7YZ4LE6YN,M,1991-07-21,34,Athlete
10676,US4ADCMV1C24B69R,F,1996-01-04,29,Athlete
10677,USMPT7T2JK1IGRP3,F,2004-01-22,21,Athlete
10678,USTOBP1HCC4MIISJ,M,,0,Athlete
10679,UT2AZJ7FJPC2PR8M,M,1977-07-29,48,Athlete
10680,UT752S46V7IG5MX6,M,2004-10-10,21,Athlete
10681,UTCR2WSO28LLOEEM,M,1980-08-14,45,Athlete
10682,UTG37TT4WF582XJN,F,1976-11-25,48,Coach
10683,UTIIYV298SJA9JDK,M,1963-05-07,62,Athlete
10684,UTMWI53O0UT08EM5,M,1996-02-28,29,Athlete
10685,UTRM9VN8JUWZTAJA,F,1968-02-28,57,Athlete
10686,UU72EES7PFROO542,M,1965-02-15,60,Coach
10687,UUC27HDPTNRWM0BX,M,1985-06-28,40,Coach
10688,UUJCJUP829AKWJBY,F,1968-02-28,57,Coach
10689,UULW282LSHJ13NGX,F,1977-03-31,48,Athlete
10690,UUOIR5JLK51X993D,M,,0,Coach
10691,UUQ05BFR8W8YEU68,M,1961-08-28,64,Athlete
10692,UV2TTKCSUY3NKOKK,M,1992-02-27,33,Athlete
10693,UVHV8H1JLM4HFT46,F,1980-08-27,45,Athlete
10694,UVN4FQVI85K7RD24,M,1979-01-10,46,Athlete
10695,UVQQRXOQX3OYQRMK,M,,0,Athlete
10696,UVR3VAGR8Q57338H,M,1992-09-09,33,Athlete
10697,UW3MSFC06Z3G3520,M,1972-09-21,53,Athlete
10698,UWACSM6R6ABYZQ08,M,1960-09-13,65,Athlete
10699,UWPNAS2IOAYI1N5N,F,,0,Coach
10700,UWRC2UEWHG4RNYON,M,1987-06-02,38,Athlete
10701,UX2Y7IVN47KCPS5D,F,1992-07-17,33,Athlete
10702,UX3FRNQO6TQ3ZTP4,M,1998-12-25,26,Unified Partner
10703,UX6EPQ89MHBI8SIM,M,2005-09-08,20,Athlete
10704,UX9LC6C5AQ378UKQ,M,1947-07-01,78,Athlete
10705,UXNH1XC955UNT5KI,M,2002-06-26,23,Athlete
10706,UY0C7GPUGND4HJJ8,M,1991-09-13,34,Athlete
10707,UYC7KT2NSY2HLMW7,F,1971-02-15,54,Athlete
10708,UYDKNNOC78A3AHAR,M,1978-02-22,47,Athlete
10709,UYJ9PXKZI1QME5X0,M,1962-04-03,63,Athlete
10710,UYNYJTWQ2PHEI6K2,F,1958-05-21,67,Athlete
10711,UYZFPFSFA6MP6IYJ,F,1965-12-15,59,Athlete
10712,UZAENZOG5342009E,M,2000-11-02,25,Athlete
10713,UZGEHW0QJPUNPTDO,M,1959-11-01,66,Athlete
10714,UZGNR24PGI03ZAIW,M,1986-05-20,39,Coach
10715,UZT7HYHI212O9KZG,M,1993-07-29,32,Athlete
10716,V0H36R4K36QFDDM8,M,1966-03-30,59,Athlete
10717,V0JEF8PRW93RP7MB,F,1998-01-23,27,Athlete
10718,V16KC3VG0IMLDIR5,M,1963-05-11,62,Athlete
10719,V1DUTXHMQ109E6XJ,M,2009-12-29,15,Athlete
10720,V1H2RPYKS4VW95QZ,M,1956-05-07,69,Athlete
10721,V2242A202JI9LXU5,M,1989-12-17,35,Coach
10722,V2OQMG9II1640WNJ,F,1977-03-03,48,Athlete
10723,V3HFN16USCXTQB5Z,M,1962-02-23,63,Coach
10724,V3IZFP0UMH5RQBNT,M,2002-03-28,23,Athlete
10725,V3NFOSYT789RY8BB,M,1987-04-09,38,Coach
10726,V3O0A0QAL53KYLOD,M,1983-03-25,42,Athlete
10727,V3SNLTIEUR78Q1W0,F,1982-05-03,43,Coach
10728,V3TUGTOHRZAWLXY7,M,1973-09-17,52,Athlete
10729,V3VNT0F6GLAND1QZ,M,1993-01-08,32,Athlete
10730,V44IA6OI1NBLT1F0,M,1962-02-08,63,Athlete
10731,V4A7C3U7X7OTGVHL,M,,0,Unified Partner
10732,V4BRINO4EZYDXAMB,M,1976-06-28,49,Athlete
10733,V4NO7KV5G1HH5ZTB,F,1965-10-25,60,Athlete
10734,V4SKNH25RDQR5WIG,F,,0,Coach
10735,V4UNB8C23MWNZF08,M,1959-05-29,66,Athlete
10736,V5DHCXPXNRM25YS0,M,1952-03-11,73,Athlete
10737,V5EH7WRN54INHT7Q,M,1984-12-13,40,Athlete
10738,V5WOJ14C8ZG39LJO,F,1994-10-02,31,Athlete
10739,V6FICK5G2RCQO50X,M,1979-11-25,45,Athlete
10740,V6M8X0Z0K22LI0UC,M,1983-03-02,42,Athlete
10741,V6MN111FT342U02G,M,1998-10-17,27,Athlete
10742,V6UZ4BU12OP5PJZ7,M,1964-07-28,61,Athlete
10743,V6XMBLL4TDLE356V,M,2004-09-27,21,Athlete
10744,V7ALHV77M5VSDYUX,F,2001-10-09,24,Athlete
10745,V7ESNVAOOMQHEN1E,M,2001-11-05,24,Athlete
10746,V7FC73Q3U0ZYUIMZ,M,1993-10-27,32,Athlete
10747,V7TXPNK2VNRI2LC4,F,2005-10-26,20,Athlete
10748,V7ZF8PCZI7PZMHUC,M,2009-08-17,16,Athlete
10749,V833FMNLKYDCX2KR,F,1981-10-07,44,Coach
10750,V89TQWBO0W061O4J,F,1999-09-24,26,Athlete
10751,V8ILK1LHABVJMO9U,F,2002-05-21,23,Athlete
10752,V91YKXTTTXQTX5LZ,F,1983-11-22,41,Athlete
10753,V9ZQF74AEEDET9Y5,M,1992-10-08,33,Coach
10754,VA0QWXB7NY938ZLC,F,2004-09-04,21,Athlete
10755,VAG7G3ZFH5YRAQGI,M,1989-07-18,36,Unified Partner
10756,VAVFQJHFLWEQTX4B,M,1993-11-23,31,Athlete
10757,VB0EWT0XG7HT7I8O,M,1956-07-30,69,Athlete
10758,VB4D32Y7CJNFAHQA,M,,0,Coach
10759,VBA2VB76DJJXM7CL,F,1996-01-08,29,Athlete
10760,VBEZHTMCWY18QKNZ,M,2002-01-21,23,Athlete
10761,VBH3NM5GRC0QAXRZ,F,2005-05-02,20,Athlete
10762,VBJSQF2IX1ICY6HY,F,1948-11-25,76,Athlete
10763,VBUMAYJ5XX4XRVAY,M,1971-07-14,54,Athlete
10764,VCIMU5BDWAY2UFJG,F,1944-06-10,81,Athlete
10765,VCM6DLOGLQ9VDQ1O,F,1964-03-29,61,Athlete
10766,VCRDHUI77A8FQ7O7,U,1997-04-17,28,Athlete
10767,VCW0Q5GGL8M8M465,M,2008-08-01,17,Athlete
10768,VD856OX1NAKXS00I,M,2002-03-22,23,Athlete
10769,VDAMZZ5W274M922V,M,1962-11-18,62,Coach
10770,VDFXTCAPCTIU8IHI,F,1961-12-05,63,Athlete
10771,VDPE8H24MPTG0VUJ,F,1956-12-03,68,Athlete
10772,VDRQ7GP3XM5QK6VO,M,1984-04-26,41,Athlete
10773,VDW18VR4TSNL81GX,F,1964-05-12,61,Athlete
10774,VDZY19660I0JNMPB,M,2006-01-17,19,Athlete
10775,VE8OO3U51M2YCKKB,F,1992-08-13,33,Coach
10776,VEL68TCOJ43QN318,F,1961-08-05,64,Athlete
10777,VETLKF41HC2LNK9C,M,1999-08-15,26,Athlete
10778,VETPXE7BXB7X2RFT,M,1955-05-05,70,Athlete
10779,VFDI4O2TWR6XHP1H,M,1984-10-24,41,Athlete
10780,VFHB6GRCM8MYJ78K,M,1952-09-02,73,Athlete
10781,VFIK44GJ8X1TA8VF,M,1972-03-31,53,Athlete
10782,VFLCX3FVGNSEF2CW,M,1983-02-22,42,Athlete
10783,VFRRUUALU9I0RQ8B,F,1977-11-08,48,Athlete
10784,VFT56UDXSCECXYC0,F,1965-03-17,60,Athlete
10785,VFTEADT2BGS8P0O2,F,1983-02-02,42,Athlete
10786,VFW20YRHV9E8P1BS,F,1968-01-12,57,Athlete
10787,VFW45O03SCTKHE2V,F,2003-06-04,22,Athlete
10788,VFYNIZKJO6G3H7QJ,M,1979-07-03,46,Athlete
10789,VG2BT0EJSHSIYPJG,M,1991-08-22,34,Coach
10790,VGL5K4SCXZNR91M6,F,1993-03-05,32,Athlete
10791,VGO30SNDKS4K6TT9,F,1972-08-23,53,Athlete
10792,VGRQ19VZN5HBWMQB,M,1992-08-16,33,Athlete
10793,VH3I7Q0HR7XVMXOV,F,1998-05-22,27,Athlete
10794,VH6BL3ZBBB6GND4K,M,1970-04-21,55,Athlete
10795,VHEZ1EHR80YSZQLW,F,1978-03-01,47,Coach
10796,VHOWNCNB3A8CR0LE,F,1982-06-30,43,Athlete
10797,VHT8E1BOCGDJ3K88,F,1966-02-03,59,Athlete
10798,VHTE1GYOHJZUXAWJ,M,2006-05-15,19,Athlete
10799,VHU8M0A5I0QLB6XQ,F,1978-08-25,47,Athlete
10800,VHZ1OSRL5587CE0L,F,1980-12-26,44,Coach
10801,VI2K9L32O6WGYATS,M,1992-01-09,33,Athlete
10802,VIBZLFTJ6AZQ403V,F,1956-05-17,69,Athlete
10803,VIJF0BVXJV9I3D1U,M,2000-10-03,25,Athlete
10804,VIM37BMGC4PRRBAP,F,1962-10-31,63,Athlete
10805,VIRGQ790JOQ4EI6B,F,1995-11-25,29,Athlete
10806,VIRW03V5IY0RFTAY,F,1980-05-01,45,Athlete
10807,VJ1BQP9RPNCLH0B1,M,1981-03-04,44,Athlete
10808,VJ2A99HVT0OEF23F,M,1960-12-27,64,Athlete
10809,VJEOR6SUKQXZPMOH,F,1960-12-28,64,Athlete
10810,VJF5670HE1JL58L2,M,1990-04-19,35,Coach
10811,VJQWDJ8D11A4SBRE,F,,0,Coach
10812,VJYD86DWGHEG0W5R,M,1994-01-14,31,Athlete
10813,VK43TTMK6U545TIZ,F,1992-04-15,33,Athlete
10814,VK6AHKC9RTFMRXC5,M,1960-01-25,65,Athlete
10815,VKAX7Y0JXG784BZM,M,1960-06-02,65,Athlete
10816,VKXA0SDDC6TNX8B3,F,1969-02-19,56,Athlete
10817,VKZ1187T9KZEL722,M,1962-12-07,62,Athlete
10818,VL1ENB4RX52QU30W,M,1987-02-01,38,Unified Partner
10819,VLE8R1FQD2EH0TXA,M,1973-01-02,52,Athlete
10820,VM30L2L93RNSFB12,M,2005-11-10,20,Athlete
10821,VM8TOWDXYKZS6B3I,M,1992-11-05,33,Coach
10822,VMDWDI5Q5KNDH8TV,M,1954-01-03,71,Athlete
10823,VMJOB793OU1BNY1Y,F,1988-12-06,36,Athlete
10824,VMY68Q8433EE7ORA,M,1995-01-13,30,Athlete
10825,VMYEGDSBS3KW67VA,F,1997-12-16,27,Athlete
10826,VN84WHGZTFYUAT9U,M,2012-10-19,13,Athlete
10827,VNI3LTV1ZS9CD0L8,F,1980-04-25,45,Athlete
10828,VNNTRQJW7OS1MMB4,M,1991-02-09,34,Athlete
10829,VNOZL879ATY6WCPG,M,1993-04-09,32,Athlete
10830,VNS87VUI6H8XBRQX,M,1963-01-20,62,Athlete
10831,VNW9PQIN7A7R9FI9,M,1963-01-31,62,Athlete
10832,VNY7KDG54N0Y9VFX,F,2002-09-09,23,Athlete
10833,VO1IX7T28KY01J16,M,2003-09-10,22,Athlete
10834,VO56Z6KHTMDNVHL5,M,1990-12-31,34,Athlete
10835,VOABH4PXJU3K5U4I,F,,0,Coach
10836,VOVV4T62JA4CIVMW,M,1998-09-03,27,Athlete
10837,VOVWDM6KVTGN3SY2,M,2010-12-15,14,Athlete
10838,VOWFGGXDE43QH0QI,M,1949-12-19,75,Coach
10839,VP136WLW7GK3M4SF,F,1997-09-02,28,Athlete
10840,VP523KDVXYF8LJX7,F,1973-07-19,52,Unified Partner
10841,VP9TMRZXY9JA72A1,F,2002-05-31,23,Athlete
10842,VPAKL3NPC399VC3A,M,1976-05-27,49,Athlete
10843,VPFZZSZKI7HEIUBM,M,,0,Coach
10844,VPK98ELNTJCHFYUF,F,1969-10-02,56,Athlete
10845,VPRCPTYCPU3SPXX2,M,1998-06-20,27,Coach
10846,VPTGYJW6SWO83UUN,M,1966-07-13,59,Athlete
10847,VPU8N68UR6UCRC7X,M,1970-05-24,55,Athlete
10848,VQ4BJ3RQ6EE3VOJ2,M,1998-10-29,27,Athlete
10849,VQ94EHZ4XAG0XQYH,M,1983-06-03,42,Athlete
10850,VQRAHS44G1JFY540,M,1960-09-04,65,Athlete
10851,VQRWAYURFG2HMOIA,F,1994-07-13,31,Athlete
10852,VQYXLVZ0M8N8SHVW,M,2011-07-23,14,Athlete
10853,VR94CX6WB46X105W,M,2000-05-09,25,Athlete
10854,VRNDSJOJ9IIT4DGB,M,1992-04-25,33,Athlete
10855,VRVUAMBW7Z1QX6WM,F,1960-10-11,65,Athlete
10856,VRXTF1BH7JO3TESE,F,,0,Coach
10857,VRYMFEOQGZ4BAHR4,F,2015-01-15,10,Athlete
10858,VS78BMFR0Q1LCD1Y,M,1964-09-19,61,Athlete
10859,VSI8CWFXV5HUEIWA,M,1987-11-15,37,Athlete
10860,VSJII8ONM9YWB1PS,F,1964-03-19,61,Athlete
10861,VSKQC3DM5JZ1I1XY,M,,0,Coach
10862,VSVC5RUDIX4ACO1B,M,1969-02-12,56,Coach
10863,VSX86L5IMEA2F01N,M,1965-01-11,60,Athlete
10864,VT6TPN67U6I9ZMFN,F,2004-01-31,21,Coach
10865,VTBGY4DHC2CE676I,F,1952-03-22,73,Coach
10866,VTG3U4CCNMZIJ2Y7,M,1970-08-04,55,Athlete
10867,VTLH7VUSYGIXWUEM,M,,0,Athlete
10868,VTUVPICBL0YWH44X,F,1953-10-30,72,Athlete
10869,VU8C7J2ZJSKI2QMR,M,2000-01-17,25,Athlete
10870,VU8KJSNQX8N62SCF,M,1993-08-16,32,Athlete
10871,VUNV5NK1AJZU0304,M,1986-11-15,38,Athlete
10872,VUPO21KL90E5D8NS,F,,0,Athlete
10873,VV3KEOSLEBFB8E6P,M,1971-06-14,54,Athlete
10874,VV8TQBZ3HA5D26JX,M,1957-12-15,67,Athlete
10875,VVCJ42GOK61YQCJ2,F,1978-02-11,47,Coach
10876,VVDD680J97LXOGAA,F,2002-08-14,23,Athlete
10877,VVDOS0UA876GCFJE,M,2004-12-21,20,Athlete
10878,VVG1M4NZVQUD9S5A,M,2007-08-22,18,Athlete
10879,VVM10M9CI2URD8MQ,M,1990-12-01,34,Athlete
10880,VW6JBZGDNVPC2ULA,F,,0,Coach
10881,VWKV51VOF93JO237,M,2007-01-24,18,Athlete
10882,VWPF7JG2FG9W2BUU,M,2008-03-14,17,Athlete
10883,VWUFV2G5IA4FM30A,M,1975-07-07,50,Athlete
10884,VX06HGUGMOMXNJRW,F,1964-03-03,61,Athlete
10885,VX54D6VE2A8J5XJH,M,1989-05-09,36,Athlete
10886,VXLWP3DV440U4526,M,1998-11-08,27,Athlete
10887,VXSVR90TTB42X244,M,1988-01-31,37,Athlete
10888,VXXCM1M63SWNZ03I,M,,0,Unified Partner
10889,VY174HYGX2IA5B15,M,2005-03-04,20,Athlete
10890,VYBGEEEII9M5ALYO,M,1995-03-14,30,Athlete
10891,VYCPM6JYNB9IKYKA,F,2001-01-03,24,Athlete
10892,VYKHFSF2IVYWO20Z,M,1995-11-19,29,Athlete
10893,VYRRMJGP1QN246QI,F,1966-11-01,59,Athlete
10894,VYSU4FCSG4EV1JDQ,M,2002-04-23,23,Athlete
10895,VZTFDDTNFPUZIKN5,F,2002-05-10,23,Coach
10896,W013RBIUMK2LX10T,M,1991-04-16,34,Coach
10897,W07B3OEYW79NSWIG,M,1992-09-09,33,Athlete
10898,W09934Z3XJB2SG7D,F,1970-05-20,55,Athlete
10899,W0G5MHRQBQ1QZUH7,F,2004-01-01,21,Athlete
10900,W0G7QS7UE9JJUPD2,M,1993-04-09,32,Coach
10901,W0H484B0BHARS2KD,M,,0,Unified Partner
10902,W0OBCUJPZ4HSP5QN,F,1973-06-07,52,Athlete
10903,W0QLJTG9SI3MDWUH,M,1961-06-29,64,Athlete
10904,W0RQZ4ZYCJQMVRH5,M,1996-07-28,29,Coach
10905,W0UKVRSV0AT1NT9X,M,1974-04-06,51,Athlete
10906,W0XYM57UTZYDGF5G,M,2001-09-03,24,Athlete
10907,W0ZFNBDC2JB64JJN,M,1956-03-23,69,Athlete
10908,W0ZX8KHWASLKCJKX,M,2001-10-16,24,Athlete
10909,W1CGC3QFAVEG21FG,M,1985-04-27,40,Athlete
10910,W1FO8PSEH1RKMW2N,M,2006-09-01,19,Athlete
10911,W1TM6V5CDTE9C8S9,F,1994-05-18,31,Athlete
10912,W1UW8CC3RHKYBOYN,M,2000-06-08,25,Unified Partner
10913,W268G7KNHA0KCGRF,M,1992-06-24,33,Athlete
10914,W28VA6HGK1KDT97Z,M,1994-04-21,31,Athlete
10915,W2MZU4QOSDFLIPM6,F,,0,Coach
10916,W2TDWRDN1WSPZTKW,M,2007-05-16,18,Athlete
10917,W2TINEX7DWNG1OFD,M,1996-10-22,29,Athlete
10918,W2U80I6EGCHBE8C2,M,,0,Coach
10919,W2VC95ISMH6EOW5B,F,1985-05-29,40,Athlete
10920,W35HNHH4S6UB34YM,M,1973-08-22,52,Athlete
10921,W3DHLC0Y9DN6HAV8,M,2004-08-04,21,Athlete
10922,W3EQJ5W83MRO2L0Y,F,1981-04-26,44,Athlete
10923,W3UYNI9X9IYAVUI7,M,1988-09-13,37,Athlete
10924,W42WSSGD50ANZO2X,M,1954-07-31,71,Athlete
10925,W499O5CQ8LE5JNUX,F,1985-04-25,40,Coach
10926,W49R2UTM22FB1F74,F,1971-04-11,54,Athlete
10927,W4CFGYMMZJQA41MT,M,2000-03-29,25,Athlete
10928,W4PSYV20SMSN8QQI,M,1957-04-16,68,Athlete
10929,W51STD8D4WS5TEIH,F,1994-12-28,30,Coach
10930,W5C5HAPI8LCODJUO,F,1956-05-21,69,Athlete
10931,W5EDYAJKEAVV3SC6,M,1965-04-25,60,Athlete
10932,W5Q1MDZ6X9MBKPB3,M,1998-11-11,26,Athlete
10933,W5QVZAXA0Q9G8QOE,M,2003-12-05,21,Athlete
10934,W67YRE56BH3WCG2B,M,2000-03-17,25,Athlete
10935,W6Q02UA1Y364YHVL,M,1985-12-03,39,Athlete
10936,W6THJP6CIF69WK2A,F,1982-03-24,43,Unified Partner
10937,W7P5E2ECLMDVPILB,F,1998-05-12,27,Coach
10938,W7R5JMHGUMHCH2A8,M,1996-05-04,29,Athlete
10939,W7R70E73AA0LG2RQ,M,2001-07-05,24,Staff
10940,W7UAE618L6OL8KY5,F,1975-09-26,50,Coach
10941,W8FHF33C7GQOT3ME,F,1969-10-24,56,Athlete
10942,W8G3CVMD43TYL9QH,F,,0,Coach
10943,W8GDLX5C0QFOBEJM,M,1960-08-14,65,Athlete
10944,W8O9V9PZGU0YOH01,F,1990-10-20,35,Athlete
10945,W8ZJ76VE2PIWJBF6,M,1961-08-07,64,Coach
10946,W947F27PYU768R8S,M,,0,Athlete
10947,W95LURN8F9JW2RD8,F,1998-12-23,26,Athlete
10948,W9GU233O7DG6NUE5,M,1976-08-27,49,Athlete
10949,W9LFBCF6TVRK26IR,U,,0,Unified Partner
10950,W9OY3P0UB40LI3G1,F,2010-10-12,15,Athlete
10951,W9ZUMHL9H30E05DA,M,1981-11-20,43,Athlete
10952,WA3WBF2HJKKI2DHT,M,1985-05-31,40,Athlete
10953,WAAFRZP2EA2ONP4U,M,2000-11-29,24,Athlete
10954,WAL3RNT5HERZ1TOL,F,1987-03-12,38,Unified Partner
10955,WANOV67WY3F2YBRS,M,1983-03-11,42,Athlete
10956,WAO56SF0DC6L42W4,M,1968-01-12,57,Coach
10957,WAQCVI69NWOLVK7Z,M,1960-09-07,65,Athlete
10958,WAWF6IAHDNH3H8B4,F,1966-10-26,59,Athlete
10959,WBHNWAGT24H7BLAV,F,1959-11-16,65,Athlete
10960,WBJU8B0N4V0LBN9W,M,1970-09-28,55,Coach
10961,WCO938W9YH9SEMXT,F,2010-09-18,15,Athlete
10962,WD25J0T4BIAF51GM,M,2001-07-16,24,Athlete
10963,WDA0N46HIWJ20F9S,M,,0,Athlete
10964,WDC7QJJO3AMSOVFX,F,2002-07-10,23,Coach
10965,WDDXGEL3W6L3J71Z,M,1998-02-26,27,Athlete
10966,WDIZBBT2RCS76B20,M,1991-08-12,34,Athlete
10967,WDJO6KZVK4BXCAZU,M,,0,Athlete
10968,WDPBPCVQLKZ6A54X,F,1975-07-10,50,Athlete
10969,WE45XP4EW9WG55NA,M,1990-01-28,35,Athlete
10970,WEHCI8VDZ17Q4255,F,1996-02-27,29,Athlete
10971,WEP8U6W6D4DABRRE,M,1962-09-08,63,Athlete
10972,WEWW95UWRAGD5DEZ,M,2011-01-25,14,Athlete
10973,WF6L8PYB7Y30IYI7,F,1960-03-29,65,Athlete
10974,WF6OYLXVYYGN200H,F,1977-11-23,47,Coach
10975,WFC1FOBK140TLZVD,M,1972-10-07,53,Athlete
10976,WFHTCIIXH3XGXTLS,M,1959-07-02,66,Athlete
10977,WFK9T2AP9KXP28NG,F,1946-10-03,79,Athlete
10978,WFMRKMBLEXLCJ072,M,1984-06-21,41,Coach
10979,WFQZFOPINP4FAG53,F,1993-02-14,32,Athlete
10980,WFXH8QWZGAT9GJGV,F,2012-04-05,13,Athlete
10981,WGFZGXMAZ8H9UG41,F,,0,Coach
10982,WGMCYNVW613L4ZGJ,F,1981-01-07,44,Coach
10983,WGPRI63JZMG2L42S,F,1959-10-12,66,Athlete
10984,WH4Y5BGXE13N6W59,M,1974-10-31,51,Athlete
10985,WI3W9ENT9I7OB9KE,M,1993-05-24,32,Athlete
10986,WIT557UTZKYT9CC5,F,1965-05-16,60,Athlete
10987,WJ9B2IDME2BA56IF,F,1972-12-03,52,Athlete
10988,WJF8M4JKIXALQTCV,M,1952-03-16,73,Coach
10989,WJNPWQM6YBA94T76,M,1997-01-21,28,Athlete
10990,WJTFLMVN8DWCL89L,F,1979-12-20,45,Athlete
10991,WJTHC5LEQUGZLBOM,M,1986-12-22,38,Athlete
10992,WK8TI0HWQHG3PDGC,M,1981-03-29,44,Athlete
10993,WKD1VX29ITHA9NFQ,F,1965-10-14,60,Athlete
10994,WKEXBNKB74C7X1QD,F,,0,Unified Partner
10995,WKMF9IVGE715TZ6B,M,1997-01-09,28,Athlete
10996,WKV6N9WR98LE87YV,F,1947-06-19,78,Athlete
10997,WKVOI1Y9OT58E2QJ,M,2002-11-18,22,Athlete
10998,WL2PD6DAPAIA9LMB,F,1980-07-17,45,Coach
10999,WLA0CPXWV4FB58RT,F,1978-10-05,47,Athlete
11000,WLWFEQRDBJWBY589,M,1995-09-29,30,Coach
11001,WM3ZBAO9EW47FODT,F,1992-08-27,33,Athlete
11002,WM4DI0SXDL574DKV,M,2003-04-14,22,Athlete
11003,WMC5LU3PKZD2NOFH,F,1999-12-18,25,Unified Partner
11004,WMEF8OA4B0ZRPMVP,F,1979-07-30,46,Athlete
11005,WMF63BJM4CP90BAP,M,1971-05-13,54,Athlete
11006,WMOBFD8OM4PR27CC,M,1997-09-12,28,Athlete
11007,WMZR8BZUU5TKVWRR,F,1957-01-26,68,Athlete
11008,WNA66AQFBWWTPGFD,F,1986-09-13,39,Athlete
11009,WNJCNYNR12KRSW78,M,1965-01-27,60,Athlete
11010,WNLWMGDR9KECNRW5,M,1996-06-30,29,Athlete
11011,WNOSYD6R8WLBUVH0,M,,0,Athlete
11012,WNTAR39J263TTPCX,F,2000-03-14,25,Athlete
11013,WNYIUETHAHJWB9F0,M,1973-05-19,52,Athlete
11014,WO8PL3TCFQTS2KYZ,F,,0,Athlete
11015,WOI088XKVBTL4075,M,2008-08-04,17,Athlete
11016,WON2BW1JHODIV70J,M,1972-12-13,52,Athlete
11017,WOPMOCMKCF1Z7QS0,M,1970-05-12,55,Coach
11018,WOX6K2DIS8DSIO45,F,1995-10-26,30,Coach
11019,WP4HTKEFD3NUN46T,M,1995-08-12,30,Athlete
11020,WPO0V8GDDFRSLVH5,F,1978-07-17,47,Coach
11021,WQ4RA5RD6GRFLZUT,M,1998-08-18,27,Athlete
11022,WQ9LXMNZ1CAF2KIO,F,1966-07-28,59,Coach
11023,WQDLJYJ513KKZZFI,M,1960-06-27,65,Athlete
11024,WQH8HRPUDI9JMTSA,F,1987-02-05,38,Medical
11025,WQIHMSW7G8LLS4JU,M,1995-07-08,30,Athlete
11026,WQLKYXQKCXD9NWGY,M,2000-12-31,24,Athlete
11027,WQLSAKUTA48KHUCN,M,2002-12-16,22,Athlete
11028,WQMJD733JJGC98V5,M,1980-04-23,45,Athlete
11029,WQOOSNOTMZK4PFTP,M,2000-11-14,24,Athlete
11030,WQTNTQ36P73AVORF,F,1964-06-24,61,Athlete
11031,WQV9ZIQPJCCKPJWN,M,2016-02-20,9,Athlete
11032,WQZKHXHA4BUTQTBO,M,1976-03-03,49,Athlete
11033,WR8XBFNTFFTV14TU,M,1994-05-04,31,Coach
11034,WRPDNHB0M5JJDOJK,F,1981-05-12,44,Coach
11035,WRWZ602QAQ9FB7C1,M,1981-11-15,43,Athlete
11036,WRZ3593Y2QPQQLRS,M,1967-03-15,58,Athlete
11037,WS42MH9REINYP3TG,M,1991-06-30,34,Athlete
11038,WSG31JFETUEYHRM9,F,1964-05-22,61,Athlete
11039,WSNSBLQFVDBMVGWJ,M,1946-12-09,78,Athlete
11040,WSTUCRZNFP5NVANG,M,1997-07-17,28,Athlete
11041,WT4W0HAU9L9OZZQY,F,1973-12-30,51,Athlete
11042,WT8OT8Y6YS2LV7ZP,F,1995-06-14,30,Athlete
11043,WTDUKYJFU2QEQ9NY,M,1967-07-09,58,Coach
11044,WTRMXXQGMEV5F5SG,M,1971-01-30,54,Athlete
11045,WTT6X3AGQJD9WXGJ,M,1971-06-15,54,Athlete
11046,WU14NYXXKPOV1N40,M,1934-08-10,91,Coach
11047,WU21N1E9BFWHDIAJ,F,1990-07-24,35,Athlete
11048,WU52L8Y3LDJRC1B1,F,1992-09-07,33,Athlete
11049,WU897JDTOPR4HQ1L,M,1973-12-12,51,Athlete
11050,WUGTIIHVIH3PO0DH,M,2000-02-25,25,Athlete
11051,WUILO16DHYKLB7H8,M,1961-07-27,64,Athlete
11052,WUUUY0BF9XZGZ2EI,F,1954-04-21,71,Athlete
11053,WV5EFUM1Z7W7AHNL,F,2011-01-21,14,Athlete
11054,WV6OW6GCVXME0906,F,,0,Athlete
11055,WV7G41LU25P7MDEE,M,2002-12-13,22,Athlete
11056,WV9FCL75HMUTX6U5,F,1993-06-03,32,Athlete
11057,WVB43IB0LFO5257D,M,2003-11-12,21,Athlete
11058,WVG5ND519KFUGNP4,F,1998-12-09,26,Athlete
11059,WVMSAIY13QWNEDC9,M,1947-11-27,77,Athlete
11060,WVOKLTX0SU807QUC,F,1979-05-02,46,Athlete
11061,WW1G9AHDK8NATPB7,F,1999-05-01,26,Coach
11062,WW231RZMC4ZAEVO9,F,1969-07-04,56,Athlete
11063,WWG3V2FQQD5KAQ0C,M,1988-06-01,37,Athlete
11064,WWHPZX226MGBJ23H,M,1956-11-08,69,Athlete
11065,WWN2039FR98TCOV6,M,,0,Unified Partner
11066,WWZWTS8YUYAHCTHV,M,1991-11-13,33,Athlete
11067,WX3PVA1YAD0SPEJD,F,1961-03-02,64,Athlete
11068,WXBK6B52SWGHKJK1,M,1989-07-31,36,Athlete
11069,WXE7GD8RP5GRFLIK,F,1971-02-21,54,Athlete
11070,WXJIOGWF8QLTOPV6,M,1986-04-15,39,Coach
11071,WXSNIOFY4XREIJNP,M,1963-08-03,62,Coach
11072,WXYK7GAKV8Q34FOG,M,2004-06-05,21,Athlete
11073,WXZ9CJS1IONZMEG1,F,1957-06-14,68,Athlete
11074,WYF1Z7RXDOIV797S,M,1996-05-28,29,Athlete
11075,WYNEWLL3JSWQRX8Y,F,1972-12-25,52,Coach
11076,WYQWFYXXDY5OLNI5,M,1992-05-20,33,Athlete
11077,WYRI1EQ2FMAA7EIC,F,1979-12-21,45,Athlete
11078,WZKJ722097ZZVBU0,M,1987-02-02,38,Athlete
11079,WZO0RBSJ3EHQKT57,F,1982-01-25,43,Athlete
11080,WZQ2DDBE2U1NWHT7,M,2005-01-15,20,Athlete
11081,WZXJNWIUI58IW80Y,M,,0,Coach
11082,X01KXKQUO8PNVEBI,M,1990-06-23,35,Athlete
11083,X036UPIVQR7XGPMB,M,1996-05-07,29,Athlete
11084,X0CWNKSXT3TXYXZS,F,1994-09-16,31,Athlete
11085,X0VWHWP6WLFI6OH4,F,1952-01-18,73,Athlete
11086,X0YM01J5B70E82H8,M,1967-10-29,58,Athlete
11087,X12Y1INW22TCULCA,M,1985-04-03,40,Athlete
11088,X16X5CUW1BS11CRI,M,2002-09-08,23,Unified Partner
11089,X18269OQABK62XHK,M,2000-10-03,25,Athlete
11090,X1A3L6AMIZP4CZHL,F,1982-06-28,43,Coach
11091,X1EO4E1KGSQUPXHJ,M,1994-04-25,31,Athlete
11092,X1JYJ1ENLQWM9FKP,F,2003-09-19,22,Athlete
11093,X1LUHH2JTMY0WKNJ,M,2005-10-19,20,Athlete
11094,X1MKI09PMTIPQ92L,M,1974-06-23,51,Athlete
11095,X1XSJP5O1GX4Y8GF,F,1954-01-27,71,Athlete
11096,X1Z9BEJPZKQJWEKK,M,1969-10-28,56,Athlete
11097,X20Y8RBGSVBFBYOU,F,1999-01-17,26,Athlete
11098,X2208IK8AOZ747WH,F,2002-11-21,22,Athlete
11099,X26AL9QVLCW6A1OU,M,1991-09-07,34,Athlete
11100,X2AWF5MMMPWF3JPL,F,,0,Coach
11101,X2EF5M2PINDXPGQN,F,1999-10-22,26,Athlete
11102,X2MRHEF29CH9ZS8F,F,1971-05-07,54,Athlete
11103,X2PU8NJLZLQWSKUF,F,,0,Coach
11104,X2WUCY8QA6U3IVIO,M,1988-11-14,36,Athlete
11105,X32HFCFNGWNIOHPM,M,1969-09-16,56,Coach
11106,X3RQ4KD667V0LPSY,M,2001-07-23,24,Athlete
11107,X3V68GG8I8VI3C2T,F,1967-10-10,58,Unified Partner
11108,X3WZF2YO3GYM3R9P,F,1969-06-05,56,Coach
11109,X3YI57D1CW43KCO1,F,2002-10-20,23,Athlete
11110,X4075JKDKJX6QTAW,F,1973-10-26,52,Coach
11111,X4765PP7WD6QKOI4,M,1992-01-09,33,Athlete
11112,X4I516CYYW3X3JML,M,2001-01-30,24,Athlete
11113,X4JG2L3ZZ2NAB4QD,M,1965-08-03,60,Athlete
11114,X4N2KAXRICIFOFU8,M,1993-07-04,32,Athlete
11115,X4PQW82D559W1I9R,M,1949-10-05,76,Athlete
11116,X4V0XE15OL732HC5,F,1999-10-04,26,Athlete
11117,X4Y2E7GLMAXMI7PI,M,1955-11-30,69,Athlete
11118,X59PBI1QTXX6TZOL,M,1966-12-06,58,Athlete
11119,X5GKV4A6QQIT9FHQ,F,1966-05-10,59,Athlete
11120,X5J4Z687MFKFKPY7,F,1981-06-16,44,Athlete
11121,X5ULL5THV3QYUM0Q,M,1973-10-20,52,Athlete
11122,X64CR8RVOIDB9DNO,M,1997-06-27,28,Athlete
11123,X6FW6XSVL9LA5S95,M,1954-04-10,71,Athlete
11124,X6GKRSG1WISROK6K,F,2004-09-10,21,Athlete
11125,X6L7KX1TWKM2DIQG,M,1984-03-29,41,Athlete
11126,X6NTDINPXN8FQ66N,F,1982-08-23,43,Athlete
11127,X6R7UKF67VUBCVSA,M,1993-11-16,31,Athlete
11128,X6R9W8WGSK8ERC4X,F,1947-12-23,77,Athlete
11129,X71TO9720DZFXKG8,F,1993-03-08,32,Coach
11130,X73B5UUK7B6TXU8G,M,1981-02-18,44,Athlete
11131,X73YY3FCBVJVDYMR,M,2002-08-07,23,Athlete
11132,X75BB0QFAZ949TAN,M,1990-10-09,35,Athlete
11133,X7C4HOCZQS00OPFN,M,1970-12-26,54,Athlete
11134,X7EMOFQKYS5BAONX,M,1968-02-16,57,Athlete
11135,X7F4J2P5KI0VIXKQ,M,1961-04-02,64,Athlete
11136,X7Q4FM3V15XVBUD0,M,2006-03-16,19,Unified Partner
11137,X7RQ60HP7BIKLH3Q,M,1972-04-21,53,Athlete
11138,X7W7N3C2TAVD760N,M,1994-06-03,31,Athlete
11139,X820OJBMZ7KL7581,F,1972-10-25,53,Athlete
11140,X88112LSOESU1DXE,F,1986-05-16,39,Coach
11141,X89EGZAQMK47TAUK,F,1961-04-12,64,Athlete
11142,X8BWHQ0OP503HN3V,M,2009-04-08,16,Athlete
11143,X8KQZJ2JS923X4AK,M,,0,Athlete
11144,X8P52H32TDFKT0FT,M,2001-11-14,23,Athlete
11145,X8T5JN2CZIXGDECN,M,,0,Athlete
11146,X9CZWVH0HOEKDGAY,M,1972-10-12,53,Coach
11147,X9ED2B54GMQXUENQ,M,1991-11-08,34,Athlete
11148,X9FCG5XZ15KUQN7H,M,1988-07-01,37,Coach
11149,X9SBEE93QVJL4YTX,M,1971-01-11,54,Coach
11150,X9ZJWTX9YAE7LXCS,M,1982-01-07,43,Athlete
11151,XA3KCRDXBSAI733I,M,1987-05-16,38,Athlete
11152,XA3YWGNCHIBIZQRZ,M,1994-09-02,31,Athlete
11153,XA8X6STXS8OPBWC2,F,1976-02-25,49,Athlete
11154,XAC1R7XL9FZ1XKRA,F,2001-08-26,24,Athlete
11155,XACNVF35KMSKJA7H,F,1999-08-19,26,Athlete
11156,XAG21YK7S89ASIUG,M,1975-08-07,50,Athlete
11157,XAVDDOY5GVGGJ0P0,M,2002-01-26,23,Athlete
11158,XAXQ44FOQ999VQZ7,F,1980-07-25,45,Athlete
11159,XB0Q57H1J9UZCYAZ,F,1963-09-06,62,Coach
11160,XBDXF8Z10KOPHKU5,M,1998-09-07,27,Athlete
11161,XBG4PH0XDPHJ3LAM,M,1982-02-19,43,Athlete
11162,XBJ64RJDEIUN2RB4,F,1977-04-05,48,Athlete
11163,XBJM4QXDUDYM22JY,M,1955-08-07,70,Athlete
11164,XBS5X2TDKYT6F939,M,1960-11-23,64,Athlete
11165,XBXHFLEBZS4K5A6Y,F,1999-07-08,26,Athlete
11166,XBZU5UMN8I3A4K36,M,,0,Coach
11167,XC144OGM0HOPF5UK,M,2009-04-06,16,Athlete
11168,XC4WI5THXFP5K3YY,F,1967-10-08,58,Athlete
11169,XCHP5BL4TY7GIBKA,F,1998-11-14,26,Athlete
11170,XCYCH3RC263DESZS,F,1964-01-03,61,Athlete
11171,XD8FG5XDO5HX66P7,F,1969-01-08,56,Athlete
11172,XDA6S1PWUAFT1V6V,F,1997-06-13,28,Athlete
11173,XDHQBPQV5OTAACW8,F,2001-01-19,24,Athlete
11174,XDMFV33X9531H6KM,M,1984-03-06,41,Coach
11175,XDPSC6UTVRIFYHQK,F,1977-06-02,48,Athlete
11176,XDXC77VJRQA26CLU,M,1971-06-17,54,Athlete
11177,XEI3J2TLZJYLSZUY,F,1981-11-23,43,Athlete
11178,XEMTZJKXNPULY8V4,F,2003-02-05,22,Athlete
11179,XEOM88KZF4S3U4P1,F,1966-07-22,59,Athlete
11180,XEVZT77NTX95ESVF,M,1978-03-29,47,Athlete
11181,XEYCLYFGVKIZRUCE,M,1992-05-18,33,Athlete
11182,XEZYEFZLRU09ZZWY,F,2000-07-27,25,Athlete
11183,XF18HQU7U0BZDFEZ,F,1968-09-04,57,Athlete
11184,XF2JNB98C7OBRX16,M,2005-07-23,20,Athlete
11185,XFD371W4FE11DRZ1,M,1983-04-09,42,Coach
11186,XFQ2DX3ZAC5ISGT4,M,1979-01-27,46,Athlete
11187,XFRL42Q5FKACQ5HV,M,1953-09-01,72,Athlete
11188,XFUNRLSZ04YQLPDQ,M,2006-04-07,19,Athlete
11189,XG0EFRRHNHW8XKZ6,F,1966-01-16,59,Athlete
11190,XG1O6US4O79IC9KR,M,2000-10-04,25,Athlete
11191,XGG2WGQ4CA7LM4B3,M,1984-05-30,41,Athlete
11192,XGXVTXL7A1OY2XJK,M,1999-07-22,26,Athlete
11193,XGYK91OP62P1Q0ZX,M,1966-11-27,58,Athlete
11194,XH4J8LCWMM0MFKBY,F,1994-03-05,31,Athlete
11195,XHALSFVJ9RK72OJ3,M,1972-11-14,52,Athlete
11196,XHF3P9GMN6EZXZT8,M,1900-01-02,12,Athlete
11197,XHKHF42PIKJ3BGQ4,F,1992-06-12,33,Athlete
11198,XHMJTEN6ASNNQOWC,F,1971-03-19,54,Athlete
11199,XHW0KF5VK03BBGK9,M,1988-11-22,36,Athlete
11200,XHZTBHODGBOWJQSW,M,1998-10-09,27,Athlete
11201,XI7E5EGBAAPXIH35,M,1996-04-17,29,Coach
11202,XIJ370DCGUSBXVKH,M,1976-09-16,49,Athlete
11203,XILOUQEJR9ENRK2N,M,1989-10-27,36,Coach
11204,XIXYFQZCM0YO4FXJ,M,1994-04-25,31,Coach
11205,XIY1VHEE5CNT2W1X,F,1969-07-04,56,Athlete
11206,XIY8PBCLHMT52XGY,M,1981-12-11,43,Athlete
11207,XIZ8GM2G9WESV5RU,M,2002-12-02,22,Athlete
11208,XJBDGUTGGTBGSRAM,F,1982-12-03,42,Coach
11209,XJFN9KLUNQ18ZOLY,M,1989-08-12,36,Athlete
11210,XJND9JY5XXW0OE2R,M,1994-05-23,31,Athlete
11211,XJNKB6TZIEIRRTTN,M,2007-08-29,18,Athlete
11212,XJPYSHPSEY4U7YQB,M,2004-08-21,21,Unified Partner
11213,XJTBUWW6J3ANGT26,M,1991-08-02,34,Athlete
11214,XJZCK5N4H3OMSVBZ,F,1980-06-25,45,Athlete
11215,XJZEMFQ64ZVSC9TL,F,1992-01-31,33,Athlete
11216,XK08XQPKGO88YNAL,M,1976-02-17,49,Athlete
11217,XK673RWKDW998B43,M,1972-06-28,53,Athlete
11218,XK6RUEVIB4Z9SQF7,M,2013-05-29,12,Athlete
11219,XK90NYJ13UOTRCN1,M,1963-12-30,61,Athlete
11220,XK94Y1R7U43IIYYF,M,2000-05-18,25,Athlete
11221,XKE15Y40U9P66O9C,M,1959-07-13,66,Athlete
11222,XKMGYJ5K7RZ55KE9,F,1960-06-19,65,Athlete
11223,XKP03K7COAKR5AVH,M,1989-06-01,36,Athlete
11224,XKX6PP959OX111VI,M,1995-01-16,30,Athlete
11225,XL8ZRE25N08H0UAE,F,1965-02-11,60,Athlete
11226,XLFJMC1DG4LP5PWW,M,1958-03-14,67,Athlete
11227,XLHPTDI5S47PIG1A,M,2001-08-14,24,Athlete
11228,XLI5FS6ZJMFL4TPY,M,1961-09-07,64,Athlete
11229,XM4AJCMPZTGW4YXI,M,1960-05-04,65,Athlete
11230,XM7ZXZRE7D2SZWJ5,M,1993-11-06,32,Athlete
11231,XM88L9LC3CD02CYC,M,2005-10-11,20,Athlete
11232,XMCYY8GTQPSSL3N1,M,,0,Unified Partner
11233,XME8JRX5U8A8MDP1,M,1952-12-03,72,Athlete
11234,XMW96XOC32RPYXZW,M,1977-10-21,48,Athlete
11235,XMYJ9U0IONWW79OH,M,,0,Athlete
11236,XN4J634NI39Y1SE9,M,1991-07-09,34,Coach
11237,XN7VWKQTWTL8A4VZ,M,,0,Unified Partner
11238,XN8JQX7VYMYP3Y5E,M,1981-03-19,44,Athlete
11239,XNA11HW92Y761LT5,F,,0,Coach
11240,XNCTI86RYS1F82M9,F,1985-08-10,40,Athlete
11241,XNUIF10YPQX8HAY5,F,1973-01-17,52,Athlete
11242,XODT90PHWDSJHN60,M,2003-10-21,22,Athlete
11243,XOGR00AAAZW5L6Z5,M,1976-08-15,49,Coach
11244,XOH3CD69TIBXVU6I,M,1967-06-02,58,Athlete
11245,XOYNB6ZZ1EK4W3OJ,F,1991-10-22,34,Athlete
11246,XOZG8GZV08582EWE,F,2005-04-30,20,Athlete
11247,XP307LACEQRPFXRM,M,1987-03-03,38,Athlete
11248,XPCXOAJELZ23SI0C,F,1958-05-03,67,Athlete
11249,XPEDXXF2WFAZ3BT9,F,1962-09-26,63,Athlete
11250,XPHHCATERIQG1DL7,F,1985-01-29,40,Athlete
11251,XPLG7FRDOT39ASXS,F,2001-12-23,23,Athlete
11252,XPQ4KSAHP5J67JCH,M,1947-12-24,77,Athlete
11253,XPXRZGBUZXC988M8,F,1977-05-10,48,Unified Partner
11254,XPZEQSCV5FMBL6AF,F,1969-04-13,56,Athlete
11255,XQ005PL8Q09OR3QL,F,,0,Coach
11256,XQ7Q9GH3DF2H086N,F,1980-05-06,45,Athlete
11257,XQMUUGQLEO7QKKQ9,M,1990-10-29,35,Coach
11258,XQNIZ86VFQ50NNWP,M,1963-10-31,62,Athlete
11259,XQQL5D090G2OLWDK,F,,0,Coach
11260,XQWL4UO0NJ2CEN9G,M,2007-02-28,18,Athlete
11261,XQXUR1GI8MJJ7GXH,F,1981-04-07,44,Coach
11262,XQYKGO0U5461I0S3,F,1959-03-15,66,Athlete
11263,XR2AW92I0VDQ57YX,F,1959-07-23,66,Athlete
11264,XR7RWZ6BT3KRM2ND,M,1994-06-29,31,Athlete
11265,XRP34B6KE8XC285G,M,1962-08-03,63,Athlete
11266,XS11IYHUL8RIUXKL,M,1993-08-05,32,Unified Partner
11267,XS4MR4YU5VW46Z8I,F,1958-10-30,67,Athlete
11268,XSDSR1P7UI311CVM,M,1966-05-24,59,Coach
11269,XSEVDY16VC3LRV53,M,,0,Coach
11270,XSIKQPZLA04IAPR2,M,1990-09-06,35,Athlete
11271,XSJ9N0GLCV9G04Q1,M,1971-07-07,54,Athlete
11272,XSUGYLY4FNYRQ0TY,F,1959-07-26,66,Coach
11273,XTFY5WAVN7G6T80H,M,1992-03-24,33,Athlete
11274,XTO2EPDSXMNIKO30,M,,0,Athlete
11275,XTPOQTHHLHI1I429,M,1993-11-10,32,Coach
11276,XU5053T5TFPWXEVG,F,,0,Coach
11277,XU9TUXMHMQ7QA3VO,M,,0,Athlete
11278,XUWHU0D4GJS2IU8H,M,1956-06-07,69,Athlete
11279,XUWZ9CT949QGBLO6,M,1956-01-06,69,Athlete
11280,XV9B95RGD7B2RLUH,F,1980-10-08,45,Athlete
11281,XVOSJ6DMAP5LDE5H,M,2012-10-27,13,Athlete
11282,XVTVAND9790ADFRO,F,2003-06-10,22,Athlete
11283,XW2KKJIHW0MDHKNA,M,1975-02-26,50,Athlete
11284,XWHQE4W3EX1POUBY,F,1970-03-05,55,Athlete
11285,XWPB0XCNRK57OSRT,M,1995-04-17,30,Athlete
11286,XWZDZ9PCCBX794KA,F,1992-09-07,33,Coach
11287,XX4XCWCQ69XNTVZ6,M,,0,Unified Partner
11288,XXCCFFJIBPEL9A8F,F,1998-01-21,27,Athlete
11289,XXCWD2NAVHTRVESI,M,1997-01-09,28,Athlete
11290,XXQ4AWT6S6YVTPY1,M,1979-03-26,46,Athlete
11291,XXZKRO3ZZ1JG6R7U,F,1978-12-07,46,Athlete
11292,XY18WNKB06Q2COHH,M,1980-12-06,44,Athlete
11293,XY51H4HIMNYH6J6P,F,1976-11-01,49,Athlete
11294,XY9E22K6TPE57C6E,M,2007-01-17,18,Athlete
11295,XYATIJLZYQF7VEFK,F,2005-10-13,20,Athlete
11296,XYOD5DHB5EVJ463T,M,1958-11-16,66,Athlete
11297,XYOLSROSOS417NLB,F,2008-01-21,17,Athlete
11298,XYPV20BPMIB5L5N0,F,1990-01-30,35,Athlete
11299,XZ19ER2W1T7PG22A,F,1976-08-13,49,Athlete
11300,XZ28M6POYN33ZTOZ,M,1979-08-31,46,Athlete
11301,XZQI35YFEIUJXT4O,M,1957-02-13,68,Athlete
11302,Y04U6XZFAZMJBT89,M,1992-11-18,32,Athlete
11303,Y05X7BWR7R8QSR67,F,1956-12-15,68,Athlete
11304,Y08E2OAJ8LJMB0IU,M,1981-12-03,43,Athlete
11305,Y0BTQLPPMPW1MZ2S,M,1969-11-10,56,Athlete
11306,Y0C5C36FJ4ILT8MN,M,1986-09-03,39,Athlete
11307,Y0CV1Y5U69MT01P2,M,1984-01-16,41,Coach
11308,Y0NOAAB0ZW4V6UGQ,M,2000-02-28,25,Athlete
11309,Y0O87DKMC92SJBQJ,M,1977-11-01,48,Athlete
11310,Y0SAC31ZLY5VCM16,M,2003-04-16,22,Athlete
11311,Y13EQAD6Y4V0B9LO,F,2011-11-21,13,Athlete
11312,Y14GJCPV3LDI3XHZ,F,1983-04-15,42,Coach
11313,Y17MQIFIMR1ZOHO8,M,1981-07-31,44,Athlete
11314,Y1HCBGK606SX5WDF,M,1983-02-26,42,Athlete
11315,Y1N92DQGP81PAYSU,M,1972-07-31,53,Athlete
11316,Y1TZNV4I9EZMEI9Z,M,,0,Unified Partner
11317,Y1VGO0D7AD0UOK1J,M,1958-06-27,67,Coach
11318,Y21P6UIGQG0PUM0X,M,,0,Athlete
11319,Y27M521H1S1QWTE7,M,1963-11-22,61,Athlete
11320,Y2OJG1R3EDMIETD4,M,1967-03-31,58,Athlete
11321,Y2VCPPXEICBVY169,M,1987-03-13,38,Athlete
11322,Y2ZJYRB1OURL5V3D,F,,0,Athlete
11323,Y3C3TDC1NQO82W61,F,1999-03-05,26,Athlete
11324,Y3I0JTZF2HS7ZO8B,F,1985-05-12,40,Athlete
11325,Y3KXY0NB7PJVP3IA,F,1986-02-16,39,Athlete
11326,Y3LHCTTC25N8UNXV,F,1987-06-19,38,Athlete
11327,Y3M4CMQ6ANARGYI2,F,1971-02-16,54,Athlete
11328,Y3MT5OKYZ0BOW9Z3,F,1965-11-20,59,Athlete
11329,Y3N2OQN28GJ3IGPE,M,2003-02-23,22,Athlete
11330,Y3ROWLC5SDRXVEAF,M,1964-05-25,61,Athlete
11331,Y3XQ31OLOQCJOB84,M,1979-12-23,45,Athlete
11332,Y46BBY03K8GLGFEJ,F,2000-05-16,25,Athlete
11333,Y4MYP7969RG8R1RE,F,1997-09-02,28,Athlete
11334,Y4QAYYH96UFNV9XK,M,2008-10-07,17,Athlete
11335,Y4X62C6JKBOMLRGQ,M,1979-03-08,46,Athlete
11336,Y50P3EXUA8F3WVJS,F,1983-10-16,42,Athlete
11337,Y52K0DV090MJLQXS,F,,0,Coach
11338,Y56EOP503FHHQ82A,M,1972-05-05,53,Athlete
11339,Y58UXQHYIWGL0AD8,M,2003-04-11,22,Athlete
11340,Y5976E2NPR0FQDX6,F,1975-12-10,49,Athlete
11341,Y5H69RXJ41CVEU34,M,1973-06-16,52,Athlete
11342,Y5ISA1EBCX3TSS2N,F,1971-01-21,54,Coach
11343,Y5M4S6O2EAQ5K0XD,M,2001-03-26,24,Athlete
11344,Y5P0HDLL4S2VFGEV,M,1987-12-16,37,Athlete
11345,Y5X7WTP5WNBYSZLH,M,1950-11-28,74,Athlete
11346,Y6IQ9QJDQEU3BPP8,F,1985-05-20,40,Athlete
11347,Y6LRQW94E1RYANDW,M,1971-09-25,54,Athlete
11348,Y6N969SK81IAZRXL,M,1992-11-04,33,Coach
11349,Y6OC838B7I3UQHT2,F,,0,Coach
11350,Y6UK855XWIMGPGTP,M,1956-04-10,69,Athlete
11351,Y6WZQL5A3NAPQRV2,F,2003-09-14,22,Athlete
11352,Y7B6DASSRDA6T6PH,M,1961-04-03,64,Athlete
11353,Y7H252KMU3S1Z2MH,M,1992-03-15,33,Athlete
11354,Y7M91ILA6ZBJ0QOE,M,1996-04-03,29,Coach
11355,Y7MRMXWK7T83AOH4,M,1982-04-04,43,Athlete
11356,Y7NKGFQSQGJ9TOY1,M,2004-09-30,21,Athlete
11357,Y7RRC126W5297SK3,M,1963-01-22,62,Athlete
11358,Y7WRT3LVL92GKACQ,M,2006-03-23,19,Athlete
11359,Y7XVYCOT3HJBD40R,M,1991-04-07,34,Athlete
11360,Y85AX6VSA04WKUY8,M,1993-10-02,32,Athlete
11361,Y86PIWVX9V384977,M,1979-09-03,46,Athlete
11362,Y89UAOIA4K6JL1NZ,F,1986-08-29,39,Coach
11363,Y89WAL34HQ224Z99,M,1990-12-26,34,Athlete
11364,Y8DG89GQH8FVPQTQ,M,1966-04-26,59,Athlete
11365,Y8DH82883BZVE543,F,1982-06-14,43,Athlete
11366,Y8OLD0FU2IE5ZAAI,M,1997-08-25,28,Athlete
11367,Y95QCU4GHYFV77XH,M,1989-04-16,36,Athlete
11368,Y96VZEZGF5L69OXJ,M,1987-07-01,38,Athlete
11369,Y9GB26WK5XK3H3TP,F,1933-12-06,91,Athlete
11370,YA3APEH9ZP0GCA3E,M,,0,Athlete
11371,YA6LHXN73LR4WUSW,F,1951-11-02,74,Athlete
11372,YADDZQBNWBD8TACX,F,1985-05-07,40,Coach
11373,YAMDPJI7QZRPJH7R,M,1954-04-23,71,Athlete
11374,YAQKI4FHWLN8DOSA,F,1994-03-15,31,Athlete
11375,YARBXB32SW4XKOQM,M,2009-10-22,16,Athlete
11376,YARQGZ052A765LEF,M,1998-01-05,27,Athlete
11377,YATNTIEGW72SK3SO,F,,0,Coach
11378,YAV7FO2PULNJJYG0,M,1963-01-23,62,Coach
11379,YB8BPV2JJKK2PEBD,M,2007-07-03,18,Athlete
11380,YBJAEYF19N3NSGCD,M,1977-12-10,47,Athlete
11381,YBNJITT6TE06WY17,M,1962-10-16,63,Athlete
11382,YBR4ZW5G84AZUH3G,F,2000-03-08,25,Athlete
11383,YBR9368QVXQW8GPB,M,,0,Coach
11384,YC6NBPDA346ZD3RQ,M,1970-09-30,55,Athlete
11385,YCK7XZKKCESASFRT,M,2005-04-02,20,Athlete
11386,YCLTNU64RRUJLPD0,M,1962-12-17,62,Athlete
11387,YCMNKQNH26GNDF5Y,F,,0,Staff
11388,YCOAYEVR3NGJXS3J,M,1997-11-23,27,Athlete
11389,YD97AXUDMC2RGXU1,M,1984-08-13,41,Athlete
11390,YDI2Y40XOY03J5FF,M,1991-05-27,34,Athlete
11391,YDJ4C4FRVKHQBQGV,M,1964-12-28,60,Athlete
11392,YDL00IKODHI5UEII,F,1961-06-10,64,Athlete
11393,YDN9RQRC7CFFIUFV,M,1983-06-23,42,Athlete
11394,YDV3UEPM2LKRNYXF,F,1995-07-02,30,Coach
11395,YE79HVW9K0N7HLH4,M,1955-09-01,70,Coach
11396,YEF4RQO65T6CLGSZ,M,1988-10-24,37,Athlete
11397,YEZ0XYODBQQLLHIJ,M,1997-05-05,28,Athlete
11398,YF1XRORMWC7Y6AMV,M,1950-12-05,74,Coach
11399,YF4J4NK5ARHWN66Z,M,,0,Coach
11400,YFAGH9L5SIR666GQ,M,1954-09-01,71,Athlete
11401,YFCJ74BL2W6HE6MA,M,2010-06-10,15,Athlete
11402,YFJPRGFXMXNICA3Y,M,2015-06-11,10,Athlete
11403,YFR7ZPR8B385PZSH,F,1999-07-23,26,Athlete
11404,YFUAQMO0BLJ1WGSW,F,1992-11-22,32,Athlete
11405,YGBJKU8NHZNDVUYU,F,1962-09-11,63,Athlete
11406,YGFS6GPQHXK3A58F,M,1976-05-01,49,Coach
11407,YGI33I5HZJKKOO7C,M,1988-02-17,37,Athlete
11408,YGW6PBH1R9IL5LWU,M,1976-03-02,49,Coach
11409,YGWQ6PZY6X50ZWHO,F,1999-07-02,26,Athlete
11410,YGYGM2TE7ALJMLUJ,F,1987-08-02,38,Athlete
11411,YH8TIWTA8CG1G5LP,F,1994-04-30,31,Coach
11412,YHVM7DI0ISJSGCN0,M,1996-12-12,28,Athlete
11413,YHZWKMN37QQ32B93,M,1995-08-14,30,Athlete
11414,YI4GE143Y1GAYPFK,F,1980-07-12,45,Coach
11415,YI995BKWALS9LCSO,M,1965-01-07,60,Athlete
11416,YIMYWAAK8DSI2LJX,F,1954-08-11,71,Athlete
11417,YINFP49JCP6UXGCM,F,1974-06-09,51,Athlete
11418,YIQOKK3FNB0P3J3P,M,1992-06-18,33,Athlete
11419,YIR8HL3HMF6742G3,M,1983-08-14,42,Athlete
11420,YJ15T7T8XNZMEU79,M,1971-10-29,54,Coach
11421,YJ1TR9D7O04M67XV,M,2011-10-14,14,Athlete
11422,YJ1ZO6WVC94HJB9Z,M,2008-02-16,17,Athlete
11423,YJ6XEKKW0IQ8FW8D,F,1971-11-03,54,Athlete
11424,YJ7XDZPHL4J3RE0P,M,1996-09-09,29,Athlete
11425,YJ7Z6HVX4CFI1QPV,F,1962-06-19,63,Athlete
11426,YJCNVCPXSQX7IO34,M,1949-03-09,76,Athlete
11427,YJQ7UTPYVJN2R34J,F,1975-05-22,50,Athlete
11428,YJRC8QJ9HMGVR7HK,M,1959-04-03,66,Coach
11429,YJRYOYGPHKG57UP6,M,1998-07-30,27,Athlete
11430,YJTPTTY3LWQK38Z6,M,2003-12-19,21,Athlete
11431,YJZBZWMO6CNVQJH8,M,1976-07-27,49,Athlete
11432,YK0FKC5A6BHZHPPZ,M,,0,Coach
11433,YK353G56DAVXC8Q0,M,2004-09-09,21,Athlete
11434,YK5A3CYVYFC746XO,M,1993-05-24,32,Athlete
11435,YK8IT8QW6TS1Y1UX,F,1960-06-25,65,Athlete
11436,YKJBAQ83GYYAWGPW,F,1971-04-24,54,Coach
11437,YKKRA8UYFMURG963,F,1982-02-01,43,Athlete
11438,YKQ7197D89IEZDIB,M,1963-08-09,62,Athlete
11439,YKXWRXAKD5SEEUX4,M,1976-04-12,49,Athlete
11440,YLCSYX1UZXF5QR23,M,1970-05-21,55,Unified Partner
11441,YLRXXKE1NB6R2P5Z,F,1990-07-17,35,Athlete
11442,YLTGJWHPS01K6AKV,M,1980-01-26,45,Athlete
11443,YLX6BD2OTTOGBAPN,M,1994-09-22,31,Athlete
11444,YLYOW4DQE6IMXBY5,M,1990-05-23,35,Athlete
11445,YMC0SFDFRIS9IAM8,M,1987-08-14,38,Athlete
11446,YMHM0ZIBY2Z841J7,M,1989-08-06,36,Athlete
11447,YMIQQ0ORMOW7A8F0,M,2001-11-06,24,Athlete
11448,YMM1DS7271TVMXAV,F,1990-08-24,35,Athlete
11449,YN8L8SXOU4D75ZNT,M,1955-12-21,69,Athlete
11450,YN8VL6HL4BBGKGZQ,F,1983-02-24,42,Athlete
11451,YN9UDV7H8QJALY4J,M,2001-09-15,24,Athlete
11452,YNK12GMJFUHS49S7,M,1956-06-06,69,Athlete
11453,YNOGFUXPN5K4ZJQJ,F,2005-08-09,20,Athlete
11454,YNY5Q0T1TA0FEWU5,F,1958-01-26,67,Athlete
11455,YO75W2IPKAS4NY98,F,1962-08-30,63,Coach
11456,YO93CYOWNENEW7U3,F,1962-06-04,63,Athlete
11457,YOAZR9OIT3BRFGC9,M,1960-05-22,65,Athlete
11458,YOEBQD2JRFURJJIC,F,1999-05-01,26,Athlete
11459,YOEKT2LTQ2NO1Z5O,F,2000-09-08,25,Athlete
11460,YOPIST18CO3YS6YS,M,2002-11-23,22,Athlete
11461,YOSAHUI1L7AFYKJ4,M,1993-10-26,32,Athlete
11462,YOSALV5Y4U6QTBUS,F,2007-12-12,17,Athlete
11463,YOX40BTUE2NVVQEX,M,2003-11-08,22,Athlete
11464,YPQK6JIOQR8ROXT9,M,2001-12-04,23,Athlete
11465,YPR46R2PQNWBV75K,M,1996-02-02,29,Athlete
11466,YPTMXMJHBTLIHJH3,M,1974-05-09,51,Athlete
11467,YQFC0ZZCWQS8YECO,F,2002-12-24,22,Athlete
11468,YQLXP32F6PZR4DBS,M,2006-07-03,19,Athlete
11469,YQMYCW0HNKK9JP7Q,F,1992-10-12,33,Athlete
11470,YQYGPPUTHL6TKLRC,M,1992-03-09,33,Athlete
11471,YR7F2DC8AA0I1OVN,M,1971-05-23,54,Athlete
11472,YR9TD65BUHB7P3N5,F,1991-09-20,34,Athlete
11473,YREY8I2L6QXVCRMO,M,2009-04-02,16,Athlete
11474,YRI67WMHSIT6ADYP,F,1991-11-03,34,Athlete
11475,YRI8619MI0HJLIZB,M,2007-10-14,18,Athlete
11476,YRJ7AE0TTDWNYVXW,M,1972-03-09,53,Athlete
11477,YRMLOYV7VMJ3M18F,F,,0,Athlete
11478,YRX8HUHG66Q7NB0R,M,1985-06-10,40,Athlete
11479,YS3VVZZESVX5JK2X,F,2006-03-17,19,Athlete
11480,YSALJB57HDL81Q30,M,1963-03-14,62,Athlete
11481,YSFQ9TXPTHGUAW3A,M,2006-05-10,19,Athlete
11482,YSP7NM9GKPW26RMW,M,1965-05-29,60,Athlete
11483,YSW0AJP2B3N1EGC7,F,1960-02-10,65,Athlete
11484,YSZ6CXYBZ1XGUE5Y,F,2005-05-11,20,Athlete
11485,YT8QEXROQ18X6PX0,M,2003-10-02,22,Athlete
11486,YTDQBVGYCYF439S3,M,1961-09-28,64,Athlete
11487,YTIZ5B0VGFDGRE3W,M,2003-02-09,22,Athlete
11488,YTQLOJZCH9OFQTLM,M,1979-07-22,46,Athlete
11489,YTSTLHTM351T3514,F,2000-11-27,24,Athlete
11490,YU7QJGBTT9B0FFG8,F,1949-09-18,76,Coach
11491,YUAJPR36I5NL2PRQ,M,1977-06-23,48,Athlete
11492,YUFRBQ7VP4PIZ74S,M,1988-04-23,37,Athlete
11493,YUIVARVGH0WDZBSV,F,1996-11-08,29,Coach
11494,YUSVHG74827M1GOC,F,1961-05-01,64,Athlete
11495,YUTHSIQ1SKW8ICGK,M,1975-05-24,50,Athlete
11496,YUWIF1Y6AU51ODM5,F,1957-11-07,68,Athlete
11497,YV0986BRGSY399ZV,F,1994-09-13,31,Athlete
11498,YV0LOP4V77OLKAHD,M,2003-10-05,22,Athlete
11499,YV1S0RDNTSYUNVA2,F,2004-06-20,21,Athlete
11500,YVHKXDUZG59WGP51,F,2008-11-25,16,Athlete
11501,YVHVXM971NALVTJM,M,1962-09-09,63,Athlete
11502,YVHZVL9XG3K7DYGY,F,2004-09-06,21,Athlete
11503,YVQOIGVBFEOMS8XZ,M,1961-05-03,64,Athlete
11504,YVVMMRD8L3K70FLM,M,2006-10-05,19,Athlete
11505,YWAYFEZJ44A5PI4O,M,,0,Coach
11506,YWD8VVLVN771Y2M8,M,2004-08-09,21,Athlete
11507,YWLN7E7U1ZUQ29FS,F,1957-02-27,68,Coach
11508,YWOS9PJUQO4Q7GCE,F,1998-07-05,27,Athlete
11509,YWTUS7H7MLIXTY8U,M,,0,Athlete
11510,YX2AXNWHPHLIMQ9R,M,1995-12-09,29,Athlete
11511,YX4DGPS4UFIH8ZDI,F,1996-08-03,29,Athlete
11512,YX4PO4DZV1DLJMAQ,F,2001-12-30,23,Athlete
11513,YXBU4IBXCGOBZA8N,M,1957-05-13,68,Athlete
11514,YXKEBZTPDH65SDVZ,M,1998-02-25,27,Athlete
11515,YXLLYJG53ZNQB9I0,M,1968-10-03,57,Athlete
11516,YYL28K31OMIC3988,M,1955-09-02,70,Athlete
11517,YYVR44M6HG3HUM6I,M,1966-10-11,59,Athlete
11518,YZ2KBM6H1XAJD3JV,M,1961-06-20,64,Athlete
11519,YZDMNSAZ62CD4UKK,M,2005-01-07,20,Athlete
11520,YZIY90UYQ8DJR9P9,F,1979-07-12,46,Coach
11521,YZSNWAPNNB6ZVIJH,M,1971-03-09,54,Athlete
11522,Z01ZDGVR32UZTETU,M,2015-01-15,10,Athlete
11523,Z03LOY5VFS6J1JFE,F,2003-09-16,22,Athlete
11524,Z0AJ1P353RD8S27T,F,1977-09-07,48,Coach
11525,Z0M7BNMF8XI1PDFE,M,1978-05-10,47,Athlete
11526,Z0MPA3YK2N9G8R7M,M,1996-03-04,29,Athlete
11527,Z1C8RG28IXZUPEXK,F,1993-10-21,32,Athlete
11528,Z1IE1GEHZF5O2M9K,F,1990-01-26,35,Athlete
11529,Z1LATI1HYC8Y8X1B,M,2002-10-25,23,Athlete
11530,Z1SU9AGVGWSOYUM8,M,1970-05-26,55,Athlete
11531,Z1VFVW56WH653R2G,M,1947-12-27,77,Athlete
11532,Z2A76NW7NAH7KQ94,F,1990-12-28,34,Athlete
11533,Z2FHLGGD0UENZJU4,F,1956-09-21,69,Athlete
11534,Z2IOWTHQYE2S9R8C,M,2004-10-12,21,Athlete
11535,Z2OTRXHPGBH8X2AI,M,2002-07-22,23,Athlete
11536,Z2VZCFUZZGL4WDCL,M,1965-02-23,60,Athlete
11537,Z3U33QKYJUA7N5DJ,F,2001-01-13,24,Athlete
11538,Z461UGSF7IVR5EJL,M,1998-03-19,27,Coach
11539,Z471BIZZWU4ZS57A,F,1977-02-07,48,Athlete
11540,Z48M6IKMY8MWJEAU,M,2013-05-17,12,Athlete
11541,Z4GDDWH8ZUC2P807,F,1969-03-11,56,Athlete
11542,Z4H03NLSNMBPKTZN,F,1969-10-16,56,Athlete
11543,Z4NEJFJDF9PWYV5T,M,1971-07-28,54,Athlete
11544,Z4SGZ6FOZBBLUOGT,M,1983-03-29,42,Athlete
11545,Z50OKYYXLU9006Y4,M,1965-01-27,60,Coach
11546,Z56EPAVILCTC79WJ,M,,0,Coach
11547,Z5GU6WQ4I9PUOPIA,M,1970-10-03,55,Athlete
11548,Z5IHDH68X3QBCBVA,M,1991-02-03,34,Athlete
11549,Z5JHY4EGIPR692S5,F,1976-12-10,48,Athlete
11550,Z5O129940AIK1EB3,F,1992-10-14,33,Athlete
11551,Z5PN9DILOXMGL6DD,F,1999-12-09,25,Athlete
11552,Z5SZ3A7J032KJOJ8,F,1986-10-22,39,Athlete
11553,Z5T7M79Z3UGLMPI8,M,2009-03-30,16,Athlete
11554,Z5WT8SRUHKZSGI7W,M,1995-11-19,29,Athlete
11555,Z6GB35SKL9MTVKEA,M,1978-11-26,46,Athlete
11556,Z6LZW2XO0VQU7ZLH,M,,0,Athlete
11557,Z76PLIUDCQ5FSA01,M,2003-11-20,21,Athlete
11558,Z7AXD7G3B48F6C0H,M,2003-10-21,22,Coach
11559,Z7BCNEIEKHX7IWSA,M,1995-03-20,30,Athlete
11560,Z7C5MMEPG5LYHE75,M,1974-09-01,51,Athlete
11561,Z7PQ16RGEBRTZJBF,M,1964-08-23,61,Athlete
11562,Z7Q9KBEY3ZFAGH6D,M,,0,Unified Partner
11563,Z806P415A84YQAFO,M,1998-08-06,27,Athlete
11564,Z80RN0B6A9FPHQWQ,F,1990-09-12,35,Athlete
11565,Z86IGC5JF1EX0AKV,F,1982-10-08,43,Athlete
11566,Z8Q7ZVEHY8L2XTL1,M,1953-01-22,72,Athlete
11567,Z92AGWIKMKUUJJCX,M,2000-05-16,25,Athlete
11568,Z95OCS7J2XDBE9N6,F,1986-03-26,39,Coach
11569,Z97ADCWZ56F1DAFF,M,1990-01-01,35,Athlete
11570,Z98C6BJBR425X3Q5,M,1999-07-09,26,Athlete
11571,Z9C7FOEK1387431W,M,2003-02-12,22,Athlete
11572,Z9CZVU2IFTF45HHA,F,1959-10-12,66,Coach
11573,Z9NREF5EAHQEUH93,M,1983-05-07,42,Athlete
11574,Z9R1DLX3ATHWCTH0,F,2005-04-19,20,Athlete
11575,Z9R415EX4SPK79U1,M,1976-07-07,49,Athlete
11576,Z9W8AGESG6F4X906,M,1989-11-13,35,Coach
11577,ZA86PYYK8IIOO1TB,F,2001-10-14,24,Athlete
11578,ZA8MB3GR7EYFLM3Z,F,1966-05-07,59,Athlete
11579,ZAAYWRSMNSU0PEFD,F,,0,Coach
11580,ZAE96KGCUXFKEI4S,F,2008-06-07,17,Unified Partner
11581,ZAHCEV22MCY7F4WO,M,1979-11-13,45,Coach
11582,ZAHPA3IA81DJW58M,F,1950-06-03,75,Athlete
11583,ZANW776RM71SN3LW,M,1999-10-18,26,Athlete
11584,ZAP1SONHXZA9A08Z,M,1966-04-16,59,Athlete
11585,ZAUF33E0UYKN9D6T,M,1987-03-03,38,Coach
11586,ZAVYCGO05O83SKUE,M,1950-07-29,75,Athlete
11587,ZAWOAVGK84HH4MYF,F,1994-08-01,31,Athlete
11588,ZAXVFIEWDK1CTRW3,M,1994-03-25,31,Athlete
11589,ZB1QWPCWM7FKY4MK,M,1960-01-01,65,Athlete
11590,ZB8Q66327J28QSZD,F,1975-09-19,50,Athlete
11591,ZBJQQV8CSZCP70OP,M,2007-03-09,18,Athlete
11592,ZBKX23RZLQPGIDJA,M,,0,Unified Partner
11593,ZBMOSZHGMNEWCICW,M,1997-05-09,28,Athlete
11594,ZBN50J7ZLOVDF7DR,M,1970-05-21,55,Athlete
11595,ZBNN0YI1A8BXZWN5,M,1998-08-07,27,Athlete
11596,ZBQSUYDDMQ23STQU,M,2000-03-05,25,Athlete
11597,ZC17U5RD8WVA4E3U,M,1975-11-01,50,Athlete
11598,ZC3THNJ1ZTXXT5CZ,F,1985-07-31,40,Coach
11599,ZC8B0VPWNR5ZV6GH,M,2000-09-21,25,Athlete
11600,ZCJYJVUSYWJAHUM6,F,1980-12-23,44,Athlete
11601,ZCP7CC6TPRHDZVGD,M,1989-03-10,36,Athlete
11602,ZCR5ZVYVY674UOJL,M,1991-04-05,34,Athlete
11603,ZD2C4X5IJTOFKKSQ,M,1998-03-30,27,Athlete
11604,ZD56BVHIJLGCA4Z8,F,1996-07-26,29,Athlete
11605,ZDCW6B1WYF59090Z,M,1980-04-28,45,Athlete
11606,ZDEULRPSWZ7TW8VW,M,1983-10-26,42,Athlete
11607,ZDND4HF7BF8YZXBE,M,1983-09-07,42,Coach
11608,ZDS4OH66TCA5U9U6,F,2005-08-18,20,Athlete
11609,ZDUEJ4YPR8FB6O1I,M,,0,Athlete
11610,ZDWGCIVJMXWTMMSQ,M,1984-11-24,40,Athlete
11611,ZEOB13WCEJQE2YO7,M,1972-05-10,53,Athlete
11612,ZEOU2D68FAMIAK3S,M,1988-07-22,37,Athlete
11613,ZEQ8SRIC81P8O334,M,1983-09-12,42,Athlete
11614,ZEWZ5M2PQ4UBPZTH,F,1999-05-19,26,Athlete
11615,ZFBRRK78JRJJDZBP,F,2008-02-13,17,Athlete
11616,ZFBZKLW5C2YZA316,M,1960-05-16,65,Athlete
11617,ZFHCVZXSIJW43QS1,F,1994-10-16,31,Athlete
11618,ZFQBQ5CVURKQFWG9,M,1995-11-14,29,Athlete
11619,ZG0JZ0TS30O4ZLLW,M,1978-10-02,47,Athlete
11620,ZG2T4IY72PNQY1MM,M,1984-08-22,41,Athlete
11621,ZG5F7POM1QDYFU7D,F,1961-12-23,63,Athlete
11622,ZG7EKJZG54Q4EXSQ,F,1978-01-07,47,Athlete
11623,ZGCV3BZ02EZHIW5U,M,1998-05-16,27,Athlete
11624,ZGGTVN0O9N2SQ2XP,M,1984-10-31,41,Athlete
11625,ZGOUJYB21Z17LXVR,M,1954-02-27,71,Athlete
11626,ZGQRUZ0R096IPOP8,F,1962-07-29,63,Athlete
11627,ZGW5WJTKI88ZC6OQ,F,1996-10-30,29,Athlete
11628,ZGZQXO3LFAL27KL3,F,1970-08-25,55,Athlete
11629,ZH482FY3Q82PBPD5,F,1955-10-18,70,Athlete
11630,ZHG8URIOG2EVFN27,M,2010-03-01,15,Athlete
11631,ZHV2OBAD4386MRY7,F,1986-08-07,39,Athlete
11632,ZHXCADBY2V54AKKZ,M,2004-12-15,20,Athlete
11633,ZHYDUKZ5HYQOFZLO,F,2006-11-14,18,Athlete
11634,ZHYL51L3TN8DFCN5,M,1998-03-23,27,Athlete
11635,ZHZ8UEKN753N1XO4,F,1959-11-27,65,Athlete
11636,ZI6BNLA7O5W7DRNV,F,2004-09-02,21,Coach
11637,ZI6QYYNOCTYG1RSG,F,1984-04-08,41,Coach
11638,ZIAMJ0OFDJDETNWF,F,1985-10-22,40,Coach
11639,ZIBJNMBZ7YV2SD4E,F,1986-05-11,39,Athlete
11640,ZIONGX83HPJE4113,M,2000-11-29,24,Athlete
11641,ZJED47UJUH1QREFK,F,1998-01-17,27,Coach
11642,ZJKKVUB9VGIP3DPB,F,,0,Coach
11643,ZJM2H4AJSVSVHZNY,M,1990-05-11,35,Athlete
11644,ZJMTRWXR9OFEF34R,M,2001-08-27,24,Athlete
11645,ZJOO1S09OF2J9V6V,M,1960-05-06,65,Athlete
11646,ZJQ4BVJJT0Y8IEBM,F,2006-02-13,19,Athlete
11647,ZJZOAZTG7R4PLGGV,F,1997-03-25,28,Athlete
11648,ZK65317KYMCSATLP,M,2001-01-19,24,Athlete
11649,ZKCU314IT5W37033,M,1984-05-03,41,Athlete
11650,ZKI59DSPQHH5VSB0,M,1971-01-01,54,Athlete
11651,ZKK3NERZB2JYNJHI,F,1989-07-02,36,Coach
11652,ZKOYQWW6Y1XFSTN1,M,1956-10-03,69,Athlete
11653,ZKP8CP168WVIBM0C,M,1964-10-30,61,Athlete
11654,ZLC0287JSWOXBPRS,M,1990-04-26,35,Athlete
11655,ZLSZZ5Y0KV4VAUVT,F,1957-10-20,68,Coach
11656,ZM9OPYQ612GVZ7G0,F,1975-08-15,50,Athlete
11657,ZMF6QNREQ2E44T4A,M,1979-02-07,46,Athlete
11658,ZMNNA24V6S7OQTN2,M,1989-08-11,36,Athlete
11659,ZNBQ63WZ8ULA589C,M,1983-11-25,41,Athlete
11660,ZNFC70GAY6PB9T3Z,F,2012-12-11,12,Athlete
11661,ZNK2XUTDUJ3XJ83M,F,1960-08-01,65,Athlete
11662,ZNYJSE73BZXT0L9O,F,1973-05-01,52,Athlete
11663,ZO3EVCQSBH0QRKFE,M,1982-09-05,43,Athlete
11664,ZOAYGQMYH5CA88LZ,M,,0,Coach
11665,ZOE8S3HL0LIAB7XY,F,1999-07-20,26,Athlete
11666,ZOFFQYPMNCD5P4E5,F,,0,Coach
11667,ZOLCTUQGS0RAK724,F,1986-11-07,39,Athlete
11668,ZP399NRI66ECRSRJ,M,1988-07-29,37,Athlete
11669,ZPPBNTJGZ3GU2BCY,M,1995-07-21,30,Athlete
11670,ZPU6ITXOU1Y4KYZ3,M,2007-11-29,17,Athlete
11671,ZQ6TER2VSXBQWTOQ,M,2003-07-22,22,Athlete
11672,ZQI7ORGPPE1F8HZR,M,2001-07-27,24,Athlete
11673,ZR75M18JHI9D7FQO,M,2011-05-14,14,Athlete
11674,ZRG54HZ7LLZLC0S8,M,1997-08-11,28,Athlete
11675,ZRN0OU22BPB9JODF,M,1990-09-12,35,Athlete
11676,ZRNMO4LVWRUQ3YB8,M,2004-06-11,21,Athlete
11677,ZRWNHVZS4PPPNO9E,M,1964-11-08,61,Athlete
11678,ZS0SA7U4KMKRUZJV,M,1998-10-12,27,Athlete
11679,ZS4BUC6AW7K8ZKAB,M,1955-03-31,70,Athlete
11680,ZS8Q9WSJJXHQG5GC,M,1948-12-22,76,Athlete
11681,ZS90LNGLG06C2SRP,M,1984-01-25,41,Athlete
11682,ZSCEL99UTO0H80TG,F,1965-10-14,60,Athlete
11683,ZSF2NYQBWKRWTOCH,M,1981-04-24,44,Athlete
11684,ZT8NMV0VZ43RSRP7,F,1964-09-02,61,Athlete
11685,ZT9K3YYJ7IKW5AXS,F,1986-04-14,39,Coach
11686,ZTJEJ85A2TFTIGSN,M,1947-04-15,78,Athlete
11687,ZTZPS1V9DOIK9395,F,1989-11-14,35,Athlete
11688,ZU264ZFD2KK6WI5W,M,1970-05-04,55,Athlete
11689,ZU3ZKZMZODJ1NJCH,M,1993-09-06,32,Coach
11690,ZU4Z5YLBQ8TKDHBT,M,2000-02-21,25,Athlete
11691,ZU63XETPXN4HDM0C,M,1973-01-07,52,Athlete
11692,ZU6CE4J0R678HJX2,M,1984-06-22,41,Unified Partner
11693,ZU6R0QJFQS47OTTT,F,,0,Coach
11694,ZUKC1K629V2SQ0FL,M,2002-04-07,23,Athlete
11695,ZUQL9RYWM0NC0Q6O,F,1990-11-26,34,Coach
11696,ZVCG8X092QNXSF4Q,F,2008-11-07,17,Athlete
11697,ZVDOKR0EY2K1IL1X,F,1999-11-25,25,Athlete
11698,ZVG6KZQ3TE5RA02L,F,1980-07-12,45,Athlete
11699,ZVGJUSVTANLEWGSZ,F,2000-06-20,25,Athlete
11700,ZW0VQ31W3BGCE93Q,F,1994-12-19,30,Athlete
11701,ZW160BIEZ5S6IMFW,F,1967-04-17,58,Coach
11702,ZW1TDEQLY9T6R2D4,M,1961-12-07,63,Athlete
11703,ZW9GOUKBGW3G8UXV,M,1997-06-23,28,Athlete
11704,ZWAR7DRQXKRID92K,F,,0,Staff
11705,ZWD7FM7XJPA3WUJV,F,,0,Coach
11706,ZWELVJOKU8PXSHJ9,M,1988-12-21,36,Athlete
11707,ZWHSQIIEW9DW5GXC,M,1998-12-12,26,Athlete
11708,ZWLAG69XICZIZILQ,F,2007-02-27,18,Athlete
11709,ZWLC6ZA9PU6JVVR6,M,1997-12-05,27,Athlete
11710,ZWUX5R44J2SEODQ8,F,1995-07-06,30,Athlete
11711,ZX014TPZK15NH8TW,M,1983-01-20,42,Athlete
11712,ZX066JWQ8YM3LD2L,M,1962-12-05,62,Athlete
11713,ZX33T5SK37876UAX,M,1940-05-13,85,Athlete
11714,ZX3NFFTFZNP0JRLJ,F,1982-01-21,43,Athlete
11715,ZXCTTMKO1UPHI08H,M,2004-01-12,21,Athlete
11716,ZXTCZ6MD7FG7KCNT,M,1996-07-02,29,Athlete
11717,ZYBPF1256Q9RHPAR,M,1972-05-05,53,Athlete
11718,ZYC32YPIC8J8GD24,M,1998-06-13,27,Athlete
11719,ZYCTV1C9MYEIF8KQ,M,1966-01-15,59,Athlete
11720,ZYMI0KWY4RNHLNUT,M,1986-06-08,39,Athlete
11721,ZYRATU04ST6DCHEW,M,2013-08-11,12,Athlete
11722,ZYXOJVFT86X1FCQ6,M,1976-06-08,49,Athlete
11723,ZZ199MW0ULLN1UBM,F,2000-11-10,25,Athlete
11724,ZZ44YNWR6AVKQ9VU,M,2002-03-29,23,Athlete
11725,ZZE4SHLMQDEVMFHN,M,1985-11-30,39,Athlete
11726,ZZOXOUZ8UVH0GA4H,M,1997-11-10,28,Athlete
11727,ZZQDP3DSNV0UK4R5,M,2001-09-12,24,Coach
11728,ZZWF379472WUKSW7,M,2000-10-20,25,Athlete
11729,0I9OC5MTPLFQTN60,M,1969-04-26,56,Athlete
11730,14HZG55SGZI2S6LM,F,1975-11-19,49,Coach
11731,19DFDXPDQHXCNAFC,M,2006-06-14,19,Athlete
11732,1NYGYVO9V7YW7SK8,M,2003-01-22,22,Athlete
11733,2HDFPWRA85Q9MOJZ,M,1981-09-20,44,Coach
11734,4135DRC24F37MMGQ,M,1996-10-11,29,Athlete
11735,61H6H0TWF93BAJWX,F,2000-05-15,25,Athlete
11736,7KO2B255IBJYK1I7,M,2015-07-06,10,Athlete
11737,7SXP1GRQVWT3G3QK,M,2001-01-04,24,Athlete
11738,8TRZRSU5MKOC6NDR,M,2002-08-28,23,Athlete
11739,9HZCV6GH8NC2JEB7,F,1968-07-26,57,Coach
11740,C7E2RJMC66JFRFA3,M,2008-04-02,17,Athlete
11741,CFRWLZXQ288PCLXF,M,2008-11-14,16,Athlete
11742,DHTI92JIRH3KS1GL,F,,0,Coach
11743,EHU2HEHY8V9POV0T,M,1969-06-03,56,Coach
11744,EN68SY4WE8QGJF8N,F,1986-05-09,39,Athlete
11745,G5JXW35API3NES3Z,M,2011-11-30,13,Athlete
11746,HFA7967WLH0QBDL6,M,2015-02-20,10,Athlete
11747,IM82UH3JJ0YMEEXX,M,2010-04-16,15,Athlete
11748,JXSRQGFYQNVNUSNF,F,2003-11-10,22,Athlete
11749,LP0S7XZMVPZ41CCA,M,1948-11-18,76,Athlete
11750,LWOW2KHMAZ8LKNYF,F,1979-06-24,46,Coach
11751,MB8PGS8QG7RYXHLJ,F,1969-12-11,55,Coach
11752,MMVEYBVW6KJHW0C4,M,2008-09-19,17,Athlete
11753,PCM0Z52MYEDQMPMI,F,2014-10-08,11,Athlete
11754,PN3R2M2NA5IUG5HU,F,1989-03-28,36,Coach
11755,PSQU1JGKWXTLRLXQ,F,2006-06-14,19,Athlete
11756,QMO8SMVN85QZTT7L,M,2008-12-02,16,Athlete
11757,TJQPW5WV9BGQP254,F,2005-04-19,20,Athlete
11758,URLKWKFNAMY89ZBY,F,2009-02-26,16,Athlete
11759,XGMSFF54ZJTY6CR2,M,1996-04-08,29,Athlete
11760,XHEWQFE18EGL7JE2,F,2000-09-01,25,Coach
11761,Y1XXTD3OQ73E74W8,M,2006-09-24,19,Athlete
11762,Z6VPP6FTTUKXLODN,M,2002-08-28,23,Athlete
11763,1OWKF92XHHGW1V1E,M,1991-02-03,34,Athlete
11764,1WMX7WH8EVBP30Y6,M,1997-05-09,28,Coach
11765,3AFD172H0YY81ZOY,F,1993-08-27,32,Athlete
11766,6HJF9MX74NSLHNOR,M,1993-09-10,32,Coach
11767,7JIA849IYCT388M7,M,1990-02-14,35,Athlete
11768,7V3EGVONZZJNR72P,M,1991-12-12,33,Athlete
11769,AA0HU7IGHJUDJJQZ,M,1984-09-20,41,Athlete
11770,ADOHXZLBEKO7WCMR,M,2001-05-27,24,Athlete
11771,AFVHF4LFGTIOV4TV,M,1989-07-19,36,Coach
11772,CBJTDZ5EPNTVOUWL,M,1993-09-10,32,Athlete
11773,CR5DDNUCVC5WQ10P,M,2008-10-27,17,Athlete
11774,M3TGF267IW0F2Q9Q,F,1994-07-25,31,Athlete
11775,N3I6O8NPV313WISS,M,1975-11-01,50,Athlete
11776,NDBRRCHIKPUVVHGZ,F,1998-04-23,27,Athlete
11777,QF25T28S4QFEIHN9,M,,0,Coach
11778,QO2IU3ZCCDP4ERPF,M,1991-05-17,34,Athlete
11779,S2OASOG5PW1CGLDA,M,1995-09-29,30,Athlete
11780,TEMXBAXC0T4A6RBK,M,1985-06-10,40,Athlete
11781,UJ2DXY0HKRLH8EVN,M,1987-01-17,38,Athlete
11782,ZHIAHSZHACNVSN8D,M,1986-08-19,39,Athlete
11783,2EPXEYBYTZAAQ02S,M,2009-05-28,16,Athlete
11784,35R413G8X9WZK6C0,F,1996-10-25,29,Coach
11785,554SFHRSZ1A7TPWW,F,1974-02-24,51,Coach
11786,6JUVM27YJSHFYW0T,M,2005-01-17,20,Athlete
11787,9GFHJL54KB9Z1D8X,M,2005-01-16,20,Athlete
11788,CDLTWE9CUBFL3HQU,M,2004-07-10,21,Athlete
11789,EXYQNCRTPFKQWMCM,F,1975-03-28,50,Coach
11790,FU548A18Y6M3DPCM,M,2008-10-10,17,Athlete
11791,G68W8SASLL9CQMBS,M,2005-01-04,20,Athlete
11792,HLEA3QFYZVDIJEG0,M,2006-01-03,19,Athlete
11793,L77FDJ8W34HT8AN7,M,1992-06-02,33,Coach
11794,NOWB49Z12MNJMXOF,M,2007-02-14,18,Athlete
11795,NYSAZ6OJLOGEG4J3,F,1997-09-28,28,Coach
11796,QY6QIY7N96I1U8NV,M,1962-09-21,63,Coach
11797,UEUOWXTXEJU5MU08,F,1976-08-15,49,Coach
11798,V4I6AEMOSY5I0MJ6,M,2008-02-01,17,Athlete
11799,ZLTI4QL8AO8IJLDL,M,,0,Athlete
11800,0E0BM71KZDUO09V8,F,1992-07-02,33,Athlete
11801,0IRSEWF1Z10M49Z0,M,1965-05-16,60,Athlete
11802,0V0ULZ9Q5MBH30WH,F,2003-01-12,22,Athlete
11803,10EIRQZGEM6LV9S5,F,1992-07-02,33,Athlete
11804,12AWB1HI5T3TJF2V,F,1998-05-01,27,Athlete
11805,2T016R8IX9XS84U8,M,1958-11-09,67,Coach
11806,3ODBDJTYO0XMAS8S,M,1973-03-02,52,Athlete
11807,4G4RN2J1DTG5O8MW,F,2001-07-20,24,Athlete
11808,5RXWICXVM6NAUR51,F,2004-03-24,21,Athlete
11809,62SY6WANE26RKNXU,F,1997-10-03,28,Coach
11810,694ETGY3BY5SK3FX,M,1971-11-05,54,Athlete
11811,7ODQWY37DR1P9JI6,F,1971-04-04,54,Athlete
11812,7YAKXFVBB8VPFHWF,F,1989-02-13,36,Athlete
11813,8KC8X4NK1NNP2CIP,M,1952-05-27,73,Athlete
11814,8YGCZNIEGWZP8HQE,M,1996-07-16,29,Athlete
11815,AJXCDGLP2R796OJ8,F,2005-04-29,20,Athlete
11816,AVE4LW3PZBXKTM8L,F,,0,Athlete
11817,AZD1Y2R9SC3GJ9FJ,F,1973-05-08,52,Athlete
11818,CEQOM8QPW1ZVDJG2,M,2007-11-16,17,Athlete
11819,DB1U38BZNAVZHIVL,F,1987-07-14,38,Athlete
11820,E128XB2KFKTE0C35,F,2009-07-29,16,Athlete
11821,E4O1YOTK5X9W3UCC,F,1972-06-16,53,Coach
11822,EHW3J7WAC5G1PR6S,F,1989-12-30,35,Athlete
11823,HVX95AIXXR3LUAWK,M,2014-05-05,11,Athlete
11824,IFG3KAPFZ9XI4DQL,F,2001-01-09,24,Athlete
11825,IYF0OFPV2SYP6L01,F,2001-08-31,24,Athlete
11826,JKI8EB0FBL57PCSJ,F,2007-08-21,18,Athlete
11827,KR8N9BNWFRMHZD25,M,1989-11-30,35,Athlete
11828,KS1D1MHBH1C7LN4C,F,1977-08-07,48,Athlete
11829,LN4GE5GE77VUN1ZE,F,1999-06-29,26,Athlete
11830,LOACHJ5FMMCWUI5P,F,1965-11-26,59,Athlete
11831,LOR4W2KHS6UP2BMI,F,1991-09-20,34,Athlete
11832,M27VZFOHU77JV07Q,F,2008-04-15,17,Athlete
11833,M5R4438JU22KH1EF,F,1962-03-16,63,Athlete
11834,MPAIHGXT5SOT27LZ,M,1994-02-05,31,Athlete
11835,MW86JBZBP5WZVSIZ,M,1970-11-26,54,Athlete
11836,NE14W7IGZ1GI9955,F,1987-03-22,38,Athlete
11837,NYQ83D1BFS4R7NCR,M,1995-01-27,30,Athlete
11838,P41HSGZ8G66F9C7H,M,1990-10-08,35,Athlete
11839,PRS7D5B6JGW2HMLH,F,1974-03-23,51,Athlete
11840,QGB91T70V29HO9ZZ,F,1991-09-19,34,Athlete
11841,QWHSIAA727UK3NDK,F,2003-12-10,21,Athlete
11842,RWR4XF3K01JOZSPC,F,1993-02-10,32,Coach
11843,SR0LUULOLIF97HYF,M,1993-05-11,32,Athlete
11844,TBEAC9S17QC9K4HM,F,1968-06-30,57,Coach
11845,TCOPXH1BC4CTH15E,F,1990-03-16,35,Athlete
11846,TZ25U2J113YZ4J47,F,1997-11-08,28,Athlete
11847,UIECV2G5CPUCFHHF,F,1981-10-09,44,Athlete
11848,UOPSYTZTD6PRJ41H,F,1971-07-02,54,Athlete
11849,W1HRGQDHA8DL2MJ0,M,1999-08-17,26,Athlete
11850,WP9Q965PTED8O50B,M,2008-09-17,17,Athlete
11851,X30N7WEKNLSGZESJ,M,1997-09-22,28,Athlete
11852,YHLBUIA3YWMWGS76,M,1986-05-02,39,Athlete
11853,ZVHIKAYB9N3AGW9D,M,1973-03-02,52,Athlete
11854,04UUREYN9L7RQPVJ,M,1990-11-03,35,Athlete
11855,K7INQD1DSBWO2OXF,F,1987-10-03,38,Athlete
11856,M8AX1P48AAFH3YIR,M,1965-09-03,60,Athlete
11857,TG99FHMGSCHCMN4B,M,1987-06-25,38,Coach
11858,0N9MQPZ2A1AGCXPE,F,1999-12-24,25,Coach
11859,10O4WD8SZHQWNYJB,F,1978-12-01,46,Athlete
11860,10YQF0HS4A95MECW,F,1976-08-13,49,Athlete
11861,1JCI73E31J6HWVQR,M,1963-04-23,62,Athlete
11862,2ES5JM5DUBD3VP66,M,1979-02-13,46,Coach
11863,34B68IIOPYULREHE,M,2000-07-10,25,Coach
11864,3JHC47406TRTWINN,M,1972-10-25,53,Athlete
11865,41KWII47S9WXKMY6,M,1973-11-04,52,Unified Partner
11866,48PGPFFWFQR6PK14,M,1962-05-14,63,Athlete
11867,4P0E4Z9O83Y8QNYQ,M,1969-12-15,55,Athlete
11868,5A3OJFABRG9PNTOK,M,1963-09-04,62,Athlete
11869,5QPNT95FOIZ5NIST,M,1971-11-30,53,Athlete
11870,61CUWE62EY28XCPV,M,1964-05-30,61,Athlete
11871,61EEDNYOLMK346ZX,F,1963-03-01,62,Unified Partner
11872,7ZB7IZCZ59GWRF9Z,F,1971-09-07,54,Coach
11873,9NX9IE0VQ0RW7LNK,M,1998-06-10,27,Athlete
11874,BDFGFZGIJ80HFACA,M,1983-06-25,42,Athlete
11875,BFMZNL8QKO6SIODF,M,1966-03-29,59,Athlete
11876,CMWU84JVD0X1BCTS,M,1974-03-22,51,Athlete
11877,DHN3FD32WJOPYSRH,M,1977-09-20,48,Athlete
11878,DHRNNC8E8GLAWVG9,M,1964-12-04,60,Athlete
11879,DIH0NPS0R3FMA9TP,M,1966-04-21,59,Athlete
11880,DRUPPJVAA18WGHMY,F,1979-07-13,46,Coach
11881,EWZSZZQY06HIOFKD,M,1969-10-14,56,Athlete
11882,FDBKQZFYAN5SK2JF,M,1971-03-02,54,Athlete
11883,FOB4ZCL1HC9K7L5T,F,2000-08-03,25,Athlete
11884,GEK8ZHXL1OT2TQV2,M,1952-01-23,73,Athlete
11885,GS5DBQ2CN16ZUA9N,M,1998-10-17,27,Athlete
11886,HGC4CMGFMX6VOTJN,M,1991-09-05,34,Athlete
11887,HSHGC7A48L8SR27F,F,1999-06-30,26,Athlete
11888,I01MNXDSBW532RL8,M,1994-05-06,31,Athlete
11889,IWKDXWA7NZBCO5BY,M,1964-05-31,61,Athlete
11890,J1YHW84T15P2W1LZ,F,1967-03-05,58,Unified Partner
11891,KOOVRROXT09RYQ8R,M,1963-03-31,62,Athlete
11892,LWWHOEVBJ76TYM7T,F,2000-06-23,25,Coach
11893,MB7UQZ10WHSHK7QN,M,1963-11-08,62,Athlete
11894,NAMBH3VXVCA05D1V,M,1999-11-07,26,Coach
11895,NEAKI8MEJZXXMZQT,M,1959-06-23,66,Athlete
11896,OIDINPVCJIJV1B0O,M,1965-10-23,60,Athlete
11897,OKT66OF3IEZ2UY97,M,1987-08-28,38,Athlete
11898,PJPSBML032IHV0CN,M,1964-12-09,60,Athlete
11899,PSYDFNHYC680JB4X,M,1980-06-12,45,Coach
11900,R3POK7K77P5YTDUL,M,2000-11-18,24,Athlete
11901,RU1786DC34MVK009,M,1962-03-21,63,Athlete
11902,S1FZQ5LZUFBXEFYH,M,1967-08-25,58,Athlete
11903,SDZK0WFU13DT20D8,M,1977-01-01,48,Athlete
11904,SJ0Y6XB5UBRINJD4,M,1975-11-09,50,Athlete
11905,TDT5KBVI9QBJ8GBI,M,1973-07-01,52,Athlete
11906,UPCMXH99VKO4WMYW,M,1998-11-29,26,Athlete
11907,WF8N9IA8V3NR0OK8,M,1977-09-21,48,Athlete
11908,WJY3AMMDIMXIEU2K,F,1984-12-24,40,Coach
11909,Y49LN8XX6SI3PRDL,M,2000-11-28,24,Athlete
11910,ZCLDV41EBVKD0PLB,F,,0,Coach
11911,ZYMF2R16FWIKJ0TL,M,1963-10-02,62,Athlete
11912,2MU9Z3CZE4M4DMTS,M,1967-06-27,58,Coach
11913,35T4S93C6HCMX4KS,M,1996-09-23,29,Athlete
11914,3DH3EXCCXBLZCQJ3,M,1996-10-11,29,Athlete
11915,3I0IEWH4DRUAPHY5,M,2004-01-02,21,Athlete
11916,3SAMG3MXDOO5ZL1L,M,2002-08-06,23,Coach
11917,44XYBAVGFSSUNNZ9,F,,0,Athlete
11918,48TPFJ0P49QT1VF5,M,1995-06-20,30,Athlete
11919,4G9N8DP9O439Q6I4,M,,0,Athlete
11920,5JRK4H8ER3WTQV87,M,,0,Coach
11921,5RLP9Q6FDTS4G1YU,M,1993-11-29,31,Athlete
11922,6AKZCWJ0EGDZ2ASJ,M,1989-10-06,36,Athlete
11923,7S430GECU67XDBKO,M,2011-10-02,14,Athlete
11924,7ZLICIT7QMELDOUW,M,1998-01-09,27,Athlete
11925,82AFR7N50NW4IGH5,M,,0,Athlete
11926,8BVFPTXGBKEEQW33,F,1996-03-30,29,Athlete
11927,8O1HQZ5RYDXIBA9Y,M,1995-05-09,30,Athlete
11928,8YCMUQVAUE2A62M9,M,2007-01-01,18,Athlete
11929,92HUFW2K7RAC9WMN,M,2012-05-21,13,Athlete
11930,97TGSKONRWTLQXKG,M,2000-08-17,25,Athlete
11931,9NSMKUDYG29R1A6P,M,1988-01-21,37,Athlete
11932,9V4RL601HIW4ZES6,M,1996-12-23,28,Athlete
11933,A4XPTGB5286L82OO,F,2004-08-04,21,Athlete
11934,AEFWKMCCSD7551LM,M,2007-01-12,18,Athlete
11935,AQ5RLBF0BW2WS739,M,2008-05-07,17,Athlete
11936,BQ1KHY7AHC4YLMFJ,M,2000-12-24,24,Athlete
11937,EKS4985DLFH282B2,F,1977-07-07,48,Athlete
11938,FCFSB2BZESKFPFJX,M,1997-11-19,27,Athlete
11939,JW0AFQXOD3VHFICQ,F,1999-07-04,26,Coach
11940,KJ9GRBM4DE4BKKUQ,M,,0,Athlete
11941,KJVV1GLZSE8Q8I83,F,1992-04-18,33,Athlete
11942,NBJZBYF5T1WMYR16,M,1995-08-06,30,Athlete
11943,NO4XH6W1Y952N6ZG,F,1993-01-31,32,Athlete
11944,OI5T6QMN2Z7CLV3H,F,,0,Coach
11945,P8X2KVEFM03S5034,M,2006-11-11,18,Athlete
11946,P9I43ZXKE07QDRX3,F,1999-07-23,26,Athlete
11947,Q6OMFVE0SX3I4H6F,M,2001-06-07,24,Athlete
11948,QF50OC6SA5BWHW1Z,F,1995-06-23,30,Athlete
11949,QRLT54BJR2ADD9O4,M,2011-04-14,14,Athlete
11950,R7W3XDBLUZCZCOAK,F,2002-09-24,23,Athlete
11951,RKF5ECYOEJD2TON4,M,1968-10-02,57,Coach
11952,RPYSNJBBIEIME10Z,F,2003-01-15,22,Athlete
11953,S4RLMJBKKFCAG24W,M,,0,Athlete
11954,SIEHAVQ6FPTFPJ43,M,2011-10-24,14,Athlete
11955,U3PTT2J4V6VR6J3F,F,,0,Coach
11956,UI1DO635S0ATXHIY,F,,0,Coach
11957,VYW2ZEOXKGABCO9G,M,1982-07-13,43,Coach
11958,W0L0HFZSCC08LTGJ,F,2007-04-07,18,Athlete
11959,W8QG83T81WC4HY2N,M,1982-06-08,43,Athlete
11960,WL543GEIP0VSUMZF,M,2001-05-26,24,Athlete
11961,WVLJJ5G8DN5CFOX0,F,2011-09-08,14,Athlete
11962,XIJ9AA6CXD5OFR8A,M,1970-02-11,55,Coach
11963,YE5CKYYV3DRFYBXR,M,1972-07-30,53,Athlete
11964,Z7IQNTH5MCY7KS8N,M,1985-01-19,40,Coach
11965,ZYI35PXKM17S8JS5,M,1987-07-01,38,Athlete
11966,R4RZ3PM17BFJH7VQ,M,2009-02-10,16,Athlete
11967,RHTA49A82R3IZVXV,M,1996-04-10,29,Athlete
11968,1DZQCDG8KAEHZQB3,F,1995-07-27,30,Athlete
11969,21OJLZY1XCGYI9WI,M,2003-06-11,22,Athlete
11970,2D06SM0FZ85V82U8,F,1968-08-06,57,Coach
11971,8YHKMAX22ZT3YAQ5,M,2005-03-08,20,Athlete
11972,CTJU7K6RTWX6EH26,M,2010-08-23,15,Athlete
11973,G551W9SRPRM487UK,M,1997-02-21,28,Athlete
11974,NMVT0QYPMGEDNUOM,M,1996-08-11,29,Athlete
11975,NXBAW0KTYLU9G3F3,F,1969-06-04,56,Coach
11976,QHO258LT3BHMZGGC,M,2001-07-27,24,Athlete
11977,QP7IJQG7DRF8ZHYN,M,1998-02-08,27,Athlete
11978,R4MHOAXM6J5VE7OA,M,1998-07-08,27,Athlete
11979,RCI562IG5N1U0H6Y,M,1993-09-15,32,Athlete
11980,TWLO6890SWXYMDJX,M,1956-05-31,69,Coach
11981,VYFT5NIWS5WBYXED,M,1993-04-03,32,Athlete
11982,Z5ELMNG4Y7FUTGU3,M,1991-07-06,34,Athlete
11983,1ICEY4TRIHNRMH8C,M,2001-01-18,24,Athlete
11984,4YUAD943PKD6EQMU,M,2001-10-31,24,Athlete
11985,7GN172KWVRMPB1YG,M,1999-04-19,26,Athlete
11986,7U3533FC1YCNYDSI,M,1993-02-12,32,Athlete
11987,8FK6B9RJN95K5LDL,M,2001-02-25,24,Athlete
11988,9NJTVYSCPZNXID97,M,1996-05-22,29,Athlete
11989,9OAAOT9Y5J5MOIXZ,M,2001-09-05,24,Athlete
11990,AQ4SJOEZO5S1G0R7,M,1997-07-29,28,Athlete
11991,CA6SQPLFTSEBHP8A,M,1990-04-19,35,Athlete
11992,CMBO3NCAMFENROAJ,M,1991-11-23,33,Athlete
11993,JNRYKU3S41SXQOY2,M,1993-11-25,31,Athlete
11994,KXD9MBNFA19OY4UJ,M,1997-03-24,28,Athlete
11995,PLBX3JRTSVUT7T7S,M,1993-02-19,32,Athlete
11996,QYY0HS60MJHOHT07,M,1998-04-12,27,Athlete
11997,S7DN85VQVPBH1OWS,M,2000-01-31,25,Athlete
11998,ZC1Q7Y52P317JDY0,M,1995-03-23,30,Athlete
11999,1A1UGBMHKJNGTEWT,M,1970-08-13,55,Coach
12000,2JZVX1KU40V18XP0,M,2007-01-01,18,Athlete
12001,36NCSBHHISOMGF44,M,2006-01-09,19,Athlete
12002,7JBW2BSDTS1JTM7I,M,2009-11-03,16,Athlete
12003,ALX96CZWQMRXW044,M,2007-10-08,18,Athlete
12004,DRFVYYHFGZ0HS3NR,M,1995-05-24,30,Coach
12005,ER52J4Q7EGVXAEZI,M,2006-11-23,18,Athlete
12006,HKQ629RVHWCFT2Q7,M,2006-08-09,19,Athlete
12007,JT89BXBYQEMGF5L0,M,1951-09-23,74,Coach
12008,L0QFR6KRV7O31X1O,M,2011-04-06,14,Athlete
12009,OI1106NH593QS5YW,M,2006-09-09,19,Athlete
12010,UDHY2LLMPKIEOGQ8,M,2005-11-24,19,Athlete
12011,UP4U9GMUGSOWEROE,M,2005-12-20,19,Athlete
12012,3D9T07FRHC372XXC,M,2011-02-23,14,Athlete
12013,9IRIR20KRT233863,F,2008-08-11,17,Athlete
12014,L2NIDQBHWZZ597YJ,F,,0,Coach
12015,M18I9MJSCVHVQO4P,M,1995-01-26,30,Athlete
12016,MP1950PYZBXJ9MRD,M,2016-12-26,8,Athlete
12017,MWZRWW2J07J8MKU2,M,2009-12-29,15,Athlete
12018,P666CXHLZAYW20NW,F,,0,Coach
12019,QQ3YMIP0HLHO9UV8,F,2012-12-12,12,Athlete
12020,RQ4CDW3YF5IH414M,M,2004-09-22,21,Athlete
12021,URTXU8JFXE1FV3SQ,F,,0,Coach
12022,Y2JSAOWM026BPK50,F,,0,Coach
12023,4SHGI71UXWTDJ7AT,F,1992-12-21,32,Coach
12024,B7ILTE1F50YREG3O,F,1993-02-10,32,Coach
12025,MWNX6MXIS8Y68QH5,M,2003-05-30,22,Athlete
12026,QY3835RZ9Q1CIVVL,F,2004-04-10,21,Coach
12027,XV6XL9FJPJ8MAAKX,F,1988-07-02,37,Coach
12028,XYL4ZMN0SS3S8QP2,F,1987-01-12,38,Coach
12029,0I6Y9YXX96CP0BD7,F,1964-06-18,61,Athlete
12030,0RW34WF6U5R1V2CH,F,1959-03-13,66,Athlete
12031,1TL9VSMAUGIWVS5B,F,1963-02-16,62,Athlete
12032,325ZKZGUEEYGRV25,F,1986-12-30,38,Athlete
12033,3ZT0GT1K7N22NSV6,F,1980-09-24,45,Coach
12034,4C79AYT3IHJQXNTT,M,1966-01-24,59,Athlete
12035,5K2GLL7JSDNIV53P,F,1951-11-11,73,Athlete
12036,6H23EZCXBIG6O6VC,M,1962-03-27,63,Athlete
12037,7JF1HP5RGU2DL1I0,F,1949-05-13,76,Athlete
12038,ARUV37Q9CW35DADA,F,1980-07-15,45,Athlete
12039,D0ZSTR3MIIL9T268,M,1974-09-06,51,Coach
12040,ELDBSKDO2VP97DA5,M,1991-12-18,33,Athlete
12041,IW61BOZZ8BQFP813,M,1991-12-18,33,Athlete
12042,KKPZ1FPWNNWAKLHU,F,1956-05-20,69,Athlete
12043,KQVUUMGUYG8F0SJB,F,1963-08-03,62,Athlete
12044,LKS3VO1ZQSY1S7MA,F,1994-11-16,30,Athlete
12045,MSJW1325FJ63FDCU,F,1990-08-24,35,Athlete
12046,P6DQ01HV5H8BQCDY,M,1974-09-12,51,Unified Partner
12047,P7K4FBJC6EXU3946,F,1998-09-15,27,Athlete
12048,PM9C2POCNU1QWXQ0,F,1952-07-16,73,Athlete
12049,PWVAC0LY9PBQDFR1,F,1981-09-22,44,Coach
12050,Q45YZ3YA8A4P8RFW,F,1973-12-18,51,Unified Partner
12051,RIDKM8C9XPCHA35R,F,1977-05-21,48,Coach
12052,TMITRKCLRMO7MJWF,M,1956-02-26,69,Athlete
12053,D7N3YM1IYEQ4Q0II,M,,0,Athlete
12054,4XBXVHO20LNEL604,M,1944-11-14,80,Athlete
12055,99YSF967NHV7TU7D,M,1946-05-21,79,Athlete
12056,9TAKFTWZ9QTAS7V5,M,1955-12-06,69,Athlete
12057,GRGYHAAI3UX4Y4EW,M,1957-10-18,68,Athlete
12058,QC4AHOVBWL72DDOE,M,1951-07-22,74,Athlete
12059,SBIK09TW9AIOIEHU,M,1940-11-12,84,Athlete
12060,34VMD3FABD68Q9Y2,M,1987-05-24,38,Athlete
12061,61WK2S32D7XC8VRG,F,1965-03-15,60,Athlete
12062,883NDUFYCQXJDTZZ,M,1946-12-10,78,Athlete
12063,ALV5PSY6GTRQU2ZI,M,1982-01-19,43,Athlete
12064,BXCBIPOL7AN3PAGD,M,1965-11-15,59,Athlete
12065,CKDQ424ZR0JSNBWZ,M,1970-06-13,55,Athlete
12066,EJSIDOSMV8N3BTNS,F,1988-02-05,37,Coach
12067,F86E7WV64HYNU248,M,1997-08-26,28,Coach
12068,FUUKRX5CR5QLMKV9,M,1959-08-02,66,Athlete
12069,K4XERXYRHVMBUQW1,M,1986-02-10,39,Coach
12070,N75LZB0OO4XBG2F8,M,1954-03-16,71,Athlete
12071,P3RI9LHRJFDMT3RX,M,1990-07-29,35,Coach
12072,PUYNR0RG8L4BICMY,F,1988-11-09,37,Athlete
12073,XUT4WU351UC8IDPY,M,1999-06-17,26,Athlete
12074,ZBV7RUU9GJHZACG5,F,1994-09-19,31,Coach
12075,06SBRHI3IUKVI35D,F,1962-06-22,63,Athlete
12076,0P0LD9BE3ONVUTRP,M,1970-12-10,54,Athlete
12077,0SMWIA8SVQ8P0RZ0,F,1993-03-17,32,Athlete
12078,0Z2K1BCTKWFR2Z9F,M,1963-10-24,62,Athlete
12079,1HY3TP5I3UE0VRW2,M,1972-05-07,53,Athlete
12080,1L1NOYFS57DMGFNP,F,1990-06-28,35,Athlete
12081,3TC6PYJRQFUBJ6Y4,F,1986-09-05,39,Athlete
12082,3VNOK3AAW4IDSTMO,F,1970-04-03,55,Athlete
12083,3W7TC2QPFQ276IRI,M,1965-01-15,60,Athlete
12084,7FACXJIABNL1AS7H,F,1989-05-10,36,Athlete
12085,82ST5N69PPSQMNLX,M,1988-04-02,37,Athlete
12086,93K646MPLPY3CDS3,M,1973-01-19,52,Athlete
12087,98QMJFT90E3R3NUP,M,1956-12-02,68,Athlete
12088,9GX27NC5APZMCR1T,M,1984-07-12,41,Athlete
12089,DDP3U78PZNAGQ8D8,F,1987-05-19,38,Athlete
12090,E3GB1JL2X6JB8T2L,M,1972-03-25,53,Athlete
12091,E8KZB0ET2GUKS466,M,1982-07-19,43,Athlete
12092,GA733S4U48Q1BTA0,F,1979-10-11,46,Athlete
12093,H0FD9AIBG4ABTO1Z,F,1962-06-28,63,Coach
12094,HQYW79GU57ZNJR51,M,1995-11-30,29,Athlete
12095,I8G82L2ANIW2IXIN,F,1978-09-27,47,Coach
12096,IIN3R4SMLUMH2YIW,F,1995-12-01,29,Athlete
12097,IKRKQY9YE2SMLPQD,M,1986-11-21,38,Athlete
12098,JXIMRBRBCOJPDEFF,M,1986-01-21,39,Coach
12099,KVNR8GBN1SD56CB0,M,1999-07-12,26,Coach
12100,L8NERXI3QEOD1B4B,M,1991-12-27,33,Athlete
12101,LZL640B4E74TK9SI,F,1967-04-18,58,Athlete
12102,NP8KJI6KXQMF3IK7,F,1986-07-04,39,Coach
12103,OG8WG8MN621HSNI0,F,1956-01-18,69,Athlete
12104,OH7VONPBRC10J2BJ,F,1989-05-18,36,Athlete
12105,QO8K18TZPMCAJMWX,F,1989-01-26,36,Athlete
12106,QOMKMA11P1LNELWG,M,1983-02-12,42,Athlete
12107,R53WYOZHGL03KLUP,F,1994-09-23,31,Athlete
12108,R9W9ML617KTGXPW3,F,1983-09-28,42,Coach
12109,RORNC66E8RA3Q2LP,F,2006-04-28,19,Athlete
12110,RTDDGP8UJ330FHBN,F,1992-08-04,33,Athlete
12111,RU6JMVACO395SIUU,M,2001-02-24,24,Coach
12112,TVU05G38O0XHHX3T,M,1973-07-30,52,Athlete
12113,U9W0LYLWDX0HHGGI,F,1985-02-25,40,Athlete
12114,VRS1VVQ0V6SV9DA9,F,1986-04-13,39,Athlete
12115,WSPSNETRUGTBEE70,F,1962-01-11,63,Coach
12116,X74ZPTGEBE00UHTT,M,1970-09-14,55,Athlete
12117,Y01679WXX7D82XLG,F,1962-06-26,63,Athlete
12118,Y4RBI5ASOPLSPFJH,F,1980-05-19,45,Athlete
12119,Z1IT61AD97VX25PJ,F,1967-03-07,58,Athlete
12120,Z8A0AIV8EABVQJ08,F,1975-05-31,50,Athlete
12121,ZN5BCC129NCQZKOG,F,1975-05-09,50,Coach
12122,2RUXUOOK103HKBD2,M,,0,Coach
12123,486YS427LT7Y3ZZS,M,1987-03-13,38,Athlete
12124,48C4JGIM3L47SVUM,M,1988-02-15,37,Athlete
12125,680CCQ2F8HUVUXNU,F,1976-10-09,49,Coach
12126,6LEJLYDT800JKGKJ,F,1975-02-22,50,Coach
12127,7YEUPDCVXY3RE51O,F,1985-04-16,40,Athlete
12128,A46PG6VYY7OI1EMD,M,1958-09-23,67,Coach
12129,AL6RKAN5ZTG0ANX9,M,2003-04-19,22,Athlete
12130,AN4AHQ48SCVY4Y60,M,1986-02-03,39,Athlete
12131,CIK2IJBIC4YUQTR4,M,1989-08-11,36,Coach
12132,ELP45E8K53BJ3SIG,F,1989-11-17,35,Athlete
12133,ISIYB90XTT13Q7B6,M,,0,Coach
12134,K8IP7RKQ9MI0N90F,F,1990-10-24,35,Athlete
12135,NG4Y2UKGVM64ZC2D,F,1991-10-17,34,Athlete
12136,PE5YX5L7DV5YWBPY,F,1990-04-25,35,Athlete
12137,PTOML8NTX60OXNPW,F,1983-10-14,42,Athlete
12138,TCPLXQZ3Y8RP9943,F,1989-01-02,36,Athlete
12139,UAZTXV0UFKFXJNYA,F,2004-04-26,21,Coach
12140,UGWIC353BN8VSPAZ,F,1990-02-12,35,Athlete
12141,WP9W4IM1GXE2YYFD,F,,0,Coach
12142,YJUJ40OQOL66FBLV,F,1990-04-22,35,Athlete
12143,YVCYUHSUEWXDZIWN,M,1970-08-21,55,Athlete
12144,YYXLSK2ZWLD9BV0W,M,1964-06-14,61,Coach
12145,0X0H58FCD19A0NPQ,M,1998-05-04,27,Athlete
12146,20NRYVAOSTQUXBBW,F,1989-09-12,36,Coach
12147,50RJDA6LCSOI28HJ,F,1981-12-30,43,Coach
12148,AV5CGAQI22UPR926,M,1972-09-11,53,Athlete
12149,BUWUGO1J41RZZJXG,M,1994-11-25,30,Athlete
12150,E51ZNLQZBMXXA069,F,1996-09-21,29,Athlete
12151,EGSX53D8B8T6P4DV,M,1962-09-28,63,Coach
12152,F9WQ5V12HP7UT3FG,M,1997-05-05,28,Coach
12153,HLWAGWWJM1H3W9HS,M,1953-06-23,72,Athlete
12154,HMZS388DS6K0NI79,F,1981-02-05,44,Athlete
12155,J1IWNL1LROZRZIW3,M,1977-08-19,48,Athlete
12156,JCXLC9PWZNHR74O5,F,1986-11-07,39,Coach
12157,JJ2689T4A6EP5FK8,M,1990-10-21,35,Athlete
12158,JT6KYTSH6EVAJM20,M,,0,Athlete
12159,MU382ZLTDT7DU5FM,M,1991-08-21,34,Athlete
12160,NJN1UPJRMO1SY7SG,M,1988-06-01,37,Athlete
12161,O18T0S83JFA7966U,M,1988-01-09,37,Athlete
12162,P4XAD8ARRZFCEQD4,M,1974-08-07,51,Athlete
12163,RA4TB8YP7A5C7F5X,M,,0,Athlete
12164,RSNFBDH0B498N57V,M,1963-03-20,62,Athlete
12165,TOQPOSTVZNW2VV84,M,1999-09-07,26,Athlete
12166,WOPVVOJQWVPVXE0P,M,1998-01-21,27,Athlete
12167,09OQLL56WSZW36Q8,F,1967-02-21,58,Unified Partner
12168,0DKZYPJZIFJCTMDZ,M,2006-03-23,19,Athlete
12169,134VX9RT0BKKM3J7,F,1997-10-22,28,Coach
12170,32Y92CV3RW99TNHB,F,2007-10-30,18,Athlete
12171,5LYBKE4OZBKVZQ7G,F,1996-04-04,29,Athlete
12172,9GQBY33VW6AVIGZJ,M,2008-12-06,16,Athlete
12173,FS61YXILQDKF945O,F,1988-07-04,37,Athlete
12174,G7GL1FURDRMG1Q59,M,1997-07-01,28,Athlete
12175,GN5D505BCCDKKQET,F,2003-05-07,22,Coach
12176,KMHE6VN2PU85B05T,M,1992-01-29,33,Athlete
12177,NWGVLBS09014ND99,F,2004-09-30,21,Athlete
12178,NYNVP1HZM02CMHSI,F,2002-03-18,23,Athlete
12179,PIWBTDSYPHXKC2IX,M,1985-12-04,39,Athlete
12180,PJLDRWA5F0D2BOIA,M,2007-06-20,18,Athlete
12181,RTYT1VPBVKQ75PNB,M,1984-03-07,41,Athlete
12182,UH9K7NT3B4LM39GU,M,1971-02-21,54,Coach
12183,WXK0GM166UPPERFS,M,2008-06-25,17,Athlete
12184,15I9GZ2FGZNSHKF1,F,1974-04-27,51,Coach
12185,1KJPA6UVL1DVGGMC,M,2005-09-26,20,Athlete
12186,1T9R9DTRZSL08INA,M,1972-09-20,53,Coach
12187,40EYFN8WLQOCMGZV,F,1993-11-08,32,Coach
12188,4UJ6S3WXD85ARC1V,F,2004-01-21,21,Athlete
12189,5E7RA56SA8TTCZMG,M,1973-07-07,52,Athlete
12190,7I8VTIIP4U0H4Z7E,M,2003-03-04,22,Athlete
12191,7NZ6GJCSBSZXYJ79,M,1996-09-14,29,Athlete
12192,9SQG9YHECQWVMN61,M,1965-03-17,60,Athlete
12193,A4LK8EOANEBUWDTM,F,1994-09-20,31,Coach
12194,DXH7W1EOSY5FFFUT,M,1953-09-09,72,Athlete
12195,FWB9O6TIY7RJNSDP,F,1990-12-21,34,Coach
12196,KGAGFGLF0XF4QKU1,M,1965-02-11,60,Athlete
12197,N1D832U3ZUE8ZQM1,M,1995-12-13,29,Athlete
12198,NZOPXVA65XWUU8H4,M,1970-08-26,55,Athlete
12199,PBRVDAAJUV2QN1MY,M,1998-08-03,27,Athlete
12200,SIBFRUUJ4H2WUSPK,M,2000-04-26,25,Athlete
12201,UUFTCRDODCLOPCKF,F,1968-05-16,57,Athlete
12202,V0GFTEYXQMTES2BX,M,1967-03-18,58,Athlete
12203,WM46VLD8P3F8TLHV,M,1971-01-08,54,Athlete
12204,XVI5OYKESF997SWN,M,2000-06-20,25,Coach
12205,ZDE74U5PWDHC7ZR6,F,1987-10-02,38,Athlete
12206,04HNUYORGE1CD4BQ,F,1961-07-12,64,Coach
12207,3VBPWK479MTPFCH3,M,1995-09-08,30,Athlete
12208,5TF6V3KTO8ICGSDY,M,1996-12-19,28,Athlete
12209,AV87GWSJ1MSHQCIB,M,1976-10-24,49,Athlete
12210,AZ7QC0I1OSC93ZWP,M,1948-08-06,77,Coach
12211,BVAJU3D73Y1F14GQ,F,2001-10-15,24,Athlete
12212,DZEY1084JS3HIWFJ,F,1999-11-11,25,Athlete
12213,FI788WP9OL5ZT9KA,F,1974-11-24,50,Athlete
12214,GG25V6WGFVMQ48GI,F,1995-05-11,30,Athlete
12215,GRD93E68ZTV8CJUG,M,1986-09-29,39,Athlete
12216,HHLHOGSNKAVGXISE,F,1976-11-08,49,Athlete
12217,KZMD9WI7SV7K9JNT,M,1993-02-10,32,Athlete
12218,L04BQROINQNQ6EDG,M,2005-11-03,20,Athlete
12219,PSILMM2R4V3MWDBD,M,1987-03-17,38,Athlete
12220,TFN2V6RQKSC8JFBX,F,1993-05-30,32,Athlete
12221,TSUQ1AWKWXRAWLM4,F,1961-12-09,63,Coach
12222,UK8WTB0Q2M4ALICX,M,1981-05-17,44,Athlete
12223,X0EVAY7TX4XBQHZC,F,1987-04-22,38,Coach
12224,YP3OD3DPGT095PRQ,F,1988-12-16,36,Athlete
12225,ZCXIW5TAQAPTE4N8,M,1960-07-29,65,Coach
12226,0UPVVOCVZS6BZV75,M,1979-06-25,46,Athlete
12227,9N9793481DA9Z6P1,F,1996-02-08,29,Athlete
12228,A23FGUJE9SZBHO0M,F,1979-04-15,46,Athlete
12229,A4V1IFZGPX8V2WN6,M,1981-01-22,44,Athlete
12230,G8IV2OF6M3DV4ITM,M,1989-03-23,36,Athlete
12231,O5XVSVPTV6GIYX9V,F,1979-04-09,46,Athlete
12232,OH4Z9LDFAW2KBRL1,F,1993-09-27,32,Coach
12233,ORCW1XLGAORZFTLQ,F,1993-06-11,32,Athlete
12234,PMW3ACOJSO98F2A2,F,1979-05-02,46,Athlete
12235,RZ5OUGJNH1QVPACU,F,1972-11-09,53,Athlete
12236,SO8G0C9LLPE85V0N,F,1988-10-31,37,Coach
12237,0LXBVGQP9UZQI18A,M,1979-06-22,46,Athlete
12238,2NIEH5NLV6H184HM,M,1970-02-27,55,Athlete
12239,2X7F3OLXH06UP77V,M,1979-11-28,45,Athlete
12240,463LAIFF4OECD51C,F,1986-03-20,39,Athlete
12241,4LDXSTARZJIZ33EY,F,1981-08-01,44,Coach
12242,5VIG7T6K3V17AYN5,M,1982-09-27,43,Athlete
12243,5W3VJ901NJCA7E17,F,1994-12-01,30,Coach
12244,619WPH46LMFSTLHJ,M,1978-07-23,47,Athlete
12245,7Y93VKQH3AASHQXV,M,1993-05-05,32,Athlete
12246,82JAKKPHQ2S8O8F2,M,1981-09-19,44,Coach
12247,DUHH736UQEXZ3Z88,M,1977-02-16,48,Athlete
12248,EAAB44ZD0T45OLLK,F,1989-02-14,36,Athlete
12249,I1UT5757U6WTSP7C,F,1971-06-08,54,Athlete
12250,LRBWHZGPDUBU2IGS,F,1973-01-03,52,Athlete
12251,OGB2ANSF9PVFB68W,F,1983-12-17,41,Athlete
12252,P11WIHP6A7QK47MZ,M,1994-07-19,31,Athlete
12253,QBI0LISFEMJFG8S4,M,1987-09-22,38,Athlete
12254,TPM0CDPLP9RMDEI1,M,1993-12-14,31,Athlete
12255,2VGJF3RLP531WN2X,M,2009-09-19,16,Athlete
12256,338TM4RDAL0MPK6K,M,2005-04-22,20,Athlete
12257,9TRIZFHY95CMAC2Y,M,1998-05-30,27,Athlete
12258,A1GJNAJ3UKORZLOV,M,1991-01-14,34,Athlete
12259,GJT38UF52ZAY9IWP,M,1992-05-21,33,Athlete
12260,IQN5XSI3AH9N1FZU,M,1991-01-17,34,Athlete
12261,J0TESBSRP4X1BBFV,M,,0,Coach
12262,KZKPIIM3LEEF2PFE,F,2001-12-27,23,Athlete
12263,L5PSM99W37DMT1ED,M,2005-10-06,20,Athlete
12264,P1CJT8OM3DYOYJMW,M,1984-05-29,41,Athlete
12265,P20EJIYMNOTEX2TD,M,,0,Coach
12266,SATBK7OFE8LV5JE0,M,,0,Coach
12267,TVTA3QIVY3G7WZZY,M,,0,Coach
12268,YZVNXY6IEB8DY6CI,M,1990-07-27,35,Athlete
12269,Z9BEX225R73GMG49,M,1994-06-06,31,Athlete
12270,1DMJZJPEVZTLR6I3,M,2006-07-28,19,Athlete
12271,1JVXHNDN8K4NICK8,F,1992-09-16,33,Coach
12272,2B88WSY6ZCXLO4Z8,F,1999-03-19,26,Athlete
12273,4LCGX38Q1WTEK7QY,F,1967-06-20,58,Coach
12274,7WR27QXOY48KCAN0,M,1981-03-30,44,Athlete
12275,9YB2HF8WEAB043JF,F,1997-09-18,28,Athlete
12276,B5BPC9TFHP9L96UA,M,1996-10-09,29,Athlete
12277,CG7AVRLMDZJUBZPX,M,1969-05-25,56,Coach
12278,ECHB0EVKRE9ADB8M,M,1997-12-13,27,Athlete
12279,HFE3OIZJ2NLSXAEJ,F,1999-09-24,26,Athlete
12280,IHYQOTOBM0N19EOK,F,1999-11-22,25,Athlete
12281,JKYFEVAV9B4ZA2DG,M,1966-07-25,59,Coach
12282,JRVQFMEQ9Q6FISFM,F,1998-11-29,26,Athlete
12283,K5CLW3MPJC35QV4P,M,2002-11-09,23,Athlete
12284,K6RO4FDH3QN1KQLG,M,2008-12-26,16,Athlete
12285,K8E5R0I0PTNJIXO7,M,1991-06-30,34,Athlete
12286,KN58K8P74XI17OS7,M,1973-12-22,51,Coach
12287,KU6095PU2L8OMEEK,M,1972-01-20,53,Coach
12288,L1I9SYLGIBTSKZ25,M,,0,Coach
12289,OLL59J2RP9Q4C8BD,M,1958-07-04,67,Coach
12290,OZN04HXDWOSWE5ZK,F,2007-05-29,18,Athlete
12291,RPN1PEE3SF74HBW7,F,2004-05-19,21,Athlete
12292,T5DE1VRR4V8N81VI,F,2000-12-23,24,Athlete
12293,TTT5ZYU3R70J380H,M,2011-12-12,13,Athlete
12294,TW47FHZCV6IIHPAS,M,1969-07-03,56,Coach
12295,USC724CEQT5XASC7,F,2000-04-28,25,Athlete
12296,VRK46TTVGIP7OCWY,F,1968-01-09,57,Coach
12297,W9X16A5MWNET8ZAK,M,2003-04-08,22,Athlete
12298,WF2XNHBZK39KEK3O,M,1978-07-04,47,Athlete
12299,WNOJ8M7NRAIH5RW8,M,1969-05-12,56,Coach
12300,Y1E5S37YJVT3PD1U,F,,0,Athlete
12301,Z6XVL0G77N05C2HD,M,1993-05-18,32,Athlete
12302,ZHB4Q3K8F28OXBE7,F,1991-09-12,34,Athlete
12303,19X2NL1ZKIGE7J86,M,1961-10-14,64,Athlete
12304,2TBDE41VJ1G7MRIF,M,1952-05-02,73,Athlete
12305,2VKH2N7IMAJTW9J6,M,1953-09-11,72,Athlete
12306,35UU0GWE5YQTDDI7,F,2000-11-20,24,Athlete
12307,3JLOK2KWAW6J47LU,F,1977-12-15,47,Athlete
12308,5TKVK36EAP3G630H,F,1996-04-17,29,Athlete
12309,6PXTUXIX651PZXR4,M,1986-06-27,39,Coach
12310,7AMF2Z1KEOBB0DL1,M,1965-05-30,60,Athlete
12311,7BCOV4DNBPEWRQFD,F,1997-11-14,27,Athlete
12312,8N3IPFTQJG4HHHQK,F,1989-09-19,36,Athlete
12313,8SDOXTDFII24ZL61,M,1982-02-15,43,Athlete
12314,9TXW2W88B287OJSG,M,1990-10-26,35,Athlete
12315,9YXXQPIQ5KECIGL2,F,1965-12-21,59,Athlete
12316,EPTRYHFX7NA70SQS,M,1980-12-19,44,Athlete
12317,EPWG0L7MHRX6AR70,F,1990-07-25,35,Athlete
12318,EQTRTJVHD3ZHK05K,F,1991-09-27,34,Athlete
12319,FUQJIE5ZFZSH5VBG,M,1987-11-14,37,Coach
12320,HT3S527Q3DP5RTJB,F,1981-12-15,43,Athlete
12321,JKV8BM2JPB7O6WPI,M,1976-11-05,49,Athlete
12322,JM7ZNLN200NYR6KP,M,1958-05-05,67,Athlete
12323,L5EBUO33V0VQ8I4T,M,1976-01-02,49,Athlete
12324,MB2HU904588AAMY7,M,1964-09-15,61,Athlete
12325,MBWKQL2OHOFEG6E0,F,1996-02-25,29,Athlete
12326,MZFBBW25ZZG0AF5R,M,1969-03-28,56,Athlete
12327,NF6OPAGE5AILF2XJ,M,1994-04-16,31,Athlete
12328,NKHV9B2YZVVZEGMH,M,1978-04-24,47,Athlete
12329,NNSA5M1LW5RUNY10,F,1969-03-18,56,Athlete
12330,NRR89UPD4UMWNERO,M,1960-04-20,65,Athlete
12331,OVLOLUO01XSI3YHO,F,1966-11-20,58,Athlete
12332,P8AX3V7NV07KWEPR,F,1961-04-07,64,Athlete
12333,QKMBQ7LCWGJ0CKXQ,M,1990-02-27,35,Coach
12334,RJ4SG1DB2CGRG65T,M,1979-09-02,46,Athlete
12335,TU07RH3FFH0CVX65,M,1964-04-27,61,Athlete
12336,UGN7KAAQOER7LYHL,F,1987-08-13,38,Athlete
12337,UP774VP3YV8PE36X,M,1958-03-26,67,Athlete
12338,VIB521QRIXK13NX2,M,1993-07-17,32,Coach
12339,W1P69RUTTH93DY26,M,1987-06-29,38,Athlete
12340,X4JJ285XGAC9QWGK,F,1960-05-25,65,Athlete
12341,Y7606O0GFHKEB8KW,F,1960-12-19,64,Athlete
12342,KBBRONT9EE25GGB1,F,1986-03-18,39,Athlete
12343,TR3A5SCAKMGF2GIA,F,,0,Athlete
12344,WCQYCUDZ2HG7YS1P,F,1995-08-11,30,Athlete
12345,X92B7F224QIV09XG,F,,0,Coach
12346,3JUQ2XJO1THHQNVA,M,1991-03-22,34,Athlete
12347,3K7URKBR92SJ2C3J,M,1989-06-02,36,Athlete
12348,5JREP97KNSIQJXBB,M,1973-03-04,52,Unified Partner
12349,5N0HYPG9JPK48ZLD,F,1959-08-17,66,Coach
12350,6LRFQWSVTTCOUP80,F,1995-11-01,30,Athlete
12351,AF2I5VNALATJ9OC3,M,1996-02-14,29,Athlete
12352,DULD2TBGMZQ189YP,M,2000-02-21,25,Athlete
12353,E6AUTZTB0PGCYOQ6,M,2006-01-26,19,Athlete
12354,EFKUJK8XEPQRKP1T,M,1994-03-25,31,Athlete
12355,G8CZDFQ6HQH6DYQU,F,2000-12-12,24,Athlete
12356,I0WBY2MXYIM4Q2AN,M,1994-07-06,31,Athlete
12357,JIOKRGZZA2XZIDRP,M,2000-11-09,25,Athlete
12358,KYSC5XBTRNSC2PQX,F,2001-08-28,24,Athlete
12359,LY8KELJ2FE1HCBPG,F,1992-06-24,33,Athlete
12360,PB7LZRBVHQBJYU86,M,1997-09-10,28,Athlete
12361,QE661AWDCELPSJEA,F,1972-02-09,53,Coach
12362,QGV630J8657WO8FK,M,2010-06-28,15,Athlete
12363,QMLTDUP3SLQ2S7IA,M,2005-04-07,20,Athlete
12364,SF7B4CYG5EULWKH5,M,2002-10-09,23,Athlete
12365,TIIG9U68997QCVD2,M,1997-04-18,28,Athlete
12366,UO4X2VHH7MBO5DVZ,F,1988-06-30,37,Athlete
12367,V1PXU4M5752Q7HTI,M,1990-03-12,35,Athlete
12368,XJ4I9Y37CS58CFAJ,F,2000-07-19,25,Athlete
12369,Y8VN0IY96MG5G8XM,M,2006-01-26,19,Athlete
12370,ZXT5OMJ8VP3IXL7D,F,1968-05-31,57,Coach
12371,1RV6BWX3LVDKOVCC,M,1967-05-30,58,Athlete
12372,2BPV96Z6JOBGIT11,M,1978-01-06,47,Athlete
12373,600KMDTMRQGWBBGX,M,1977-12-10,47,Athlete
12374,6G1JLAYOVPQTRRK5,M,1976-06-12,49,Athlete
12375,9463FBPXIYX7KVUD,F,1989-04-06,36,Athlete
12376,BH205I7EY7118NUD,F,1995-09-26,30,Coach
12377,DHSSSP8RXRMTJSS7,M,1995-07-04,30,Athlete
12378,DXJLKS6DCRIIR7K0,F,1977-03-23,48,Coach
12379,E6D8GS21ZPRAA32O,M,1971-09-14,54,Athlete
12380,H1TXGD9R0KBTK0N3,F,2001-08-09,24,Athlete
12381,LFTEM7U3QMV91EJE,M,2000-01-08,25,Coach
12382,NGQMMHW4EKG4O2ON,F,1998-09-18,27,Coach
12383,O210N9TRHOL2LB92,M,2000-11-24,24,Athlete
12384,PFQRXVOD5A49T91S,M,1987-11-19,37,Athlete
12385,PPRHVXS5ENYKOSPX,F,1994-08-04,31,Coach
12386,SSXTBPTUOXEDKVK1,F,1982-07-22,43,Athlete
12387,0E5HSCC2CEUHNKPH,F,1974-03-10,51,Coach
12388,1EAHP751NDC8I3X2,F,,0,Coach
12389,1EZG5J9N4VVXNKIM,M,2011-10-03,14,Athlete
12390,1ILVC9QG37YM88N0,F,,0,Coach
12391,2WXJHWKF4X4XHLSO,M,2006-10-20,19,Athlete
12392,3HG8PBSMBQSUI0UW,F,,0,Coach
12393,3LGCC1BWYBF8BIJA,F,,0,Athlete
12394,4J94ZSDPM5CJB8PA,F,,0,Coach
12395,4UXZ8GKXWEGDGCDP,F,,0,Coach
12396,5XXVXPBNY2EXW19Y,M,2009-12-07,15,Athlete
12397,6WH3KJVCE4335RG5,M,2013-04-27,12,Athlete
12398,AI0Z8PO0QKE296TU,F,2009-03-25,16,Athlete
12399,B6XCQNAUTAOAOMEC,F,2013-02-08,12,Athlete
12400,BILWV8V49BJ7EH0L,F,2008-12-19,16,Athlete
12401,BQSFTRNUI49GGHDM,F,2010-09-26,15,Athlete
12402,BWQGW42CWQ981RKO,M,,0,Coach
12403,C3XYOHVGBY3LJKA3,F,2009-09-06,16,Unified Partner
12404,C6N9TVIDSV8UYOIY,M,2013-10-29,12,Athlete
12405,EDJYSJTE7WRGO8LQ,M,2015-04-22,10,Athlete
12406,EQ3NOGAM7QBX194J,F,2006-09-07,19,Athlete
12407,FHLDQS4RT1BVG24P,F,1971-05-30,54,Coach
12408,G36WLUA7YZDPOSW2,F,2014-11-21,10,Unified Partner
12409,HNOHERSBHVKPEQL8,F,,0,Athlete
12410,INLEL7VMMR5EF84V,F,1980-04-16,45,Coach
12411,K06J8SSU9CJO5TBM,F,2009-01-10,16,Unified Partner
12412,N1YU0F28EGQ889GX,F,2014-01-06,11,Athlete
12413,N6DN2TGZOCF20YSJ,F,,0,Coach
12414,O5JAV7VVEBKQLS9R,M,,0,Athlete
12415,Q5CSD34BV207IZTZ,F,,0,Unified Partner
12416,Q5S0X00Q0XMBNVHB,M,2007-10-01,18,Athlete
12417,QGQNTOIAPIG3QARZ,F,2008-10-15,17,Athlete
12418,TELDR5E8DIALKXZ9,M,2014-06-13,11,Athlete
12419,TGSV6XQN777ZNE3H,F,,0,Athlete
12420,TJXXK2V32M3EA0Y0,M,2009-10-10,16,Unified Partner
12421,TR0NHNWTQZI8SSW9,F,,0,Coach
12422,U759LLEGOSVHXKNU,M,1995-07-08,30,Coach
12423,U95XGBKIXSWL0M1J,M,2015-07-07,10,Athlete
12424,V3QE0P51QBUF3CZH,F,2008-12-21,16,Athlete
12425,V7ABSI3QEAMD20LF,M,2013-11-19,11,Athlete
12426,VVQJ712TMQBSLJXY,F,1974-03-22,51,Coach
12427,W7SREPYBT4FLV9WE,F,2011-10-05,14,Unified Partner
12428,XXM6V6B09ZHK1I8X,F,1969-03-01,56,Coach
12429,ZG3N4ZF7V69XVFOG,M,2014-12-02,10,Athlete
12430,4CRVZEDJH8NYU160,M,1989-11-16,35,Athlete
12431,7HZ6XPER7NBREL27,M,1996-09-05,29,Athlete
12432,8537A0WC22YFV1PP,F,1968-05-25,57,Coach
12433,I21ITXZR1TYXNKG9,F,1967-10-06,58,Coach
12434,ID4VFFVEMR5AZDPK,M,1995-06-01,30,Athlete
12435,IDLG4QT3AY218DZG,M,1999-07-05,26,Athlete
12436,IQVC8ILINNWTFSZK,M,1985-07-23,40,Athlete
12437,KII5CYO8NW7IT45Z,M,1955-06-14,70,Coach
12438,MXVAUEX3C4I4GO0P,M,1965-10-24,60,Coach
12439,O1EO0R33P0GZ1LPH,F,1955-02-28,70,Coach
12440,OXZRMZO6M7FN9O2O,F,1968-07-05,57,Athlete
12441,VSFC2ZRMODJ2WUHE,M,1971-06-23,54,Coach
12442,WA65GN4RIMDA6S37,F,1959-05-31,66,Coach
12443,8UIAIKV6K9FXMNPE,M,1972-12-24,52,Athlete
12444,90RQ2S640S6PTHHS,M,1993-07-20,32,Coach
12445,B9N8YIDAEHB7PWQ1,M,1991-02-16,34,Athlete
12446,IR6081QXX9J8E1QA,F,,0,Coach
12447,K91GWKM8B231YP2B,F,1963-12-22,61,Athlete
12448,OKCB52905UDN4295,F,1992-11-23,32,Coach
12449,QVF0BRWCFJCF2ISZ,F,1990-04-24,35,Athlete
12450,SCRAIHDMP0KGDZG2,M,1991-10-01,34,Athlete
12451,SGBG1JK405NF1PAC,F,1961-02-16,64,Athlete
12452,WY9NTYV764OVK7S4,F,1969-03-12,56,Coach
12453,0W8S3GFYQS3I02YQ,F,1967-06-30,58,Athlete
12454,1LNNYRP9VH2ZY4HT,F,1996-05-02,29,Athlete
12455,1N9LI67BVEN94ALM,F,1971-09-14,54,Coach
12456,1VMHYE68045S66JY,F,1980-10-23,45,Coach
12457,1WOMXWNJUKZ2IN2M,F,1987-02-07,38,Athlete
12458,2LEL8OIE399TJO7B,M,1991-07-15,34,Athlete
12459,357ILLZJ1OEILHTO,M,1992-06-11,33,Athlete
12460,4FJDXLOCJUVUPZDV,M,1973-01-12,52,Athlete
12461,4MB39ML8FUYUOTJG,F,1989-07-14,36,Athlete
12462,4Y5AZGT2ENBQ78VL,F,1967-05-10,58,Coach
12463,5M20SLROH9AEPAYJ,F,1988-01-27,37,Coach
12464,72DU3HXYI5XW1L99,F,1968-10-20,57,Athlete
12465,901YKO1XMBH1VCHG,F,,0,Coach
12466,95HJKHJ20GJAGTQR,F,1994-10-28,31,Athlete
12467,AM9TE812UAD6OQNP,F,1994-07-26,31,Athlete
12468,BK2P2I3QA4O8VGLJ,F,1981-07-16,44,Athlete
12469,BL5E2KIZ5Y7PAY1Y,M,1999-09-22,26,Coach
12470,BPDSKL4W9KLFJHOD,M,1996-02-12,29,Athlete
12471,CKHXTA7CN9WKXYWC,M,1965-04-14,60,Athlete
12472,DD5DZ415MCGRTYXD,M,1981-04-14,44,Coach
12473,DSJDE7IN3CJPX23V,F,1974-10-31,51,Athlete
12474,E8IRFHZVAKSQ6ESA,F,1990-04-28,35,Athlete
12475,EE9FCTKULYEQJA8Y,F,1963-04-27,62,Athlete
12476,ES290PV05Y4Q4EUO,F,1974-03-19,51,Athlete
12477,GANXPDFK7ODRQCAB,M,1977-09-01,48,Athlete
12478,GGH6L6KPB8W4PXYW,M,1987-08-17,38,Athlete
12479,HUJTPRFWB5N76LNH,F,,0,Coach
12480,HWOJQWXM362910UJ,F,1976-05-03,49,Athlete
12481,I2HSUCUDZEA1U3GA,M,1978-12-13,46,Athlete
12482,JL8TE4XG7BXS3WKC,F,1973-10-22,52,Athlete
12483,JOBPGJ3QTY7K9ISL,F,1985-05-22,40,Athlete
12484,JW2YR8MV1QZI1A8T,M,1980-05-20,45,Coach
12485,K3J7G0HJB3FGIRQN,F,1991-08-21,34,Athlete
12486,O86P9FHJXK9V2UKJ,F,1967-06-05,58,Athlete
12487,P9PYHBEO94HFM32A,M,1972-04-16,53,Athlete
12488,PUC7V2AT2DWEXOU7,F,,0,Coach
12489,QP27RDRHB933PL2Y,M,1974-12-23,50,Athlete
12490,RQVU7KA80YFN2F8Y,M,1987-05-26,38,Athlete
12491,UGYI1WBBR8PS10J0,F,1979-07-27,46,Athlete
12492,UI4A2NJN143BUMCA,F,1989-04-27,36,Athlete
12493,V0WAW5V3ZG3EU2HK,F,1997-04-23,28,Athlete
12494,VW07EG8BWMX834Q0,M,1990-05-06,35,Athlete
12495,X4NSKIT0513YZ40P,F,1994-09-30,31,Athlete
12496,XJ4H028PQT3CWBV7,F,1963-01-06,62,Athlete
12497,XLOBXW7BE71UJYLL,M,1965-07-27,60,Athlete
12498,YL0SWGSL9LY9KLH9,F,1985-02-15,40,Coach
12499,0HO8OCWOVLRPNGSO,F,1966-11-01,59,Athlete
12500,1915FFU3J8VGG15G,F,2004-08-25,21,Athlete
12501,19D0JVXK368RAZGB,M,2001-05-16,24,Athlete
12502,1AT0VH0P4JL86QX4,F,1976-10-31,49,Athlete
12503,1JW0ZN2ZXQYSSYIF,M,2000-07-25,25,Athlete
12504,1NQH1SXOY6ZCGJB3,M,1971-07-03,54,Athlete
12505,24JY78NH35PY4DCP,M,1983-11-28,41,Athlete
12506,2KKK5QEQ21Y8J0W0,F,1961-05-25,64,Athlete
12507,2RNHZSYIJRSEKKC4,M,1989-09-15,36,Athlete
12508,2XBRJA1JP63FE2SL,F,1999-10-10,26,Athlete
12509,2XDEVVZAQ3ZWDSK4,M,1992-03-16,33,Athlete
12510,38PS6OACD38XWXTB,F,1999-07-12,26,Athlete
12511,3CZKX6L2T3HD0ETJ,F,1974-04-19,51,Athlete
12512,4L2Q23LRGGPJ3I1Y,M,1964-01-06,61,Athlete
12513,4LAEX4Q92U84K738,F,1962-01-16,63,Athlete
12514,6Z62IGCJZ9RRNNY6,M,1969-11-15,55,Athlete
12515,75NMNWCN15VEK677,F,1961-10-22,64,Athlete
12516,7IUF61DVBEOZZXUI,M,1971-07-29,54,Athlete
12517,7PEZIEV8CKXWH02H,M,1981-05-22,44,Athlete
12518,7VCGC1MO31FY0I1L,M,1990-09-17,35,Athlete
12519,8AX59HLR5MN4QM6R,F,1984-03-19,41,Athlete
12520,8HVIMXLW4E0FWKRR,M,1985-03-03,40,Athlete
12521,9SI2CXM26IMQMVPO,M,1993-08-25,32,Athlete
12522,9V1EUH3UUB1TN2L6,F,1978-05-18,47,Coach
12523,AWYVW1GVVAG39GYU,M,1970-05-25,55,Athlete
12524,B4TRLPG53CKCLFPA,F,1999-12-17,25,Athlete
12525,B7RVIDOX2O7BW3Z9,M,1999-12-12,25,Athlete
12526,BM7U8VXQCA217ITC,M,1982-09-05,43,Athlete
12527,BRZBWV57YRB2U0GW,M,1997-07-05,28,Athlete
12528,BSLK8Z9I7WY9MEFH,M,1970-07-21,55,Athlete
12529,CCW44W9405XWGVA2,M,1986-01-29,39,Athlete
12530,CT6G3EJSN2E3UETV,M,1999-03-19,26,Athlete
12531,CZ2SGJNO1UT7FUPC,M,2000-07-25,25,Athlete
12532,DEJE747VICINU32K,M,2002-10-20,23,Athlete
12533,E4KGXKOD06E8G9BK,F,1989-06-21,36,Athlete
12534,EO24JHOSFGZXK7DM,M,1978-05-28,47,Athlete
12535,EOU76KR9YXTOZ4NK,M,1977-01-30,48,Athlete
12536,FS2LSOLAAWGSUMRB,M,1977-09-23,48,Athlete
12537,G0WQES7G4CCHLXA2,F,1967-02-13,58,Athlete
12538,G1N0A1RI5DOTKH0U,M,1992-11-24,32,Athlete
12539,IG3PAJOVYFMP958G,M,2003-04-16,22,Athlete
12540,IWJHTV7W4P5IOE62,M,1987-06-21,38,Athlete
12541,J5PN4J9YNZTX1NO6,M,1983-01-21,42,Athlete
12542,KLWFIIP8Q9GKJWPV,F,1972-01-25,53,Coach
12543,KW8J1FPTMHX5DJTI,F,1962-04-27,63,Athlete
12544,L9SCT8T4FC5H17A7,M,2004-04-12,21,Athlete
12545,MDFG4EW0BV1RI9RP,M,1991-02-02,34,Coach
12546,NKGM86I3KD4A82RG,F,1997-07-12,28,Athlete
12547,NUD9L8LJRZZVJFT4,F,1991-10-11,34,Athlete
12548,PA9DRX2DVPBUAHO9,M,1963-10-05,62,Athlete
12549,PCYPNW3106PUF0LR,F,1972-02-15,53,Athlete
12550,PUQ53L1D4Z2AOVD2,M,1986-10-29,39,Athlete
12551,Q3GVJ3M2V25ZTHJ0,M,1964-06-01,61,Athlete
12552,QJRNVX6PIK3VG1JY,M,1983-01-21,42,Athlete
12553,S2MBJXMI0WHE9ZTU,M,1995-03-28,30,Athlete
12554,S3XSE9WV7OLG5IBP,F,1961-02-12,64,Athlete
12555,SG8P2CBC0JG5AN6B,M,1981-04-04,44,Athlete
12556,SK2QGYYGRYG8DKJF,M,1953-11-17,71,Athlete
12557,SOME9L5UE7K29N1T,M,1983-01-21,42,Athlete
12558,SPG6GTLLBSQ82H85,M,2001-03-09,24,Athlete
12559,SWL7R85QN4W0LS13,M,1991-06-02,34,Athlete
12560,T6JADF0V8SVOBLPN,M,1985-02-01,40,Athlete
12561,TAP3PWW11M5NOMNH,M,1996-04-22,29,Athlete
12562,TU8BN2KJ11X6V7FQ,M,2002-08-03,23,Athlete
12563,TYJTQB0JGFHE5F38,M,1981-08-10,44,Athlete
12564,U5L6UUZ42YLQVENC,M,1998-07-03,27,Athlete
12565,UJTFSESFV8XRMTNG,M,1954-05-09,71,Athlete
12566,V1K5S8WP8GF0KO4V,M,1984-10-06,41,Athlete
12567,V8HR8ZAXYMXBJG92,M,1991-04-11,34,Athlete
12568,VAR069JEI179KVG4,M,1984-04-28,41,Athlete
12569,VHHYZ9R5H6B7P8RH,F,1969-11-20,55,Athlete
12570,VQI4GGZFVE0YB6HC,M,1983-08-29,42,Athlete
12571,W1LHRLS3NZAS2G5O,M,2004-12-04,20,Athlete
12572,WFFMMVMY473ZYKRZ,M,1985-12-20,39,Athlete
12573,YOH8603O3ZSMJNUU,M,1964-07-17,61,Athlete
12574,YPVD82SJGNCUW53S,F,,0,Coach
12575,Z91NNPABRBBOS66W,F,1985-12-03,39,Athlete
12576,ZJ8N43U5JHIPQ7NL,F,1991-11-10,34,Athlete
12577,08WW02PSP6DI6K7A,M,2001-10-10,24,Athlete
12578,AV8ZU55UYXTR0LJB,F,2005-04-19,20,Coach
12579,EY8GJ2GSSQNB66UA,M,2013-10-15,12,Athlete
12580,HI8HSD2KRZPD82E7,M,1990-02-13,35,Athlete
12581,JYU9VL1XLXDO5NVZ,M,1976-10-09,49,Athlete
12582,KAKISZM7WMDOFU33,M,2006-11-22,18,Athlete
12583,NIQWB7QQCLX6OZL5,M,1997-10-14,28,Athlete
12584,Q61THNKI23K6LRDU,M,1999-05-17,26,Athlete
12585,USX5T5J7CQLPBDU5,F,1975-09-04,50,Coach
12586,Z33HQUAAKLWFNC7C,M,2013-06-16,12,Athlete
12587,2064SLD6OWYANME8,M,2004-05-24,21,Athlete
12588,3OTZPKBTWB3ZLJEY,M,,0,Athlete
12589,3YFINX18R5FOE9A1,M,1976-04-06,49,Coach
12590,5YRQOEBQOGAF348H,M,2009-01-26,16,Athlete
12591,6S3AKD8EJ391P5ER,M,1991-01-18,34,Coach
12592,6Y1V02GC9E3GR5A7,M,2007-11-14,17,Athlete
12593,7QUIWEE16U0TRMNR,M,,0,Athlete
12594,ACW3AAZRYIV1QT9D,F,2004-08-23,21,Athlete
12595,BIQUVAGRHA1F3TPG,M,2009-04-10,16,Athlete
12596,DFPNGMFBL7C76Y6J,M,2010-10-23,15,Athlete
12597,DZM3NUAYSSNH6XYP,M,1962-01-05,63,Coach
12598,GMMD1EDRNYKDDXYB,M,1978-02-04,47,Athlete
12599,H5SLLY2LPW3DYOMS,M,2010-03-13,15,Athlete
12600,HUVBWNHUC3FL6KY6,M,,0,Athlete
12601,JK47ZWLFVLOETVCC,M,2005-12-14,19,Athlete
12602,JKYAYB9HW8FLJUNI,F,1999-03-12,26,Athlete
12603,KS3EIA9L2DV79690,M,2012-12-11,12,Athlete
12604,N0ZKEEO2IUK7V899,M,2004-11-26,20,Athlete
12605,PDKNEM624VO1FX6G,M,2005-08-15,20,Athlete
12606,POY0WZSH595C49SL,M,2003-04-25,22,Athlete
12607,R925TN57U1NN1A0J,M,2007-01-16,18,Athlete
12608,T3PEH0BW9VPIA83D,M,,0,Athlete
12609,341RE1Y483NE4KDQ,M,1971-09-16,54,Athlete
12610,4YXBLDPZ9XKX00Y0,M,1983-12-25,41,Athlete
12611,6M3CCQOCW0319F7F,M,1991-12-14,33,Athlete
12612,6O56DEE58HPVBOIZ,F,1986-12-20,38,Athlete
12613,E2NH791WA5ICSPRD,F,1968-07-21,57,Coach
12614,FZT1KOHKVFXUFCIR,M,1975-03-06,50,Athlete
12615,LEG6YM0M7QMLVL5Y,M,1989-01-08,36,Athlete
12616,N5EH3TBKWBIGCN7T,M,1986-04-14,39,Athlete
12617,X5T0BMN6RDXN88RS,M,1987-03-23,38,Athlete
12618,ZAD554V66MG9UMM5,M,1990-04-18,35,Coach
12619,2TNG0ZW2AVXL06SS,M,2009-11-19,15,Athlete
12620,2UYF6S79RXHKZ0UO,F,2016-09-08,9,Athlete
12621,47YGPBYQ716I7584,F,1965-10-12,60,Coach
12622,4VG1XWO303V5EMA2,F,,0,Coach
12623,5JEUF9XNY4IHLIBM,M,2015-10-13,10,Athlete
12624,5RF3Y7NOG2LC8O9Q,M,2003-01-08,22,Athlete
12625,70N09QA099K1B3PB,M,2008-02-20,17,Athlete
12626,7ANA1XGPK0JZFU6A,M,2011-12-05,13,Athlete
12627,9MFQPBK47ZC78ZW3,M,2006-11-27,18,Athlete
12628,AGKCEPD1D3MWOHGC,M,2009-09-04,16,Athlete
12629,BXA4VTV1O7VRW1FL,M,2016-11-27,8,Athlete
12630,C2WD3HBERJ4A67B4,M,1998-05-08,27,Athlete
12631,CAS9PRQMK3YS12W6,M,2008-12-07,16,Athlete
12632,COV9GMXVP60OQGMZ,M,2009-01-07,16,Athlete
12633,CT79X8UEYZS00WRC,M,2009-02-25,16,Athlete
12634,DV1SN8ZNPF8I8SBI,F,,0,Coach
12635,E068I123528WK2HY,M,2011-12-05,13,Athlete
12636,EPYVBUCAYE7MCAF2,M,2001-09-26,24,Athlete
12637,GQB8HQP4SJK1AQES,F,2016-03-26,9,Athlete
12638,HVIUPG7XE7659928,M,2009-07-28,16,Athlete
12639,IFF708GE950ZI3J5,F,,0,Coach
12640,JPGF5HIC04XIJQOH,M,2014-07-23,11,Athlete
12641,KYEKJ0X6D5B7T4J8,F,2010-12-15,14,Athlete
12642,ME2879D3FCIQ0D2M,M,2013-08-13,12,Athlete
12643,NH1UE9VYONIWBA47,F,,0,Coach
12644,Q3DMK0KGZ0CKGGDT,M,2008-11-28,16,Athlete
12645,Q5W7ERJJF16JK8KJ,M,2007-08-28,18,Athlete
12646,Q6F7EKNA6O7U3IQC,M,1999-10-22,26,Athlete
12647,RAIAZYBJFLP9WCZU,M,2010-06-25,15,Athlete
12648,RBMCC3H5WCU6IDU4,M,2011-08-02,14,Athlete
12649,RGDG36AU2DTS61IV,M,2008-07-29,17,Athlete
12650,RSFE7H7LFYPSQQLX,M,2001-04-03,24,Athlete
12651,S7N6ENQE3FHK4ZDO,M,2006-03-24,19,Athlete
12652,SH5L68ZVDUZ4LH82,M,2000-02-11,25,Athlete
12653,VQ5D3EFFUEE8IF50,M,,0,Athlete
12654,WPAIYTIAYC4RFURW,M,2007-07-25,18,Athlete
12655,XID2S5DCIYNWQWWE,M,2007-09-06,18,Athlete
12656,053CSL0RGEOWF3Z3,M,1942-10-24,83,Coach
12657,6279QGIWMBY9V3HB,M,2005-08-10,20,Athlete
12658,64LKIKVPIE965AX0,F,2004-08-22,21,Athlete
12659,6CA26RT0ZC76XGYC,F,1987-10-30,38,Athlete
12660,7TZGF8SP8ISAUSIB,M,2007-11-30,17,Athlete
12661,9A3290P9UWFDOEG0,M,1986-03-17,39,Athlete
12662,BPBZ3DO2RBK1NHGL,M,1955-03-14,70,Coach
12663,EN7R30G9UHCB494C,M,2002-02-01,23,Athlete
12664,JA5OP9TDBBNCRUC7,M,1956-04-27,69,Coach
12665,MC552YA9XVPZQ739,M,1994-04-20,31,Athlete
12666,MTP60SD0QFCX6HEO,M,2005-03-01,20,Athlete
12667,N1KS3VDCNSYPF21U,M,1990-05-06,35,Athlete
12668,ODFLJIV84VAG7BR6,M,2003-08-08,22,Athlete
12669,PK51SH7YE8OP6MAA,M,2000-11-22,24,Athlete
12670,RDU6HOSTAIDQBKL5,M,2002-03-01,23,Athlete
12671,UWO4L149AFGGP7BW,M,1979-04-18,46,Athlete
12672,V44E0SLP6ZRKGPDD,M,2003-12-01,21,Athlete
12673,XSN13WEPEXNT87L6,M,2004-11-14,20,Athlete
12674,2L94SJRIXSV2HHL4,F,1987-11-23,37,Athlete
12675,6LWVZ1U6ZWH7CL7P,F,1986-11-28,38,Coach
12676,9LRALK4W0XDLJWJZ,M,1991-04-12,34,Athlete
12677,NQZN1XW0BW6CG497,M,1952-02-18,73,Coach
12678,UCJWSM4M5010950W,M,2008-02-04,17,Athlete
12679,VMQNAURT3P7OH2NJ,M,2002-12-20,22,Athlete
12680,11L94E2I65XUP9CT,M,1978-07-24,47,Athlete
12681,1713HC25X5PE5T7E,M,1996-11-13,28,Athlete
12682,1M2QMI555CJ4KLUK,M,1953-12-26,71,Unified Partner
12683,205YUMQ6LDY4DW4F,M,1987-08-26,38,Athlete
12684,2NFGKX3VU27IQHVG,M,1967-11-13,57,Athlete
12685,3J3GMC488C2GIX0H,M,1972-09-09,53,Athlete
12686,6RX0LU6B5X18YOK6,F,1978-06-29,47,Athlete
12687,9G4S70I513KAWF9J,M,1979-03-31,46,Athlete
12688,9M57DSWMZJBI2LRV,M,2001-03-18,24,Athlete
12689,ALE09NXCDP5UNHRO,M,1996-12-18,28,Unified Partner
12690,AY5I7IRV61495GRL,M,1982-12-14,42,Athlete
12691,BU37M0X2GMGT77CU,M,1966-01-14,59,Athlete
12692,C62EI8JOY51WD3SC,M,1980-06-07,45,Athlete
12693,FXTXIX8N1V0LNRKS,M,1992-03-28,33,Athlete
12694,GVX02VFD3VXI5UPM,F,1992-05-26,33,Unified Partner
12695,JG6NSFY0X1SPOJWW,M,1980-07-29,45,Athlete
12696,JHA9VLDXZBWZA520,M,1988-05-03,37,Athlete
12697,JIWVF88AO3PUTOSE,M,1986-09-08,39,Athlete
12698,K62PPGP6QAVKDHJX,M,2006-09-17,19,Athlete
12699,LE49EM9UDGDLTOKO,M,1991-02-02,34,Athlete
12700,M7KAMWQJGCZMMHFQ,F,1993-12-23,31,Athlete
12701,MI10A2D3G09LNKGT,F,1962-03-25,63,Athlete
12702,O7FLWUFE7T5QDFGQ,M,1991-05-19,34,Athlete
12703,OYZQOUWACAKM5NJS,F,1990-11-28,34,Unified Partner
12704,RG37PRU10567QF58,M,1969-06-03,56,Coach
12705,RNDHVVDI2Y7LZCTA,M,1969-03-29,56,Coach
12706,T0WTVH4LILP7HJ2J,M,1978-01-07,47,Athlete
12707,TDRMGN1MF3LYN3GB,F,2005-03-25,20,Athlete
12708,TK9AS9EA2GLJ09TJ,M,,0,Coach
12709,UKYNXUV2IO68XL02,M,2008-07-01,17,Athlete
12710,VKA6S5RL7ZUQJKAH,M,1976-08-14,49,Athlete
12711,WEE54PVQCMOWEPT2,F,1999-10-09,26,Coach
12712,X0LC3SDJXSZFCJ55,M,1992-02-04,33,Athlete
12713,ZMC3FXBHKZRREO18,M,1980-10-07,45,Athlete
12714,ZYYRBOP79M71X7N7,F,1998-03-30,27,Coach
12715,08OZGJRB0HWYCI6W,M,1972-09-05,53,Coach
12716,2ALVO3INKLNNK5BX,M,1986-05-24,39,Athlete
12717,2C3Z45RAP1MBGDYV,M,2008-09-22,17,Athlete
12718,2Z4MQVIJ56TSUHF4,M,1998-04-24,27,Athlete
12719,4B5RDBX257QI869Y,M,2000-04-27,25,Athlete
12720,6HM47MYHFNMIUWIQ,M,2006-06-10,19,Athlete
12721,BNDCA6QQUZY4WHUW,M,2007-05-20,18,Athlete
12722,BZHZPHVDAH1S03XM,M,2009-12-26,15,Athlete
12723,ECY4GR5GKQT186YM,M,1986-10-22,39,Athlete
12724,F4O7RKN0Z6JBBJWB,M,,0,Coach
12725,JNJ9SG3HY7ZH1SPQ,M,1997-12-30,27,Athlete
12726,MGIER70CRDBPXWT3,F,2002-12-13,22,Athlete
12727,R5AVD1N34WSH72X5,M,2006-10-02,19,Athlete
12728,WY5Y04TU0JIHMUUB,M,2003-08-22,22,Athlete
12729,YZ8AP3PYN4LV03NK,M,2004-09-04,21,Athlete
12730,6613WEGMT1GU0EYJ,M,1983-05-06,42,Athlete
12731,7PJU65092GDW1MBA,M,1947-02-23,78,Coach
12732,CEFA1LV450ZSL3BT,M,1993-12-27,31,Athlete
12733,F7VBIV76VNOY7386,M,2001-02-15,24,Athlete
12734,F9FS399RTW4ZRP8U,M,2000-07-03,25,Coach
12735,V2JGMLTPFIL6PTHE,M,1996-01-12,29,Athlete
12736,X05UJNMFBPJ7WNFY,M,2001-12-15,23,Athlete
12737,XODE0RPZPEHBYG9F,M,1955-06-23,70,Coach
12738,RAUTSEUUJLZPC18N,M,1993-12-09,31,Athlete
12739,U5CAIX5BKFK4HIJU,M,1993-06-19,32,Athlete
12740,10CEHB3ETT2RI0SU,M,1996-12-01,28,Athlete
12741,691LKG6G4IKZC4SA,M,1966-06-29,59,Athlete
12742,8I4WRZP8R50W0NN7,M,1972-01-04,53,Coach
12743,A8MR9QBXVKDA579Q,M,1997-04-08,28,Athlete
12744,1049VOG9R1HJ09N4,F,1998-07-15,27,Athlete
12745,1ALEXKZFAZQQ2QBW,M,1989-03-14,36,Athlete
12746,2JLMYEEGT2KLWXX8,M,,0,Coach
12747,2LTL64C5L0KAM7GO,M,1998-01-26,27,Athlete
12748,2QJRJOKK0IAXX3Z8,M,,0,Unified Partner
12749,3CCAA4JW3YW588XM,F,1985-05-23,40,Coach
12750,49WMXLTCADK7YHMV,M,1993-08-04,32,Athlete
12751,69ZVHA3ND9W6B2SH,M,,0,Coach
12752,8PXM9L9GX2PQZ8IJ,M,,0,Unified Partner
12753,DPDG4B6YD8H640K0,M,2007-12-11,17,Unified Partner
12754,DUK8P8WRRM88A9WJ,M,1994-10-03,31,Athlete
12755,ENYNLOMNLWNERP44,F,1988-09-21,37,Coach
12756,HTZCW7FYA4GI0WDR,M,1978-07-09,47,Coach
12757,J5UPL68F74ICTXHY,M,2002-05-09,23,Athlete
12758,KLG0MGXHRS093249,M,1995-12-29,29,Athlete
12759,M5VJWURBM27YCJ43,M,1995-05-31,30,Athlete
12760,MHZGKRYC2AV2C4DH,M,1995-09-02,30,Athlete
12761,NDASZ7B7G4YL4QRR,M,2002-01-15,23,Unified Partner
12762,NLDZYBI60U62FBC3,M,,0,Unified Partner
12763,QBZ6FEN42Z2JE3T1,F,1994-02-23,31,Athlete
12764,RW9VFNR5UEC9QDGC,M,2004-07-12,21,Athlete
12765,TGU9IOGJBVANAD7A,F,,0,Coach
12766,TNNIBQK6WYV3LPWT,M,2002-05-13,23,Athlete
12767,TRZJXCNZVWBIS8JK,M,2000-08-20,25,Athlete
12768,UAQBNDDBK4VG05DF,M,1992-12-31,32,Athlete
12769,UFGLCZKAPJFVT8Q0,M,2003-10-17,22,Athlete
12770,WFSZUXO8NH5K83WZ,M,2009-05-07,16,Athlete
12771,WGZ3C3Z8U034QTST,M,1999-12-11,25,Athlete
12772,58VPAM57490JZDUF,F,1970-04-18,55,Athlete
12773,5LBPVMUYCMLWVPHK,M,1979-11-19,45,Athlete
12774,6JOMJYYBU6GF8LVF,F,1969-04-06,56,Athlete
12775,6UTCXYM5JEYTKEUX,M,1980-03-18,45,Athlete
12776,75MQ4R1B4YXAYPW2,F,1994-10-10,31,Athlete
12777,7KPU44G8SI89KP6V,M,1989-06-26,36,Athlete
12778,8M5P64CDE6E22AJ7,M,1981-12-11,43,Athlete
12779,CWCKBKJZEX608QG9,M,1985-12-11,39,Athlete
12780,EOM5MK9VOFO4LBTT,M,1990-06-29,35,Coach
12781,FPISLHVJN90NWM71,F,1978-12-29,46,Coach
12782,GZ1031M1Z4XSHMW0,F,1984-12-10,40,Athlete
12783,H2NC2M5ENU6G4QK8,F,1993-12-12,31,Athlete
12784,LZA3HGDXAZPSH6KI,M,1995-11-08,30,Athlete
12785,MH9O2ZY76YEPH5YA,M,1993-05-24,32,Athlete
12786,NHR3E3ORSJCVVMK5,F,1969-08-27,56,Athlete
12787,PJE9OI3IVQJPFOCF,M,1983-08-22,42,Athlete
12788,PQK7TLYRCL821UAB,F,1978-02-01,47,Athlete
12789,RM1L96FJP8CQM552,F,1985-10-19,40,Athlete
12790,TW0Q4YH2Z98NZP4R,F,1990-06-23,35,Athlete
12791,Y6GJ837P2OFTGTGD,M,2003-04-15,22,Athlete
12792,3NI26MMA2MPFIODG,F,2004-06-22,21,Athlete
12793,52NOXMBOCRMMJBLI,M,2003-12-13,21,Athlete
12794,71SD2E6UW5CO6ZOY,F,2002-05-01,23,Athlete
12795,8TC8PGSDJ01S04DM,M,2003-11-04,22,Athlete
12796,8WSR8VPDI93VNIYX,F,2003-01-25,22,Athlete
12797,C8ZBHVAN5W6OJ8Q2,M,2001-06-19,24,Athlete
12798,CLSH1RSX9RBDKLBR,M,2005-10-17,20,Athlete
12799,GFDHLPMU10SB2GJZ,M,2002-11-25,22,Athlete
12800,IUH4BSY8FUBE91HI,M,1998-05-03,27,Athlete
12801,LWC433DX9IVL37SX,M,1992-05-21,33,Athlete
12802,PA11GKKQJYDTD0YM,M,1996-11-15,28,Athlete
12803,PCMCEEFAKKD9BL9Y,F,2002-11-30,22,Athlete
12804,TL9YHXO4U6CMNGCD,M,2000-07-03,25,Athlete
12805,W5NIQIH4N6WSI8I3,M,2001-04-09,24,Athlete
12806,5NPE1HJDABXT4P0L,M,1979-05-18,46,Athlete
12807,8TSZOT6GSNR773PP,F,1992-04-26,33,Athlete
12808,D1SI0XZVGI3N7VJX,F,1998-12-10,26,Athlete
12809,E8F2L1Z2GSJXIOPO,M,1978-01-22,47,Athlete
12810,FT6Q8A5KDNKD8EC9,M,1996-12-29,28,Athlete
12811,GTU998MVG546WWK5,M,1989-03-25,36,Athlete
12812,I3NQVOVG1AOGGPAZ,M,1997-04-15,28,Athlete
12813,I7CDTB7SUB6FE1XF,F,1994-06-19,31,Athlete
12814,N2GW680GAZ9OOY42,M,2004-12-15,20,Athlete
12815,PU5N0PQY3F6C5S4G,M,1989-03-27,36,Athlete
12816,09UDG18P36TY4K4M,M,1948-11-22,76,Coach
12817,4O88RS6EWQ4H7OJT,M,1971-09-29,54,Athlete
12818,5TMZF4PCDBF8WZOF,M,2005-11-29,19,Athlete
12819,9GZ8U4QDNHMMQKCR,M,1964-08-21,61,Athlete
12820,9JJYGIB02UMC7VNL,M,1992-09-15,33,Athlete
12821,BGZJBA4BW3088KUE,M,2009-08-11,16,Athlete
12822,C4RUG5QWX1GNT233,F,1953-07-26,72,Athlete
12823,D4A5YYJWQ3JPY3B9,F,1975-04-03,50,Coach
12824,DS4Z153T9UPD1YBE,M,2004-03-01,21,Athlete
12825,EU8N22JETYD9JYN1,M,2006-09-19,19,Athlete
12826,EVK0ST3EV5U9NAPH,F,2015-10-29,10,Athlete
12827,L8S953OYLPT9CUS7,M,2007-06-13,18,Athlete
12828,LYRJDU6N880LQR20,M,,0,Coach
12829,M20K84PKK5YJEAKP,M,1973-06-09,52,Athlete
12830,O8OZZXIU2DPG0V3Y,M,2010-09-01,15,Athlete
12831,PTSCJFS1FBG6AL5Y,F,1968-02-28,57,Coach
12832,016YCDCFLTPXSFFY,F,2002-10-25,23,Coach
12833,03EETTDUMPU6GYMD,M,1988-03-12,37,Athlete
12834,0D7JPJGULH0YYOW1,M,1999-10-21,26,Athlete
12835,0GIF2PTPSML54R1N,M,1979-09-27,46,Athlete
12836,0OOQC2PECYT26IP7,M,1962-04-12,63,Athlete
12837,21C11ZNLYNZBUR2O,F,1963-01-29,62,Athlete
12838,2PD4Q5ORV1Z40Z1O,F,1974-04-12,51,Athlete
12839,3BC7JDC2E2UB9W6G,F,1998-07-20,27,Coach
12840,3EA2FQ9MYFW7KBL4,F,1965-02-20,60,Athlete
12841,3TC8QOP7KPXFYES1,M,1992-12-18,32,Athlete
12842,47V459MM3R0G2AE3,M,1977-03-01,48,Coach
12843,481Z6AT1RZ5YTM0N,F,1984-10-02,41,Athlete
12844,592GFUMKBQU4M9O4,M,1981-01-11,44,Athlete
12845,5QO3PJBANWJNMBY8,M,1967-03-16,58,Athlete
12846,5SS91KJZJZ7HZOJY,F,1973-09-02,52,Coach
12847,6HLLBBRH86P3MZZJ,M,1975-12-12,49,Athlete
12848,76X203CVAJZYS8AS,F,1993-03-19,32,Coach
12849,7EWRINWP5DDZ2D0I,M,1965-06-01,60,Athlete
12850,8O5NRI7LOLSI5OGK,F,2002-12-24,22,Athlete
12851,8OYP8E7EOG3JT89H,M,,0,Athlete
12852,8WP3L69DYHWDRGYR,F,1994-01-31,31,Athlete
12853,8ZCZHGX6FUWSNX1W,F,1980-06-04,45,Coach
12854,91EASREOQF2I7UVX,F,1967-09-01,58,Athlete
12855,9318DJK31Z5ZM20R,F,1973-02-14,52,Coach
12856,9DNB8MYW4IBZIG5N,M,1984-10-29,41,Coach
12857,9KWZK2N9GZGQ1SNX,M,1970-05-11,55,Athlete
12858,9YQXD2UC2LI9ETZF,M,1999-07-24,26,Athlete
12859,9ZTHMJXO2C8TN2QQ,F,1978-02-07,47,Coach
12860,A19JE1Q4LQ8EHB0A,M,1994-05-06,31,Athlete
12861,AAALA9SJITCG3P8L,M,1991-12-09,33,Athlete
12862,ALEIDOI4V702ZS6I,M,1978-12-26,46,Athlete
12863,BRV9P732SXUCD6AT,M,1969-02-02,56,Athlete
12864,BX99N5LYWTL5C5KT,M,1972-10-24,53,Athlete
12865,C05NE2F2LP0BXZOP,F,1971-03-04,54,Coach
12866,CAKSK5BHJZGKUTAP,F,1975-09-08,50,Athlete
12867,CPHAWZE8UNJGA0HL,M,1994-04-13,31,Coach
12868,CVKU0C0JWB3NXO5Z,M,2000-04-10,25,Athlete
12869,EH9R26OBZQ35K4KB,M,1974-08-03,51,Coach
12870,EISUDZ1XIP7VKTJL,F,1987-04-25,38,Athlete
12871,F6L8C9QE4W4JDWT1,F,2007-01-15,18,Athlete
12872,FOCZKWSC230WPTJ1,F,1987-08-08,38,Athlete
12873,FU65MQ3CJWVLA3BZ,F,1973-04-18,52,Coach
12874,G663FJ3ZBFQC10VQ,F,,0,Coach
12875,H8Z6RPJ95VG7C6XE,M,1965-07-09,60,Athlete
12876,HBYD31KDKRTLA314,M,1972-07-13,53,Athlete
12877,HFWB4NJO0ERCP4N6,F,1966-09-26,59,Athlete
12878,I01EQ5AEXCMKGC86,F,1976-02-26,49,Athlete
12879,ILZBHVBUN8LX2BB4,M,1995-04-03,30,Athlete
12880,J2H0SC3VMS047X2O,F,1983-05-25,42,Athlete
12881,JCK2JU4KD7N8DK4A,M,1991-06-02,34,Coach
12882,JRWD9MGUF9BUNCGE,M,1979-05-13,46,Athlete
12883,JX9MYBYHVLZ9KXHX,M,2002-03-06,23,Athlete
12884,K2VP4VYW62IEDSJ5,M,,0,Athlete
12885,KN1C64FTYD7NM46C,M,1986-05-28,39,Athlete
12886,L8WHBNGN3JUKHA1D,M,1972-05-18,53,Athlete
12887,MGJN2H2WZ55YV9F2,F,1990-08-10,35,Coach
12888,MVXLXXHSUSQAMWHQ,M,1976-01-09,49,Athlete
12889,NCZPE7HKJS0TFZGH,M,1969-09-18,56,Athlete
12890,NFFL4L8GLPOMSI0X,F,1989-08-12,36,Coach
12891,NMZ4J6I3V6WATNBQ,M,1979-09-02,46,Athlete
12892,NNBLBJ9LV9LEL3QM,M,,0,Athlete
12893,OM3HV6BE5AX7RYQY,F,1998-09-13,27,Athlete
12894,OQ43OXN0NA8VDLCK,F,,0,Coach
12895,PADVZSQRB2B0YGXO,F,2000-02-22,25,Coach
12896,PH5RTLYW7DNBXIRY,F,1973-02-14,52,Coach
12897,QEEFYZIA26YDSBE0,M,2001-07-19,24,Athlete
12898,QKIH2EZB29DF3Y8S,M,1988-07-06,37,Athlete
12899,QXZNVZGVKJZ74FGR,F,,0,Athlete
12900,R0GUMG3BTPA5EEUM,M,,0,Athlete
12901,R3CO9UETIXDLGSOZ,M,1957-02-15,68,Athlete
12902,R62R92TSSBZPSYK9,M,1999-11-26,25,Athlete
12903,RGEB9UKHJ79QDD0G,F,1984-06-12,41,Athlete
12904,RKX4P5UEJZLQRBNJ,F,2002-03-29,23,Athlete
12905,RLOS6S6WXQ508NBN,F,1969-01-10,56,Athlete
12906,ROHXUPZN5J5S4D2K,F,1999-03-04,26,Coach
12907,SCE8FPA3LOBMPIFY,M,1992-07-25,33,Athlete
12908,T1G5HY140ZAERBXO,F,1990-12-14,34,Athlete
12909,TCERE95GNOW1LB1U,F,1968-02-26,57,Athlete
12910,URKTETRXA285YX6D,F,1965-11-26,59,Coach
12911,W3Z0HYSQCJU3E4U8,M,1993-09-12,32,Athlete
12912,WB74NHAV7HNPUX2B,F,1982-11-04,43,Coach
12913,WEK5G65YOWPM5E2E,M,1995-03-12,30,Coach
12914,WRANU3DCIEYI5JTN,M,1970-05-06,55,Athlete
12915,X99QYJGXUZZLJ8TF,M,1985-10-12,40,Coach
12916,XWMRV5I9FB7EBC2K,M,2004-05-11,21,Athlete
12917,Y37L3OPDTYL1HNF7,M,1985-04-08,40,Athlete
12918,Y3ALL3862IIUZJW2,M,1984-07-17,41,Athlete
12919,YFOI9WUX76ODWFE4,F,2002-04-11,23,Athlete
12920,ZBD4IKASDI1138LF,F,2000-01-08,25,Coach
12921,ZLYASNE36GEV6NK0,M,1984-01-06,41,Athlete
12922,ZUNRHVW2FELLDJMI,M,1973-06-30,52,Athlete
12923,ZXHHWULEJQUGIH6T,M,1990-05-25,35,Athlete
12924,72WBA84XXJS6296I,M,2005-03-16,20,Athlete
12925,RXEP9OFYMF0B17E1,M,1999-02-01,26,Coach
12926,WL4B1BTPRYW5PWQR,M,2014-05-23,11,Athlete
12927,09S9Q0HLN3L9BE6R,M,1999-11-16,25,Athlete
12928,0GLC07DR0LGC54S1,M,2002-10-03,23,Athlete
12929,0JQWYIG4CNTPUFAO,M,2010-11-04,15,Athlete
12930,0RH0BTS802BEY9WP,M,1997-02-09,28,Athlete
12931,248ZTYNFE7YAJ0D7,M,1997-06-13,28,Athlete
12932,3AFJEPAAQ38V0UXP,M,1979-12-08,45,Coach
12933,3ZIDK8FPX5WI6FAM,M,2006-06-02,19,Athlete
12934,42L82NUJV048KJSW,M,1997-12-05,27,Athlete
12935,52L51BRDB00U84AV,M,1979-01-27,46,Athlete
12936,5KEA98EMN5N8VSBP,F,2006-08-09,19,Athlete
12937,5THQTF3PV5SIIKTA,M,2005-07-28,20,Athlete
12938,619U1JBQVM07FQQI,M,1998-06-30,27,Athlete
12939,6212EGQOGPAA6283,M,2000-11-22,24,Athlete
12940,6FBT8KEC81IIC9WJ,M,1989-03-14,36,Athlete
12941,6GMHQ63G8KZ5375L,M,1998-02-11,27,Athlete
12942,6N2MQHPBK3Z3MHAN,M,2007-02-02,18,Athlete
12943,7WZP1R5E8ON07FRV,M,1985-04-30,40,Athlete
12944,86EWGZYNOXYZNJA2,M,2008-11-15,16,Athlete
12945,881P94CKUXTJHY5Y,M,2002-10-03,23,Athlete
12946,8SHQC0P4HTR46NUE,M,1995-04-16,30,Athlete
12947,9L5ED839G0THBG9B,M,1996-09-12,29,Athlete
12948,A1ZWJ70VFIY7ZCB3,M,1990-08-22,35,Athlete
12949,B2ZO3PMGNE7V9QBD,M,1987-01-13,38,Coach
12950,BHMKF1EDAMGPJX73,M,1964-03-01,61,Coach
12951,BJPGTI3MA7K1BJVT,M,1969-11-10,56,Coach
12952,BJQK0PH92V1AUBO1,M,2008-06-20,17,Athlete
12953,CSEH9NGGP3WPVV0J,M,1966-12-25,58,Coach
12954,D0DOVLY0OXHP3QIM,M,1987-09-05,38,Coach
12955,EHNGYC42IN796YBS,M,2008-04-11,17,Athlete
12956,FEA8IHUJGM3R6PVG,M,2005-05-07,20,Athlete
12957,GXH06DX1VWBXZF3X,M,2001-05-31,24,Athlete
12958,H00DDTRD8EQJGBEE,M,2002-03-21,23,Athlete
12959,JC3G83Z0VJRJG3IR,M,2005-11-09,20,Athlete
12960,JMANDVAO60MDXPRE,M,1965-05-28,60,Coach
12961,JS6X7JJGHGTJR59P,M,2003-09-11,22,Athlete
12962,K0R4VA5OMASVU7JQ,F,2009-06-18,16,Athlete
12963,LEGTHBD4J7J0W8QP,M,2006-05-04,19,Athlete
12964,LFP98KPAAMXXAFSU,M,2000-11-27,24,Athlete
12965,LMMWZUS3AY7LFC0Q,M,2001-07-13,24,Athlete
12966,M9LP0T0NLW1ES7ZK,F,2004-01-27,21,Athlete
12967,MPK248AEQK90TFTK,M,2002-06-25,23,Athlete
12968,MSWYMA8IWG5M4RJA,M,2003-09-30,22,Athlete
12969,OD3ZRVQJGKCA5XGN,F,2001-08-17,24,Athlete
12970,PPATSQQEGHLDGG9X,M,1982-07-30,43,Athlete
12971,QB9IKJ5S9CKB32A8,M,1999-08-26,26,Athlete
12972,QSXDSAR8COTGE5A6,M,2008-10-13,17,Athlete
12973,RHQOOCJ8H3NHHLD6,M,2002-04-09,23,Athlete
12974,RW96QTNCZNMPFZIJ,M,2004-05-28,21,Athlete
12975,T1DP70MFIO4WV8QY,M,2003-02-02,22,Athlete
12976,VQ0YT20NQ1EA1FX7,M,2004-06-28,21,Athlete
12977,WQGOLY084J85SF29,M,2006-09-25,19,Athlete
12978,X556OUUHSSHC4PW3,M,2006-09-25,19,Athlete
12979,Y2CLCUAXGTNOPLHD,M,1975-01-06,50,Coach
12980,YNEZLKMQ4M5PVQZT,M,2005-09-30,20,Athlete
12981,AVQL6Q7DRXMEWN5X,M,1991-08-26,34,Athlete
12982,EUAJM3R7936GX3P6,M,1976-07-30,49,Athlete
12983,G802GGC6ISEQ1R3Z,M,1954-12-20,70,Coach
12984,2R2R146VI7MYRNDV,M,1969-03-17,56,Athlete
12985,5S7II4ZF6DE1UWP1,F,1975-04-19,50,Athlete
12986,6H6IDT0YJIKNG6B5,M,1962-10-12,63,Athlete
12987,6KPKWRPDN33STI5E,F,1986-11-04,39,Coach
12988,72C4IJISVLDO5VSQ,M,1959-11-03,66,Athlete
12989,7W6IGVLJ9GMTA9C3,M,1968-05-16,57,Coach
12990,7XFZLERLIHKV4XYI,M,1959-12-02,65,Athlete
12991,9NTZJFB83NFGZEN7,F,1960-05-22,65,Coach
12992,AV5LQQY2JB3ZYK0M,M,1964-03-08,61,Athlete
12993,B1GEMRFIODGTF2B7,F,1980-08-21,45,Athlete
12994,L0NAVY2K6N1JTGVY,F,1957-03-19,68,Coach
12995,Q2WYNT6IBOBELIHP,M,1982-11-10,43,Athlete
12996,STZOWTH88EBXUSOB,M,1960-04-18,65,Athlete
12997,UFSKOJ8ZULR9QWD2,M,1944-05-29,81,Coach
12998,Z8KJHBY655AAJOO4,M,1957-04-05,68,Athlete
12999,3RU98TMFOZQUYGQ3,M,2013-06-19,12,Athlete
13000,7P9X0554326MTTRT,M,2002-08-06,23,Athlete
13001,JRFS0JUROHBGGD64,M,,0,Coach
13002,LAZ48LMQ9465TMSS,M,2002-08-06,23,Athlete
13003,SCS3RZ6DL4T5JD4J,M,2005-03-18,20,Athlete
13004,UGK816SLUNDSYOEN,F,1970-12-31,54,Coach
13005,WJLZM78FY7G408XE,M,2005-06-12,20,Athlete
13006,04ZXVOQB0GHN5CU8,F,2003-11-13,21,Athlete
13007,0SIQ98LTGPBBGNY0,F,1998-11-24,26,Athlete
13008,31HOVLW98071QPRS,M,1999-07-08,26,Athlete
13009,57FE28K532T0CDDX,M,1961-04-21,64,Coach
13010,7HW9AGWW8A6WNQ1Z,M,2003-02-19,22,Athlete
13011,8EC6SYWQ2MRIOPI8,M,2010-02-19,15,Athlete
13012,937K3QFJZNIGE5PP,F,1990-08-09,35,Athlete
13013,99GOKQC4WV286GBW,F,,0,Coach
13014,9DIDWKRNTAFW4B0T,M,2015-11-02,10,Athlete
13015,CRHAON2Z7RRZIJDB,M,1982-08-14,43,Coach
13016,ETUNT8BHZ8YGF02N,F,,0,Coach
13017,HK2DO3ZNVOWTO2CH,F,2003-08-01,22,Athlete
13018,HLIH3DEF7SG4QRKI,M,2006-12-25,18,Athlete
13019,IZFBJUM73QEX7MJ0,M,1988-03-02,37,Athlete
13020,O8FTWZBLSA9SDDUL,M,1988-06-16,37,Athlete
13021,PLD3PJMHZ6YE7V5X,M,,0,Coach
13022,PO79HFF7TY9TH6QH,M,,0,Coach
13023,PTCRA603QXVHHHH5,F,1956-12-01,68,Coach
13024,RVTCET7VNV0B7IPQ,F,1990-08-09,35,Athlete
13025,X7GF66ZNEZEHD0KZ,M,2003-08-28,22,Athlete
13026,XD96BR9WQMXR9UQZ,F,,0,Coach
13027,ZCGPOVNLLLN276QT,M,2000-06-13,25,Athlete
13028,ZRSVIP7E2AD3RL3D,M,1997-09-05,28,Athlete
13029,32HBR75VXRXYUEJA,M,1996-06-18,29,Athlete
13030,4M4LWYDP86IGNXYV,M,2008-10-12,17,Athlete
13031,4R1W8LDGXS66VYML,M,1983-07-11,42,Athlete
13032,71TQJCA5PQXHSZQ6,F,1988-01-25,37,Athlete
13033,7Y388A13HKHCTD1K,M,2001-09-15,24,Athlete
13034,8HM5BCSZ9L5WIM92,M,2005-01-07,20,Athlete
13035,CJNVPC25W0MOY93R,M,1989-02-18,36,Athlete
13036,DIH2PACPO4GWAKY8,F,,0,Coach
13037,F6LYW2SL9QXP4T2L,M,1995-03-02,30,Athlete
13038,GS0Y37R3TYEU5TZX,F,2001-06-21,24,Coach
13039,HLDGZ3JO5CHPE5FO,F,,0,Coach
13040,J105MM4757IJOIPJ,M,1990-03-30,35,Athlete
13041,K8D8UYIOOCH58ORF,F,1996-08-20,29,Athlete
13042,L8BCBV6CNWQGCO4J,F,2010-11-23,14,Coach
13043,M3LSUIRD0XSYFOHW,F,1956-07-22,69,Coach
13044,NJAOOFEZBV8GFUQ2,M,1992-12-29,32,Athlete
13045,ORD2U8SDSRKMV1U4,M,2011-12-24,13,Athlete
13046,PS3VD74JVA7VESTS,M,1996-06-21,29,Athlete
13047,RU2FX8BCNR3SLXGO,F,2002-01-22,23,Coach
13048,TCXLBMLJZL6WRZ47,F,2003-09-06,22,Coach
13049,V4IIJMDCGKVTGWY3,F,1990-01-29,35,Coach
13050,YUU6SRV0U4PQONYO,F,1993-12-09,31,Athlete
13051,3X3P4PL9NB8K3DO0,F,1986-08-29,39,Athlete
13052,8HI5D4H2C8IVP7Q7,F,1998-05-22,27,Athlete
13053,HAUOMSN32S8ZPQWS,F,1994-08-04,31,Athlete
13054,JF6GPU5Z5IDVSKTT,F,2000-11-30,24,Athlete
13055,OCS4X4F935BH0GRD,M,1998-01-01,27,Athlete
13056,YHA8GFAJ3N1K6S9U,F,2002-01-24,23,Athlete
13057,0RUE8Q6STAGQ6VOX,M,1957-05-14,68,Coach
13058,5M0I8MIHCE4OQQQM,M,2015-08-26,10,Athlete
13059,5TM73FVRBNNESDPE,M,2001-05-14,24,Coach
13060,6AVO5CGSLVY3E8AQ,M,2006-10-17,19,Coach
13061,6F6KBYDDG56C16GT,M,1994-03-25,31,Athlete
13062,8LPL5YTR7IUNNU3U,M,1989-02-24,36,Athlete
13063,9JQUPA36WFJR573N,M,1978-04-02,47,Coach
13064,AGXHLMMWTNT0J2Z0,F,2003-09-17,22,Athlete
13065,BK6KN6YHE1DIL73J,M,2012-07-12,13,Athlete
13066,BODG6YF9XWHBZAJ4,F,1981-05-25,44,Coach
13067,BVYXXXTI3Y3CRGW2,M,2003-04-29,22,Athlete
13068,BWYQLAU7X513QN2B,M,1998-12-12,26,Athlete
13069,E21W23OQBS7TTPG6,M,1970-10-21,55,Coach
13070,FR848Y09CI3BA4SG,M,2009-01-10,16,Athlete
13071,GE1MRE18JEP4R6SC,M,1961-11-01,64,Coach
13072,GL0Q01U1QNK7013C,M,2010-09-29,15,Athlete
13073,IM6PR8X6K6URIW21,F,1999-11-15,25,Coach
13074,JVKAIM6N0T2Y1Z5W,M,1991-06-16,34,Athlete
13075,KKMLG1ADQSACOU21,M,2011-12-21,13,Athlete
13076,KMKUZSNNNLUDALOA,M,1998-11-13,26,Athlete
13077,KW6PJ797RWQ4GZGF,M,2011-01-09,14,Athlete
13078,L76S58RD6IWF0K1J,M,2011-12-28,13,Athlete
13079,LUYI5X6JK8P81F8O,M,2013-07-22,12,Athlete
13080,N1YN88A4SSPN6PBA,M,2013-11-04,12,Athlete
13081,N9UE408CIR6IV3U0,M,2000-09-13,25,Coach
13082,OZUPK5RXNY4M0KMP,M,1968-11-05,57,Coach
13083,QP3Y5EYRHZ6YQPVL,F,2002-08-18,23,Athlete
13084,QQ57T294JDY6SY5Z,M,2007-05-13,18,Coach
13085,RBD1UVS2JQA2D9K8,M,2003-06-01,22,Athlete
13086,S7YATDFD35WH8L3X,M,2001-01-30,24,Athlete
13087,SM6E4SSZIR0XCI4R,F,2002-02-28,23,Coach
13088,TTXCBVTS5RE0RTP6,M,1997-01-18,28,Athlete
13089,VK08RL13BFXKOWNN,F,2013-09-12,12,Athlete
13090,W15XQ3MXH58IMN8N,M,2010-12-02,14,Athlete
13091,ZCAWBJZ4588PU8OD,U,1998-09-28,27,Athlete
13092,ZMA3HYWSS4VFO0Q4,F,2000-05-23,25,Coach
13093,ZMOQG4B7B8S3QXWN,M,2002-08-18,23,Athlete
13094,ZUWV1JFM2H04EA9X,M,2007-10-09,18,Athlete
13095,22J31N0JUHQUPN8L,M,2006-08-04,19,Athlete
13096,5H4Y5PK1RC2WCICO,M,2011-08-11,14,Athlete
13097,7W1NZTV38S7H7A69,M,2009-09-25,16,Athlete
13098,EZMIZ2FYSWWK79W0,M,2008-03-10,17,Athlete
13099,KUN1QN35L6T5OH70,M,,0,AS-Staff
13100,NZ2M0S8ZLVS2A3HL,M,2006-02-09,19,Athlete
13101,SVBTGLU9CLOM0B1D,M,2009-01-12,16,Athlete
13102,V6DJUMNULEDZJFE9,M,2006-07-31,19,Athlete
13103,XHSQAL4DWQM1BTIB,M,,0,Athlete
13104,ZLRJ12Q2ND8D87KW,M,1986-12-15,38,Head Coach
13105,0T3LB4SD14KNENXC,F,1993-02-06,32,Athlete
13106,12CDAX7PT85NRK01,M,1989-04-01,36,Athlete
13107,14V7ZV7B2PFZ4ACF,M,1972-11-10,53,Coach
13108,25AJFY8HLX9L53KT,F,,0,Athlete
13109,2LF4RCDURA4TA3OW,M,1993-12-27,31,Athlete
13110,321UZNMDNZP48GQS,M,1991-08-20,34,Athlete
13111,7N07IC5GPKVKCGB6,F,1990-10-06,35,Athlete
13112,DL2BWNGLTJWNY9ZS,M,1999-02-18,26,Coach
13113,DNMGUJNA3VKUDB2D,F,1981-01-12,44,Athlete
13114,E9W2T3TZS2V3PTCR,M,1998-01-29,27,Athlete
13115,HOYWAOAL0Z87P4QO,M,1962-02-08,63,Athlete
13116,HV839AS6XMHS3QS2,F,1965-12-23,59,Athlete
13117,K7EHK3L2R2GZ1FJ9,M,1966-03-01,59,Athlete
13118,LI6UPPC8JLH1SBH9,M,,0,Athlete
13119,LVPNLHEGTK272NMN,F,1989-12-28,35,Coach
13120,NUYBBOPWOO6EMEQT,F,1997-12-04,27,Unified Partner
13121,OQLYKM7XYPQ32KOZ,F,1981-05-31,44,Athlete
13122,S79CL018VGUGNPPU,M,1972-05-16,53,Athlete
13123,T2XPK4PKLFOJ8AUT,M,,0,Athlete
13124,TQF2T4J3S5W8ZPZV,M,,0,Athlete
13125,YP71RCTPN816GX0S,F,,0,Athlete
13126,0U1OAY9F33YGTRXP,M,2000-05-15,25,Athlete
13127,2RKIYP90NRLCWY4F,M,2005-02-27,20,Athlete
13128,32RGSWOS21VU661O,M,1999-09-10,26,Athlete
13129,4HHOB5VW205R5F6N,M,1994-04-13,31,Athlete
13130,88CQNKZR9D9KDH62,M,1989-09-01,36,Athlete
13131,8ATTUNA6FFEFC434,M,1997-09-23,28,Athlete
13132,8FP6TMXS8OZDHOH9,M,1994-09-19,31,Athlete
13133,90PT2UZKP9F8U2UJ,F,1994-03-22,31,Athlete
13134,9E1KZDHERUNIIVHT,M,1987-10-26,38,Athlete
13135,AITGDICYNEN2HXCD,M,1997-10-11,28,Athlete
13136,AZVVNXYLFFK2QJY4,M,1989-10-26,36,Athlete
13137,BDEBNSAUVG8PONAW,M,2002-10-02,23,Athlete
13138,BJ2K92GPCB6ZT9EG,M,2001-01-30,24,Athlete
13139,CKBUCTQ8W8ZB5TPW,M,1994-05-06,31,Athlete
13140,DKJJ54IXNXD1W7WK,M,1994-03-28,31,Athlete
13141,DT3RFDR934YPXMSX,M,1991-07-10,34,Athlete
13142,GV8Q9A6AVOI4WYIZ,M,1999-12-03,25,Athlete
13143,GXF868W7Q6H6NFSC,M,1999-08-26,26,Athlete
13144,H9XY3ENES6RM0PH1,M,1996-12-06,28,Athlete
13145,HJOF0A5HYJAMG8W1,M,2001-10-22,24,Athlete
13146,I1GVQK156D0ZS96N,M,1994-11-03,31,Athlete
13147,JR5JF2CUPSAAW2WZ,M,2005-01-04,20,Athlete
13148,KL3SRZ5OBYPIPJE6,M,1992-06-25,33,Athlete
13149,L12SK8TIVWQ670AH,M,1996-07-13,29,Athlete
13150,L2PMU37U4T2400NR,M,,0,Athlete
13151,LFBLRWK4I4PMVTD7,M,1991-08-18,34,Athlete
13152,NNQGKJD7ALLU8LQK,M,1994-08-19,31,Athlete
13153,P4WONBFDNIT0FUKX,M,1983-12-22,41,Athlete
13154,PZQUZALWRNO16JNF,M,1985-07-31,40,Athlete
13155,Q2TWE2T35TO4QVQW,M,1996-11-22,28,Athlete
13156,Q4Z16LQIKQI3WKYD,M,1996-01-28,29,Athlete
13157,R0CZKJMMGJJ8Y5XJ,M,1995-09-11,30,Athlete
13158,RJBXN4QQFWQDOVTO,F,2001-02-19,24,Athlete
13159,S6XRBEZYF2TGJRHK,M,1995-10-02,30,Athlete
13160,T8Y8PNEMV6W3U56Y,M,1998-04-24,27,Athlete
13161,TAQNRYO4X8KKU1V9,M,2000-09-01,25,Athlete
13162,TXA7P9MKF0NHRAIL,M,1987-09-30,38,Athlete
13163,VU9PZW2J238XDBWL,M,1993-01-21,32,Athlete
13164,W4BFGJ68U5A948RM,M,1999-09-12,26,Athlete
13165,W5J5JD7NXPJN71L1,M,2001-06-20,24,Athlete
13166,WJO4WKNGFQTCPHGK,M,1989-06-18,36,Athlete
13167,WKSJ9NOXOPGQBT4Z,M,2000-02-06,25,Athlete
13168,XL3DT4B8BDZRM92M,M,1996-03-08,29,Athlete
13169,XYY5C32HOBOZXI6E,M,1999-10-15,26,Athlete
13170,YQPPIBBJZU0PFMN6,M,2000-07-02,25,Athlete
13171,ZRVXKJHJ0WV3VROJ,M,1998-01-30,27,Athlete
13172,ZTK9DVIJPDID02JB,F,2000-08-04,25,Athlete
13173,8TE0N05U2ZT7F6DY,M,1992-02-18,33,Unified Partner
13174,MP5CZ4ZMVF6ZNFET,M,1967-10-02,58,Unified Partner
13175,0BLH0ZT7JXZNFEFF,M,1988-03-20,37,Athlete
13176,1QRNXNA0R0D3BHED,F,1989-10-06,36,Athlete
13177,25F6IZ5FSG6S7N24,F,1998-11-20,26,Athlete
13178,2HBFHVTFFDOLLD3C,M,1990-01-16,35,Athlete
13179,2PGS2VUGTNRL67C3,F,1991-02-09,34,Athlete
13180,363B9L98YEMEE0JR,F,2000-08-15,25,Athlete
13181,50IMMIB4L8ZZYP4E,M,1988-08-26,37,Athlete
13182,6YBVZWHNKLIERZI2,M,1976-12-22,48,Coach
13183,6ZM3IRCAQ2O77D2X,M,1998-06-29,27,Coach
13184,8CS96IO525E5M9A6,M,1994-10-11,31,Athlete
13185,AMNYY94FULBU0G3O,M,1960-01-30,65,Athlete
13186,BMVCXQSDPVH7KCEG,M,1994-01-19,31,Athlete
13187,D9R9S67QGQWLBNPZ,M,1966-10-13,59,Athlete
13188,HRY39VHMKG9RKS2Z,M,1964-08-22,61,Athlete
13189,KU1W6G2BDZRLWHIL,F,1996-04-17,29,Athlete
13190,S0QMBACISIM3MB5K,F,1977-11-25,47,Coach
13191,V8YW2IKOSHMTRFDX,F,1990-08-07,35,Athlete
13192,VR4EFOBH77AVI09B,F,1996-01-17,29,Athlete
13193,XAAD668C0W6972UC,F,1979-12-23,45,Coach
13194,0L8U87MC45MGLSMK,M,1993-04-18,32,Athlete
13195,3T8CJY03CIMOU5QY,M,1993-02-23,32,Athlete
13196,3UB7U79MBYIN73J3,F,1989-12-22,35,Athlete
13197,4GXB7NL4BTD7JEH0,M,1972-04-26,53,Athlete
13198,5QVFH8SHBTG535ZF,M,1999-02-11,26,Athlete
13199,5V7LBDURL3ERVJDH,F,2001-12-19,23,Athlete
13200,7XHAZFMUQ7WPC9WW,F,2001-06-07,24,Athlete
13201,8YLU69PCHTA5FVBS,M,2000-07-20,25,Coach
13202,AZDLVMWKMFTS6ON5,F,1968-05-20,57,Athlete
13203,DMXUKG99N6ZRFZJS,F,1999-07-06,26,Athlete
13204,DR9RJIBJ1VP609SP,M,1985-09-21,40,Athlete
13205,EDMFOFUIPMBT8JAZ,F,1989-07-20,36,Athlete
13206,F2DYIZUCSYL70ZET,M,1996-11-22,28,Athlete
13207,G6DD9U1LIPEG5JRW,F,1974-06-29,51,Athlete
13208,GATNV3RFX0XSQCSI,F,1967-11-26,57,Athlete
13209,GU0CD4QUQTYSGBL0,M,1952-10-30,73,Athlete
13210,HY5FNMQ44O42B4OL,M,2000-07-22,25,Athlete
13211,IJ92I7WBJIOQF93C,M,1996-08-06,29,Athlete
13212,JGG5D99G4LXX5Z72,M,1975-07-10,50,Athlete
13213,KWW20PCLF7QEHYF5,M,1974-10-03,51,Athlete
13214,NXX0O2Z5CDR78V45,F,1980-02-20,45,Athlete
13215,NZ09AJQ6LMTPKRTR,M,1988-01-08,37,Athlete
13216,PA810XM15JI4F6MS,M,1976-04-20,49,Athlete
13217,PDTEKCYH7NWCABT3,F,1975-07-12,50,Athlete
13218,PVP3X5IQ328TC5AS,M,1981-08-10,44,Athlete
13219,RS3WR46Q3FUDKE82,F,1966-11-13,58,Athlete
13220,S90PJMH9Y0NK04GP,M,1989-10-28,36,Coach
13221,U0ZHF4V6TC1RNPTR,M,1974-01-02,51,Athlete
13222,U1I1NJM3ZEJ0B7ZG,M,1973-09-08,52,Athlete
13223,VCBAD679CY92GQ4D,M,2004-08-03,21,Athlete
13224,VWLOR0VT5ISPJTQK,M,1988-01-08,37,Athlete
13225,WTW6Q5YLGUDMRKKB,F,1989-10-10,36,Athlete
13226,XM97LN1Y44G0AAW1,F,1966-05-18,59,Athlete
13227,YBBR4P01KHDC8K19,M,1992-07-17,33,Athlete
13228,YCVH2B9PJG0JMPYE,F,1969-07-05,56,Athlete
13229,Z045KXZG9Q1MCPVE,M,2001-04-16,24,Athlete
13230,ZM2GYDO3A5L184QI,M,1983-08-06,42,Athlete
13231,ZO5X3SQ8GJH8T9M9,M,1963-11-19,61,Coach
13232,02LSAJ8BW06YQ1CF,M,1971-02-13,54,Athlete
13233,0U69UDBKDFPKL15Q,F,1996-05-27,29,Athlete
13234,3HDNGDKU0QFBF75F,M,1967-07-25,58,Athlete
13235,3HL4KD51X7UDUXAB,M,1998-12-02,26,Coach
13236,3VJBRJJ2OD7ARL1E,M,1996-08-19,29,Athlete
13237,4K8Y43H1MOIKA06I,F,1990-05-30,35,Athlete
13238,6J74N34MEBK3ZAKH,M,1994-08-29,31,Athlete
13239,7HO5NONVNIP6IXUV,M,1988-04-30,37,Athlete
13240,802NCBCHY106NAKW,M,1992-09-29,33,Athlete
13241,CVJSLHPOSZGPBWR0,M,2001-12-15,23,Athlete
13242,EX9XRS9MNKR4KBUP,M,1997-09-29,28,Athlete
13243,IV1DTEUFXAUSD3WZ,M,1999-06-15,26,Athlete
13244,NYMMQ7JSWF77LTYR,M,2000-02-09,25,Athlete
13245,O8LYK589AYZJHT7J,M,1998-02-12,27,Athlete
13246,OYKDNBR4R1L05PCD,M,1985-09-03,40,Athlete
13247,S6GS3VKLHNGWG42A,M,1999-01-31,26,Athlete
13248,TNO0KPPA277M4C9E,M,2001-07-08,24,Athlete
13249,USQQPHRDXW7YYLFG,M,1993-12-18,31,Athlete
13250,V3U55Q1TO9PXE68O,M,1990-06-19,35,Coach
13251,VJYCK1ZWRU70LMZD,M,1963-04-26,62,Athlete
13252,VML832D7Q21FW98I,M,1979-07-14,46,Athlete
13253,VP2YJMR7TTTQB59E,M,2005-11-07,20,Athlete
13254,ZLZSI6K2COXEAP3Y,M,1996-04-30,29,Athlete
13255,3OR1HTH32JQK5H70,F,1975-09-21,50,Athlete
13256,8HQD4CXIR37BLS0P,M,,0,Athlete
13257,8OVV7ABZL53JCBHK,M,1989-06-24,36,Coach
13258,DW2M4UYQ6R1KFUE5,F,1992-07-30,33,Athlete
13259,IFQ4B6SVLGSAVD77,M,1958-11-10,67,Athlete
13260,KBK7JQ06M1CXEK1F,M,1989-05-20,36,Athlete
13261,MYLBCOVCPUXAQHGE,M,1957-01-02,68,Athlete
13262,SLELR6W49IZSZ9AV,F,1994-09-06,31,Coach
13263,T65GL4STCDEKY9QK,M,1993-08-23,32,Athlete
13264,WLRW67R8NW9NWIYQ,M,1967-08-14,58,Athlete
13265,11EHPR1Z2BZAGJF2,M,1979-05-28,46,Athlete
13266,1EYEBCKS2NGW5MXI,M,1983-03-22,42,Athlete
13267,1UAWHYNBB3LBN9XT,M,1997-05-02,28,Athlete
13268,2LOW5MM0SM1V20DC,M,,0,Coach
13269,2Z4S734M4BO0VA0D,M,1982-02-12,43,Athlete
13270,3UBNTU6KFWOT8SZM,M,1969-05-08,56,Athlete
13271,4QIUIHVK1AAE0P6X,M,1984-07-30,41,Athlete
13272,7F7QI49FFXNIRLD6,M,1996-12-08,28,Coach
13273,7RNCK9KII18VQ5GS,F,1969-11-27,55,Athlete
13274,8CGCZ172H51UGI9Y,F,1970-11-10,55,Athlete
13275,AA8PYXHSH2ZYVKQZ,F,1995-09-20,30,Coach
13276,AG621RBME8VD6HAW,M,1971-09-04,54,Athlete
13277,BGCEFN8AKAOHPGI9,M,1960-08-28,65,Athlete
13278,CUYCTKDVB2UTKGC9,M,1982-05-10,43,Athlete
13279,D20KWQRITOAH22OB,F,1982-03-10,43,Athlete
13280,EOZ9SEJNI94FV17O,M,1969-07-23,56,Athlete
13281,FZH0M6BNDBTS33F1,F,1973-07-27,52,Athlete
13282,GRKYPNAAVEUAT5RD,M,1996-05-15,29,Coach
13283,KCC4IVOHESCSH31D,M,1995-07-13,30,Athlete
13284,QAWFONWSEDDX1M6B,M,1960-06-27,65,Athlete
13285,QB9I8THGSUPU0NBS,M,1974-04-05,51,Athlete
13286,U41A5QBVO5WB6W6P,M,2003-06-19,22,Athlete
13287,WLQ1KFDUBIA8JS7S,M,1971-01-06,54,Coach
13288,X2Q0BY9OP9DPVCN8,M,1977-08-25,48,Athlete
13289,XFY1COO92GUQXRI2,F,1979-02-08,46,Athlete
13290,XVJQH7DU6PJFIT5R,M,1972-08-16,53,Athlete
13291,ZDLF6ZEKTJWUBRYC,M,1987-08-30,38,Coach
13292,1SRBIL4GV2TUMF33,F,2012-05-25,13,Athlete
13293,2B6UYNXS1QCZFFNC,M,2003-03-13,22,Athlete
13294,302ZLPKIIN2KURGW,M,1973-07-16,52,Coach
13295,46PMQJJNHI221AKS,M,2003-09-26,22,Athlete
13296,48EUITVCIYKWXLYL,M,2013-01-18,12,Athlete
13297,4ROCYXOS24ZEV94A,M,2003-05-24,22,Athlete
13298,6CH0B4X0P5GRJN3H,F,1968-05-28,57,Coach
13299,7WQXIPHLY790GLWH,F,2011-05-03,14,Athlete
13300,8BEDJZVYMOETUNNB,M,2003-10-26,22,Athlete
13301,8HTB15CW3XAZ02X0,M,2007-04-29,18,Athlete
13302,8HV2K59154KVQ22E,M,2004-05-04,21,Athlete
13303,8TY4LGUG2RGDMPQZ,M,2005-07-15,20,Athlete
13304,AYWHI49WMOJK9LCU,F,1980-03-11,45,Coach
13305,B1WG16B2VZCFAAU5,F,2014-03-01,11,Athlete
13306,CEPQKXS87N0D1PBA,M,2014-09-01,11,Athlete
13307,CFWOXBLF58GFMYUI,M,2012-02-17,13,Athlete
13308,DWZPZHSZ0ZF12I2Y,M,2006-08-28,19,Athlete
13309,ESV2GRABD5H5UBGF,M,2012-01-08,13,Athlete
13310,GLO3UN4DJ29GSNV6,M,2013-05-01,12,Athlete
13311,GWAVF6TUGKT0PXE0,F,1978-10-16,47,Coach
13312,HMOHXRANNINS0W0K,M,2003-10-07,22,Athlete
13313,I594MQFIS4R7DQKA,M,2012-09-19,13,Athlete
13314,I5XUX6JCZYJ5DWW0,F,,0,Coach
13315,JJE4GRUIZ1BESSG8,M,2012-10-21,13,Athlete
13316,JR33BXN3OO5WR880,M,2006-02-03,19,Athlete
13317,K5AXO6TPKFL4KAGA,F,2011-04-12,14,Athlete
13318,K7IJC2D5IUWRXMUV,F,1982-11-09,43,Coach
13319,LBYUEVPD444H4FYE,F,2012-01-31,13,Athlete
13320,LESV3EQST23IZQWT,M,2011-05-05,14,Athlete
13321,LRGWKV0XW2KYC8MZ,F,1980-08-25,45,Coach
13322,NQ3YI67H3S0EAS9D,M,2012-11-21,12,Athlete
13323,NXRJLGQ4MC01DNVP,M,2006-08-27,19,Athlete
13324,P3IOKLC4K75U329Y,M,2012-04-17,13,Athlete
13325,P7KNGFUCDOZEUI3U,F,1994-12-11,30,Coach
13326,PLVPQOQO77EG9SPQ,M,2013-04-18,12,Athlete
13327,Q89ZVIF6CIUVJ5TQ,M,2012-04-24,13,Athlete
13328,Q9KXJ3AZJYL94FC4,M,2007-04-01,18,Athlete
13329,QNMRJY20TCSP05OZ,M,2002-05-25,23,Athlete
13330,ROK2UVSSIC8LCIKL,F,1993-05-17,32,Coach
13331,RUQ6VRY9Q14APT5D,F,2006-07-09,19,Athlete
13332,RW3HTQZNTDC0B9PV,M,2008-07-07,17,Athlete
13333,S4A84PODU0T3A3BO,M,2006-08-26,19,Athlete
13334,SMQ4CZ232EPS442U,M,2012-07-04,13,Athlete
13335,T4ONEG5XBHOH6Y5S,M,2011-05-12,14,Athlete
13336,TI7NTMWQYXGV8DM5,F,2011-02-07,14,Athlete
13337,TP0FBUGVFHRZSDNA,F,,0,Coach
13338,TQ4XN731RCHE9EUL,M,2014-01-27,11,Athlete
13339,TXL85A1FJYQG9IE5,M,2004-11-16,20,Athlete
13340,U2HGZQ7LZAMQMRXI,F,2013-12-10,11,Athlete
13341,UB4183V8XM8FFAJL,F,1987-01-17,38,Coach
13342,VV8IZ9WPPMZJF9DX,F,2005-08-05,20,Athlete
13343,X94BM6IN2DAYTJZP,F,2012-02-16,13,Athlete
13344,YJHOZD96NE1XGMQB,M,2011-06-22,14,Athlete
13345,Z122647716AI1ROA,F,2011-07-14,14,Athlete
13346,ZMG3JDVZ0RN0T1OO,M,2009-11-29,15,Athlete
13347,25N7Q9833K929T51,F,1995-05-09,30,Coach
13348,79X3C3Z1TT48T8GP,F,1997-11-06,28,Coach
13349,HYFMY01C5WBZ1Z9A,M,1977-06-09,48,Athlete
13350,IN3A0ZZ12TJO2V61,M,1986-07-14,39,Athlete
13351,J2GQSHZTGLBLNR3P,M,1985-04-24,40,Athlete
13352,JZH18S7VDUA68JLG,M,1975-10-14,50,Athlete
13353,UHSFDCPO8BREC95O,M,1994-10-27,31,Athlete
13354,V1FALMZUGLI2ZBG0,F,1997-12-12,27,Coach
13355,WWJA345N48RI5SJV,F,1998-05-14,27,Coach
13356,X3FR4IQB82C8BRX4,M,1982-05-14,43,Athlete
13357,22ILSIVFSAGU0U8N,M,1973-10-17,52,Athlete
13358,3KLJLKFNK9I8XWD2,M,1989-12-26,35,Athlete
13359,3XG38Z3KV20GIV4E,F,1981-10-08,44,Athlete
13360,4NX8P0EAI4D9ERQY,F,,0,Athlete
13361,4ZA2EKQD4DDJPK7Z,F,1989-01-18,36,Athlete
13362,59KWTCYKRS5IC67R,F,1992-11-13,32,Coach
13363,5RQNSH4SIZG177VJ,M,1984-09-29,41,Athlete
13364,62U3GFVN0EPMY7JK,F,1980-11-20,44,Athlete
13365,91QIS2N9PDXJTFW9,F,1991-03-24,34,Athlete
13366,985H20P1JT9JKQ9A,M,1970-08-13,55,Athlete
13367,AI4NHH5TG1BIZ713,F,1974-11-21,50,Athlete
13368,AYY5VOFQU670I3NC,M,1986-11-23,38,Athlete
13369,BLN8ERXTU7WE0PSK,F,1978-10-29,47,Coach
13370,D2FNNY9LDDNZ8CBI,F,2003-06-12,22,Athlete
13371,E6WL9K3WSCI4FXKC,M,1990-07-15,35,Athlete
13372,EJK4XER67HP346UV,M,1996-05-21,29,Coach
13373,EN4TEDLPVWW7WQJP,F,1972-08-11,53,Athlete
13374,GBYS3RW81YRQFDUL,F,1960-09-08,65,Athlete
13375,GY8JLH5UYNTTMTQV,F,2001-01-22,24,Coach
13376,HBBE82HILFJBILDV,M,1988-11-22,36,Athlete
13377,I4P4OM6U4BZQKH3N,F,1974-01-25,51,Athlete
13378,ISG0TQ0RT19VRMJY,M,1970-02-25,55,Athlete
13379,KKNR3JPNARIM6S2Z,M,1991-08-24,34,Coach
13380,LGQ1CZS5M6GZBDW6,M,1979-03-20,46,Athlete
13381,MC0BGICNKKMVUS4D,F,1988-02-17,37,Athlete
13382,MELKJ6ANSY1D2Q7N,M,1978-05-11,47,Athlete
13383,MZFFG5D6RLAXB6HH,F,1992-11-29,32,Athlete
13384,NH7RQ43ABOFZHL6X,F,1970-07-04,55,Athlete
13385,RH65961EFXEBBVQX,M,1992-03-17,33,Athlete
13386,RK8I9CWY3O8YQ114,F,2002-08-20,23,Athlete
13387,RSNFB8B07OVFSJ6U,F,2003-02-27,22,Coach
13388,SNJ6VGMZHOYTOSTT,M,1988-03-31,37,Athlete
13389,UK7TOK8GWHYBKZUU,F,1971-04-08,54,Athlete
13390,V4BMEUDXRUBW8SDS,M,1980-12-10,44,Athlete
13391,VGQ2ALR54NJ7RKHL,F,2003-01-31,22,Athlete
13392,VL3JHMJ3D2QG63ND,M,1979-04-24,46,Athlete
13393,VP9VCM80PPZJBD5M,F,1967-05-18,58,Athlete
13394,WEJA036KL5Y0BLF5,M,1983-08-14,42,Athlete
13395,X77J36236SJZTC19,M,2004-07-20,21,Athlete
13396,6H55XCMQED1RFDN1,M,1979-03-09,46,Athlete
13397,8ZJAK50CLDE4HI9B,F,1978-09-19,47,Athlete
13398,9A25S2Y69BRY2CCD,M,1985-02-28,40,Athlete
13399,I28QEJE6OOA5BQ9C,M,1983-11-14,41,Athlete
13400,OUWUFBRS8UYB54AT,F,1978-01-11,47,Athlete
13401,QML7THA44R2RFG4X,F,1982-07-22,43,Athlete
13402,U2VLFQLJ9TH5R7G9,M,1979-02-13,46,Athlete
13403,UQSE1SACQOMC0WPH,M,1984-07-20,41,Athlete
13404,V71ZYJ0UGK961ECW,M,1991-10-15,34,Athlete
13405,VE36FGMIN774Q40W,M,1984-10-30,41,Athlete
13406,3CBIBCDMLT8UU043,F,1992-11-27,32,Athlete
13407,4BFQNOFJ91EWE268,M,1994-08-25,31,Athlete
13408,6N21CHB1KYATVLEU,M,1991-03-21,34,Coach
13409,8UZHBSMPPPFNOAU9,F,2001-09-03,24,Athlete
13410,9FAT6ZAJQZS6E1WV,F,1995-06-07,30,Athlete
13411,BDQ2BB2IIEF54VYN,M,1984-05-08,41,Coach
13412,DR33V6M02GJ1AX91,F,1989-06-15,36,Athlete
13413,I6BF8J34K2VKBB62,M,1975-03-14,50,Athlete
13414,O91WB8AH8UEBOLB2,F,1969-05-25,56,Athlete
13415,QLNBCP4JL67B3B1U,F,1990-12-15,34,Coach
13416,QPD2EIKHAJCR59OB,M,1994-04-13,31,Coach
13417,ROICEALO4OS458HT,M,1957-11-17,67,Athlete
13418,WLP8GCSDX7066JT7,F,1978-07-20,47,Athlete
13419,XTDJMHZR2GGM3BC4,M,2000-10-19,25,Athlete
13420,C6GGAQPJY2OPPOQS,M,1996-05-19,29,Athlete
13421,KFXRG6B3PIUJJ12Z,M,1995-05-21,30,Athlete
13422,QLRET5UP1UIKE42E,M,1987-10-09,38,Athlete
13423,0WWVGXS8BS7LOWZV,M,1998-03-15,27,Athlete
13424,2JETC3SD8MSABFVK,M,2008-04-18,17,Athlete
13425,6FBGXZDZTSZ31ZLJ,M,2004-04-10,21,Athlete
13426,8G1SUNYL5H74DJWT,F,,0,Coach
13427,BXHHIEGGGP7NYDOD,F,1993-04-20,32,Athlete
13428,DM1LW0IT5KY47CM0,M,,0,Coach
13429,EAWT6NMNM34V7RWM,M,,0,Coach
13430,FOM7MEO15XP0KMOG,F,2000-08-30,25,Athlete
13431,INB3IUDBXVE6245W,M,,0,Coach
13432,IRQESJU06MO5H2W4,M,2002-05-14,23,Athlete
13433,JP7Z3YMWDFWZB1E2,M,,0,Coach
13434,M5CKS0S7ZE17CQV9,M,2003-12-01,21,Athlete
13435,SZLKSKVQZZNFCRCL,M,2007-01-26,18,Athlete
13436,004SDDHB7VGAFGXR,M,1989-01-06,36,Athlete
13437,09Y0YDSZWRC6KXNU,M,1999-12-11,25,Athlete
13438,0B9NQORFSNBC4O7E,M,1968-07-04,57,Athlete
13439,1507VHDKEQE6C3LI,M,1969-11-04,56,Athlete
13440,188EXFNE7L6GCPDS,M,1974-12-05,50,Athlete
13441,1ADVVDYR7FQHQ67X,M,,0,Coach
13442,1LIJJ9GZXFI0P0D4,M,1961-04-18,64,Athlete
13443,1PEJ5BIV19MRW47T,F,1988-09-28,37,Athlete
13444,1T8PBIO4EP7P7ATA,F,1983-08-03,42,Athlete
13445,2ASDCYSENZNVU06N,M,1996-01-15,29,Athlete
13446,2BLA1C12K4XZOGHK,M,1978-04-11,47,Athlete
13447,2GITR9J4VVCUET0R,M,1982-07-07,43,Athlete
13448,2HL15P3JP96XJZ84,M,1987-07-19,38,Athlete
13449,312I2GUSTOGVO3PD,F,1955-06-18,70,Athlete
13450,36BNS3CQXTCEQFEO,M,1984-06-16,41,Athlete
13451,39Z5UCRUO4YKMJDD,M,1997-07-06,28,Athlete
13452,3KLEZEVKOP9DZKCD,M,1973-07-17,52,Athlete
13453,3NJTC1BAJGY3DSN5,M,1976-09-22,49,Athlete
13454,3TRNCREYJNV8JOOO,F,1974-11-11,50,Athlete
13455,44G6CZN0OQLTN1Y6,M,1967-01-19,58,Athlete
13456,4C8QZ9MT59EWPKH5,M,1986-06-20,39,Athlete
13457,4RJ1PMJRBBQX8QSN,M,1967-03-01,58,Athlete
13458,4ZCVJQEDUNRAYSG3,M,1968-02-05,57,Athlete
13459,51G5E0OKQI6386G3,M,2002-03-10,23,Athlete
13460,5543M4G2UXH5BAU6,M,1973-02-10,52,Athlete
13461,57PVU31U2IEPCT6V,M,1977-04-30,48,Athlete
13462,5BSU4KYCDGECQXPY,M,1963-05-20,62,Athlete
13463,5MSFT5L51HTT2Y55,M,1997-01-06,28,Athlete
13464,5OIS3S06LFZG2VMV,M,1963-09-24,62,Athlete
13465,64259U19TBQNNSXW,M,1952-02-01,73,Athlete
13466,65NVC9QL0J5HN76B,M,1983-08-15,42,Coach
13467,66B3IOH24XOZQHS1,M,1983-04-12,42,Athlete
13468,68FLLF8IGZ54NW5B,M,1987-07-19,38,Coach
13469,6FSW4DRCOL3DX66O,M,1990-03-16,35,Athlete
13470,6L0H4PU2GTM9VYJB,M,1964-11-17,60,Athlete
13471,6R267RD5CC78ORU1,F,1976-04-24,49,Athlete
13472,7DZY0JN4XUKLNS2D,F,1954-08-22,71,Athlete
13473,7MI4UTARI1NBBB0O,M,1984-03-30,41,Athlete
13474,7V9RGZM2SPFJBMLL,M,1986-11-16,38,Athlete
13475,80FJG0H2B2HMJWQQ,M,1982-03-09,43,Athlete
13476,82LWVN9YD05DFHFH,F,,0,Coach
13477,836QYLU3UAACT2YT,F,1967-10-07,58,Athlete
13478,89MP1KP5TQRQIDJV,M,1984-10-10,41,Athlete
13479,8MLQ2UATT5R0EAGI,F,1979-02-26,46,Athlete
13480,8MMA0TGJ8F74KLKP,M,,0,Coach
13481,923N10LQJB18UP8S,M,1975-03-08,50,Athlete
13482,9PD75W5050D48L6W,F,1985-11-08,40,Athlete
13483,9TS0R5PYG4KOJ8U6,M,1966-04-01,59,Athlete
13484,A2PFG0MCNI1GW7OC,F,1967-02-19,58,Athlete
13485,AQXJH21PS66EUCON,M,1968-05-25,57,Athlete
13486,B3H0HHRYVP9IZXV1,M,1974-09-23,51,Athlete
13487,B3Y447PJNHK7LPLJ,M,1986-11-26,38,Athlete
13488,B5W4GHYOWF1KL6Z3,M,1984-10-10,41,Athlete
13489,B8BZ6RX6FASIBTR2,M,1962-02-10,63,Athlete
13490,B8O3WCO4QE7BUGYX,M,1965-03-01,60,Athlete
13491,BD46YJT8V6JF49KF,M,1969-11-07,56,Athlete
13492,BI9N14OOGM6DIUO0,M,1973-04-15,52,Athlete
13493,BVIM7FSJUWYJ34SB,M,2001-03-23,24,Athlete
13494,CBUGE24GG810T9B7,F,1959-08-16,66,Athlete
13495,CCT3P77X2ZEGU0OB,M,1957-10-03,68,Athlete
13496,CDCWI7MUU3YKP580,M,1972-09-09,53,Athlete
13497,CENLCABEV7HIMH2H,F,1982-08-14,43,Athlete
13498,CG7ATK8LUA03CK4N,M,1990-12-22,34,Coach
13499,D9YPG2XADFH10DWI,M,1981-01-30,44,Coach
13500,DBX3OLR082C97J2K,F,1984-11-20,40,Athlete
13501,DCSWDZBU8V5SQO70,F,1992-06-06,33,Coach
13502,DW1UIRG5DIIBSRJQ,F,1983-10-19,42,Athlete
13503,E4HOVIFWZ9L0P22A,M,1961-08-02,64,Athlete
13504,E8GOMQ1EMW76C30A,F,1972-02-20,53,Athlete
13505,ED5DJETZ1J0LQWZ2,F,1997-04-12,28,Athlete
13506,ET0M1SBEKH6XI18J,M,1958-03-25,67,Athlete
13507,ET1DUC9NDRRVFW3S,M,1960-03-19,65,Athlete
13508,EZBCJREYV51XHM3N,M,,0,Coach
13509,F9Q343RNPHU9WCLJ,M,1965-09-26,60,Athlete
13510,FFKMUVCOTU6E5N8N,M,1997-02-18,28,Athlete
13511,FGNXGY6Y4BO8MERZ,M,1964-03-09,61,Athlete
13512,FHJY0XJCA46XQG62,F,1988-04-10,37,Athlete
13513,FSDSPVOTP47SA6BC,M,1999-05-27,26,Athlete
13514,G8LYJQXZ3CHIFJBC,M,1969-10-10,56,Athlete
13515,GFO545709K8ZAFUT,F,1973-09-05,52,Athlete
13516,GIGYFY400QHDHH14,F,1979-12-11,45,Coach
13517,GKOO5Q4A7UPNYJ3I,M,1965-08-30,60,Athlete
13518,GU9O5LWQBDXMSMB7,F,1967-05-17,58,Athlete
13519,HCF1K1TJB3625SIY,M,1991-01-28,34,Athlete
13520,HCSTIBA04X8X7163,M,1977-09-13,48,Athlete
13521,HL4R2U37OXKRFZT6,F,1990-04-18,35,Athlete
13522,HWQUIXRJVFL6KFTR,F,1985-11-27,39,Athlete
13523,HY73CS0UKXXT675V,M,1974-05-26,51,Athlete
13524,I3PQ4ABUHQC5LEAX,M,1981-09-03,44,Athlete
13525,IKS11D7VFEZJ8PKI,M,1990-04-06,35,Athlete
13526,IV343PMLLK5KCYT5,M,1978-08-27,47,Athlete
13527,J9IOI0Q6FS9OIFMR,F,1995-08-13,30,Coach
13528,JIRYKD3DFJ3BSB1M,M,1982-04-01,43,Athlete
13529,JPFZJOJ5M6V7QENK,M,1984-10-24,41,Athlete
13530,K90I69NSOZ17PFTG,M,1958-09-06,67,Athlete
13531,KA1I0HX2UHQUQWR5,M,,0,Coach
13532,KEJGAMO6SOBO1BMY,F,1956-06-08,69,Athlete
13533,KKR44AZ41Q332G8X,M,1978-02-01,47,Athlete
13534,KXD1WCIUWJH4ILSK,F,1997-06-02,28,Athlete
13535,L5PCB4BBOP0SDS94,M,1985-03-27,40,Athlete
13536,L91Q7NFB6KZVW93A,M,1978-08-04,47,Athlete
13537,LDXC603RG76JB8OB,M,1972-07-27,53,Athlete
13538,LGW03UTLB5THHZY0,M,,0,Coach
13539,LIHOM3XT2DXFXCC3,F,1990-10-31,35,Coach
13540,LUUSMQ3ZV6YYL7HT,M,1958-11-02,67,Athlete
13541,M10NUIHZS8V5DVXA,F,1996-01-10,29,Athlete
13542,M59YYA2OP54I6LBY,F,1949-08-05,76,Athlete
13543,MFQN8RB82PTKWYGN,M,1992-11-10,33,Athlete
13544,MNICGSWC2QEIZM0U,M,,0,Coach
13545,MTXZFD0QIE8BD5AN,M,1982-01-01,43,Coach
13546,MXHU6QKBP6UR869I,M,1975-12-27,49,Athlete
13547,N4I2EQF37Y8MWOUF,M,1991-01-26,34,Athlete
13548,NABGZ41RM0J8I26L,M,1988-08-02,37,Athlete
13549,NFTWGBWE3KLR0FVR,F,1959-09-27,66,Athlete
13550,NGEXFP1V31SBNZQT,M,1987-08-07,38,Athlete
13551,O6U8B0U6X8NMSB9E,M,,0,Coach
13552,OOGH1WCUOSQLKV3U,F,2001-10-30,24,Athlete
13553,OT0H56PTLAE7XNQO,M,1961-02-16,64,Athlete
13554,OW2QEW6TUJFRMBPZ,M,1964-04-18,61,Athlete
13555,OZILOWI8TAAEYN1W,F,1989-01-05,36,Athlete
13556,P0GF1I3D6JZ49NNR,M,1990-09-12,35,Athlete
13557,P1JKO4OGCV59WAZQ,F,1970-08-12,55,Athlete
13558,P3GJ2HMIJ2J7XD9G,F,1983-02-02,42,Coach
13559,PEBMQF2CLEBR90YB,M,1968-03-06,57,Athlete
13560,PQ3JNGE98NZ9FLVD,F,1991-02-22,34,Athlete
13561,PWFWPRJ11H1OT1U4,M,1994-04-07,31,Athlete
13562,Q4P5KJ3RX20DUV0R,M,1984-01-19,41,Athlete
13563,Q8D6IJ3FFNJGM5F7,M,,0,Coach
13564,QP3BRJ9ARCI1003H,M,1968-12-26,56,Athlete
13565,QQU3YTW9WWNP9E39,M,1994-06-15,31,Athlete
13566,QSJ3GBSHKETDGA66,M,1960-12-08,64,Athlete
13567,QZHLB8U8NBK54BIG,M,1966-01-05,59,Athlete
13568,QZTVVQPW2NIV3MHP,M,1970-07-19,55,Athlete
13569,R40FJU1WAJWY2QNZ,F,1963-10-27,62,Athlete
13570,R55NK4N5R31CV6EL,M,1999-06-28,26,Athlete
13571,R8X67MHY4BBDM6HU,M,1978-10-24,47,Athlete
13572,RO14L027EWZ0K1BE,M,1963-11-07,62,Athlete
13573,S3021G63WLECFNJJ,F,1976-11-02,49,Athlete
13574,S5OVHFEEDHKIF2FK,M,1970-07-04,55,Athlete
13575,S5STLGQPY7BSAF32,M,1986-07-15,39,Athlete
13576,S7OF8D01BQN732GZ,F,1998-01-21,27,Athlete
13577,S8WXAG6G1Y76JXVW,M,1984-12-29,40,Athlete
13578,SA4YWC5EHL4H84VL,M,1982-06-30,43,Coach
13579,SN1BMXMKGOSMHNUS,M,1983-03-16,42,Athlete
13580,T5SWHTVWA3GY7TFV,M,1989-07-11,36,Athlete
13581,TDOKT2ZDWTT1N6RJ,M,1966-02-26,59,Athlete
13582,TIGYFNU7POFL6Z9J,F,1960-07-23,65,Athlete
13583,TW05EDQR6WDZVCF9,M,1992-05-25,33,Athlete
13584,U1CZHR5L7O1KATIC,M,1985-08-01,40,Athlete
13585,U6CF57OJ9W513UFD,M,1971-07-07,54,Athlete
13586,U6S7KJ8KZ7XUK4KW,M,1970-12-02,54,Athlete
13587,UA8JWE0T2WOG8R0A,M,1962-12-28,62,Athlete
13588,V7WZC0AOET9YM899,F,1972-11-11,52,Athlete
13589,VC71XMFCT733V8Q8,F,1986-03-16,39,Athlete
13590,VH1POYSFWT210V4Y,F,1968-11-23,56,Athlete
13591,VJW9HLXF1GEV6GYF,F,2000-02-28,25,Athlete
13592,VNCR2CJM8IK5LR27,M,1977-08-02,48,Athlete
13593,VP5YPFSI3NGJNTX4,M,1956-10-11,69,Athlete
13594,VTGV3UOYQZ9IFG62,F,1955-06-18,70,Athlete
13595,VZBVDJVRR3LEMNI4,M,1974-03-07,51,Athlete
13596,W1WFID0YOFEO9ZXL,M,1980-09-12,45,Coach
13597,W7J6YSN5B0TY92KN,M,1973-02-08,52,Athlete
13598,W920UTNASD7FL4CT,M,1986-12-22,38,Athlete
13599,WCN6YC41M5CKM434,M,1988-02-28,37,Athlete
13600,WME8H891X881MM3F,M,1978-07-09,47,Athlete
13601,WNNN75C19QA60Z6X,M,1976-10-02,49,Athlete
13602,WNPJFRDMFTCP2ANU,F,1998-11-12,26,Athlete
13603,WPU0C7WNQ854U2G1,M,1977-08-26,48,Athlete
13604,WU0KPYO1CMSIEOJY,M,1998-11-18,26,Athlete
13605,WU7OO12T36SPYNZY,F,1959-09-29,66,Athlete
13606,WV65GLS4HKFWC06S,M,1988-02-24,37,Athlete
13607,XDMN25QKHQW0GUY6,M,1994-10-30,31,Athlete
13608,Y10FQCG7JXZNEDBJ,U,1994-08-01,31,Coach
13609,YD3177L2835B7KOF,M,1995-06-21,30,Athlete
13610,YFNYVYKYXZBLD8YL,M,1969-08-10,56,Athlete
13611,YL80QQUI8141683Q,M,1959-05-15,66,Athlete
13612,YOKKODCB2KTLPCA5,M,1999-07-26,26,Athlete
13613,YS55RUC9ISHOIWLV,M,1996-06-14,29,Athlete
13614,YT5LDC9NZQ8JLI57,M,,0,Coach
13615,YY5H4OE0OL5H1CYD,F,1986-05-13,39,Athlete
13616,ZJGGWNHFAEYWCFCM,F,1968-07-15,57,Athlete
13617,ZZ2EEWZ14SNUN2I8,F,1980-03-11,45,Athlete
13618,0GCB422OZXSTLIDS,M,1960-01-10,65,Athlete
13619,0L5C8ZPLZEONKGZ8,M,1962-09-24,63,Athlete
13620,0PXNXRLI4LJTJUPV,M,1999-03-31,26,Athlete
13621,1KQKDNOZDT9MBPFD,F,1968-01-30,57,Athlete
13622,1P9TZ0BBLP4YDY7E,F,1999-08-29,26,Athlete
13623,1S0GPDY5A0XBSF4A,M,1973-11-24,51,Athlete
13624,20S7JGFCGO3NJ8Z8,F,1985-06-14,40,Athlete
13625,2BMPBH0V87NBI5PL,M,1990-05-21,35,Athlete
13626,2JCAKSZ580OBPRO8,M,1981-05-23,44,Athlete
13627,2QZHMURPHD02HQX8,M,1992-01-01,33,Athlete
13628,4BJBX8F659HS1YOZ,F,1993-02-09,32,Athlete
13629,4YWMPV5OOIUK9V8Y,M,1978-05-24,47,Athlete
13630,55O0AFQ33ME6C9X2,M,1981-11-07,44,Athlete
13631,5A1NV66036G7T3DZ,M,1989-11-06,36,Athlete
13632,5Q9Y2O24A93EQRJQ,M,1985-09-09,40,Athlete
13633,6B9G9VYC7391QDIQ,F,1993-03-20,32,Athlete
13634,6CV1YURN1VWACK2L,M,1993-10-31,32,Athlete
13635,6K9N4TQH1USBEAOY,M,1967-04-16,58,Athlete
13636,6NRZR1U73WYUYVPC,F,1992-11-29,32,Athlete
13637,6P9L5838TB3IXB0Y,F,1982-09-03,43,Athlete
13638,6S75UXAG4L8YJUI2,F,1988-02-17,37,Athlete
13639,75PNEQIKTPU6VI8E,M,1981-11-05,44,Athlete
13640,7KZT9VQANRPQDBWL,F,1999-12-25,25,Athlete
13641,7OM4XG1B84KWDN1F,M,1958-12-04,66,Athlete
13642,7UZA4LLU7IH0J8N0,M,1988-09-22,37,Athlete
13643,7V4TPN0QVZ2JHISN,M,1979-10-29,46,Athlete
13644,81V4HYZCRGB96JJ8,M,1986-08-07,39,Athlete
13645,82U2RPM6Z7Y4SJA6,F,1989-07-27,36,Athlete
13646,846EQMR0LTRZVMA3,F,1991-09-05,34,Athlete
13647,84UI1NJJ7VFUDABV,M,2000-06-23,25,Athlete
13648,868YU2FHEAZAH2CD,M,2004-06-08,21,Athlete
13649,89BV33XQ4AADMJT3,M,1963-05-14,62,Athlete
13650,8MM0IZU7NTN6GYQG,M,1982-05-29,43,Athlete
13651,8XQEL9GIACXZ7TMB,M,1997-09-30,28,Athlete
13652,9N8PLLKKIZU8JCD1,M,1992-07-10,33,Athlete
13653,9NBB0NMFN03AEQYU,M,1989-05-11,36,Athlete
13654,A2DKYPPX0NIDYL5E,F,1977-02-13,48,Coach
13655,A56KH5XD6YH232ED,F,1997-02-23,28,Athlete
13656,AF6TRJZ6AEIRO7WA,M,1987-01-16,38,Coach
13657,AGZIQ2E5BOHOLK9X,F,1996-01-28,29,Athlete
13658,AL1RFN2OVQA3323C,F,2006-10-01,19,Athlete
13659,B6OEFPRKF4VFHW4D,M,2001-11-20,23,Athlete
13660,BHRPJX9LK6W5XTGM,F,1990-08-02,35,Athlete
13661,BSKY9OUDUU03FXLO,M,2002-03-07,23,Athlete
13662,BWGG3FNIGK68F75S,M,1956-12-04,68,Athlete
13663,C57TZQBHUH2WXC58,F,1985-11-17,39,Athlete
13664,C931ZA9479Q81ZHP,M,1980-02-29,45,Athlete
13665,CB7WUUNY6QOYDUL0,M,1990-01-23,35,Athlete
13666,CERXNZ5GM88DH294,M,1979-08-03,46,Athlete
13667,D4KQIF095VF6USCZ,F,1976-03-27,49,Athlete
13668,D8I76WF0KPVGE675,M,1985-03-25,40,Athlete
13669,EE99NNYF7SZYAKF8,M,1965-11-16,59,Athlete
13670,EU81K9YNM05GUFPI,M,1995-10-10,30,Athlete
13671,EWR7R8HGAD773CXG,M,1997-04-11,28,Athlete
13672,F2ABOD7H4KOVDLPZ,M,1982-05-04,43,Athlete
13673,F9T9SWJQHAXLESUD,M,2000-11-22,24,Athlete
13674,FA0ECTLX3TDLLRXV,F,2003-06-05,22,Athlete
13675,GH29QK6QRY58D4LZ,M,1994-10-28,31,Athlete
13676,HGM7YJRVUOAMB43R,M,1965-07-17,60,Athlete
13677,HJ6JVEH55INMU1RV,F,1998-05-16,27,Athlete
13678,HLLUU24Q2LIB8XQL,M,1971-12-24,53,Athlete
13679,HO7M1D4KA7601PP9,M,1987-12-04,37,Athlete
13680,IAT2IYV2W2TUPREL,M,2004-06-14,21,Athlete
13681,JJ85C4DRA7A216FD,M,1993-08-20,32,Athlete
13682,JN9OVUPL6I8BF8PI,M,1987-09-03,38,Athlete
13683,JQK0UQ8JYNSDPDSA,M,1979-09-27,46,Athlete
13684,KDRUKFC1RXXIV5K6,M,1989-12-08,35,Athlete
13685,KPCK0QPMDMXU4CU4,M,1963-01-10,62,Coach
13686,L3DOXD2CPCICSQ9X,F,1978-10-06,47,Athlete
13687,LFSWQP3QROO934KI,M,1975-11-15,49,Athlete
13688,LIBP5296L9VZLDK3,M,2003-09-02,22,Athlete
13689,LY9KRK8IGYKFBR1G,M,1985-07-22,40,Coach
13690,M4O7L1E5PDWC8XMP,F,1979-08-18,46,Athlete
13691,MWT7KK8HLZI2VA9H,M,1978-04-24,47,Athlete
13692,N5GG0XUDO7MBAYBF,F,2000-12-25,24,Athlete
13693,N6UXHMA2LR2BM4WF,M,1961-07-31,64,Athlete
13694,NJ663UFOKBO7AO9W,F,1985-05-13,40,Athlete
13695,NRKCQFULFA01E7BZ,F,1984-02-23,41,Athlete
13696,OHGW99LGN5UJLU9K,F,1988-11-16,36,Coach
13697,OJJ9CU9S3MMB1WY6,F,1977-04-03,48,Athlete
13698,OLRNA1RRN6C8TQP5,M,1990-06-05,35,Athlete
13699,OQ07N6PS5LXXY2C0,F,1989-02-06,36,Athlete
13700,PD10A3G5ZW8NEP7X,M,1991-07-18,34,Coach
13701,PQN5CRJJS8MT7V8R,F,1990-10-02,35,Athlete
13702,PQQ9Y531QW3D4G8A,M,1994-11-19,30,Athlete
13703,PVWWS4S7BJ05VFNT,F,1959-12-19,65,Athlete
13704,Q2EA0P8ZGON5H1OM,M,1995-05-23,30,Athlete
13705,Q38BW1SXMZ0EXXNF,F,1998-10-12,27,Athlete
13706,Q9OOKRU9EMYW2C5A,M,1986-07-31,39,Athlete
13707,QEYZ6VD5SG3ADBYM,F,1971-11-22,53,Athlete
13708,QMR50R0PI6CJBP2R,M,1991-06-20,34,Athlete
13709,QNDR8I2VBA8PKGS6,M,1968-12-31,56,Athlete
13710,S748LT9KTFUMAKYW,M,1964-01-16,61,Athlete
13711,T5R4ZARYC0XQDB76,M,1992-11-26,32,Athlete
13712,U33LFG6FKALASE86,M,1992-08-03,33,Athlete
13713,U3HW4YGNO129ILS5,M,1960-01-23,65,Athlete
13714,UEB1PATHK61V49UY,F,1979-12-31,45,Athlete
13715,UG0QDT5UQ13VTXKQ,M,2003-05-20,22,Athlete
13716,V24F3XQC6S2G2K45,M,1995-05-24,30,Athlete
13717,V2YUWBELPRUS9720,M,2002-09-07,23,Athlete
13718,V4OU5SRQW0LPD0UP,M,1969-02-02,56,Athlete
13719,VGZTZ82LQNSBUFUA,M,1986-06-27,39,Athlete
13720,W4W97ZGHTL6185O6,M,1980-12-20,44,Athlete
13721,WEUB0AJMYFAJFMCN,F,1991-05-16,34,Athlete
13722,WQWJH4G3YL8FUUZB,M,1991-01-01,34,Athlete
13723,Y47J7OS27U7MH2ZG,F,1977-04-23,48,Athlete
13724,YJDGMHN7EJ3BQXDD,M,1992-05-25,33,Athlete
13725,YLRQDCPI3TJKMHBE,M,1995-05-18,30,Coach
13726,YOT7YHS6S26OIJ22,M,1985-12-01,39,Athlete
13727,YPMTEBCJC8P5CNIP,M,1993-09-08,32,Athlete
13728,YSOF2OB1UFCKJ7L3,F,1997-07-31,28,Athlete
13729,ZCSGO6NJCOUAPRHA,M,1994-09-11,31,Athlete
13730,ZEKZL0BBLQXW9HMQ,M,1989-12-21,35,Athlete
13731,ZRLTUYCLHX8XWOFM,F,1993-03-03,32,Athlete
13732,3DLFNHEJEQHMTMFU,M,1983-10-05,42,Athlete
13733,41M4YEEDALT2250A,M,2006-05-17,19,Athlete
13734,6Q8FLIQCRY7VG2UQ,F,2003-02-04,22,Athlete
13735,89B8Z7FNGJYQLIAM,M,1991-03-02,34,Athlete
13736,C6BXGZPZ9EM5I49H,M,2005-11-21,19,Athlete
13737,FJIV95V54WWIRNRQ,M,2002-04-05,23,Athlete
13738,KV75W35B61QXBX84,M,1994-05-17,31,Athlete
13739,P54EINXDQ1X20OSX,M,1994-04-23,31,Athlete
13740,S6G5B1TMVOHJWIR1,M,1985-12-17,39,Athlete
13741,UQCB8W7WBQ78I5KJ,M,1994-04-08,31,Athlete
13742,WAGIQ9NOK6IU4ALN,M,2004-12-03,20,Athlete
13743,YJW6YXRBLKDFSRUR,M,1998-02-06,27,Coach
13744,Z2DYM6KJY3UAQIBQ,M,2002-02-21,23,Athlete
13745,ZD6IO8E8OIHFTZSC,M,1997-01-22,28,Athlete
13746,ZTHFYIGA6S20Z91D,F,1990-03-03,35,Coach
13747,CXQDR3P5FKMCFZ4H,M,1966-03-15,59,Athlete
13748,D8E8V3OH99VEL4DE,M,1985-06-23,40,Athlete
13749,FAKV7V4XP4UF7UN1,M,1975-12-01,49,Athlete
13750,K2T66WS6XU4ILSSH,M,1974-02-12,51,Athlete
13751,UWV0UEI5IF6Q34JZ,M,1966-03-25,59,Athlete
13752,B0FZQ0TG4IE1ECP5,M,1976-01-24,49,Athlete
13753,GQ7O6K29ZRE2N6ZP,M,1984-05-09,41,Coach
13754,OXJTHFB65ZH6MREV,M,1974-05-28,51,Athlete
13755,RNM8H1VGGD2YHURD,M,1979-03-19,46,Athlete
13756,0PS0J6MOVWJ1P1J7,M,1980-01-15,45,Athlete
13757,50LKM4S9VOGS80MV,M,1976-02-20,49,Athlete
13758,6LOUYLOJGDR3AMA6,F,1995-12-19,29,Athlete
13759,HPE8IL17NIBL248O,M,1974-07-07,51,Athlete
13760,TOU6J43HHZKGLCS3,M,1992-05-06,33,Coach
13761,VF3WN7BNK0FJW28D,M,1980-01-15,45,Athlete
13762,VHC4TQ3FW8FEZJS8,M,1982-11-04,43,Coach
13763,XBR0X1TPSLC1WLQW,M,1994-06-07,31,Coach
13764,FIRJ1MTEX7NZBVT1,M,,0,Coach
13765,11VSI6CB004IYWKP,M,1979-11-02,46,Athlete
13766,1XBD7K3P1OF8JWH5,M,1984-10-31,41,Athlete
13767,3PN056TVP8WOMV7Q,M,1989-06-24,36,Coach
13768,91MCB56QNEVUKFFC,M,1986-05-03,39,Athlete
13769,9Z4UF1ZFIE2DTG7N,M,1979-06-18,46,Athlete
13770,HTMSAM30A653KMWE,M,1972-04-28,53,Coach
13771,I1HQKPYFK6IXRGN0,M,1984-10-12,41,Coach
13772,ISODZIEYCY4F0LFF,M,1979-06-29,46,Athlete
13773,KLNPFX7H92RT1DGL,M,1982-04-14,43,Coach
13774,MQKE8XPJDP5VBEXB,M,1988-07-27,37,Athlete
13775,OZ2VVJMO0WMISBHU,M,1985-10-11,40,Athlete
13776,P7JG3UOAIBK3GPPP,M,1977-10-21,48,Athlete
13777,S5DPKDBFY5UGA7YC,M,1990-06-23,35,Athlete
13778,TDR0PR4T5J51BW6Z,M,1996-04-15,29,Athlete
13779,TLCHZF5SDJ0GV56I,M,1982-01-20,43,Athlete
13780,XQ82NKLXQDQ3EUK0,M,1973-05-21,52,Athlete
13781,Y1HHJS3E2GBDAUCC,F,1981-02-21,44,Athlete
13782,0UUW3GHOTLS8X80N,M,1997-11-08,28,Athlete
13783,127X6WWJ8NFGFM9C,M,1991-04-15,34,Coach
13784,1XT3W3798QPISLMD,F,1999-10-29,26,Athlete
13785,47RMI6PE10UK3GRU,M,1982-05-16,43,Athlete
13786,4EPW7OYHZYVJKA66,M,1998-05-29,27,Athlete
13787,4YV2TZ7I2A0Q2JKH,M,1993-12-13,31,Athlete
13788,5W1XA2FP3K8MHS5K,F,1996-08-20,29,Athlete
13789,7F59GKFBJI9263OU,F,2001-02-13,24,Athlete
13790,7HSYHLIGG13N3D6V,M,1989-04-10,36,Athlete
13791,9JOFY0SYRY1LVXDS,F,1969-05-16,56,Athlete
13792,9WMYCB8XVG0BHHS1,M,1981-11-16,43,Coach
13793,D2QOTEPW53URDDP4,F,1955-05-22,70,Athlete
13794,DW8DG3JBWYLAUP2U,F,2001-02-13,24,Athlete
13795,EGPDCQU0CI10WULO,M,1969-09-24,56,Athlete
13796,EQAZM5YUR51WSXJ1,M,2003-02-08,22,Athlete
13797,H8B2MSU1Q9AB6DWE,F,1971-07-25,54,Athlete
13798,I2P4FEJXMEYSY138,M,1976-12-13,48,Athlete
13799,JKI7FCI04H49JQOE,F,1968-06-05,57,Athlete
13800,JUF7LKTTKCN7MFY9,F,1961-10-08,64,Athlete
13801,LBKTZEA5L7X06FVA,M,1975-03-12,50,Athlete
13802,LQPRZM9W0IJTM8SW,M,1973-02-08,52,Athlete
13803,N7JIB0ZTLV1FJGT1,F,2000-07-11,25,Athlete
13804,N8TC6MFRXG3UXZKF,F,1959-09-29,66,Athlete
13805,NJVE5AHJZGKYY3IH,M,1997-02-10,28,Athlete
13806,O68JJSVJLRMI2NSV,F,1986-01-28,39,Athlete
13807,QRRGM93KNYK74SMD,M,1999-10-19,26,Athlete
13808,QS8Z8GZ8O88ICWDH,M,1986-12-23,38,Athlete
13809,RD56E8EKMY313OZP,F,1989-09-29,36,Coach
13810,RWX5L791MWTUUW71,M,1997-05-15,28,Athlete
13811,S8KFJTPNKPK83JXO,M,1974-01-15,51,Athlete
13812,SV3GX3U6TCM772AE,M,1964-04-16,61,Athlete
13813,SX1OOWNVQ37XW8EL,M,1991-04-15,34,Coach
13814,V7OB2KL3LXFQ7RUW,F,1977-01-18,48,Athlete
13815,VGRJ7E5TRIHME1AP,M,1989-05-07,36,Athlete
13816,W1D6YOV5ZP82W6UX,F,1981-06-12,44,Athlete
13817,WNWRUAJEN7TUGBI5,M,1990-05-04,35,Athlete
13818,XC2GCKBY8UC7OW8A,F,2002-10-28,23,Athlete
13819,XLX9C9L0H8HV4IGU,M,1993-11-05,32,Athlete
13820,YK83X8LE8I2KHQJU,M,1981-12-21,43,Athlete
13821,YS43GP3LT8QBGMK4,F,1963-03-08,62,Athlete
13822,ZJD16HJRKRL3YKZA,F,1987-01-06,38,Athlete
13823,020H29II8WM19YZ0,F,1988-03-08,37,Athlete
13824,0UE1ZSL699PYXNZG,M,1963-11-29,61,Athlete
13825,0VHVLCVIOE87C40W,M,1982-02-02,43,Athlete
13826,14NBA6DZVLWP2I8A,M,1990-04-17,35,Athlete
13827,1DHTBQOPNXZ4IV1P,F,1995-04-15,30,Athlete
13828,2FA1OO4H1X0NKJP0,F,1962-08-04,63,Athlete
13829,322E9UV1KQ25POSE,M,1984-09-19,41,Athlete
13830,3D4NHBI3A2LH0G25,M,1983-08-11,42,Athlete
13831,3SEME67HZ34MX3DQ,M,1979-06-20,46,Athlete
13832,3T23LOJS0BO8Z805,F,1985-04-26,40,Athlete
13833,4DJG3X397UWX47YQ,M,1982-09-07,43,Athlete
13834,5SM7Z0ZPSZHVBG6K,F,2002-07-18,23,Coach
13835,6Y1UKZFP6DM3K7BY,M,1996-01-30,29,Athlete
13836,71P18MOXOFAD33I4,M,1966-05-14,59,Athlete
13837,76OZOQZPYT1S7VFA,M,1965-08-22,60,Athlete
13838,7KXKQC79HUI6P5YJ,M,1978-03-30,47,Athlete
13839,80SPYPW2JYOT57HF,F,1974-07-30,51,Athlete
13840,8SZ3S3IIO98ROXPG,M,1974-10-09,51,Athlete
13841,923XYX860RE4ERWL,F,1965-02-18,60,Athlete
13842,9J132DY154CQVXI8,F,1989-10-21,36,Athlete
13843,9UEDS1SZIUDILZQ6,M,1981-11-26,43,Athlete
13844,9XEI3N3KYBJ81B67,F,1997-04-15,28,Coach
13845,BBZFO50NLJ8ASCRS,F,1981-04-09,44,Athlete
13846,BSEN78UK2SVO4C64,M,1975-04-14,50,Athlete
13847,CBPO6BKS1R5FP3ZH,M,1994-03-28,31,Coach
13848,D4W9JIF5JBGJ81OD,M,1988-12-09,36,Athlete
13849,DD5ST0K42I2UZHVJ,M,1972-07-24,53,Athlete
13850,DMAHI2W9DPTXVJ6I,M,1975-12-01,49,Athlete
13851,DQY5LR0B6ROO49EI,M,1998-02-21,27,Athlete
13852,EPO4A8HEKJHTNER9,M,1982-09-28,43,Coach
13853,FY9OUITMR8BB3EWD,M,2001-08-02,24,Athlete
13854,G36P6VCQE7CRD53J,M,1986-04-19,39,Athlete
13855,H9NVCZ8VET81ILWV,M,1985-09-07,40,Athlete
13856,H9WZJS3X0IVOZK7F,F,1963-03-24,62,Athlete
13857,HAG53CPRLGJK035O,M,1958-09-17,67,Athlete
13858,HARC5YZK0O7P4QV7,F,1988-08-07,37,Athlete
13859,I0L7GU32I7V7AWNN,F,1970-05-21,55,Athlete
13860,I5S1KY8O3KHZ3XXJ,M,2000-08-21,25,Athlete
13861,J2BZOSYCZXSBPV2X,M,1987-01-28,38,Coach
13862,JA74ZTZCF6IQVSAO,M,1994-07-31,31,Coach
13863,JF0XZAUEBXJ6CVPT,M,1953-07-25,72,Athlete
13864,L40XAGLIPEI1ZEX4,M,1967-12-20,57,Athlete
13865,M64GDL2X9YWE3QKA,M,1987-05-10,38,Athlete
13866,MN5IX063SUGP3AIT,M,1959-01-09,66,Athlete
13867,NEDZVMOLNM6ZWGJM,M,1964-02-05,61,Athlete
13868,NS9LN47DPHLM22B8,M,1962-05-05,63,Athlete
13869,NXYGWGN1ELH8JKZF,M,1974-04-28,51,Athlete
13870,OCN2X5F8KJBLE3DE,F,1983-03-04,42,Coach
13871,OVVCRKWDWP5X5VIX,M,1979-01-01,46,Athlete
13872,R3TZVE0OJ8FNANNS,M,2004-04-27,21,Athlete
13873,RA1ZY1E8PUWGR25U,M,1979-06-22,46,Athlete
13874,RZXT3A7DOT425M0V,M,1993-10-23,32,Athlete
13875,SYH7N05IV40ZC5KF,M,1981-12-21,43,Athlete
13876,VCVPHCLE9KTV7C3K,M,1969-10-26,56,Athlete
13877,WINZF9YUEM81ZBH8,M,1987-07-27,38,Coach
13878,X455I4GQ6XNY900M,M,1979-09-25,46,Athlete
13879,XT32E2LZWJ1IHNND,F,1968-12-14,56,Athlete
13880,Y4MXYLZKK9HBRRWF,M,1986-03-17,39,Athlete
13881,YACK01KAG4L4VS74,F,1973-12-03,51,Athlete
13882,YYN58KBXRBAJ3QIU,F,1969-09-08,56,Athlete
13883,Z26DEQLQ7L1XDEZQ,F,1988-01-30,37,Athlete
13884,Z2ZM14QBJWVNU1SI,F,1994-09-09,31,Athlete
13885,ZNVOVOC3PP6BMUEY,F,1994-01-07,31,Athlete
13886,7ZTV1DTA8E7NMGDZ,M,1975-10-12,50,Athlete
13887,8LY9YTJ7TS9EQA8U,M,1978-11-29,46,Athlete
13888,MBSM53RMPTZ8D8DP,M,1967-09-17,58,Athlete
13889,Y7CAKVOY6GRFQIYN,M,1977-02-10,48,Athlete
13890,YSJG9VXO8U5SA6BJ,M,1979-03-19,46,Athlete
13891,0O49BTWFAB95JL8A,M,1952-07-26,73,Athlete
13892,17LDUX6841LKC5OY,M,1981-03-01,44,Coach
13893,36KTMBIUJM5FKO20,F,1982-03-19,43,Athlete
13894,6ETRW2XA054J1H1T,F,1950-08-17,75,Athlete
13895,DP3MXY9RVKXDWZIT,M,1992-06-30,33,Coach
13896,YOP4ESBO1TIK9GRW,M,1999-01-31,26,Athlete
13897,YR4MXVG9N14QW31A,M,1971-02-11,54,Athlete
13898,0472K6GDMPRVRS3H,F,1969-09-25,56,Coach
13899,1FIE169U5R7E1XWW,F,1975-01-30,50,Coach
13900,3DN2P89TTIA8GB0O,F,1985-10-06,40,Coach
13901,3IHDYHCR93FWDGGI,M,1977-02-08,48,Athlete
13902,83LPR3L1AYIAFHF9,M,2000-07-01,25,Athlete
13903,8E9V1ALUWH64ZC6A,F,1991-03-12,34,Athlete
13904,9514YYP88ABEXTVJ,F,1988-10-28,37,Athlete
13905,97CAYP071NMPX6UT,F,1994-02-12,31,Athlete
13906,9GGUBUPLFD24081J,F,1988-11-10,37,Athlete
13907,9P58WNEJPZJ5NH59,M,2002-04-24,23,Athlete
13908,BZ6X4HSZZAV1HQ9O,F,1970-12-17,54,Coach
13909,CJD6IPXFN38ME4Y0,F,1985-02-27,40,Athlete
13910,JLPTA2YBRQ81R9S3,M,1990-04-23,35,Coach
13911,JRUTZVYO2VVL88F1,M,1990-11-06,35,Coach
13912,KIE11U8F15SCYVMR,F,1981-07-18,44,Athlete
13913,NBBXO9XI1ZJUZ8VA,F,1979-03-11,46,Coach
13914,NZ73OZ9ZTKN359C0,F,1961-02-10,64,Athlete
13915,O0IQ0O7Y8KM38PEW,F,1968-07-23,57,Athlete
13916,O3733H02O0MM1OI2,F,1985-11-27,39,Athlete
13917,OGMDB2TMM9RZO8C5,M,1969-09-17,56,Athlete
13918,R2LF9SNZ9LLVCQC5,F,1995-02-26,30,Athlete
13919,RI1LVJKCVQ5PI26I,F,1991-03-28,34,Athlete
13920,S0YZY750OHK4N4JK,M,1999-08-26,26,Athlete
13921,S72TQ2VIKCXQDF22,F,1992-08-17,33,Athlete
13922,SP2XW6JV774YWYB0,F,1992-02-06,33,Coach
13923,TDWGJKNMDT6R9GOU,M,1978-12-17,46,Athlete
13924,V27JTHSMUAXPYQYB,F,1968-01-08,57,Coach
13925,V5B4413UZRFZD859,M,1992-03-20,33,Coach
13926,V8GLZQXGYT3Z8MOA,M,2002-05-29,23,Athlete
13927,XH8Q9X3IYYAZR56D,F,1982-07-03,43,Athlete
13928,YNE9RBGVRLU964S8,M,2001-07-27,24,Athlete
13929,ZCTRAWESTK0I0YA6,F,1995-07-11,30,Athlete
13930,0DUUUQ84M84NU0XM,M,2001-02-14,24,Athlete
13931,2N8XXTZ1PQQI49HP,F,1991-08-29,34,Coach
13932,70Z3OPCSVJUFAYO0,F,1981-11-04,44,Athlete
13933,9H7OND8M317G1QMU,M,2013-08-08,12,Athlete
13934,C26NZZE45THXSX8O,M,2003-01-27,22,Athlete
13935,C4PE6JLGRT9E142R,F,1957-11-06,68,Athlete
13936,CEPJOUU3JVI1J4KI,F,1981-10-28,44,Coach
13937,CF7VMMQY0HH2FAO1,M,2016-04-15,9,Athlete
13938,CK0MVESA00PGIMO8,M,1961-10-07,64,Coach
13939,D7YTKQF6ED34EMCH,M,1996-05-20,29,Athlete
13940,DYM71L4POA93I5W6,M,1990-06-18,35,Athlete
13941,EUMSK27NCFG7UED8,F,1970-10-02,55,Coach
13942,F79GCC0X17U5A1GD,M,1974-01-31,51,Coach
13943,GHT4NZ9GJEABGAG9,M,2002-08-01,23,Athlete
13944,GTNVDU7IM3LU8FK1,F,2009-11-01,16,Athlete
13945,LLJNHKT03AMPBK4L,M,1994-09-20,31,Athlete
13946,MFMP4CNKUI9VVMEV,M,1993-05-08,32,Athlete
13947,NZBD3LRZ3LBY979H,F,1966-12-29,58,Coach
13948,PZ23DYZ213NDVWM3,M,1981-12-09,43,Unified Partner
13949,SLBSO7SC3VADX1QP,M,1991-05-09,34,Athlete
13950,SNGZNNHRET2WWYWI,M,2013-11-25,11,Athlete
13951,U71WBQZ05UT24C0M,F,1986-12-26,38,Coach
13952,UNHF3KIHM0IVY8T1,M,1996-08-30,29,Athlete
13953,UVWG202HZLQABNKE,M,1993-01-11,32,Athlete
13954,WHKRVXH4M23P9S6O,M,1989-06-06,36,Athlete
13955,WNF4UN3BH0HPUYV5,M,2014-10-08,11,Athlete
13956,WS57E9WYEHMV7ICD,M,1983-05-24,42,Athlete
13957,X0FXG4NVDKPZ4DAE,M,2004-06-24,21,Athlete
13958,YO11N4WPUS66B1J5,M,1990-06-06,35,Unified Partner
13959,1AIXY10JJU5399V0,M,1962-09-22,63,Athlete
13960,26DZSCLD5W5LXUW4,F,2001-06-11,24,Coach
13961,2BC1IUPRM0MN05XU,M,1988-09-21,37,Coach
13962,2IGS125SOE1TJ6AN,F,1996-08-16,29,Athlete
13963,4RH8G60B4QAII3CZ,M,1978-07-20,47,Athlete
13964,6C6QG75CIRGIL38V,F,1975-10-22,50,Athlete
13965,6GXTOAJVZFKC9P4J,M,2000-12-28,24,Athlete
13966,7J9UWN1ICO6HNPAI,M,1976-06-04,49,Coach
13967,8K8BCNJO34QBU257,M,1983-09-08,42,Athlete
13968,8SAY9CEHDFOBI7GG,M,1981-06-24,44,Athlete
13969,9XY6H2UC3QFQG6D3,M,1975-05-07,50,Athlete
13970,AWX8GIL5KWR6S9WY,M,1979-05-20,46,Athlete
13971,BBCNXEIWF2J55SNX,M,1996-04-23,29,Athlete
13972,EBE80IWE4SPK6XDX,F,1975-09-14,50,Coach
13973,EYD3QXUMMIINEI5O,M,1980-10-27,45,Athlete
13974,F4KFR0AF2CMEN26B,F,1998-10-29,27,Coach
13975,FG7EG5WW5H6NUA0Z,M,1971-07-08,54,Coach
13976,LHQE8NU2KUIZD3S7,M,1955-10-18,70,Athlete
13977,NSVQ3VJ2JL09CMI0,F,1985-09-03,40,Coach
13978,O2I8F9ZHJHTVHL5H,F,1997-06-06,28,Coach
13979,O3QXTJ1I58XQAW3J,M,1995-03-13,30,Athlete
13980,Q48H3C4OSCTTUX50,M,1965-12-18,59,Coach
13981,QM0T9Q1P4C1LUG4F,M,2000-01-06,25,Athlete
13982,QTXSKINBXJG1VL68,M,1993-06-06,32,Athlete
13983,RK4ZZ516M79RQJJL,F,1961-08-07,64,Athlete
13984,RU3YKSXHI3ETCEJW,M,1996-10-04,29,Coach
13985,RXUFW4K7RV6X5A61,M,1969-10-28,56,Athlete
13986,SZEGK8XAOFYWOJBT,M,1962-06-25,63,Athlete
13987,UT2Q7JOE72MQSPZB,F,1992-05-05,33,Coach
13988,VOQNMFE2AJBOLHP1,F,1995-10-07,30,Athlete
13989,WACNALGS5J99CHTM,M,1977-03-07,48,Athlete
13990,WRS93R386NAIZQS8,M,1994-08-16,31,Coach
13991,X3FW3PYZ9FBVIDUW,F,1971-03-27,54,Athlete
13992,YEM9OLBKKTQAWEYT,F,1963-12-05,61,Athlete
13993,3SIL1BZSJODJM583,M,1969-05-15,56,Athlete
13994,3WSW2XQ8DQN7Y2FZ,M,1961-09-15,64,Athlete
13995,44DF7UXUJ885X59Z,F,1984-04-03,41,Athlete
13996,4STCET6E63TF2WOH,M,1983-06-23,42,Athlete
13997,6SPLUPZ8MHPAACJD,M,1984-06-26,41,Coach
13998,DTRZFK9QAJOIRKUL,M,1988-06-26,37,Athlete
13999,GQONE28Y4TBYHK6U,M,1959-06-05,66,Athlete
14000,MYUE8CA612EBGADW,M,1959-11-04,66,Athlete
14001,PAYTMP9ZDP2BXFP6,M,1986-12-16,38,Athlete
14002,RKRH7YR0E2SO8GDI,M,,0,Coach
14003,SJRX6JGLFQBQ6C1X,M,1987-01-02,38,Athlete
14004,VXQ9TPP27L8ZVE7B,M,,0,Coach
14005,XP29TT8DNVSLRHTF,M,1959-12-01,65,Athlete
14006,YT1IE35EPS5MDA8J,M,1994-03-22,31,Athlete
14007,ZQLYAUP2NKHPYZDE,M,,0,Coach
14008,0IZAYFMR8AYJEGTA,M,1964-01-18,61,Athlete
14009,1LNI7031JUE2PF6J,F,1986-08-04,39,Coach
14010,57N5XHE5G2VA37BB,F,1966-05-22,59,Athlete
14011,5B7YMEOU50YLCDOX,F,1965-05-09,60,Athlete
14012,BV2XM614CRPPQBI4,F,1981-12-09,43,Athlete
14013,DX4TEADMEMKMFT1N,M,1998-08-15,27,Athlete
14014,E4S93KN50LKJLZBA,F,1969-12-09,55,Athlete
14015,ELHCY9113OENPYXP,F,1969-07-01,56,Coach
14016,EO66T846R3HB4DN3,F,1999-01-26,26,Athlete
14017,HC02DSFVBIZBUDDN,M,1982-03-31,43,Athlete
14018,HJN8GAP6WZA9W4R6,F,1974-10-07,51,Athlete
14019,L4N0P3AIDB7342SR,F,1984-05-24,41,Athlete
14020,LFFMLSU1YI1WUVUW,M,1988-01-12,37,Athlete
14021,LYFFIO28V9YIE4HE,F,1958-12-01,66,Coach
14022,MF602HNOIMLJVHPM,M,1996-08-10,29,Athlete
14023,NV6UV1L4TXQ4AEUU,M,1985-02-12,40,Coach
14024,OH124NI2QKAG5EM4,M,1994-06-07,31,Athlete
14025,OMDT2E4EHHFZ37ED,M,1968-02-24,57,Athlete
14026,PI7MM6AZQI0XFHL0,F,1999-12-06,25,Athlete
14027,SG8LQXZH8572EO9D,F,1978-08-13,47,Athlete
14028,T4GJLO4TD2B3ZYTK,M,1988-10-20,37,Coach
14029,T7OYUAJVTVFEPPYQ,F,1967-03-17,58,Athlete
14030,U5SX21R9XRK8HMAU,M,1995-04-26,30,Coach
14031,VQ6RHN56PXWA3IOV,F,1993-03-25,32,Athlete
14032,WUKAUQ2EUDIH9Z9M,F,1955-08-14,70,Athlete
14033,ZKHWE1L80T8AVCVD,M,1981-04-20,44,Athlete
14034,07XGHX22UVEKLM8I,F,1969-04-10,56,Athlete
14035,2I7U76X52GE3LIOP,F,1968-01-05,57,Athlete
14036,5ZDGIA9DH96Q7ODR,M,1989-08-21,36,Coach
14037,6HTYA30O9SHOQFHZ,M,1963-09-04,62,Athlete
14038,73DMFIY6IZLLND5P,F,1976-08-15,49,Coach
14039,94V6HLC3RK2JVU8J,M,1993-02-11,32,Athlete
14040,F8DU4WSYBJ9UXNQY,M,1990-08-16,35,Athlete
14041,G5NA1FI01CO8OTXS,M,1988-03-20,37,Coach
14042,KB5MBTSHPVXLM2QD,M,1995-04-19,30,Coach
14043,NEEOW55Z5E1NGP2E,F,2005-04-19,20,Coach
14044,NIDR7R55JYX8U7CW,F,1981-10-17,44,Athlete
14045,SFA63MPLMEDBTPTS,F,1973-08-27,52,Athlete
14046,TCLMI2JHWQXV14SO,F,1955-02-03,70,Coach
14047,UOCK0SDMEEQ461CS,F,1987-07-25,38,Athlete
14048,UUR489WVR8OXUTQP,F,1980-12-10,44,Athlete
14049,WYAOOGDRRFCL61UO,M,1999-08-25,26,Coach
14050,ZG6S1D1MIBNY4LEQ,F,1975-01-15,50,Athlete
14051,0D7JJ5FNCZ4YA01M,F,1986-05-23,39,Athlete
14052,33SCR4DEJXL9XF98,M,1972-07-03,53,Athlete
14053,413IVZZWEMPLOVPT,F,1973-03-20,52,Coach
14054,41A174K6IH9CGJ1B,M,1995-04-05,30,Athlete
14055,4RTEMEEW3XQ27ZWH,F,1981-09-09,44,Athlete
14056,5CFHQEXEWQE3IDN5,F,1979-01-05,46,Athlete
14057,60540ZDV3CEYR2FP,M,1974-04-13,51,Athlete
14058,C0SZZ13DC2Y773DR,M,1972-01-11,53,Athlete
14059,DDQV51XSYXFIOMG7,M,1996-11-26,28,Coach
14060,DIX6GFDRG6RTI5XN,M,1979-01-14,46,Athlete
14061,DKVHNDT09RM4VERM,F,1974-03-28,51,Athlete
14062,DQ3VKIRZSH5F24DZ,M,2006-02-19,19,Athlete
14063,DYTFBQEA77Q95SL5,M,1996-10-08,29,Athlete
14064,FT98CDIJ7FRA4JJU,F,1997-07-08,28,Coach
14065,H7OGT70GXVU3HQ3D,F,1984-08-20,41,Athlete
14066,JDVL7X50EATFVGSG,F,1977-09-15,48,Athlete
14067,JVEFS00UVRSX16MY,F,1981-02-11,44,Athlete
14068,KTH2Y2GR87K38SM1,M,1974-07-06,51,Athlete
14069,PQJZM2S6IWCKJ9NX,M,1976-07-07,49,Athlete
14070,RYTVMWFB5WW87WMQ,F,1976-05-03,49,Athlete
14071,SXT6FR95O74UUAT2,F,1982-08-31,43,Athlete
14072,TFWG3NP6WX10SJ8C,F,1995-11-21,29,Coach
14073,UB84OQMCIVTD7CQ3,M,1958-05-01,67,Athlete
14074,USI6K26ERSCOS9LF,F,1991-05-06,34,Athlete
14075,WJ514YFURE1LLZ9J,F,1992-01-21,33,Coach
14076,WUHIHF6LBRCFNK0T,F,1974-02-16,51,Athlete
14077,Z2TVDQ6304QHFYMP,F,1976-04-22,49,Athlete
14078,ZH03U0ZT928G212K,M,1995-11-07,30,Athlete
14079,3ZDHCRRVLW4VMZL0,M,1975-03-12,50,Coach
14080,5EH4ZZZNFSUTWP0C,F,1976-09-21,49,Coach
14081,5FWNE88TS262MCAT,F,1983-12-21,41,Coach
14082,7H03MUAPYHM0XTH7,M,1988-07-28,37,Athlete
14083,CHWVW19N6MKUA1ES,F,2001-04-09,24,Athlete
14084,INWLYJAAL8JN6ZPJ,M,1994-03-10,31,Athlete
14085,L7R9LZUWYKC6UPT9,F,2000-08-28,25,Athlete
14086,MUKZ467IQCCIRUTU,M,1964-08-20,61,Athlete
14087,UHVZNYXQLORIJ0KG,F,1991-07-17,34,Coach
14088,XF2O44IPFXLTDN5U,F,1998-09-06,27,Athlete
14089,YEE2P5DIPT3KX9PG,M,1995-10-28,30,Athlete
14090,0LQGXVM0MUK4F0GK,M,1987-01-20,38,Athlete
14091,0P4GVFBFNTFXCUIZ,M,1962-09-03,63,Athlete
14092,17F35TYKD37V4Q5K,M,1962-04-26,63,Athlete
14093,23JE1IADQ213QMSO,M,1989-03-28,36,Athlete
14094,2BTSA96JED9ZG43N,F,1965-10-24,60,Athlete
14095,2JOZF4RYASKHTGFV,M,1996-08-12,29,Athlete
14096,3ZRJY82RJNXUPJAR,M,1959-05-15,66,Athlete
14097,55UVKNF9Q9X4U8RF,M,1971-12-26,53,Athlete
14098,5XGYYITCUUE7LI2U,M,1980-02-29,45,Athlete
14099,7TG8XCB77WDKQ2SA,F,1981-09-23,44,Athlete
14100,BD8ECK1AZBX06CAU,M,1991-12-22,33,Coach
14101,CF12R9KJN6XIC89F,M,1951-08-14,74,Athlete
14102,DD90IJNVQTTZKZ8S,M,1961-10-20,64,Athlete
14103,EZNQ29JFZTOUL1US,M,1967-10-21,58,Athlete
14104,I4KG3WCTX439S3IA,M,1959-07-11,66,Athlete
14105,I4MXFKHY3N4BUQKE,M,1989-05-23,36,Athlete
14106,N5IC0FQGRKRKHKFL,M,1984-08-17,41,Athlete
14107,NPD238YHEILT6KSI,M,1988-08-04,37,Coach
14108,OZWOGTS7C9MS2LOK,M,1974-12-17,50,Athlete
14109,Z8WHGY9B51W8595I,M,1987-02-03,38,Athlete
14110,ZGSNDPRN0MX4X90G,M,1966-12-15,58,Athlete
14111,AJOLYTKZ896ICY14,M,1990-08-01,35,Athlete
14112,ETZCRIJB29DCAQD6,F,2000-06-07,25,Unified Partner
14113,IQ9HU3HBNQJ9G1MC,F,1977-08-28,48,Athlete
14114,JWE2E191521GVH1J,M,1986-05-06,39,Athlete
14115,RP64C580POD7X4V5,M,1998-02-22,27,Coach
14116,U6NU275AHNHFCXWA,F,1992-06-17,33,Athlete
14117,W6R3SJTDA7OIZ18K,M,1986-06-23,39,Athlete
14118,030MJA3H3NLEK902,M,1979-11-16,45,Athlete
14119,03YXNHC5FQ7WUO4S,M,2007-07-07,18,Coach
14120,069R0ZH17GHKHDVT,M,1976-01-13,49,Athlete
14121,09KOLXH3WVPQ43K4,M,1953-01-16,72,Athlete
14122,0EUO6MYSJH7ZN94D,F,1979-12-19,45,Coach
14123,0IJ2BRFT1ZIASRUX,F,1966-03-28,59,Athlete
14124,0KIDA88DVXXJYYY3,M,1966-05-31,59,Athlete
14125,0MIBMEKFUJ51E24E,M,1995-07-10,30,Athlete
14126,0UVMY83CRA34C6KB,F,1964-08-21,61,Athlete
14127,10UJU9MCQZMPVQUB,M,1974-07-23,51,Athlete
14128,11JYMBGOWPDG1ICX,M,1981-08-25,44,Athlete
14129,18WGIJYIYXQXMARW,F,1954-06-23,71,Athlete
14130,1C28XJTYAP5P5Z56,F,1965-02-28,60,Athlete
14131,27RDDMD7J6BOXP3E,M,1961-10-24,64,Athlete
14132,2CI1HBHIUVU0KVGB,F,1981-12-19,43,Athlete
14133,2IIXARY2UO9X3LLN,M,1956-08-03,69,Athlete
14134,2OJCWQ0FKOC7TQOR,M,1982-05-18,43,Athlete
14135,2TW1QVNRDOD0R5SF,F,1997-03-06,28,Coach
14136,3EBLBOMT3QBG2P80,F,1975-11-04,50,Athlete
14137,3MD4BJIGJ44TJ8PZ,M,1982-10-11,43,Athlete
14138,3QBK2H9G5I5H61PW,M,1971-03-09,54,Athlete
14139,3TAMR9JT6LMCJTQH,M,1994-09-27,31,Athlete
14140,40B8QXL8TGV0XJPS,M,1967-03-10,58,Athlete
14141,48UXZMI7858OH69G,M,1975-08-03,50,Athlete
14142,4BIXHVANB646FW2C,F,1972-12-13,52,Athlete
14143,4OLP0SO7JRT7YF90,F,1967-09-20,58,Athlete
14144,4TCTZ71L2GE5CDXL,F,1971-10-05,54,Athlete
14145,4XPZG4WZLPWO98PV,M,1967-01-11,58,Athlete
14146,503K6ONYA7C7I7R9,M,1977-01-03,48,Athlete
14147,572WY6UARBJFRM3E,F,1974-09-03,51,Athlete
14148,5BJE3X2XDVXRFBN1,F,1963-01-06,62,Athlete
14149,5PA4YVHHEDMG39NW,M,1960-01-06,65,Athlete
14150,6D4HM6KIU3J19DLF,F,1977-01-02,48,Athlete
14151,6KSQA2S146YJJIQY,M,1960-10-22,65,Athlete
14152,6OJ6H9O56OEC3NS7,F,1977-09-12,48,Athlete
14153,6QU7YFROBHHD52LW,M,1997-01-17,28,Athlete
14154,7LOIQ0LEI9EXQWY1,F,1978-08-11,47,Athlete
14155,7OSDZGSY5S2WF0NP,F,1983-05-01,42,Coach
14156,83XGLT8H492FJG5I,M,1988-05-20,37,Athlete
14157,89JOQTY9CB7RYCCC,M,1978-10-11,47,Athlete
14158,8CYFQYWZ4NSXMD2F,F,1979-04-12,46,Athlete
14159,9743FRWKQZHWK9FY,M,1992-01-30,33,Coach
14160,9N8JI1DZB89EECL9,M,1972-05-19,53,Athlete
14161,9QPDWAJYK7TFB9NU,M,2006-05-03,19,Coach
14162,A3T9E4ZFYAG42RS6,M,1962-05-31,63,Athlete
14163,A9IKVAQWEDGVLV6P,M,1973-03-20,52,Athlete
14164,B0SK0QQH3H9YIUZK,F,1984-04-17,41,Athlete
14165,B0VGXH636B97QE9N,M,1991-10-25,34,Athlete
14166,BI339BBA56VEXM0R,M,1963-01-11,62,Athlete
14167,BJB4FVIMDIZ688RL,M,1988-09-15,37,Athlete
14168,BRXZMLKOP8776BYK,M,1971-07-07,54,Athlete
14169,BVYY9IX9C7I5GJ0B,M,1959-05-14,66,Athlete
14170,BYZYZMXBWK4E1590,M,1979-03-14,46,Athlete
14171,C38XZS9JINQS3V0H,M,1981-07-16,44,Athlete
14172,CJ9TEE05M524IODA,F,1981-04-24,44,Athlete
14173,CNRFU3PUP6YNHS7O,M,1963-08-16,62,Athlete
14174,CZITYEN4PVDLGZK6,M,2003-07-19,22,Athlete
14175,CZTXVBYVPJ8EDQST,F,1994-07-31,31,Athlete
14176,D0ZQ8LBUORW07NN6,M,1971-05-01,54,Athlete
14177,DFITN99LQDDX1NHR,F,1980-09-04,45,Athlete
14178,DFJ49Z0041XZFOFP,M,1978-08-15,47,Athlete
14179,DFLU5FAR6Y2ALCXL,M,1970-06-10,55,Athlete
14180,EEUOGKIFSHHHAAJK,M,1966-10-31,59,Athlete
14181,EV1WIMTSVHYBWK68,M,1971-11-16,53,Athlete
14182,EZKFUH3S56L63MLZ,F,1958-07-08,67,Athlete
14183,FJXL7IKJ7B9RMWOE,M,1973-02-13,52,Athlete
14184,FLYLYA0DKMX4UAUZ,F,1956-05-06,69,Athlete
14185,GQG71Q4XWWXQ9PV3,F,1959-09-07,66,Athlete
14186,GQTPR59EPV3V5IA7,M,1960-07-02,65,Athlete
14187,HQKG7VWET9N28JAN,F,1972-06-22,53,Athlete
14188,HVAF59Y7A8C7FT20,M,1978-08-02,47,Athlete
14189,HW24NQXI1DKDAABO,M,1986-08-08,39,Coach
14190,I0LV1HLZ6JIACE87,M,1972-06-26,53,Athlete
14191,IJCHS10YADSM9JFN,F,1987-06-04,38,Athlete
14192,IKHBEAYT1CAQD9TX,F,1973-09-19,52,Athlete
14193,K585H71XIASB79GJ,M,1969-04-13,56,Athlete
14194,KKZWM1809OGGXIJW,M,1962-12-26,62,Athlete
14195,KW84PY71Q6IE5V44,M,1970-11-23,54,Athlete
14196,L3TVDTIPIEL05CIM,F,1971-12-17,53,Athlete
14197,LNQ8R9KT39TLTJWJ,M,1978-06-14,47,Athlete
14198,LO2PZFLSLZE37UXE,M,1972-03-31,53,Athlete
14199,LP7DSTDOHRHO4M6I,M,1999-01-21,26,Athlete
14200,LR1M653KOCYZAOMC,M,1967-06-18,58,Athlete
14201,LRC9295TEWGHQQP0,M,1961-08-26,64,Athlete
14202,MP7HGONMUCXQHZWW,F,1960-07-24,65,Athlete
14203,O5Y1B6AXR6OZN0BA,M,1958-12-03,66,Athlete
14204,O9W5ARVA3B7964PP,F,1963-06-07,62,Athlete
14205,OBES73JAFE31UZ7V,M,1986-07-08,39,Athlete
14206,OSYW9YS2OIS4NEQQ,M,1973-04-17,52,Athlete
14207,PBMGJZW91ZZWIPJ4,M,1963-10-08,62,Athlete
14208,PDAG3TB60MQE05M7,M,1975-07-05,50,Athlete
14209,PX2FU38QWPFSWHCV,M,1962-05-24,63,Athlete
14210,Q7J1I4H7AU1YJH41,F,1985-07-11,40,Athlete
14211,QD7W1E8ZYQ7OZ2VI,F,1992-04-20,33,Athlete
14212,QJRYIWMIE8W7A374,F,1961-12-27,63,Athlete
14213,QPKLL83JDYF5FVMT,M,1987-07-19,38,Athlete
14214,RK4B9AK2W4KF7FM4,U,1994-07-03,31,Coach
14215,S9Q5CGBEURBAFAU5,M,1981-05-02,44,Athlete
14216,SEDZ5YVRHFPOT01K,M,1972-10-07,53,Athlete
14217,T0ITKWX84IM6BQNG,M,1977-03-23,48,Athlete
14218,TTPS7XP0N6AFRVJY,M,1961-09-17,64,Athlete
14219,U3OB4QQDENU5M4SU,M,1999-03-09,26,Athlete
14220,UNR0V92X7FPDDKL2,M,1987-04-15,38,Coach
14221,UOG7AOUA1AUK4Q4W,M,1970-02-09,55,Athlete
14222,UQIMGWORGMWOTTLR,M,1980-08-29,45,Athlete
14223,URTDDALEC8FLGJRJ,F,1964-03-05,61,Athlete
14224,UT2XV4IWN52129VV,F,1993-01-22,32,Athlete
14225,UVLEWHJQXBJP0FHQ,M,1977-01-12,48,Athlete
14226,UYXZ4DVWGZT0ZST4,M,1999-09-19,26,Coach
14227,VARG04ROYONCQ5JD,M,1978-08-06,47,Athlete
14228,VHWAHQK01MI3JKMU,M,1996-01-15,29,Athlete
14229,VQ2Y3URUD1XB7M0J,M,1960-09-09,65,Athlete
14230,W3V6WJ1CR4IYJPHK,M,1991-04-02,34,Athlete
14231,W89DVVK0VKVL34Q9,M,2000-02-22,25,Athlete
14232,WF18X2NQ8ZOXU725,F,1954-04-11,71,Athlete
14233,X5ALM3N5PKQK7VL3,M,1987-08-12,38,Athlete
14234,XSGI108NEEXPFY5C,M,1967-06-07,58,Athlete
14235,XSI1UKD4N5V9PWI1,F,1955-12-17,69,Athlete
14236,XSKCN1UREPDU5PAY,M,1985-04-26,40,Athlete
14237,XTWUL1RMWC99O0T7,M,1985-05-05,40,Athlete
14238,XZR3A8A80CGBCZ8R,F,1987-05-14,38,Athlete
14239,Y0C3T92RMDXTP3QE,F,1963-10-27,62,Athlete
14240,YR27T2P97YTGOBL6,F,1959-11-26,65,Athlete
14241,YXXGUHVVJ494ZGM8,F,1957-03-03,68,Athlete
14242,Z9LZ66PS7ACJ0I07,M,1972-07-23,53,Athlete
14243,ZB39YFW9DGDCJ87W,M,1974-05-12,51,Athlete
14244,ZICMUHN957536LI6,M,1963-07-13,62,Athlete
14245,ZUHJAPRRU9GBYWUS,F,1989-06-02,36,Athlete
14246,ZX0RN8F1GOOVQJ0B,M,1966-01-17,59,Athlete
14247,08OJ8WVPBX77GQK2,M,1969-01-31,56,Athlete
14248,1EGVBL9X6MDCTOO1,F,,0,Coach
14249,2LIB9ZX1I89PD8D4,M,1970-12-05,54,Athlete
14250,4UYET3MFV4O08ZET,M,1965-01-25,60,Athlete
14251,5O0S2XH5KUH0CWGK,M,,0,Coach
14252,7USF4NR0CB7ETMA8,M,1967-10-10,58,Athlete
14253,843OXVWOD66DLVX8,M,1998-06-10,27,Athlete
14254,99PVX8A5DCLRI67Z,F,1974-01-25,51,Athlete
14255,9Z5G4Q5XWN1S8HYK,F,1992-11-20,32,Athlete
14256,DZV3YQ98VWTN138V,M,1982-04-04,43,Athlete
14257,EDQEKAQT2VDNDTWV,M,1992-03-18,33,Athlete
14258,EWE5M2OZS7PB1HFS,M,1972-11-29,52,Athlete
14259,FOV5XKCWBKZBVS63,M,1994-10-21,31,Athlete
14260,HWRIDY1JJGHQRZ9R,M,1991-03-19,34,Athlete
14261,JBR08W7O35SBL50X,M,1986-04-29,39,Athlete
14262,KEX9VP1F1F7CHEI5,M,1965-02-25,60,Athlete
14263,NHHM5S6SD5NL5BJ1,M,1966-09-06,59,Athlete
14264,RQXMRWF5YHR074IC,F,1989-11-07,36,Athlete
14265,TSYMJX0TI2EOTO4Q,M,1985-01-30,40,Coach
14266,VL39DWUQQ8QNRPU2,F,1960-11-18,64,Athlete
14267,YDFFZLWWWLM2ZGRC,M,1971-12-20,53,Athlete
14268,Z3C6WB2L0FQX72LT,M,1974-03-03,51,Coach
14269,ZOHRYG5PEKUKEPGW,M,1980-07-21,45,Athlete
14270,5D5GODF60U5D0LPN,M,2001-03-08,24,Athlete
14271,64T1Z1S9VQCF0COE,M,1962-03-02,63,Athlete
14272,91C5E7YCJJR2PF7Y,F,2002-05-29,23,Athlete
14273,9RWBN6PM13WWIUCX,M,,0,Coach
14274,A5XB2GY0T68JDUCA,M,1971-06-01,54,Athlete
14275,AJUESLNGU91MYEIA,F,,0,Coach
14276,EFIKBMBSWPWGRKG9,M,1963-04-17,62,Athlete
14277,ILIR9QR9UI0I10ZK,M,1970-06-24,55,Athlete
14278,MA69SMMH9OKDTWI7,M,1972-05-02,53,Athlete
14279,PJ4S4QR075M7E3SS,M,1969-11-03,56,Athlete
14280,YXS1V61SCC2N53G3,M,1972-01-13,53,Athlete
14281,1B5N0C40GHSOP08D,F,1971-02-21,54,Athlete
14282,5HVHUGRG3C1IJSCN,M,1966-07-08,59,Athlete
14283,HQEMFNHEC0DAXSPG,M,1972-12-27,52,Athlete
14284,IRRICKU3SIC0HIC5,M,1998-08-26,27,Coach
14285,IWA51NCT1STZKE73,M,1976-01-16,49,Athlete
14286,M48GP1MY6KR676XQ,M,1981-10-28,44,Athlete
14287,MPNPFLVS26OO7J40,M,1993-09-10,32,Athlete
14288,N2I75SEBJT0BINQU,M,1984-10-19,41,Athlete
14289,TZ0AAZ4TI2AIG9BI,F,1996-11-05,29,Athlete
14290,VK18G2R2JRUPQH1W,M,1994-01-08,31,Coach
14291,0LPPYYCQB3EB70I6,M,,0,Unified Partner
14292,4LT4C71QZEBOMZHW,M,1981-07-03,44,Athlete
14293,4UIIQ0JNEIZ8ZE8B,M,1992-10-25,33,Coach
14294,7LTED736EDCX7XF6,M,1988-07-27,37,Coach
14295,8G9G2LRBXJL64IZO,M,1996-03-25,29,Athlete
14296,BINXRCVH8VOVJDK3,M,1978-10-16,47,Athlete
14297,EB2CI0XFYZM5WETC,M,1968-12-27,56,Athlete
14298,GSBE2HKBAXEQM8Z2,M,1965-03-21,60,Athlete
14299,IVEAYPHAEF8E2ZQG,M,1976-03-02,49,Athlete
14300,KIUOMFQCUDNGDBTR,M,1981-08-22,44,Athlete
14301,L31XDJLVY86085ZE,M,1975-10-22,50,Athlete
14302,MLPXLV55R3LFGUM2,M,1962-11-20,62,Athlete
14303,NCW4IG8HTBT26RRP,M,1967-04-21,58,Athlete
14304,RRDHXTPR5MOW5TLN,M,1977-11-15,47,Athlete
14305,W37Z93UJHAYID59F,M,1989-07-30,36,Athlete
14306,WFRFJ2ROH82HYITZ,M,1990-12-07,34,Athlete
14307,WJRLKPWAJEW1I7ZA,M,1989-06-30,36,Athlete
14308,XV5EK6JUQ4DRMBDI,M,1994-07-13,31,Coach
14309,ZF7KIDFLDBK2IPVT,M,1973-01-16,52,Athlete
14310,06HTKR7U7JOER7LZ,M,1991-08-27,34,Unified Partner
14311,1KWRJMG2A8XZ6P0Q,M,1986-03-11,39,Athlete
14312,25XOPUL0C3EVDMFC,M,1969-02-05,56,Athlete
14313,3LWFGIPPC1YRRWEP,M,1986-07-22,39,Coach
14314,7BIBRC8FX7022P5R,M,2002-10-11,23,Athlete
14315,AGAAVNJAVU1H54JB,F,1996-12-30,28,Athlete
14316,B8THJCTTDPJBZCPT,M,1984-07-01,41,Athlete
14317,BI82PXIDJ3207YSJ,M,1985-12-13,39,Athlete
14318,C1GC60QRUNKQO8R7,M,1968-07-21,57,Athlete
14319,C1UGF0BMTK0GYEOH,M,1975-09-22,50,Athlete
14320,GAS9KBYFXRRSQN25,M,,0,Coach
14321,JRO4J9ZEU7U40RUA,M,1971-01-05,54,Athlete
14322,KO1J8IA5GRS0VPL3,M,1993-12-14,31,Coach
14323,M2IPAWAGFFFX0MSY,M,1974-09-17,51,Athlete
14324,MC8FZ4ZD736HO4NK,M,1982-03-27,43,Athlete
14325,N8OK10H15E3ZMWTF,M,1980-02-24,45,Athlete
14326,RUW786XOSZFRYYT0,M,,0,Athlete
14327,VIUHVTZ4RAF9YO97,M,1964-06-04,61,Athlete
14328,7OEH6XJCRD2FQROX,M,1981-06-10,44,Athlete
14329,CV5BOBK9M0ZU9SQI,M,1995-02-20,30,Athlete
14330,HUBRSXDUI8FDVYP7,M,2000-09-15,25,Athlete
14331,KG63NMQG4ZI7NJ29,M,1990-11-22,34,Athlete
14332,KL57ABECLTV15TBC,M,1970-02-15,55,Coach
14333,L30PUFC6P3OH9ZEJ,M,1991-08-21,34,Athlete
14334,NDZDI53PM95H0C44,M,1970-02-15,55,Coach
14335,QTDEQQLJLQO2FQXQ,M,1981-07-23,44,Athlete
14336,RWSDXOU9L7ACXYFC,M,,0,Coach
14337,WSW18NTPYLJY2O8V,M,1998-07-13,27,Athlete
14338,XLAUQABRGLR7IE63,M,1982-09-11,43,Athlete
14339,YC3HNXSB3D7AA3ZV,M,1990-10-09,35,Athlete
14340,0JWATAL8FDKRS6DC,M,1978-05-31,47,Athlete
14341,372J5SSWAQ4KP443,M,1970-01-01,55,Athlete
14342,4PA5RO9EGQA6K4X8,F,1982-06-18,43,Athlete
14343,ARZSEJJSD90TT93X,M,1980-07-16,45,Athlete
14344,C5PICE0J6VNZBIBB,F,1991-04-23,34,Athlete
14345,DXYPK7NMUTL14SXC,F,1971-08-24,54,Athlete
14346,F5HLNPX2EBRNO7PR,F,1974-08-14,51,Athlete
14347,HD7U05BB7D42ANU6,M,1976-06-23,49,Athlete
14348,JQ85XQFLO43WKG2U,M,1973-02-20,52,Athlete
14349,KBK95DIZ71P6IA38,M,,0,Coach
14350,NC7KHM637UMAJY0F,M,1987-11-20,37,Athlete
14351,ODVVKC3EZVMBSX7S,M,1980-12-24,44,Athlete
14352,SDLDQ1C1LHNUBLZ3,M,1980-01-01,45,Athlete
14353,TQ37Z76JW4ZMO2AB,F,1974-07-24,51,Athlete
14354,WVPHDO0B2KQWDXRP,M,1981-12-28,43,Athlete
14355,Z1HD30OCI5M7CD9X,F,1967-01-31,58,Unified Partner
14356,6A81K480BHZ63DBX,F,1982-05-14,43,Athlete
14357,IB10RYNZ4BE1XDT6,M,1977-07-31,48,Athlete
14358,MQT44QBAR0TSZLNU,M,1953-03-01,72,Athlete
14359,O2A3WGHXL4LWBITZ,F,1957-04-23,68,Athlete
14360,WS1JP5UJFMX306G4,F,1979-06-27,46,Athlete
14361,98WQ9HWB1K70JXNC,M,2005-03-02,20,Athlete
14362,GIYVGHN0JU5BLEE3,M,2002-11-13,22,Athlete
14363,LYTCQ16O6EG1V6ZN,M,2002-07-02,23,Athlete
14364,MF3KO4G18T87OCAC,M,2005-03-02,20,Athlete
14365,OJ0A0OWPLPJZXUM5,M,2006-10-07,19,Athlete
14366,P68CKV2MFJZHBWSW,M,2002-11-13,22,Athlete
14367,Q4MET106WNRBPXXJ,M,2006-11-30,18,Athlete
14368,QQZ4GRR11I7IIP90,M,2005-10-25,20,Athlete
14369,R5K40YTI13MRA3QN,F,2006-10-18,19,Athlete
14370,XGUQPCH9OF48VQOQ,F,2005-07-24,20,Athlete
14371,32PO5S8AB45ZQBYP,M,1975-06-02,50,Athlete
14372,3AY679HOVMR07ITY,F,1995-06-01,30,Athlete
14373,3YPQS8B3RKQ2VH98,M,1980-03-18,45,Coach
14374,4RTP10AWORSFF9B8,M,1995-02-23,30,Athlete
14375,59B9GWTMX88AV4BN,F,1968-09-04,57,Athlete
14376,8IVJKEVKLYE1C101,M,1976-06-26,49,Coach
14377,G5NHBIST57Q8B118,M,2002-01-08,23,Athlete
14378,M3Q41MAWVQIYLHP4,F,1998-07-24,27,Athlete
14379,OJYC4BVYS7Z8BPCH,F,1991-03-06,34,Athlete
14380,Q0TPRNBI0Q1CNTI4,F,1984-09-05,41,Athlete
14381,Q8YOPQ0EMAB1KZGV,M,1989-06-07,36,Athlete
14382,QR4CQLY0Q9S8YSYY,M,1998-03-03,27,Athlete
14383,QRV4FO5VXGPSH0QD,M,1988-04-27,37,Athlete
14384,RSIJT8OM9J0JCISK,M,1995-07-11,30,Athlete
14385,SEFZLPMT6MIEDDTE,M,1986-12-15,38,Athlete
14386,UJURCPSZM7LHRCHN,M,1991-11-27,33,Athlete
14387,WMG91GQDBWKVQ8KS,M,1994-01-15,31,Athlete
14388,ZA7AM9959BUE68ZU,F,1994-04-21,31,Coach
14389,1AUZZX0IK4D5OEAO,M,1997-03-12,28,Athlete
14390,1IQVO2JPDM2B9H4C,M,1985-09-05,40,Athlete
14391,3MGFVYJYB9JL3GJB,M,1993-12-30,31,Athlete
14392,4UND6HHJMF5FJHNR,F,1961-08-22,64,Athlete
14393,5MBNY6DOQ7DH7XUO,M,1995-12-23,29,Athlete
14394,5NTTVEM5NTJGZY71,M,1968-10-07,57,Coach
14395,7IV3N3IAKPY93442,M,1956-09-13,69,Athlete
14396,7MCPQFSFA049C72N,M,1964-08-09,61,Athlete
14397,8TMCSD93SA5XRNRH,M,1966-02-08,59,Athlete
14398,9PY4Q1OWR6DWWPH6,M,1971-04-25,54,Athlete
14399,A8T2LO2CCKN6QVSN,F,1973-01-26,52,Coach
14400,EGVSYF8L4DCS27BU,M,2000-03-10,25,Athlete
14401,EL761J853O71LFIU,F,1957-12-03,67,Athlete
14402,EW7DW2MIIIEIYEKL,M,1972-11-27,52,Athlete
14403,F2PJZC6QF7R3JL5B,F,1979-03-13,46,Athlete
14404,FVWSWIR3UOENHTWG,M,1977-03-04,48,Athlete
14405,FYNG1FYHCB6RCY8N,M,1990-11-03,35,Athlete
14406,HJC2QETX8KDBZFRA,M,1967-09-25,58,Athlete
14407,HUJ5EEPP3G42MKBS,M,1997-09-26,28,Athlete
14408,KVGGKGP5V9HBDAXA,M,1995-03-25,30,Athlete
14409,LK4MNCGDF7ACZ4P6,M,1972-03-05,53,Athlete
14410,MQIREXOS2F3W9YTF,F,1959-07-14,66,Athlete
14411,N0KL48TJ6U6HN9X3,F,1973-03-15,52,Athlete
14412,NYUNAWGD97VYBK0G,F,1972-03-01,53,Athlete
14413,OJI95CY2UJNWRLXP,F,1973-02-13,52,Athlete
14414,OVRMYDMC1LQI1B1L,M,2001-09-23,24,Athlete
14415,QM3O2WN5XPFSWLCA,M,1987-08-19,38,Athlete
14416,RV5LUEUHWJFKYGIG,F,1956-11-14,68,Athlete
14417,SL0YNMLSAHFNLE1S,M,1983-12-02,41,Athlete
14418,T63UHKOHU86SZGVE,F,1976-06-04,49,Athlete
14419,U4QZGHXZGGZJJ4BH,M,1969-10-13,56,Athlete
14420,UUM9YX3YA866AP41,M,1966-02-25,59,Athlete
14421,VAM0CKH95GT8YQJ5,M,2004-03-03,21,Athlete
14422,WRDYVDNHPYMGDFEZ,F,1958-07-02,67,Athlete
14423,XI6E9GZGCXOAMVJR,M,1956-04-02,69,Athlete
14424,Y1D8WR3WS5RF8TQD,M,1987-09-05,38,Athlete
14425,Z008GUIL7SLDI8MB,M,1990-03-19,35,Athlete
14426,Z0SJN403J80NLAZ7,F,1980-02-21,45,Athlete
14427,08RQEZ7W1N0P1IR9,M,1982-03-20,43,Athlete
14428,1MQ9MW36Y3JY2U1X,M,,0,Coach
14429,4S8DGKQI7O5V3077,F,1987-03-16,38,Coach
14430,5V05AQN8U32J604Q,M,1986-10-03,39,Athlete
14431,686HEQC8QK5EQT22,M,2002-10-23,23,Athlete
14432,7LPZFGMCJES8MKPO,F,1984-11-26,40,Athlete
14433,8FLK8J2UAX3ZEI8Q,F,1985-06-21,40,Coach
14434,8X0UX70FLX1L8MJH,M,1977-01-19,48,Athlete
14435,8YRU3GJ86N38O294,F,1975-01-03,50,Athlete
14436,9R6Q260C022FYH59,F,1973-10-14,52,Coach
14437,9U09ULAAB6RX8HVA,F,1981-03-12,44,Athlete
14438,A3SAHLW1CRRZMQIL,F,2000-01-02,25,Athlete
14439,AVJTHVLXJDEF6T71,F,1984-01-13,41,Athlete
14440,C1NPJ9LPXIP91F4W,M,1993-06-10,32,Coach
14441,CIJIFDANFISCBAZB,F,1997-07-08,28,Athlete
14442,DMVVJKEQJWWGRQ0T,M,1988-09-02,37,Athlete
14443,EBJFT1D9WPLXOEIO,F,1995-03-28,30,Coach
14444,GXK40G5NRWAPRWM0,F,1998-10-17,27,Athlete
14445,HDBTKNEVTXQQYGKK,M,1962-01-13,63,Athlete
14446,HDQOX1GSDDFWMN8F,M,1956-09-18,69,Athlete
14447,IXGD3JH399B3ITA9,M,1991-07-08,34,Athlete
14448,JBJKXVD3Q9A3GB94,F,1986-08-21,39,Athlete
14449,MVUVZH15JQJL5P9O,M,1990-01-16,35,Athlete
14450,MWJUR4FX6DXLCJ24,F,1973-02-25,52,Athlete
14451,N1B2Y8J3ZCK49OA7,M,1979-05-17,46,Athlete
14452,N79XEQYVFOM1JA6C,F,1987-02-21,38,Athlete
14453,N9O2W86ZHCWSMNSX,F,1969-06-13,56,Coach
14454,OTCXXEM4YPRGBCFJ,F,1992-01-10,33,Coach
14455,PRQMF5ACMSDR3KN2,F,1973-01-07,52,Coach
14456,SPGYIIU3084IGC8G,M,1983-12-12,41,Athlete
14457,TDF53LSIFNUZIGAN,M,1972-09-02,53,Athlete
14458,U27QABY1C0VRDDBA,F,1979-06-07,46,Athlete
14459,UZE6MT7U2L2O3Y7O,F,1977-06-09,48,Athlete
14460,VTUR592UJEADIRU4,F,1966-10-12,59,Athlete
14461,WCKGMLB06H96UXWO,M,1963-09-08,62,Athlete
14462,X9H8OGYYJTM07X81,M,1969-05-21,56,Athlete
14463,XTEFRI8U4AVAEWR6,M,1985-05-30,40,Athlete
14464,Y487E8YH0E31G8P0,M,1960-05-04,65,Athlete
14465,YL8GLI8F9IF5KIB3,M,1981-02-25,44,Athlete
14466,1DMHSLBRXNO7EXAV,F,1978-09-03,47,Coach
14467,2UZIYQEDF791SK5F,F,1990-04-21,35,Coach
14468,5HP6ZAZ75NYF2CBR,F,1997-12-21,27,Athlete
14469,5TGTZKSJYOPW2U6X,F,1963-01-22,62,Coach
14470,72VZ3FK06T2ESDWP,F,1976-09-25,49,Athlete
14471,9ZPXODW0RRB0IMQP,F,1993-12-13,31,Athlete
14472,BXCD6JIASZ04EOIO,M,1998-04-20,27,Athlete
14473,EY4EOC8EBYES8IV7,F,1973-09-27,52,Athlete
14474,FXTPVO4832UY7DQP,M,1993-01-19,32,Athlete
14475,JTD82M6DKZZUVS49,M,1992-10-10,33,Athlete
14476,OL8OY91LVHVHS1E9,M,2000-07-30,25,Athlete
14477,TW9YZJQKE0ADDJFF,M,1997-03-21,28,Coach
14478,WJHWLZXAZVBX7Q33,F,1993-03-23,32,Athlete
14479,YBIQ631GDHEPSYWP,F,1971-04-14,54,Coach
14480,ZD1P6DKS3GBJ8ST4,F,1997-01-14,28,Athlete
14481,0BQYXYUL71AR3ENL,F,1966-12-08,58,Coach
14482,0Y7V4IECWCCC9YO5,M,2001-10-01,24,Athlete
14483,635J3XFL9DYOBKT1,M,1992-06-08,33,Athlete
14484,6FUBSKJ4RWOBV8VL,F,1977-03-17,48,Athlete
14485,7N4M3QE8DB5L25XZ,F,1961-04-29,64,Athlete
14486,7NX8N32T0THOTWKP,M,1980-01-08,45,Coach
14487,9S0A7573Q5GWLYOL,M,1982-10-28,43,Athlete
14488,CO6VHP0605IKB7YI,F,1973-07-12,52,Athlete
14489,HNSGMB2ET5VZ1ZWE,M,1973-02-06,52,Athlete
14490,HYQN5MZ093FRTY0N,F,1965-09-29,60,Coach
14491,I8BTM3MQLNX2NXVF,M,1993-02-01,32,Athlete
14492,IKQQUPLMBXJ256QY,M,1978-11-07,47,Athlete
14493,KXJM3E1091HYHF8M,F,1991-03-18,34,Athlete
14494,M1QVMME63MFTYGER,F,1978-08-03,47,Coach
14495,NPGEEIE3JY8LAUHJ,M,1969-03-14,56,Athlete
14496,OM6V825UJJ31020F,M,1980-07-21,45,Athlete
14497,P0R1NBS5YV7ITKYD,F,1997-08-29,28,Coach
14498,QTHCCE9IX4ICLLBP,M,1966-06-28,59,Athlete
14499,RIQ7CEMUIR691HOU,M,1973-09-21,52,Athlete
14500,SCCIWSB73Z6BM6ME,M,1961-09-20,64,Athlete
14501,U1VVWO5TYRWL5EB3,M,1963-01-02,62,Coach
14502,VH1FBG2RJ5FOSAFW,F,1991-12-23,33,Coach
14503,WS017XB7VLG282NC,M,1989-10-04,36,Athlete
14504,WTV8UBCYFLRDHWKJ,M,1979-12-17,45,Athlete
14505,5V1I99SILU00AWKW,F,1970-02-26,55,Athlete
14506,6DYCJNBA50JJFQSJ,F,1986-01-29,39,Coach
14507,6TP6M7UYGUECCNDH,F,1995-07-27,30,Athlete
14508,AUE7M0KJG1V3DTFR,M,1984-11-04,41,Athlete
14509,B3746DRVM24CXOB4,F,1985-07-05,40,Coach
14510,BNY0P2V7MWOF4558,M,1996-07-01,29,Athlete
14511,DD0HP6QY0U6LD3MX,M,,0,Coach
14512,EYQ393UBVXVDB118,M,1961-08-28,64,Athlete
14513,FMP8VOI56J6W9BRU,M,1984-01-30,41,Athlete
14514,IIL48GJSPVW43PR5,M,1974-01-23,51,Coach
14515,JEXY7B45QQJFHZ8N,M,1994-02-02,31,Athlete
14516,JFUY6X7343LODBLI,F,1982-09-13,43,Athlete
14517,JK788Q9TVWRRJL3I,M,1997-12-20,27,Athlete
14518,M7Y6CAFIQ9LC3BO5,M,1993-11-07,32,Athlete
14519,MPAOFBSHH8BGIFKV,M,1992-01-17,33,Athlete
14520,TBI0C3QQ8PZYNS1D,F,1971-04-23,54,Athlete
14521,TW23ZS31F4PLEF93,F,1971-01-02,54,Athlete
14522,V21BFN7RBVC3VTL6,M,1975-12-25,49,Athlete
14523,WVL0XO80830Z0NK9,F,1979-03-12,46,Athlete
14524,07KI8DQVLK66BAFG,M,1993-09-23,32,Athlete
14525,1WXYB9QGZES6BV9Y,M,1999-10-25,26,Athlete
14526,5AAX8GGYCUKO1VOK,F,2003-02-08,22,Athlete
14527,8JF0YYLQSJZ2JPFC,M,1980-06-30,45,Athlete
14528,9YLC1CT4SUEMJKNU,F,1983-07-10,42,Athlete
14529,AZSBUHZYDCLH8DFE,F,2000-05-25,25,Athlete
14530,DHIXTSWBZQ7VO6DF,F,1977-07-07,48,Athlete
14531,DKMNQ1COYNQIHE2C,F,1969-09-16,56,Athlete
14532,FC6R42P2MP5WQ03V,F,1977-02-12,48,Athlete
14533,GVEWQ5GRRIZC5KO0,M,1976-03-23,49,Athlete
14534,H2WLE6H0GJLWGOLI,M,1994-04-08,31,Coach
14535,I28UZ7844SWQVHDD,M,1963-03-16,62,Athlete
14536,IWOPJ1QFKWOCS780,M,1981-08-06,44,Athlete
14537,JERCVJ3SLUJKTOWN,F,1973-03-05,52,Coach
14538,LF0VQXBWFVRY6N77,M,1997-01-28,28,Athlete
14539,LNU9CG3Y3E2ERQ4Z,F,1978-02-17,47,Athlete
14540,M4MXV0MOV5TET7O5,M,1993-08-18,32,Athlete
14541,MZ2HECPMTE12TX3F,F,1976-05-08,49,Athlete
14542,O3QX68BBHHYH1X57,M,1961-05-30,64,Athlete
14543,O6HYGFCDC8OGVUMZ,F,1999-08-02,26,Athlete
14544,OINVDJQYNNWPYJYL,M,1995-07-15,30,Athlete
14545,OX2045HNZHK181EZ,M,1975-09-12,50,Athlete
14546,P0VTGGRG1IWK3J27,F,1983-06-24,42,Athlete
14547,PUVHNH6APUN0DNRA,M,1986-09-10,39,Athlete
14548,QD8J81XFW3W71874,F,1977-10-07,48,Athlete
14549,QGCUAKJVAQ5BTYRM,F,1985-09-19,40,Athlete
14550,S3JTDDL4KEF35SYL,F,1982-09-06,43,Coach
14551,TARSX1JSXW6ELFX5,F,1981-07-14,44,Athlete
14552,U8WHDAZXVN8SFDUG,M,1974-09-11,51,Athlete
14553,UJHWUKXQTSYY3ML3,F,1999-09-28,26,Athlete
14554,VHL191SAL9W0P0GA,F,1974-06-20,51,Athlete
14555,VXG1RFXQI8WSJKVR,M,1996-08-23,29,Athlete
14556,XWX6L94YMY5B4P5K,F,2001-03-02,24,Athlete
14557,XZ6MWMMM3L9YMMPV,M,2003-02-25,22,Athlete
14558,YUTK9CP3GOEHKU7Z,F,1988-12-18,36,Athlete
14559,0F5B0FOAYAUPKPVA,F,1982-07-25,43,Athlete
14560,0M5GE69N6NO73N9D,M,1985-07-13,40,Coach
14561,0VJJP4YPW46SCG1Q,M,1976-08-09,49,Athlete
14562,12A4CZ9RYC8YZEHJ,F,2005-08-26,20,Athlete
14563,13ES90967UTC75E0,M,1991-12-20,33,Athlete
14564,1PUTYKXR1XNYQ06Z,F,1990-10-19,35,Athlete
14565,1UQUUVA4O3BCLVS1,M,1997-03-08,28,Athlete
14566,29YZ83R85R28YWBY,M,,0,Athlete
14567,2SPYDJWEQLV6P96L,M,1999-08-26,26,Athlete
14568,32ZISFU3ZV25494D,F,1983-11-19,41,Athlete
14569,36A5K8ICCE2FOEYP,F,2005-08-26,20,Athlete
14570,3MPFDZP4DBQHVG34,M,1986-08-15,39,Athlete
14571,3ZKUGWIFO6N1351S,M,1993-03-23,32,Athlete
14572,4501N8QZTJ6REPIA,M,1979-08-03,46,Athlete
14573,4CVA1LWSNLTC5KDT,M,1978-01-03,47,Athlete
14574,4F0H7FVYPXF6957P,M,2003-01-26,22,Coach
14575,4ICEZ0GUEFWJFBPD,M,1987-09-11,38,Athlete
14576,4O33HDSUPYU8EERP,F,1996-03-27,29,Athlete
14577,503NK0ISJCM808QE,F,1986-03-04,39,Athlete
14578,50DVRG48RJMC68JO,M,1967-12-20,57,Athlete
14579,50HEFKU19GEDX4C8,M,1997-09-04,28,Athlete
14580,6HE7J4SKCYU69630,M,1977-12-14,47,Athlete
14581,6U1WWEPDCW4KGXSH,F,1985-06-15,40,Athlete
14582,7SDJ3P9BC2VEYIKH,M,1997-03-05,28,Athlete
14583,7SXH5S3AUL1JX9PG,M,1993-11-12,31,Athlete
14584,7TRJ7KNISCFIPKLS,M,1982-08-14,43,Athlete
14585,8FXP9SZADRQOJ27T,F,2004-01-01,21,Athlete
14586,8GWU5OV8G0IJXDJ8,M,1989-03-24,36,Athlete
14587,8TH108LDE23HBY39,M,1963-10-22,62,Athlete
14588,8UH3OFVIHUKJPFR5,F,1989-11-23,35,Coach
14589,98F810TDDY6UXDP4,F,1997-01-21,28,Athlete
14590,9JJ66YZD5O3L2HRC,F,1995-04-07,30,Athlete
14591,9OYHLH4MSNHMVVWM,M,2000-11-27,24,Coach
14592,ALN3POFU3R7Y3HL6,F,2001-01-01,24,Athlete
14593,AVP083GYQM0GGQ6H,M,1999-09-01,26,Coach
14594,B84SVULHKJACU057,F,1990-11-13,34,Athlete
14595,BG3CDGGHAUC5BWGQ,M,2002-11-05,23,Athlete
14596,BP5LBK2RR3X1V4Y2,M,1993-12-09,31,Athlete
14597,BRWVHBD7MPRVVMPQ,M,1982-12-26,42,Athlete
14598,CU00OZP21RAJM9CZ,M,1969-08-29,56,Athlete
14599,CVRMFFNJXIB70A8K,M,1994-03-07,31,Athlete
14600,D3KWRTKHCP1CS3U9,F,1974-04-13,51,Athlete
14601,D3MEXR36AGKDZU7S,M,1996-02-14,29,Athlete
14602,DMENQIYMCMHG2VYQ,F,1989-12-22,35,Athlete
14603,EAWN8HWJ2ZFA374C,M,1996-03-01,29,Athlete
14604,EC2GI35FTMREKUYT,F,1990-04-18,35,Athlete
14605,ED5MNP81QKBDGBG5,M,1995-05-05,30,Athlete
14606,EPXECBR6K3XG0OKM,M,1999-02-06,26,Athlete
14607,EST8PJS9L5ESGE7K,F,1996-09-09,29,Athlete
14608,EY47TE8LZNNF8ZYT,M,1992-11-10,33,Athlete
14609,F6QMVNKI31TAYN3Y,F,1989-08-18,36,Athlete
14610,F81KAOT6YD7AKGIC,F,1987-06-07,38,Athlete
14611,FBZGLG8XJHMB281G,M,1980-10-09,45,Athlete
14612,FVKKU35TFJOGZ97F,M,1981-03-16,44,Athlete
14613,FZ8B6XDQM4IVJ3WD,M,1996-01-23,29,Athlete
14614,GN0ACQ2QKEPXNU2F,M,,0,Coach
14615,H50MUIS48R9H5UGY,M,1994-11-06,31,Athlete
14616,HMRT87V8IJF9JPLP,M,1978-04-05,47,Athlete
14617,HUZXJDG0V2AHK7AL,M,,0,Athlete
14618,I5DWPYTZAZDX8D61,F,1991-04-24,34,Athlete
14619,IIXU97GPVUXB0NYM,M,2001-02-28,24,Athlete
14620,IUJ3J27X448HYQSA,M,1985-06-02,40,Athlete
14621,J451EV9JKZIC4OGM,M,1997-08-09,28,Athlete
14622,J75S2U9AFXYT4BK7,M,,0,Coach
14623,JLEGSQJ3IV5GNGXX,M,1966-10-30,59,Athlete
14624,JW3VUX5SIX5AEN11,F,1978-05-27,47,Coach
14625,JYFIJY4CJCADA9ZO,F,1993-05-08,32,Athlete
14626,K02YTB8YJMYYM6KH,F,1997-05-28,28,Athlete
14627,KOV816GVUA12AY67,F,2004-07-15,21,Athlete
14628,KUSREUPH02ZFKTTN,M,1993-03-23,32,Athlete
14629,L7XYO8H9Y1QXOY7Y,M,1997-12-26,27,Athlete
14630,LPUCNC20I90DOCCM,M,1970-03-04,55,Athlete
14631,MU9WEWD6R6J8FJ0K,M,2003-08-25,22,Athlete
14632,N2IX1EYX55826VG2,M,1982-11-23,42,Athlete
14633,N9WITWNJ207CZIQY,M,1981-12-22,43,Athlete
14634,NLOZRPDCGEOI6UZC,F,,0,Athlete
14635,NMCO03K8J8MAULMH,F,2005-12-12,19,Athlete
14636,OMWGV6AYKRANW6GI,F,1978-02-23,47,Athlete
14637,OVFTSLA37RB7POHG,M,1995-10-03,30,Athlete
14638,P4ABKMNMHJLPKU8C,F,1992-02-28,33,Athlete
14639,P9YQQQ30HGM8IPFY,M,1967-09-06,58,Athlete
14640,PG3KND88UGTELGWG,M,1998-10-15,27,Athlete
14641,PRKJ5U06XVS27Y73,M,2004-10-29,21,Athlete
14642,PVGLAOV9GI4Q44MB,M,2000-07-07,25,Athlete
14643,Q1HQD06AR8EKYPNB,F,1993-03-26,32,Athlete
14644,Q1QEOZE504NCRZGY,M,1979-01-08,46,Athlete
14645,Q3IOCASG6IKHDR84,M,1998-07-24,27,Athlete
14646,Q45UNB422G0Z7D5C,M,1982-10-07,43,Athlete
14647,Q68VDLKI1PIQ9DGU,M,1963-10-25,62,Athlete
14648,R40SWILWC8BPJ8RG,M,1987-06-10,38,Athlete
14649,RF7GW0QDHXQC5302,M,1983-07-01,42,Athlete
14650,S3H7ATPNP0S1GHUF,M,1982-02-23,43,Athlete
14651,SDK0U8J3ZD4PLNPX,M,1963-11-05,62,Athlete
14652,SO59QIO2GRNHGRK0,M,1974-01-22,51,Athlete
14653,SP71BX7H5B20SJSX,F,1997-11-04,28,Athlete
14654,T4V91U2JUD1NB1XX,M,1970-10-27,55,Athlete
14655,TDBPWX9P38963PS2,M,1997-07-17,28,Athlete
14656,TS527ZTGZC1Z6IYO,F,1988-09-28,37,Athlete
14657,TXUV8EHC94N6R1AZ,F,2001-05-23,24,Athlete
14658,UKFZNKW2HBZUTBK4,F,1997-10-09,28,Athlete
14659,UR5MGP579UMYBIAH,F,1971-03-28,54,Athlete
14660,V807850T7SVEYZ0I,F,1997-06-08,28,Athlete
14661,VOEQJREPC8VNMK67,M,1985-04-16,40,Athlete
14662,W64F0I5KJI99F5UQ,M,,0,Coach
14663,WPQ9KHC92Y7K7JHQ,M,1992-06-18,33,Athlete
14664,X0AXO1IFA96KVXWG,M,1971-10-26,54,Athlete
14665,X788QPCQUNUITMXJ,M,1960-08-25,65,Athlete
14666,XC0Q5J24GI8N7UMC,M,1990-08-24,35,Athlete
14667,XMXD27JJP5SUZYIG,M,1993-09-02,32,Athlete
14668,XNBJ97TW9KECXKBV,M,2001-06-02,24,Athlete
14669,XYV2GWE83Z5PG3DU,M,1990-06-30,35,Athlete
14670,YEPZAHJ0KOG8O2LJ,F,1981-05-05,44,Athlete
14671,YO93U7P5SZNTVE9U,M,2004-06-23,21,Athlete
14672,YV2W54L8TIKTV1RI,M,1987-03-08,38,Athlete
14673,YWIN80BIZQJA7TFF,M,1965-05-31,60,Coach
14674,Z64X7WXUZOCMU2N4,M,1987-11-21,37,Athlete
14675,ZDI19XBFFFGTPRYA,F,1996-08-13,29,Athlete
14676,ZNNV2P9LGVSD0URV,F,2003-05-14,22,Athlete
14677,22E061H52VOVIHG0,F,1980-10-07,45,Coach
14678,3MWHRGZHKDN2I4YT,F,1962-01-17,63,Athlete
14679,41BTLE1X94OQE95I,M,1988-12-24,36,Athlete
14680,7U5P33T29S5XONA5,F,2000-08-11,25,Coach
14681,DIUOTY05ZJ01X9SF,M,1963-11-11,61,Athlete
14682,GMEEII08H6TTW6I5,M,1961-04-12,64,Athlete
14683,LL64PYFPXAM6D3P0,M,1951-06-18,74,Athlete
14684,M8ZAR8L5K3H7EJ64,M,1990-06-08,35,Athlete
14685,4Q0KYEUIWXB5KP1I,M,1977-01-07,48,Athlete
14686,6IWG9HT5L4W0TOCK,F,1989-09-18,36,Athlete
14687,CLDTOAIOBP2YLSWV,F,1970-04-04,55,Athlete
14688,DYK4RB56FDIF9F79,M,1962-08-11,63,Athlete
14689,GYEULQ1ZX7QBOHXL,F,1954-06-12,71,Athlete
14690,KGYJ21HWCUAWIEJ9,F,1962-06-16,63,Athlete
14691,KXC0TKEBZDQ6A1ND,M,1966-11-02,59,Athlete
14692,LI607R6FJ4C0CX8V,M,1971-07-11,54,Athlete
14693,O2HPM98YVWL8SG6E,M,1957-12-10,67,Athlete
14694,PE75FL65A9B94XFH,M,1964-10-19,61,Athlete
14695,Q2PLD24LZVKQCZX6,M,1984-08-26,41,Athlete
14696,YN4M57B7UXZ6TBQH,M,1954-09-20,71,Athlete
14697,ZMN2E1ZXCIM1Y023,M,1986-01-28,39,Athlete
14698,09Q4CKJ531JYH8J3,M,2000-07-20,25,Athlete
14699,0ZWEC3IB2OT2R3S9,M,1983-09-16,42,Athlete
14700,2EDZ7C5L2UJWYTHC,M,1987-11-14,37,Coach
14701,I6QXBQLUMGZ2C1FH,M,1974-08-10,51,Athlete
14702,K0MF47WLANOQLI0T,M,1996-07-23,29,Athlete
14703,O7BXCFWZ0J9DJU74,M,1981-11-26,43,Athlete
14704,SBLZOW5NCWXN4OCV,M,1985-09-14,40,Athlete
14705,TDGP31P4AZJLKB4P,M,1971-05-18,54,Athlete
14706,TN4CX3NV1PU3Z40Z,M,1951-01-16,74,Athlete
14707,X67DCOVOZJ0GOEC0,M,1997-10-09,28,Coach
14708,4F5HKCUQF6FM536H,M,1972-06-24,53,Coach
14709,4R61VLA8Q34LWDW5,F,1988-01-08,37,Athlete
14710,4WM6YFTLF1R95MMD,F,1966-03-31,59,Athlete
14711,4XMF6HGMW0UTS10K,F,1962-02-03,63,Coach
14712,5LH3JK0CXLRENXNF,F,1978-12-19,46,Coach
14713,BE8NDFLJK5URI7CQ,M,1998-09-22,27,Athlete
14714,C3LPB0LBDGJB4CIZ,F,1983-07-08,42,Athlete
14715,CI8BECVHA0WB49KX,F,1973-06-09,52,Athlete
14716,DCEAOQAKPIS8E9JQ,M,1990-10-04,35,Athlete
14717,FKN7TJAV33AOYQJA,M,2001-01-15,24,Athlete
14718,FM0HU0QRAJ34895O,F,1967-02-05,58,Coach
14719,FU6RS5KSVRNWGGRP,M,1984-04-06,41,Athlete
14720,I2U85E2U3088Q7G7,F,1969-06-11,56,Coach
14721,IYD55C69IDGHN8OP,F,1974-02-19,51,Coach
14722,J3OT4G4SQMHZC5LF,F,1967-02-13,58,Coach
14723,SNQ6QM5KHBJGH9EA,M,1990-03-06,35,Athlete
14724,T22ZDXEMD843XA6L,M,2004-11-02,21,Athlete
14725,TYVNXSRD1J8UHOVU,F,1982-09-25,43,Coach
14726,VM8RJ8GTXLOTYDMG,F,,0,Coach
14727,W0HERRYA35ANKUV7,M,1993-04-26,32,Athlete
14728,XY4WNPU5Q46GTMKY,F,1993-08-27,32,Athlete
14729,YN8F03CSLO06IDQV,F,1984-07-25,41,Coach
14730,0J6A0F6B81DISR9H,M,1987-08-17,38,Athlete
14731,1BC5LF20FI92FL65,M,1985-10-29,40,Athlete
14732,42AK7YC58MKJZNXX,F,1986-11-14,38,Athlete
14733,46TR42GLQU1E0HFE,F,,0,Coach
14734,5QLO2BWABF0JI6UL,F,1982-06-24,43,Athlete
14735,84XK02V6SZEOS2IW,M,2000-12-20,24,Athlete
14736,8N83HBFPAGM0UVH2,M,1980-02-26,45,Coach
14737,8URTP03LTU2GQJ70,M,1995-12-25,29,Athlete
14738,9O2DW9L6HZDOH0TF,F,1987-11-21,37,Athlete
14739,9XZISV046WFIHNAJ,M,1993-03-23,32,Athlete
14740,AKJWVCJZUGIDTOQB,M,1988-11-20,36,Athlete
14741,CCWD8ZDQZ03K053T,F,,0,Coach
14742,FG1X0X4M1Y7ZYKRI,M,1985-06-11,40,Coach
14743,GI7EOZYKPP86749N,F,1995-06-27,30,Athlete
14744,NDJBR1WBQ7HM9TL7,F,,0,Coach
14745,NXOC864XSCAW7KJI,M,1988-03-14,37,Athlete
14746,PSAYBLNHN1XDFOFO,F,1988-02-08,37,Athlete
14747,QYUMCJ450Y1837OY,M,1988-06-21,37,Athlete
14748,S3J4A449516NEDNV,M,1985-03-13,40,Athlete
14749,S6GQS7WOJT72PL6W,F,1983-06-21,42,Athlete
14750,U1I9SHW8XVRE3LJL,M,1990-07-27,35,Athlete
14751,UD41KK2HUBVY0U8C,M,1993-01-11,32,Athlete
14752,VPP5FMV01Y7Y8XRI,M,2000-03-30,25,Athlete
14753,VRXKNPK137BA6M4B,F,1996-02-10,29,Athlete
14754,0KZYLVMGYW2NUIYM,F,2006-07-07,19,Athlete
14755,0T2N4GUX46ETGNJ0,M,2012-11-22,12,Athlete
14756,0TVM6C9YNCE47H72,M,2008-10-29,17,Athlete
14757,35YFVTGY9FI7AQZ4,M,2000-05-31,25,Coach
14758,4HNSYFSFSQG54ENM,F,1982-06-24,43,Coach
14759,54TW9ILHHRBQJGPT,F,1999-06-04,26,Coach
14760,7PLAIXOQIC55SGX9,F,2008-05-22,17,Athlete
14761,8IC787I93L8KHOFM,M,1993-10-06,32,Unified Partner
14762,BLWIY06F99XRKTNM,F,2009-12-11,15,Athlete
14763,CLVOSMX7JHV7PCIX,F,2012-09-23,13,Athlete
14764,EFZW3DFOM17CL0GG,F,2015-08-06,10,Athlete
14765,GFNAHGT4DPDYR030,F,1972-07-24,53,Coach
14766,NT049ZDNCBSX2YKV,F,2008-01-04,17,Athlete
14767,RBAS75XEQRHFX80V,M,2013-02-12,12,Athlete
14768,RPC3BRXF76DIO6U2,M,2013-10-09,12,Athlete
14769,S5LHNHYSHH8W5TSG,M,1999-05-16,26,Coach
14770,S7N2EH7PEWU4U9S6,F,2016-10-21,9,Athlete
14771,VB6HLMZT8AASKKSD,M,2011-10-12,14,Athlete
14772,VRSENN5R9IUX3NB3,M,2007-12-17,17,Athlete
14773,XPLUN7NFH4LSC0OL,M,2006-04-27,19,Athlete
14774,31LL2JQC0JUX0ZE7,F,1971-01-20,54,Athlete
14775,3VONEDUHRVC5PP2W,F,1973-04-27,52,Coach
14776,40PUUD3E5S49WN8V,F,1995-09-28,30,Athlete
14777,4LZNXL82V2Q1NWSR,F,1977-08-14,48,Athlete
14778,5VA4S4HZFD54MIRB,F,1969-01-27,56,Athlete
14779,8FHHMI7FZJXBNHM5,F,1987-04-05,38,Coach
14780,8I19MR343JI3KK3J,M,1994-05-09,31,Coach
14781,8SVLU09MTM4PM953,M,1986-04-24,39,Athlete
14782,DBMCA9D9L9VM8ZGS,F,1968-09-14,57,Athlete
14783,G3U4HUZFQEIEXIGM,F,1979-12-06,45,Coach
14784,GGRAO6MP17ZQ1200,F,1971-09-18,54,Athlete
14785,HL1U8FBHJ1W15MSZ,M,1980-03-10,45,Athlete
14786,KB1N50FJ9AB91OWY,F,1963-06-30,62,Athlete
14787,KV4N79EUAYRZSR3F,M,1989-12-24,35,Athlete
14788,MBDGPL3VEM0DGR70,F,1985-09-25,40,Athlete
14789,PC1YH2PENG85L957,F,1987-07-21,38,Athlete
14790,PP75KZ1J6AH4WNQQ,F,1990-01-07,35,Athlete
14791,PYE92H96L2KDUKLL,F,1990-01-08,35,Coach
14792,TGW0IHHUYYWHBSOY,M,1979-10-26,46,Athlete
14793,V8Z7MKK7Q4YOQFN5,M,1988-09-23,37,Coach
14794,X38UHL2TDWKOY5PZ,M,1989-07-05,36,Coach
14795,XZZ7PTDZO3GJJ3TV,M,1987-04-24,38,Athlete
14796,YKQI8RRTFY9G3ZWO,M,1999-01-29,26,Athlete
14797,ZZXNTOYL719C8G1D,F,1997-07-06,28,Coach
14798,0NUYIU6F2K3E8FSN,M,1976-12-12,48,Athlete
14799,AL59V55LV6Z190YW,M,1979-04-22,46,Athlete
14800,D8UZR6FQGSSD6P95,M,1991-10-25,34,Coach
14801,DWADC5SPB6YLG1LR,F,1983-02-12,42,Athlete
14802,E6NE2EAK1VTNBDUF,M,1967-04-04,58,Athlete
14803,FJJZDXEHW8I4XAFO,M,1998-11-12,26,Coach
14804,LUGIQFZYLM5F5TRW,F,1986-06-16,39,Athlete
14805,N6EWMTGG1MUDHKY2,M,1990-06-15,35,Coach
14806,TFC6G3L1LVCZ7ZQV,F,1996-11-08,29,Athlete
14807,V4DZOBNG7QV8V4SL,M,2001-04-24,24,Athlete
14808,ZVYWSU289B2KMQFO,M,1986-01-08,39,Athlete
14809,64S7ZD9I2PFP7Y2P,M,1990-06-28,35,Athlete
14810,76VLFHV6MTL2S3VM,M,1985-04-19,40,Athlete
14811,CGRKHUFOUVP6Z4DQ,M,1977-04-25,48,Athlete
14812,KKHD2KXSZMB2HKJP,M,1984-06-05,41,Athlete
14813,O1QHRB2CGOFR070N,M,1965-07-13,60,Athlete
14814,S04FD8QDBCG2XIIM,M,1974-03-11,51,Athlete
14815,Y4IA7HFT6476IUJL,F,1963-04-01,62,Athlete
14816,6ISQL73CKIZENU4L,F,1966-09-09,59,Athlete
14817,AOBMIB1PD7O2UE8I,F,1974-10-28,51,Athlete
14818,BOV49FPMXHJXYB9A,M,1980-10-23,45,Athlete
14819,ET56IB3YCB1YKMFL,M,,0,Coach
14820,FOKFGCURNQPAY9GO,F,1959-07-06,66,Athlete
14821,ILZYOXM2SRB2S234,F,1952-08-28,73,Athlete
14822,IURY3QIJX6AFV1YC,M,1984-06-12,41,Athlete
14823,JLSSIL87JBLCUNS5,F,,0,Coach
14824,T6Q2ZLJ9O2Q2WWR4,F,1968-09-22,57,Athlete
14825,YZ2XIFYBX8KXLFUU,M,1955-06-01,70,Athlete
14826,ZI5V5QQNUQEYB2NC,M,1974-09-22,51,Athlete
14827,288314ROH1BQHTOJ,M,2000-01-17,25,Athlete
14828,2TN7CCEEL7RAQWDY,M,1990-03-22,35,Athlete
14829,5LQH9GT5L405NHTU,M,2000-12-12,24,Coach
14830,5OZYOZMWMC2ANYR7,F,1978-03-08,47,Coach
14831,8QW7GIQA8QMP08MW,F,1986-07-12,39,Coach
14832,8UA2OBUGVSEG8678,F,,0,Coach
14833,B0U0730865E0OM07,M,1992-11-24,32,Athlete
14834,BGGMZN10SYH5FGX8,M,1988-05-06,37,Athlete
14835,FO8FV2F9F4YFQZAQ,F,1998-05-27,27,Coach
14836,GDXXPB4LIB1XGQDR,F,1985-07-10,40,Athlete
14837,HA7JB0KR7H6XZRGL,F,1993-05-21,32,Coach
14838,JWBLPFGMPPU1JVGZ,M,1977-01-26,48,Athlete
14839,MMY9Y33WLES6ORZ4,F,1995-02-25,30,Athlete
14840,NZVRA1WZHO0TGA0S,M,1977-08-31,48,Coach
14841,OD4E66CFCLFY0XPM,M,1991-03-14,34,Athlete
14842,PWHE7WZ106G7B7CQ,M,1991-10-01,34,Athlete
14843,S1F6Q3DF5J77FHWB,M,1995-03-17,30,Athlete
14844,UDKXTLTSXFOGK9CO,M,1999-12-06,25,Athlete
14845,WELMMB6FUQ3B6ORO,M,1996-06-10,29,Coach
14846,XZA6D09T0I7YSES1,M,1992-02-13,33,Athlete
14847,ZNEIYUEY8C8GWMPT,F,1989-03-02,36,Coach
14848,AQT7E15JDQF7OMK1,F,1983-04-07,42,Athlete
14849,EE4VF8JQHJ5BJZYH,M,1993-03-13,32,Coach
14850,KBVBKU84NEZJOIES,F,1976-11-10,49,Athlete
14851,L87VCZVGL3UR2JY8,M,1987-08-10,38,Athlete
14852,PUD4QJ8K06D21460,M,1969-07-12,56,Coach
14853,U1R6CS7234CHU5GR,F,1961-07-05,64,Athlete
14854,WF3FY4A0FJJL47RR,F,1983-04-07,42,Athlete
14855,0LKP4WYMARADK92V,F,1993-07-18,32,Coach
14856,1FUYJJ7Y9OREH8ON,M,1992-01-12,33,Coach
14857,5Q9QEVFIUMY4YI6P,M,1972-05-18,53,Athlete
14858,654U73MW2CYVIRSY,F,1959-06-16,66,Athlete
14859,6MN7WULUA68JH743,M,1999-12-21,25,Athlete
14860,7ZKKYNU27Y7FCBZV,F,1973-08-15,52,Athlete
14861,BLRUDWOP8OUISW65,M,1967-06-29,58,Athlete
14862,HK4PXZNOF0UKW5PA,F,1970-10-17,55,Athlete
14863,LY1EKK8NDO4QSSLU,M,1990-01-18,35,Athlete
14864,MDHEXUBGUEY2L5MX,F,1958-08-09,67,Athlete
14865,MLMMFE1X3CQ5PJPN,M,1965-05-26,60,Athlete
14866,MNP12RWMH2WYFLZH,M,1957-04-20,68,Athlete
14867,O66SAAWWEIUIEUTL,M,1992-03-04,33,Coach
14868,PAWM1A565DOIC8KV,F,1967-12-19,57,Athlete
14869,PL30NK6YM1JIKI3W,M,1983-04-19,42,Athlete
14870,PM9O2IEFH7R466FL,M,1978-10-20,47,Athlete
14871,SF0K5W3DX1NUGAGC,F,1962-01-02,63,Athlete
14872,UXB4QS95IXP5FN9G,M,1968-12-02,56,Coach
14873,VGDTFLQGPH1W4J4W,M,1970-05-21,55,Athlete
14874,WY63FSFMY3PD4OMT,M,1990-04-14,35,Coach
14875,31Y8UQ4NB9YMCQVM,F,1972-04-28,53,Coach
14876,6HQ3X5Y6O52M0RHA,F,1987-05-02,38,Athlete
14877,6LCIFIHRF79JZ5RC,M,1988-05-31,37,Athlete
14878,6VMA428O9JSHKIKR,F,1993-02-25,32,Athlete
14879,7BTCBIK2QY0UMHFU,M,1997-05-13,28,Athlete
14880,LBEU6N6ALWXCGZZK,F,1968-06-16,57,Athlete
14881,LFWWS24AKIRB4FS3,F,1955-04-08,70,Coach
14882,LOR1TCX4QYWJ4SIS,M,1994-11-03,31,Athlete
14883,MVFMJTU8BESV004U,M,1980-01-28,45,Coach
14884,NMOG8DRILWGZEX57,M,1989-03-06,36,Athlete
14885,RSSWXRC76GNPYI4Q,F,1969-06-04,56,Athlete
14886,S78Q6OEC8SNY0IET,M,1988-10-15,37,Athlete
14887,U3AFG48XL55KOR4C,M,1990-06-29,35,Coach
14888,UG23C1O05AMQS6H2,M,1967-01-18,58,Athlete
14889,12Y7CCRL09ZG97CR,F,1970-08-01,55,Athlete
14890,1OO5NJZCLJO44OML,M,1996-12-29,28,Athlete
14891,1X3G3HUQ86F2QFL4,M,1971-06-02,54,Athlete
14892,6U1L73QLZBZZVZ82,F,1994-09-29,31,Athlete
14893,74F8JCI88N29C8MW,M,1989-10-24,36,Athlete
14894,7ID82DM88LRQ9MYX,M,1987-08-11,38,Coach
14895,7RME2HD9GXKK5SII,M,1982-07-17,43,Athlete
14896,9W1RGL0OSBBMWA30,M,1960-06-17,65,Athlete
14897,A89DJ8DPYP1X1VF7,M,1994-12-11,30,Athlete
14898,FHKJSGB3I9PTGUKH,M,1994-11-09,31,Athlete
14899,FOCDF6VOX7K5GS0Q,M,1977-06-02,48,Coach
14900,HUZJI49O6YZ8ZFNI,M,1986-07-14,39,Coach
14901,KYLG39QTLI1H26JZ,F,1966-11-06,59,Athlete
14902,S2T87FVEH7R3TO9D,M,1980-08-27,45,Athlete
14903,T1WJ888KVPUIHXGG,M,1976-03-16,49,Athlete
14904,UTUFXQJHYSCTCL1Q,M,1995-04-24,30,Athlete
14905,UZ74SE11Q5E7C2X9,F,1966-06-20,59,Athlete
14906,WYJ86LFT7XLU8I2O,M,1995-06-02,30,Athlete
14907,YM1ERKKN00V20HIQ,M,1984-03-24,41,Athlete
14908,1716A7JS0IXQOXKE,M,1981-02-15,44,Athlete
14909,1VXYCR01S51OZ7ZS,M,1984-09-27,41,Athlete
14910,1WZY6BURPFXL17LW,M,1974-06-26,51,Athlete
14911,8S4WH6H6VJ50ZNPF,M,1996-12-11,28,Athlete
14912,8TS13MY7QOCVA3MA,M,2004-08-08,21,Athlete
14913,94QA524DTBO8ZSHK,M,,0,Coach
14914,BI6XOCVJ2SXCU6AZ,F,,0,Coach
14915,GQXE9TR1Z1MLK36J,M,,0,Athlete
14916,KTDMN1WXK3H486E1,M,1987-06-28,38,Athlete
14917,QL49A11AOXPHJANM,F,1975-07-28,50,Athlete
14918,UPFZ67M4TZLKF9I2,M,1972-04-21,53,Athlete
14919,V71LAWI32NRUSKZJ,M,1977-04-28,48,Athlete
14920,WAUKPYWEMCNAP5C7,M,,0,Coach
14921,X1DJO8NKKEJVK232,M,1978-12-18,46,Athlete
14922,YSDP2PAOEWYL4J63,M,,0,Coach
14923,9E8B9IA1LCJJKKAN,F,1996-02-13,29,Athlete
14924,ASNFYL6X45XK9B50,F,1975-07-17,50,Athlete
14925,DE59Z1XX2GFUOCB7,F,2000-09-08,25,Coach
14926,DRPA5S9ZW4KEFT8L,M,1994-05-23,31,Athlete
14927,GC82FY0JCVP4Z27D,M,1991-01-22,34,Coach
14928,GMJI0H3572QNKNUZ,F,1989-07-19,36,Athlete
14929,GO6R6H7J1KQL2Q2F,M,1989-09-07,36,Coach
14930,J3C7VZRIO2SQCWWE,M,1990-10-05,35,Coach
14931,NEV20E97M9STWLNS,F,1981-11-08,44,Athlete
14932,T7B2QGCH6WIZPWEG,F,1989-06-26,36,Coach
14933,V85FFKCCUG2FVW6X,M,2001-07-08,24,Athlete
14934,XMCWCV8HGAWAT57K,F,1961-07-13,64,Athlete
14935,XWIFJQ12F0KVAOL7,F,1994-07-31,31,Athlete
14936,0FRQUPM82O2X7Q8H,M,2002-07-30,23,Athlete
14937,1FC2BBIHQU9FICPJ,M,1976-06-23,49,Athlete
14938,2MIVV0PB16C3PEPX,M,1991-04-19,34,Athlete
14939,4SHDIYAEYRSJNEPE,M,2000-08-11,25,Athlete
14940,5CLZH4R8JU03ZA2S,M,2005-08-30,20,Athlete
14941,5G9Q97765L8SWNZC,M,1990-11-11,34,Coach
14942,6JY843V6V1C65AOQ,F,1998-04-22,27,Coach
14943,9V25Z7RM6L81NFYC,F,1997-10-12,28,Athlete
14944,A4N02UC0VCRS0ZXZ,M,1992-12-15,32,Athlete
14945,AJ66TWW4HJZ0RSJQ,M,1980-12-12,44,Athlete
14946,CJ8AED6TUHPE5OG9,M,1961-05-24,64,Athlete
14947,CYL2SFMD2OPE5ITV,M,1986-11-26,38,Coach
14948,EAC62EJM13ITHVNN,M,1964-03-09,61,Athlete
14949,F54ZL2MTI4I0DXJI,M,1961-05-24,64,Athlete
14950,JB7WXPX169JGSJNC,F,1996-12-15,28,Athlete
14951,JO1TZ94VW023QPN8,F,1990-03-15,35,Athlete
14952,JQMKXLXHZHSBWNJB,F,1957-12-02,67,Athlete
14953,L3AR7E78HZRW0YV8,M,1959-02-17,66,Athlete
14954,LBK6CZHAK2P9TJFF,M,1988-10-09,37,Athlete
14955,LENRK74IYCXI09N3,F,1997-10-14,28,Athlete
14956,M4TPLK3H6271GWVK,M,1963-06-24,62,Coach
14957,MG9BVX00JL82RTUM,F,1979-01-25,46,Coach
14958,NILEKCM1329RRIY6,M,1988-09-24,37,Coach
14959,O06028YZPNL1KWQV,M,1991-12-01,33,Athlete
14960,PGCTLWX4STPIPEKN,F,1991-12-17,33,Athlete
14961,PP4M1JOI9TRN6QR4,F,1966-10-08,59,Athlete
14962,RJH0T57BSKMM0YJY,M,1991-10-12,34,Athlete
14963,S8KPK9K3GAS341BV,M,2002-09-03,23,Coach
14964,SFQC2LCVO3ND6YX1,M,2003-06-14,22,Athlete
14965,SLTJB73TMXF86IAY,F,1999-10-06,26,Athlete
14966,VNMPHESL83CETQJH,M,1984-02-23,41,Athlete
14967,WZ9LS9DETFTJ0REK,F,1975-04-22,50,Athlete
14968,X1WHIS2K8IGTU7AN,M,1989-12-07,35,Athlete
14969,XFELVUZMHXGHIN39,M,1997-04-26,28,Athlete
14970,XL12UUAVOXL648YC,M,1993-01-19,32,Athlete
14971,XVW5LOW3BS1MX4A2,M,1976-02-29,49,Coach
14972,Y7RG205N832XA7MN,M,1992-10-25,33,Athlete
14973,ZJM830DJ5A7XZFJ0,M,1953-07-20,72,Athlete
14974,ZRY91ZX3BXPH3PLA,F,1980-12-01,44,Coach
14975,0E8OWRRAJOHDQ13Q,M,1964-01-18,61,Athlete
14976,1221B5QTKZRDVNWY,M,1987-05-05,38,Athlete
14977,34D4ZC7OQ5N7KLFT,F,1985-09-01,40,Coach
14978,3TQWCOYMDIQ9NP7Q,M,1985-04-17,40,Athlete
14979,3ZO06SC0HHAIM6H9,M,1977-12-04,47,Athlete
14980,5HCQCDBSMUU7O45N,M,1969-09-04,56,Athlete
14981,5SDS974DPD1WL2TZ,M,1994-01-25,31,Athlete
14982,5XGH8OGIFTCXGECJ,M,2003-05-15,22,Athlete
14983,6GKGPBFNHZKQKRMR,F,1999-12-05,25,Athlete
14984,9KI2727FJ3Z5P24O,F,1974-08-21,51,Athlete
14985,9ZT7W0B7FRD7ZWK3,F,1965-12-18,59,Athlete
14986,A7KTMJTX3JHEG5F1,F,1995-08-30,30,Athlete
14987,BE3MKUUKYRALUZL6,F,1970-05-20,55,Athlete
14988,BMPFIGWJ5BQ1VCSD,F,1987-09-08,38,Athlete
14989,D111XTWVGEKTKYQD,F,1976-04-01,49,Coach
14990,DWTY69PUHH0V4129,M,1990-01-16,35,Athlete
14991,EKLHFO6A3K2PXTPU,M,1968-07-23,57,Athlete
14992,F3WHKEOSSMJSC2U9,F,,0,Coach
14993,H9UEQ46BH9DRF62Z,F,,0,Coach
14994,J87BUECSF4F7UM9K,M,1984-06-23,41,Athlete
14995,KVJSOWEPEQBIHTG4,M,1984-06-11,41,Athlete
14996,KZLD7F3M85XULPXM,M,1995-10-05,30,Athlete
14997,LGMQHHBEHQVVN5EM,M,1970-07-01,55,Athlete
14998,NH0GUU6E3T1J8N1W,F,1990-10-29,35,Coach
14999,NPKSR2SMMO5FMXCV,M,2004-05-17,21,Athlete
15000,OSEN4P5L8OLCTUH4,F,,0,Coach
15001,QTZWU3L6UC97GIR6,M,1967-09-16,58,Athlete
15002,QV1X3DRN46DJES7X,F,1992-03-17,33,Athlete
15003,R6MFLNAEV7BDZ788,F,2001-08-17,24,Coach
15004,RVXPS2MSQ4QCJ2IZ,M,,0,Coach
15005,UHWWHX8CCL32UJOZ,M,1998-06-20,27,Athlete
15006,ULEPJNBRJWIE62OJ,F,1980-05-19,45,Athlete
15007,XEYHH02BHFXIJXFG,F,1988-08-26,37,Athlete
15008,Z5VCIO2AAH3P3R7D,M,1974-04-28,51,Coach
15009,ZCKCJM7ZHSYCKQDJ,F,1964-05-16,61,Athlete
15010,0GV00THLFY7HN1O6,M,1973-02-19,52,Athlete
15011,0QGE5DDM4ABZWEEA,M,1952-01-05,73,Athlete
15012,1OFGK6PL20M3O99H,M,1993-03-15,32,Athlete
15013,41NBO6NAJ9VFQ5V0,M,1948-05-25,77,Athlete
15014,5NGJZ07GKD8QVB23,M,1952-02-27,73,Athlete
15015,6IG7OEPA2XJ0QEGO,M,1960-06-21,65,Athlete
15016,7A0RXD0RTCYU9CBZ,F,1987-09-04,38,Athlete
15017,7C4VSLCICO1LM1C5,M,1991-03-12,34,Athlete
15018,7G7Y6HL9XP7UIAUO,M,1973-07-29,52,Athlete
15019,7RV9HS7GFCALWZ7N,M,1945-01-26,80,Athlete
15020,8M4VZ2LOUPU3K6XK,M,1957-12-27,67,Athlete
15021,FOCS8TY15RFNKDHW,M,1983-08-09,42,Athlete
15022,GN44XN68WJX2EPH2,M,1955-01-28,70,Athlete
15023,NBEGPW5GBLIWMGCP,M,1972-05-25,53,Athlete
15024,P21L0XILWROPWZB9,M,1956-07-31,69,Athlete
15025,RQLAT3HCTUFS1J07,M,1961-09-06,64,Athlete
15026,0S128H3QSFGQS3E5,F,1958-05-03,67,Athlete
15027,2OJ4MEI2ILWPEISY,M,1995-09-30,30,Coach
15028,34K7TXK0QTV8WNWR,F,1959-11-09,66,Athlete
15029,45YH3BQYP4953RLY,M,1965-06-06,60,Athlete
15030,5ZD0UIR2DSI8AZJU,M,1997-10-25,28,Athlete
15031,6S4CH4Y0X3F9AX28,M,1988-07-10,37,Athlete
15032,6Y92CZTYZHC9NAM5,M,1963-03-18,62,Athlete
15033,8MQ8558T1WKBFWJO,M,1991-11-05,34,Athlete
15034,90A539O49OXJE1KP,M,1960-09-13,65,Athlete
15035,9BSXD3TW3DI1A14R,M,1999-09-11,26,Athlete
15036,9M2KG1P5CUKOBY1P,F,1996-06-17,29,Athlete
15037,AHEF7Y2UFRXXTXJA,M,,0,Coach
15038,B3EY2E7IAOPX6BEP,M,1993-01-04,32,Coach
15039,B6Q1DVE9785B0HF4,M,1962-10-07,63,Athlete
15040,BJTP10JFJLKED2DZ,M,1999-12-02,25,Athlete
15041,D79FTJ14TCO56T6D,F,1990-11-14,34,Athlete
15042,DHOHLMO7OQ6A8OLQ,M,2001-11-24,23,Athlete
15043,DVOH8WC84P96DVNV,M,2001-07-10,24,Athlete
15044,EOTBWHIRJLTGOLVN,M,1999-12-01,25,Athlete
15045,I9R619F858OJ1NUT,F,1958-08-12,67,Athlete
15046,J2F8CAPO1CS63YZI,M,1984-08-18,41,Athlete
15047,JG0ND6LCUQCWOYZ8,M,1994-12-29,30,Athlete
15048,KJE3Y0OLBAT2VC76,M,1990-12-10,34,Athlete
15049,L6S4W46ZQUDSR8U5,M,1998-02-03,27,Athlete
15050,M3CBPQIJ4EKQBTLG,F,1992-08-15,33,Athlete
15051,MBG2DB2JR1Z81CD0,F,1993-03-17,32,Coach
15052,NJJHDY7XVQCS31QC,M,1986-02-13,39,Athlete
15053,OUTBT94ZEQKS3XXS,F,1987-09-04,38,Coach
15054,PGWGIHEJHC8PNFLT,F,,0,Coach
15055,PKYRJ242SLK5TWRW,F,1994-10-07,31,Athlete
15056,PO8RY2H66J2QMJH1,M,1973-01-26,52,Athlete
15057,QY28O9MS2K5UVBY8,M,2000-08-12,25,Coach
15058,RANRVS339QOEHV3F,M,,0,Coach
15059,RP3ABCTM6WYURSAF,M,1970-08-10,55,Athlete
15060,SKP2P1ZI5ZWV0FQZ,M,1961-12-15,63,Athlete
15061,U7QJ40XE2YC687TK,F,1963-10-27,62,Athlete
15062,UK0DYOCXLH0NL3FB,M,1987-04-26,38,Athlete
15063,VCWX8ZJ0I9H4F324,M,2001-03-29,24,Athlete
15064,WI7HY3PR08E4ZUBT,F,1995-12-09,29,Athlete
15065,WJEUFPMGC8UJLLMD,M,1959-09-05,66,Athlete
15066,XBPG213Q7QAN3OL3,M,1988-06-16,37,Athlete
15067,XG3YS3C2EGG0PFN8,M,1969-11-06,56,Athlete
15068,Y5EBGK4SFB8I5PPM,M,2005-05-30,20,Athlete
15069,Z1ANY0DOYC3N65OA,M,1963-03-02,62,Athlete
15070,ZG6Q0WTD1KQ60QA0,M,1968-04-29,57,Athlete
15071,1U0KU50CP0BG4JZ5,F,1988-08-18,37,Coach
15072,2CX9Q0Y2UX6W5WOE,F,2001-03-26,24,Athlete
15073,6H012DO8SPDWI4FR,M,1976-06-28,49,Athlete
15074,AGJT1ZBVS0KDSYU7,M,2006-09-24,19,Athlete
15075,C0PTM929FK8QMQGA,F,1967-01-22,58,Athlete
15076,DH6EY6Y2ZEN15OVS,M,2001-08-21,24,Athlete
15077,EYVPAP5ZM1U5T1Q9,F,1992-04-15,33,Coach
15078,FHAPV4NM8LHVXOVM,M,1964-12-29,60,Athlete
15079,GFLONFFNRI2KH5BL,M,1989-11-29,35,Athlete
15080,GGNNW68SUPPKLXI5,M,1997-05-31,28,Coach
15081,GOC1ZWE3SUQAT65C,F,1991-07-29,34,Athlete
15082,GVYIID3MM25Q8XU8,F,1993-08-28,32,Athlete
15083,H2L1OZNIAM4P80GJ,M,1982-11-28,42,Athlete
15084,H6BL2USGYA9GH259,F,1992-01-21,33,Coach
15085,HSL0Z3KMOG8A38HS,M,1956-01-13,69,Athlete
15086,IV6FJ79TD49YLTVO,F,2001-09-10,24,Athlete
15087,IWQRC5GPLLKVPOJN,M,1993-02-20,32,Athlete
15088,L24EK7ZFI4TOFKYC,M,2002-03-17,23,Athlete
15089,OML1YI63V3FT51AZ,M,1976-08-08,49,Coach
15090,PJ5370H9W370ZDKC,M,1962-05-25,63,Athlete
15091,R1J0K262V3789M2D,M,1995-07-03,30,Athlete
15092,SWZTF6WCY3CZJMXZ,M,1991-10-11,34,Athlete
15093,T74609U9G72XXRO3,F,1987-08-19,38,Athlete
15094,TFTIMRO50TDI593N,M,1962-09-16,63,Athlete
15095,UFGZGKDG0C0GMKID,M,1962-09-03,63,Athlete
15096,V60VSAU40RFIU14T,M,1991-01-19,34,Athlete
15097,VLOEHJ6QHEFETUQ4,F,2000-07-27,25,Athlete
15098,VUCB4ZT0H7IWCUDD,M,1969-07-08,56,Athlete
15099,WYYA0I0YKXAXIBKB,M,1988-09-02,37,Coach
15100,X3YLJJ7OB29SU7JW,F,1969-04-08,56,Athlete
15101,X761GFBOEOMMRFZI,M,1994-12-04,30,Athlete
15102,XM8L1HPA8UKG0I4G,M,1962-08-10,63,Athlete
15103,Y93BP5YO5B16LE0T,F,2000-07-09,25,Coach
15104,ZS2B20CF3FX2SCSJ,M,1988-10-26,37,Coach
15105,2U783KHLACP06PAM,F,1982-11-09,43,Athlete
15106,2XNG26TZHCIM6PGC,M,1986-04-02,39,Athlete
15107,78VSSS0DMLHRBUUR,M,1988-12-12,36,Athlete
15108,8GZ3BPL1CQGPPCKZ,M,1994-01-02,31,Unified Partner
15109,9FNSF7ZX8ZWAA6SV,M,1987-08-20,38,Athlete
15110,9P8IG0QFMY6TDXJD,F,1989-10-08,36,Athlete
15111,BFUQS0UFAV6VW2DQ,M,2003-04-09,22,Athlete
15112,G54XM96FIETFO34I,M,1959-10-09,66,Athlete
15113,H7CYEQ6DLUQ3L14S,F,1977-12-16,47,Athlete
15114,JGVSZ6DJ19SZIGGF,F,1997-10-27,28,Athlete
15115,N2OZA4V9QUDFR0UZ,F,1977-06-19,48,Athlete
15116,NE82QOAFS8GV5LBU,M,1996-07-18,29,Athlete
15117,NENGQ8NQS13FC4MR,F,1998-06-19,27,Athlete
15118,UOBKD8M5QJQL96XF,F,1994-12-03,30,Coach
15119,VIUVX98HH5F1OB6K,F,1983-08-10,42,Coach
15120,VPOSWA1F1ZLH3VWO,M,2000-04-26,25,Coach
15121,02LVZK5WKPTPHFIZ,M,2002-07-07,23,Coach
15122,1UX4MZPMEAPGBMGW,M,1995-09-28,30,Athlete
15123,3VU09VPATZQSJTMJ,M,2002-02-21,23,Athlete
15124,7BH2J6OOO4MGU304,M,2002-06-01,23,Athlete
15125,7DC9KZFIJS165J90,M,1995-06-14,30,Coach
15126,9VZVRQC64XRTXUPK,M,2005-04-27,20,Athlete
15127,FWWDF7V8HLCIBQMH,F,1994-10-22,31,Athlete
15128,GSYBKACFDY9UUBQM,M,2002-05-26,23,Athlete
15129,IFJBPGVDEYXEYKVV,M,1970-09-17,55,Athlete
15130,IHL0FQIJCCRC7LOY,M,1994-02-21,31,Athlete
15131,KW5OMSP5PHLR0VYH,M,1987-07-21,38,Athlete
15132,MZGELC4HKXX2RTGC,M,2002-01-26,23,Athlete
15133,OFSFMBKC8B3BNQ0Q,F,2006-09-13,19,Athlete
15134,OP3SJEBMO9I8O7NF,M,1996-08-30,29,Coach
15135,PYJID5FZUM9H9IUN,F,1997-05-11,28,Athlete
15136,QVMFAV2RFSUYVW8Z,M,1994-01-07,31,Athlete
15137,R9FN7XOHTJQ58MDH,M,1989-11-02,36,Athlete
15138,T0YLXDC8VS8NGGD1,M,1997-06-25,28,Athlete
15139,T3NSKNHEY91LUX66,M,1989-05-04,36,Athlete
15140,VRIMOIC699KI3KC1,M,1985-05-11,40,Athlete
15141,ZTIAV3B7VA9PMC3H,M,1974-10-02,51,Athlete
15142,1P2CSPUJT6XTBKMZ,M,1964-12-15,60,Athlete
15143,3IW5M6IWQ1WHY4K9,M,1997-03-01,28,Athlete
15144,62ZIFAG2RCU56RDX,F,1968-09-08,57,Coach
15145,6WWXY6FT2JAHA8A2,F,1990-01-10,35,Athlete
15146,A2716GOM710GHMXG,F,1982-09-12,43,Coach
15147,BR4VBTUS8AWANN6Y,M,1974-02-14,51,Athlete
15148,BZTQ86XZAGENFKF5,M,1990-05-23,35,Athlete
15149,CMR9384BPVU8MQ3Q,F,2009-01-31,16,Athlete
15150,EL94GG0HDVQTFDD2,F,1963-09-10,62,Athlete
15151,EOF8YKCSO1IR3E6P,M,2001-08-16,24,Athlete
15152,HCBVF1JQXPZGOB3I,M,1988-12-15,36,Athlete
15153,HNTE3OWNBL2U3F9K,M,1988-11-26,36,Athlete
15154,JQTZSX3IVBPRUN4S,M,2002-04-30,23,Athlete
15155,JTTLBXBZPSPEN95A,M,1973-11-06,52,Athlete
15156,KMTJIFH1D3XXENNU,F,1987-08-18,38,Coach
15157,KQNSF2A5UK38V3U0,M,1998-05-21,27,Athlete
15158,KRE7LFG1XOXCRSYT,M,1996-03-18,29,Athlete
15159,MWL380W488T98E1A,F,1976-11-08,49,Coach
15160,NBWES5KCPF62QQKK,M,1973-11-09,52,Athlete
15161,NGLS6RSVFKFOM1EJ,M,1986-03-02,39,Athlete
15162,OT05C3IY8AHEWCCB,M,1973-05-29,52,Coach
15163,QEMX81VIZUSSNTMO,M,1965-03-07,60,Athlete
15164,WDRUI8313IZPF4YG,M,1985-11-10,40,Athlete
15165,YVJKQ144H8GUVPIL,M,1972-05-30,53,Coach
15166,ZEDIBI81Y86AQCWV,M,1992-03-28,33,Athlete
15167,11F7EHSINWB1EAMP,M,1987-10-14,38,Athlete
15168,13CB6OPL57TCDFMY,M,1994-02-02,31,Athlete
15169,2QC0UVW03OPEKZ3U,M,2002-03-17,23,Athlete
15170,48AVLHKG7RITZ7O8,F,1999-12-17,25,Athlete
15171,56Q63SZMQ1R4K9NO,M,1973-08-01,52,Athlete
15172,6P59GMH7E6TF5FU3,F,1969-12-05,55,Athlete
15173,71WLXMVLQOFM37OO,M,1982-02-15,43,Athlete
15174,8BL33AU703WVT4BN,M,1974-06-24,51,Athlete
15175,E2AW9L15FX6AD9TV,F,1999-10-12,26,Athlete
15176,FWKNYP2LMY7S1JEF,M,1982-08-12,43,Athlete
15177,GQBNNUA69QHXI69Z,F,1985-09-29,40,Athlete
15178,IIREZBPRJ3BTGOTI,M,,0,Coach
15179,J9QJMMIS7RUKQXYS,F,2001-10-22,24,Athlete
15180,JWT8HWEL515X6OE1,M,1970-03-28,55,Athlete
15181,K7R554IEUCV8M2Y1,M,1977-04-28,48,Coach
15182,K8TADOBVZEA9ZPKJ,M,1978-10-31,47,Athlete
15183,KG6X5O5ZEHTHIOD3,M,1997-06-17,28,Athlete
15184,KOIM1I5DVR8IUQAY,M,1972-01-02,53,Athlete
15185,L7PRDRYD4F3CQUD4,F,1966-12-02,58,Coach
15186,M9DT4T2PV19CMEEB,M,1981-12-07,43,Athlete
15187,MZAYW6ZJYGRA2HJU,M,1975-04-20,50,Athlete
15188,NRNK0UU0AVARW5L9,F,1998-10-22,27,Coach
15189,O3N3RXIBBNDP48ZC,M,1974-12-04,50,Athlete
15190,Q2LK19AJK5KFA4EO,F,2000-02-16,25,Athlete
15191,QIYN98EOWT73IN35,M,1996-06-15,29,Athlete
15192,QQ22NAXEQVUYHQRI,F,1991-03-06,34,Athlete
15193,QZ93B3TGZ2JAOYV2,F,1983-03-24,42,Athlete
15194,R0EYLJPUUURT05IY,M,2000-12-27,24,Athlete
15195,R3FQ3GIY9XIXN8LN,F,1979-04-20,46,Coach
15196,RZU9NJQLY2RJZJI8,F,1968-11-05,57,Coach
15197,U6RELTMBLV1N9VDF,F,1980-09-15,45,Athlete
15198,UCHXQ8G1BOLUH8OR,F,1988-06-19,37,Athlete
15199,V1VL83QTVM77ONYE,F,1976-03-22,49,Athlete
15200,V5R9GXPIS4M37O3W,F,1994-02-04,31,Athlete
15201,V7RY5DMRPED3Z960,F,1991-01-12,34,Athlete
15202,VDBV9C9VMVSWH2E0,F,2001-12-22,23,Athlete
15203,WV9459VRIITGNUXN,M,1997-10-19,28,Athlete
15204,YU7HC9JIU8GY5LNT,F,1995-02-06,30,Athlete
15205,00OPHO0JKD9K35UQ,M,1968-06-10,57,Athlete
15206,0BJBWO557H4EHXLW,F,1986-01-15,39,Athlete
15207,0V3A0Y6290BY96JO,M,1958-12-20,66,Athlete
15208,0VII3NSU2O7UOZP4,M,1960-05-29,65,Athlete
15209,0X05WF9DN8F50RXL,M,1974-05-12,51,Athlete
15210,0XQ0J8MST20ZFBDN,M,1973-03-15,52,Athlete
15211,0YE1JHGFT1OA2B6H,F,1982-11-12,42,Athlete
15212,1E05P3EHI6C9INL6,M,1967-01-20,58,Athlete
15213,1LM9IKOMHKQLJEYN,M,1989-06-27,36,Athlete
15214,1RITKEEDUHIW1BJ5,M,1964-03-16,61,Athlete
15215,1WR33EQ623XZE59N,F,2002-05-22,23,Athlete
15216,203PRN2A7B3LBY1C,M,1966-02-05,59,Athlete
15217,23438J0CECG0UPA0,F,1973-07-20,52,Athlete
15218,25AIJGDS130XFCOM,M,1969-08-23,56,Athlete
15219,263APR167JS8X5KW,M,1996-06-17,29,Athlete
15220,2ECFW3SMPT6KLZG1,M,1957-12-23,67,Athlete
15221,2KMZB3Q24C9D8PFG,M,1968-06-01,57,Athlete
15222,2XRQPFZECE6I8FP8,M,2001-01-10,24,Athlete
15223,2XUCT94EW455WKZ0,M,1973-05-17,52,Athlete
15224,30O7W03G8BIAF8H6,M,1968-02-04,57,Coach
15225,362HNI9NEPNANFG8,M,1964-12-25,60,Athlete
15226,36EVNTNIWUVOEZBJ,M,1972-11-10,53,Athlete
15227,3EKFLCFUZCULZPGR,M,2001-05-14,24,Athlete
15228,3PMD5K8C0R6OH1GK,M,1969-05-12,56,Athlete
15229,4H1S8KC5COVDDGPU,M,1978-02-01,47,Athlete
15230,4H3K6OFHGDCMXLCK,F,1986-10-31,39,Athlete
15231,4Q5M1ZZ1OUK5F4DQ,M,1972-06-01,53,Athlete
15232,4WKB6536JQ1SOXLE,M,1995-01-24,30,Athlete
15233,4Y8GFT2V2J5Y1QIF,F,1961-06-30,64,Athlete
15234,56DGVEMVG1J6IOZP,M,1959-01-27,66,Athlete
15235,58DPDH07GCHQ25X4,M,1984-08-15,41,Athlete
15236,5GGLHPQ05JY1TJ6M,M,1997-08-26,28,Athlete
15237,5MFJCGJZEYSAD9XQ,M,1984-12-14,40,Athlete
15238,5NMP9KDA4FMF2117,M,1995-10-17,30,Athlete
15239,5OZT6MOXSEZ6YD41,M,1993-12-15,31,Athlete
15240,5QBBZN3VQBYII8XI,F,1958-02-18,67,Athlete
15241,61RYV8YVIM88M5MN,F,1999-10-28,26,Athlete
15242,6805EATXAKZ5JLB6,M,2004-05-09,21,Athlete
15243,6A8WQTLQCQRXI5IT,M,1957-02-24,68,Athlete
15244,6RSSQFGIQC1JZ0J8,M,1981-11-04,44,Athlete
15245,6X2Y7BRQRR3W1FRC,M,2003-07-30,22,Athlete
15246,79OR9HDR10KYOY8F,M,1960-12-26,64,Athlete
15247,7IEZ22LTPV9I4IJY,M,1958-02-23,67,Athlete
15248,7OPBXOH70N25C26E,M,1986-06-29,39,Athlete
15249,7UINBUWZZOUM0FB2,M,1962-09-28,63,Athlete
15250,7X4JXGTEPAZXALJ6,M,1973-07-31,52,Athlete
15251,81DLFR1U336ZVZ3K,M,1954-07-31,71,Athlete
15252,88S5FG0ZBYI1SR0E,M,1955-07-15,70,Athlete
15253,8HTW8KAZ6B9J6460,M,2002-06-29,23,Athlete
15254,8PCIWFT1HL71VTUT,F,1991-10-21,34,Athlete
15255,8PKAFFJNDT1Q233E,M,1965-06-22,60,Athlete
15256,8Q78QGCJAE36IK2U,M,1979-01-31,46,Athlete
15257,8Q9LWIZ4K65XWL2B,M,1980-04-11,45,Athlete
15258,96WHTDZ2EL44ZIKN,M,1959-01-23,66,Athlete
15259,9CJ6M1WVP5JVUVO8,M,1991-11-19,33,Athlete
15260,9EHRKGU7BJ1UD6K2,M,1985-01-24,40,Athlete
15261,9RFAOX4HLQEFDOSY,M,1965-03-19,60,Athlete
15262,A3SB305LO5C6H7LX,M,1964-05-04,61,Athlete
15263,A5PWYL5T1EKEX4BM,M,1955-04-28,70,Athlete
15264,APE422ZR3SGBGJ2N,M,2004-12-11,20,Athlete
15265,AQI1KJ5NLHAGVBNN,M,2002-11-14,22,Athlete
15266,AT7GD2XV54ZIPG8S,M,1976-07-06,49,Athlete
15267,B2TDHLY1G4KUQVH2,M,1963-04-23,62,Athlete
15268,BAGS9LZ1OQ35UQ2C,M,1957-02-04,68,Athlete
15269,BAI2DY1ZW9CDFFLP,M,1959-02-14,66,Athlete
15270,BBN6SOE62GIYQ9AG,M,1970-10-19,55,Athlete
15271,BDWU2PKUXU5IVJKI,M,2004-12-27,20,Athlete
15272,BE3KTSBICAGZ985E,F,1999-01-11,26,Athlete
15273,BF237FY8U0ZCLG2O,M,2001-06-09,24,Athlete
15274,BFNDBM0ZBLB2X5K2,M,1960-05-09,65,Athlete
15275,BKHJMIQ3EMJ38QCC,M,1972-02-01,53,Athlete
15276,BN7A0Q5C5O7IPXF6,M,1959-04-27,66,Athlete
15277,BOCA6TD51ATZIYUG,M,1979-11-10,46,Athlete
15278,BW063FGIUK10J8TN,F,1982-01-22,43,Athlete
15279,BWIY27YMQ6G8JTGA,M,1991-10-31,34,Athlete
15280,C2WGZWU4HZXX2U7X,M,1962-11-28,62,Athlete
15281,C44BT8261QT6IPVX,F,1992-02-24,33,Athlete
15282,CA380KMVEOU3G05R,M,1958-08-19,67,Athlete
15283,CAMMR2VM8MR6ETAY,F,1996-12-02,28,Athlete
15284,CFN5GW6TSJVFW78B,M,1997-09-13,28,Athlete
15285,CH679I2U5U5G97FJ,M,1983-01-11,42,Athlete
15286,CPZ3CO657V695N75,M,1962-05-30,63,Athlete
15287,CQPNT5YUSCJ269VG,F,1973-06-03,52,Athlete
15288,CU8M70KGON7FAIL6,M,1958-04-19,67,Athlete
15289,CYXD0CBWH7AULI0D,M,1956-12-12,68,Athlete
15290,D2RZMRB2Q0JISRWO,M,1966-12-06,58,Athlete
15291,DR147PTG9LXO9F7X,M,1963-04-30,62,Athlete
15292,DXFSORY2UFVC18T7,F,1959-05-25,66,Athlete
15293,EDBC2DU91NJMEHKK,M,1973-04-15,52,Athlete
15294,EDJDQP7X84Y9G53Q,M,1987-03-31,38,Athlete
15295,EH64EO8KS6DSVWW4,M,1982-11-18,42,Athlete
15296,EHZYRBHW9IYY9ODE,M,1964-10-14,61,Athlete
15297,ELV8HINE6LLKM3LY,M,1999-05-01,26,Athlete
15298,ER5ED7TZ2TNDURDT,M,1957-11-14,67,Athlete
15299,ES73GAZRKIAWG953,M,1957-09-11,68,Athlete
15300,EW4IUJL7BQ3MHYHP,M,1975-06-07,50,Athlete
15301,EY5RPBXXDWQDSVEL,M,1969-01-28,56,Athlete
15302,F3F7OB01U062MV5P,M,1961-02-12,64,Athlete
15303,FLDTSBTHZQKGZKW4,M,1954-09-11,71,Athlete
15304,G7ATY5M0Z7D7EU2H,M,1959-07-18,66,Athlete
15305,GAG1CN5SAQLCTWH9,M,1961-10-22,64,Athlete
15306,GD7LETNUMURPDDC7,M,1969-01-07,56,Athlete
15307,GNDH02V8C82T3B2Q,M,1956-02-23,69,Athlete
15308,GOFMONM6IZHOQQX2,F,2002-03-18,23,Athlete
15309,GULTW5MC9RO1Z50H,M,2001-05-23,24,Athlete
15310,GVAI0H867LG6VI0I,M,1962-01-17,63,Athlete
15311,GYG5JQIFWQC180N7,M,1954-11-30,70,Athlete
15312,HC7MZYIWGMLXSB2Q,M,2004-05-28,21,Athlete
15313,HMYI8K3EO5XTL19H,M,1964-10-14,61,Athlete
15314,HXWI3HGE2FO2EE82,M,1963-05-28,62,Athlete
15315,I4U9ZWKG4VHQKSJ5,M,1951-05-30,74,Athlete
15316,I6IQN0RPJ9IZ6JTE,M,1957-01-05,68,Athlete
15317,I7HQ63XSCUELAEQU,M,1982-10-01,43,Athlete
15318,IE5TNGBPOI0C6B0W,M,1965-10-23,60,Athlete
15319,IEPEUQAUZW19UZSJ,F,1966-06-08,59,Athlete
15320,IPVLID8TGK2PHUUN,F,1995-06-01,30,Athlete
15321,IS9796G9AHRB2R4N,F,1990-07-26,35,Athlete
15322,IUVYZI00DNQXI8DD,F,1996-04-21,29,Athlete
15323,J1V8LDOZ4CIIJDL3,M,1982-06-25,43,Athlete
15324,J2K1BCYKVLZT80FN,M,1958-01-10,67,Athlete
15325,J8W1VZ9V98A7ZAPO,M,1995-04-26,30,Athlete
15326,JBUNYEYJJVLK5NL7,M,1961-05-18,64,Athlete
15327,JDWUB05IBB46RHNW,M,1998-05-11,27,Athlete
15328,JJZEU1IRTK57ZLQ9,M,1962-08-28,63,Athlete
15329,JPRRV9C30QFZZXKT,M,1966-03-04,59,Athlete
15330,JZM462ZDVYB9MTXU,M,1966-03-25,59,Athlete
15331,K1IE6YRCSGABXV7Q,F,1998-09-24,27,Athlete
15332,K42RD2EU9Z5VOB7L,F,2004-06-23,21,Athlete
15333,KE8MGDS1VE5ZV1CK,M,1982-10-07,43,Athlete
15334,KM8FLOIIV5MJZV8V,M,1962-07-26,63,Athlete
15335,KRVRVEXA08HTKSP5,F,1991-01-16,34,Athlete
15336,KUGG41016TJ2NN1A,M,1959-07-27,66,Athlete
15337,KX3WWO2WFZN297KD,M,1963-04-23,62,Athlete
15338,KZLLXWQGECRY5B48,F,1984-07-14,41,Athlete
15339,L6X3L336ECWSZT32,F,1956-04-09,69,Athlete
15340,LFR5IOO16KZSZ8U2,M,1952-02-24,73,Athlete
15341,LHJ2O7H24XLBHGUH,F,2003-01-17,22,Athlete
15342,LJ10HH1O4Z3APBMJ,F,,0,Coach
15343,LJEMKFSJRXLX1P4N,M,1961-02-07,64,Athlete
15344,LOJ4AAW0NVT4Z26R,M,1969-07-12,56,Athlete
15345,M8ZE5O96QT423HIZ,F,1953-09-27,72,Athlete
15346,MAMOG0PUM50NBZRG,M,1958-01-03,67,Athlete
15347,MBWM4PL3AKM9K8CI,F,1997-04-09,28,Athlete
15348,MC210Y0NLHZJ8TZ8,M,1961-09-06,64,Athlete
15349,MPCUBL26TTHPYS1S,M,1964-02-12,61,Athlete
15350,MVAEUIZOTUX15BG1,M,1977-04-25,48,Athlete
15351,N6H8QXR3NTGHXT88,M,1996-08-03,29,Athlete
15352,NFYO63ZCQUNXD3MU,F,1990-01-03,35,Athlete
15353,NJCFKH336Y1ZZH4Q,M,1958-12-31,66,Athlete
15354,NXL82GJ9CT4YJ1UU,M,2002-03-19,23,Athlete
15355,NXMB3THCUZBG87EJ,M,1963-05-04,62,Athlete
15356,NYS6G4OXJM7KCMXA,M,1969-05-30,56,Athlete
15357,OLBNYDWI4PSKCL2Q,M,2005-07-15,20,Athlete
15358,OQMSTZNMV99UE6V8,F,2000-03-29,25,Athlete
15359,P51372UJ03J3D7T1,M,1956-07-29,69,Athlete
15360,P97TAT8KLAGWMILI,M,1985-12-04,39,Athlete
15361,PDUJ3HZJ0QBG1RLR,M,1956-08-09,69,Athlete
15362,PFPYW3SPMI0UPFQN,M,1976-06-11,49,Athlete
15363,PKS8MZMQAPZPUTA1,M,2003-07-11,22,Athlete
15364,PTCAX81XS11FOU7S,M,1994-03-18,31,Athlete
15365,Q7MZ0E2N3SWXMN8N,M,1959-02-10,66,Athlete
15366,Q8I59G61E0S4TLOW,M,1995-10-21,30,Athlete
15367,QAXXS1MHA8L07NIT,M,1967-08-18,58,Athlete
15368,QLLF12F0J8IZ1Y9Z,M,1997-12-13,27,Athlete
15369,QOD7GCJWSDHPRYZ2,F,2002-05-17,23,Athlete
15370,QUAF3LJ6FY6UGVKK,M,1973-05-12,52,Athlete
15371,QYR7IIXI0OQIONZ4,M,1959-06-20,66,Athlete
15372,R0ZAZOTF1ZIQYBN1,F,1967-12-16,57,Athlete
15373,R4N0WZGU41EKRTAM,M,1975-10-21,50,Athlete
15374,R5Q55S9M1ZBJ9XW3,M,1963-02-08,62,Athlete
15375,RBKKZ6MJ96EQJOSA,F,1955-01-31,70,Athlete
15376,RCM53M2NRRB4OCOL,M,1965-01-25,60,Athlete
15377,RDF29OE2F05U7519,F,1987-09-03,38,Athlete
15378,RFVWFSGFZYROJ5LV,M,1974-09-27,51,Athlete
15379,ROS6QUHY1Q5SZAJI,M,1970-10-01,55,Athlete
15380,RRYCS4C57JYUR1AK,M,1990-01-02,35,Athlete
15381,RTN0NISWUOIRKPY1,M,1966-05-26,59,Athlete
15382,RYFLKNLK3OHP5M0B,F,1995-09-13,30,Athlete
15383,RZNSFCC7IU6A1HQJ,M,1962-05-21,63,Athlete
15384,SA7UGMBAZE8D9UOX,M,1988-11-14,36,Athlete
15385,SADIAYWRN7FHJ6VZ,M,1960-08-28,65,Athlete
15386,SKTPVF0UPGLXS55S,M,1990-03-06,35,Athlete
15387,SMICL2Z3QTXAHIYQ,M,1999-06-10,26,Athlete
15388,T0QFCX7CFYSVMX42,M,1980-08-07,45,Athlete
15389,T3KOMX3I5OAN2ST1,M,1971-02-25,54,Athlete
15390,TGZUEJITIKZ9PC71,M,2005-11-07,20,Athlete
15391,TIUDONUXFK6P649I,M,1997-01-06,28,Athlete
15392,TNY6XGS11TCS6L0I,M,1971-03-04,54,Athlete
15393,TPD62XZJ36OBLJZH,F,1961-05-20,64,Athlete
15394,TZR0USRQMZQD2A9I,M,1991-01-23,34,Athlete
15395,U19YG2UUPOKFME9E,F,1968-09-15,57,Athlete
15396,UBDVGK57RLM8J1O4,F,2004-11-10,21,Athlete
15397,UFC1Z0Q4ZLVCJ1ZH,M,1972-07-30,53,Athlete
15398,UQNZART0GH1WPI7H,M,2002-01-28,23,Athlete
15399,US63GJ3Y4BOZ3LTG,M,1986-10-20,39,Coach
15400,UXDD9M00U9L70GCR,M,2001-12-04,23,Athlete
15401,UY7K6KN083JAQUR3,M,1999-10-01,26,Athlete
15402,V6FJ8TIOB8542RE9,F,1954-11-25,70,Athlete
15403,V6ZZVO1ZAULMLHMQ,M,1976-07-10,49,Athlete
15404,VHWHMTA577XJQDCJ,M,1980-03-18,45,Athlete
15405,VKJ4XS0856QAIMEX,M,1967-06-07,58,Athlete
15406,VPF6N8RMT0RHUPVU,M,1986-12-13,38,Athlete
15407,VRA4FUC47YQ3FEPW,F,1997-06-19,28,Athlete
15408,VU0O1FEGBI9E2AJH,M,1999-04-06,26,Athlete
15409,VVOP432J2EKV15XK,M,1961-07-31,64,Athlete
15410,VX92QLOML6PQE9KN,M,1974-12-27,50,Athlete
15411,VY13J8ESERMRAJAB,M,1989-01-04,36,Athlete
15412,W3RLG6PD757WD7QR,F,2001-07-19,24,Athlete
15413,WDBD9B0UY1ZLMPDR,M,1966-08-01,59,Athlete
15414,WE5XJOC2T7ACIHNO,F,2002-08-02,23,Athlete
15415,WKG1DKOD5QGBO6K4,F,1971-05-08,54,Athlete
15416,WLV5BFPHKOEOJZK8,M,1992-04-05,33,Athlete
15417,WMCJ6QM6LLFRJBSF,M,1972-11-21,52,Athlete
15418,WMNWDLSOCALOZQHV,M,2000-12-07,24,Athlete
15419,WN4XG2D35JMHMF3T,M,1949-02-03,76,Athlete
15420,WNPH56ILXPOV9OI3,F,1993-02-08,32,Athlete
15421,WPW78AWV52IHQDVQ,M,1965-05-03,60,Athlete
15422,WSZ5EF7SG9PE2P6Q,F,2000-01-30,25,Athlete
15423,WZD5L4EL90VN3G2V,M,1967-09-27,58,Athlete
15424,X1VQJRVOBHSFBH9A,M,1961-07-04,64,A-HOD
15425,XJ39O6A33CKWNGUF,M,2000-06-08,25,Athlete
15426,XYPA5EVNWM1N103G,M,1996-10-23,29,Athlete
15427,XZH8HSEI8F385H6B,M,2004-03-05,21,Athlete
15428,Y4DB4776Z1PBUSE4,M,1977-09-18,48,Athlete
15429,Y6SL6WK7DS3TBJ0O,F,1965-05-11,60,Athlete
15430,YAMKVN7KLB5CNHM2,M,1999-10-10,26,Athlete
15431,YNQQ8HFFQQMGFTHK,M,1974-07-13,51,Athlete
15432,Z3NJWC84QZ1I1MFI,M,1965-04-09,60,Athlete
15433,Z4PXFHKXOVYKFD7T,M,2004-12-18,20,Athlete
15434,Z4THPA39JAU73LFN,M,1964-09-30,61,Athlete
15435,Z64Q2WI06X1FCPEV,M,1962-03-24,63,Athlete
15436,ZQ1F9WGEPTR61Y0K,M,1972-05-06,53,Athlete
15437,ZRHH8WTU5XOP3T9E,F,1992-10-21,33,Athlete
15438,ZY2PW6UW1HOP9I8Z,M,2001-09-04,24,Athlete
15439,1VNXX1V4UOYW0YDT,F,,0,Coach
15440,2QFY0D6KLG0A6Y1P,F,1955-02-16,70,Athlete
15441,4TY184R7BCPR5LCM,M,,0,Coach
15442,7ND3NX83OC54AFOX,F,,0,Coach
15443,FFJSKZ1RMMT945L9,M,1969-01-31,56,Athlete
15444,NC81NLZG53BCQX7V,M,1977-10-24,48,Athlete
15445,P49GT0MG6G9N9NRB,F,,0,Coach
15446,UKFMGBRNPLRP6WSK,M,1974-10-31,51,Coach
15447,WKPWDKFKB0O216PR,F,1969-10-21,56,Coach
15448,WXE4KTV8TG2FZKDS,M,1972-11-13,52,Athlete
15449,X408T13BRGOMLPV6,M,1953-03-10,72,Athlete
15450,XFSSIJOB46FZQTVP,F,1971-07-06,54,Athlete
15451,YLS6UWSC1QZBDMDL,M,,0,Coach
15452,ZIEQNEL6GPDSISAG,F,1958-03-18,67,Athlete
15453,2E2LJ7IB3UIW0IHI,F,1991-11-09,34,Athlete
15454,2OZIIWWZUL5YZ90S,F,,0,Coach
15455,37T0Z9YH97GQWULT,M,1973-10-03,52,Athlete
15456,4E4NZUJL89GIXUGD,F,1959-12-08,65,Athlete
15457,6JW9XB6IY1THY53M,M,,0,Coach
15458,6R81MMD1RY5VYDTT,F,,0,Coach
15459,8KJ0ZH00AG1RF8AL,M,1973-07-10,52,Athlete
15460,9ORG3ZBTE7U7OHO6,M,1981-12-31,43,Athlete
15461,DOWFPZ9M1FLYIC16,F,,0,Coach
15462,DZFAUFH46J04L3U1,F,1983-11-30,41,Athlete
15463,J5Y9HI31RQJVNR56,F,1970-11-10,55,Athlete
15464,KJHD0GI9DBZY4YQ1,M,,0,Coach
15465,L457HXJU8N3DCLZP,M,1953-02-16,72,Athlete
15466,LBI6Z58TSNOTEYH6,F,1964-02-19,61,Athlete
15467,M235556XY1R7KTS8,F,,0,Coach
15468,M2LD56KRPHXXA3X2,M,1983-04-28,42,Athlete
15469,NP5QU7RH1HWKBQGC,M,1971-04-02,54,Coach
15470,QB1NMSV6Z1F51QT8,U,,0,Coach
15471,TGLIFTZ8B1EZI954,F,,0,Coach
15472,XLVM1LGJ8VQ2AI0Y,M,1978-02-03,47,Athlete
15473,ZPX7L74JGRKTHV77,M,1978-04-08,47,Athlete
15474,0L9CBL6YBUNMUTR4,F,1999-05-04,26,Coach
15475,0TNUHLJ2RNKAL6JJ,F,1991-03-05,34,Coach
15476,17586C6P81VNH1Q3,M,1991-03-16,34,Athlete
15477,1E70IQUQPW8FEX43,M,1998-04-16,27,Athlete
15478,2564LNQAEV37DWEC,M,1972-11-14,52,Athlete
15479,3WZKAOJI8XL40CVR,M,1982-03-01,43,Athlete
15480,4BPQBI3CHZI5OX07,M,1992-09-17,33,Athlete
15481,4TEA3DRJ5X01CDB0,M,1983-10-28,42,Athlete
15482,595C53UC8W187G58,M,1991-10-14,34,Athlete
15483,59BJ40HES9E76GNB,F,1980-08-27,45,Athlete
15484,5ACY0Y5E9G5B60ZA,F,1988-06-07,37,Athlete
15485,5E1LLIVM9ZDEAIWT,M,1981-06-26,44,Coach
15486,5PKPCAXPXN5CU8R4,M,1983-07-18,42,Athlete
15487,5RQSK4P2FDW3I9CS,M,2002-10-09,23,Athlete
15488,6HBRD42W0KYIW45H,F,1981-03-30,44,Athlete
15489,70G8FAG3VVS873QJ,M,2004-08-11,21,Athlete
15490,780L1A85SFRDMAD2,F,1971-06-06,54,Athlete
15491,7PRMRGJQFHT2EM7D,M,1989-02-03,36,Athlete
15492,7XNIJWLC9QKWQ0ZQ,F,1978-03-28,47,Athlete
15493,882UX5P95OQUNWC4,M,1985-02-22,40,Athlete
15494,8XR1J23AJ5VGBHB9,M,1974-01-06,51,Athlete
15495,A1ICVEJJSVGQBBM6,M,1985-12-23,39,Athlete
15496,AKIMHRVZA4R526BI,M,1972-03-31,53,Athlete
15497,BRQ3ZBEN6NDNG4AI,M,2002-08-03,23,Athlete
15498,C4G4UJ1DXHQXK06R,M,1974-01-23,51,Athlete
15499,DKSBDIZYJXF3IEZP,M,1995-01-27,30,Athlete
15500,DYM5HX6XP69OZ5DF,M,1990-06-22,35,Athlete
15501,E8Z4IT2Z04N3SJNB,F,1992-07-17,33,Coach
15502,ESLFTQBJMRT7FM74,F,1994-10-15,31,Athlete
15503,FED886W0POUE8LFV,M,1995-06-10,30,Athlete
15504,GZWF3I8FIJZ9E6FI,M,1972-01-17,53,Athlete
15505,H25ESBL9KPPGF3YZ,M,1984-04-07,41,Athlete
15506,H3GT0GXRF242IYAF,M,1991-10-14,34,Athlete
15507,HCN27RBH2OHQB496,F,,0,Coach
15508,HDQDA538K6N5DLM8,M,1994-03-30,31,Athlete
15509,HFT8VDR9TUZ2IP4H,F,1999-02-14,26,Athlete
15510,IMBAR9OFLWITKB7X,M,1983-11-17,41,Athlete
15511,J57FZQGPK7K2F9IF,M,1990-11-06,35,Athlete
15512,KUKY2JO9WGZPGXN8,M,1972-09-19,53,Athlete
15513,KWWKAY5CUL5NH99O,F,1995-06-09,30,Athlete
15514,M1I0WUA99TZMDKKN,F,1996-11-18,28,Athlete
15515,M8S6SY346MXLCAE9,F,1988-04-29,37,Athlete
15516,MQKZPR9LQ7BQL3SO,M,1984-02-20,41,Coach
15517,MYAHQE79ZJZX7OK3,M,1983-03-19,42,Athlete
15518,NNRF8Y42YZCAOF3O,F,1975-12-04,49,Athlete
15519,NYGYMX9LI49NYEC7,F,1968-11-23,56,Athlete
15520,O64SEJAM81AQZ2PT,M,1992-05-25,33,Athlete
15521,OG2NG60GGNY6RDPE,F,1973-06-30,52,Athlete
15522,OYXXXF7OEEGWMR3P,M,1976-09-11,49,Coach
15523,P61SRD1A6ONJ8DTW,F,1993-01-26,32,Athlete
15524,P8J3QJTO4GE1DKLI,F,1987-06-16,38,Athlete
15525,P8LAC0VNR3NKNRLT,M,1998-02-28,27,Athlete
15526,PH0BVBGL3GCM4XSW,F,1970-05-31,55,Athlete
15527,PXMBYVPPPNYUIXTI,M,1986-01-07,39,Athlete
15528,RBJQHWUN682HYVVT,M,1977-09-23,48,Athlete
15529,RMPCJ0VNE2ZUN99O,M,1968-12-28,56,Athlete
15530,RR3CA123WJP8ITB4,F,1966-10-03,59,Athlete
15531,RTQ3Y53FFBTXFJLJ,M,1982-04-10,43,Athlete
15532,T5LW9LF4ST5XOS4G,F,1984-12-23,40,Coach
15533,U8D5Z8LNN53XVPVL,M,1992-07-03,33,Athlete
15534,UEDAU2GWCG1QLVJA,F,1984-10-26,41,Athlete
15535,UGGVNJ7DT408D5G4,M,1998-05-08,27,Athlete
15536,URKCLK8F5QBGPIVX,F,1994-03-11,31,Athlete
15537,VD4AOXJVH6MX80C3,F,1974-06-07,51,Coach
15538,W84IB5YA6ACYUT7O,M,1989-09-07,36,Coach
15539,WHUIA1OC2LQ59PIO,M,1998-02-05,27,Coach
15540,X1QH359QYYNMZ70Z,M,1987-01-11,38,Athlete
15541,XY9IWED93UDFDUZC,M,1965-11-26,59,Athlete
15542,Y7HOVQ47FXR0QMPG,F,1994-07-08,31,Athlete
15543,ZHTEIEM992ZYH6O6,F,1980-12-03,44,Athlete
15544,12CXR8FK9U4N64CK,F,1987-11-01,38,Coach
15545,26DR3EDSWR2EY6LU,M,2003-09-28,22,Athlete
15546,41S9M7WSG6DY1QDS,F,,0,Coach
15547,52QI64DXO57GLXX9,M,2010-05-12,15,Athlete
15548,5BWJPLBZCFNHBLAI,M,2011-02-03,14,Athlete
15549,8WN90GUYI8W7ZVXM,F,2007-02-15,18,Athlete
15550,A3J8RAH1F2HMXPQH,M,2006-07-10,19,Athlete
15551,FD8993BBDPLDBEMP,F,1987-03-31,38,Athlete
15552,KDNLPPALH2P4X21S,M,2006-07-29,19,Athlete
15553,LKO7HY2SXQDQ5I9C,M,2009-11-02,16,Athlete
15554,PZB645A2HPUX00NU,M,2007-09-04,18,Athlete
15555,SSOARUJECB8XP3WE,M,2008-12-19,16,Athlete
15556,TGLK6ZHML6P2QDFK,F,2009-09-15,16,Athlete
15557,XBF09TVTGOI389KT,M,2009-06-23,16,Athlete
15558,XLK09PV8YQAS3WA6,M,2006-10-31,19,Athlete
15559,08A4TU25ZID0JVU1,M,1974-01-10,51,Athlete
15560,26HR1Z77PJ53CT23,M,1964-11-23,60,Athlete
15561,29RCL9F9V461BPUZ,M,,0,Coach
15562,DPZJAUZ0TLJ0QP2G,M,1975-06-11,50,Athlete
15563,DRNE6T5ZNSKSLS2W,M,1987-07-24,38,Coach
15564,HGNWHP7S5YF6UNKX,M,1973-01-15,52,Athlete
15565,ITGAVGEX4XMQ6Q0W,M,1990-11-19,34,Coach
15566,K04SFMA14DO215SY,M,1985-04-16,40,Athlete
15567,N75U3P9259LL0Z69,M,1977-01-27,48,Athlete
15568,NG3RDPANJEN6KI53,M,1998-09-14,27,Athlete
15569,PPWWBMKAONMN4OL9,M,1977-04-07,48,Athlete
15570,SIAVAWYC1S26M6PS,F,1998-05-29,27,Coach
15571,1D48IRWLPEAK24SQ,M,1967-07-21,58,Athlete
15572,1KGWOHFLGO7CBOJ5,M,1993-10-04,32,Athlete
15573,2H1W2TGV390AC3X6,F,1977-10-28,48,Athlete
15574,44U4QEGXW756B1L4,F,1965-12-16,59,Athlete
15575,569NBYV7H0TAWG8T,F,1956-05-16,69,Athlete
15576,6DEY5MFW66AK60GB,F,1968-09-27,57,Coach
15577,6GPSETX7FNX29NH0,F,1973-11-27,51,Athlete
15578,8SE9WNAUGMF1X6RM,M,1971-12-14,53,Athlete
15579,9G3GUBZVB2Y6BEKZ,F,1983-09-06,42,Coach
15580,BM5GLFY7N3A8I1GF,M,1985-12-19,39,Athlete
15581,CHE6POND9RNC4QVV,M,1968-01-19,57,Athlete
15582,CVPFM0RCB0AF8IPA,F,1958-06-10,67,Athlete
15583,DT0G1F5EDYBW2VT4,M,1962-09-14,63,Athlete
15584,EX3QO06TLQ9GN16Y,M,1979-11-05,46,Athlete
15585,GYZB65NKRS3GNKYN,M,1964-03-10,61,Athlete
15586,H7CIHS9CWNG6HZ89,F,1978-11-14,46,Athlete
15587,I0LCZHJUI368J92Q,M,1968-04-23,57,Athlete
15588,J82FX0GHPKZ52FSM,M,1962-01-17,63,Athlete
15589,KZNPOUKVQMZLN0K9,F,1993-07-13,32,Athlete
15590,M4QXQM29VYA6O37L,M,1960-10-20,65,Athlete
15591,MECOUGN7M9RT1RNV,M,1972-05-04,53,Athlete
15592,NHBQA5L5YG3HO0AI,M,,0,Athlete
15593,NKU98ATVDC90JPPQ,F,1968-07-11,57,Athlete
15594,NQGCEQ0Y4C4GU0XW,M,1991-04-30,34,Athlete
15595,OIF76P94D700Q1ZC,M,1968-01-09,57,Athlete
15596,Q0PMXM10X5D53BOY,M,1967-12-12,57,Athlete
15597,RXZ62TSLNVCTHTMZ,M,1962-01-17,63,Athlete
15598,VKZU9BOBT38B8FC9,M,1987-07-23,38,Athlete
15599,X4TFJSHIA9IO59DC,M,1997-04-19,28,Athlete
15600,X5G9XFSA60IX2DFC,M,2001-02-01,24,Coach
15601,X7SHQUBQXZ58V125,F,1968-06-30,57,Coach
15602,XBIM7H5WQ0VOWBAB,F,1975-10-25,50,Athlete
15603,YDL4KOUW83GREXTX,M,1995-06-23,30,Athlete
15604,YVTY0XVDLNDYB2QV,M,1964-09-16,61,Athlete
15605,1C87AL819OLHTM20,M,2012-03-15,13,Athlete
15606,2H0BUIGNDZNKFV4O,M,2017-02-13,8,Athlete
15607,2OVR0R846JL7YABR,F,2013-10-31,12,Athlete
15608,3VTFP5X05EZULZ1P,M,2012-05-24,13,Athlete
15609,5FWU9NMG2RMU3HAN,F,2013-04-26,12,Athlete
15610,5V3TXGHNDYSVFTIU,F,2011-11-01,14,Athlete
15611,63512T9CE9RAXUF6,M,2008-02-12,17,Athlete
15612,6WLPLZA6FMZD62B7,F,2013-03-30,12,Athlete
15613,6Y1GW0AM9S7XWOG5,M,2012-10-13,13,Athlete
15614,AQT6Q679TVVM2BU1,F,2015-10-02,10,Athlete
15615,ARHEB9KADUXEYEF5,M,2011-01-12,14,Athlete
15616,AXKXDJ2NDLN9CDU3,F,2013-07-18,12,Athlete
15617,AXZUS88FO46RH5UK,F,2013-07-18,12,Athlete
15618,DKH1UEJDXO4996F6,M,2006-02-07,19,Athlete
15619,EBB7E2POK7K95909,F,2008-09-27,17,Athlete
15620,ETDK7B8G7WIECRYC,M,2010-11-24,14,Athlete
15621,EZS9EFH2IAZ352GP,F,,0,Coach
15622,HPTZIXV53BFFY5HU,F,1953-06-11,72,Coach
15623,HRBCGBG5H8QRDWFM,F,2012-12-24,12,Athlete
15624,I373CQA8GJ1WGSHD,F,,0,Athlete
15625,JM5C5ID791OKPS0B,M,2012-09-19,13,Athlete
15626,JUE5R8GYCELQRSHN,F,2016-03-23,9,Athlete
15627,NC7BRS7OTJNB1V5I,F,2014-09-12,11,Athlete
15628,NH8KC9BO6A8M8GG6,F,,0,Coach
15629,P73WUPTXG8HZZB4X,M,2012-10-22,13,Athlete
15630,Q93L4NZ4G1OZ1YJP,M,2016-01-28,9,Athlete
15631,RWXBAGUTYLS0I5H5,M,2018-08-13,7,Athlete
15632,SGO0I29ZKNNQJFAZ,F,,0,Coach
15633,T3Z8KAPP38M6N48J,F,,0,Coach
15634,VN29VWM7ULDFSYMF,M,2007-06-01,18,Athlete
15635,VN7EOZ89ZL1A9SPM,M,2013-12-18,11,Athlete
15636,VV73VE5867CDKIVY,F,2010-11-21,14,Athlete
15637,YLDZMCGF5L57BKWV,F,2011-07-23,14,Athlete
15638,2OJTIEOFFH0BTS1P,M,1977-01-11,48,Athlete
15639,76PCXEQI62J0Y84G,M,1995-11-10,30,Athlete
15640,8LQOG1WWVJLLXJDC,M,1975-08-03,50,Athlete
15641,DVHCS77CMJVC3RZ1,M,1973-01-24,52,Athlete
15642,KKV005CBG2POKVQU,M,1992-02-13,33,Athlete
15643,RQ6634QA5PL63L9O,M,1981-04-07,44,Coach
15644,RZNZLG6N4PM14WFX,M,1990-02-06,35,Coach
15645,S41XKX0VX98QTY9H,F,1983-05-12,42,Athlete
15646,U05EIVT6OEID3SYN,M,1990-10-16,35,Athlete
15647,VEOVPS49GJAUPA90,M,1968-01-14,57,Athlete
15648,5EZD2Q13H0A8YYAM,F,1971-01-13,54,Athlete
15649,5M73YHH3MUE4LMZM,M,1974-05-01,51,Coach
15650,93J308K3RWM8BR7Z,M,1972-05-26,53,Athlete
15651,CCNNFFDO6UP4JK9V,F,1984-08-16,41,Athlete
15652,EHZ3N63QY71VFDLA,M,1970-12-07,54,Coach
15653,GKEOC2QS3OYCWHAQ,M,1970-08-25,55,Athlete
15654,I5IU3DRA4UBI8EGX,F,1979-07-19,46,Coach
15655,KQ7UMTTJ1ZT04FJ3,F,1990-05-18,35,Coach
15656,MWGXLK4AKGATSVNF,F,1981-11-28,43,Coach
15657,O4RQU61HEC868DZ8,M,1992-03-25,33,Athlete
15658,PP0OJ6ZEAG7E97O1,F,1988-09-03,37,Athlete
15659,Q50XRXHU86H434I4,F,1971-06-28,54,Athlete
15660,QD6OV3LRLGFCRB24,F,1976-09-08,49,Athlete
15661,QLKD5L2GKO3X62V0,M,1998-10-21,27,Coach
15662,QR5WENUKHJYXARMY,M,1978-11-10,47,Athlete
15663,QXX2S7WIZYP8VAAB,M,1975-10-07,50,Athlete
15664,SQB6676ASF2CWIOV,M,1986-02-19,39,Athlete
15665,UXQXLUY6SKXMB2VT,M,1985-05-31,40,Athlete
15666,VQTSAX7OGOXPPXXS,F,1976-06-17,49,Coach
15667,VR7U6KZXRMHBNMEV,F,1965-03-19,60,Coach
15668,YJ7JVOEFAENBV2RS,M,1976-04-22,49,Coach
15669,ZSC9OEJYRNMX679Q,M,1974-01-12,51,Athlete
15670,02PY4KTNPL3WQE44,F,1961-09-09,64,Athlete
15671,062RDABPEIKHA88Z,F,1978-05-15,47,Athlete
15672,092OPAYD27LFUF7K,F,1957-07-17,68,Athlete
15673,12ZX1LXAQYISZIW7,F,1972-05-29,53,Athlete
15674,163WPD19PEFSGC00,F,1978-01-19,47,Coach
15675,165JEPUI04PHD5GS,F,1960-01-05,65,Athlete
15676,1OZ5FVR3QL6SP0LS,M,1962-10-26,63,Athlete
15677,3T1M9ON19IPSIX8X,M,1993-09-10,32,Coach
15678,3TUNG2VDINAO91SD,F,1995-07-15,30,Athlete
15679,51WBFQK8PBDBEQ0Z,F,1980-07-02,45,Athlete
15680,5GLND5EZWC9WE4O1,M,1976-01-20,49,Coach
15681,7SB5CBL5YLGTU5UF,F,1996-01-18,29,Coach
15682,7VUS4NL1BR9Z05DO,F,1988-03-22,37,Athlete
15683,81EG0PPJT9DCD0BZ,M,1994-08-17,31,Athlete
15684,8GF14TSPTCUZZQ6K,M,1991-04-19,34,Coach
15685,8HIHXWZ8RLXB2XDL,F,1997-02-27,28,Athlete
15686,8TQITVBWQJGKSNGJ,F,1988-07-19,37,Athlete
15687,9BXNY2OZ81097NSX,M,1940-02-04,85,Athlete
15688,EKDS1YXOPKSVV78V,M,1949-07-27,76,Athlete
15689,FHPTXW1E4TL4BEQR,F,1969-11-17,55,Athlete
15690,G1L32NYK2BSAKMZQ,M,1972-06-24,53,Athlete
15691,GLP9JID85MPVLMIE,M,1955-04-30,70,Athlete
15692,HWV7CIDQTALPSQY9,M,1967-06-24,58,Athlete
15693,I51QPJ4VIHUBUSHN,F,1981-02-13,44,Coach
15694,I8HU27XA3IOPEU0F,F,1950-08-08,75,Athlete
15695,KM9O57EIXVUZNXMA,F,1976-06-02,49,Coach
15696,L7GNPSN1CBZ1U00X,M,1953-07-24,72,Athlete
15697,LI9BPXE4C2UVWY90,F,1992-12-12,32,Athlete
15698,LIOXX741W4BCV7HP,M,2000-01-24,25,Athlete
15699,M9T78PZ1QZ5INXDP,F,1993-03-23,32,Athlete
15700,P01T3UINKCFI0E2V,M,2000-07-07,25,Athlete
15701,Q2L47SCLRFV9VRHS,F,1996-06-16,29,Coach
15702,QH9OLPUFWI0OWUUG,M,1982-09-12,43,Athlete
15703,QK75232WJ6RBDE08,M,1955-11-08,70,Athlete
15704,QNR0FMUY6MY9US5A,F,1956-09-23,69,Athlete
15705,RW1Z59A3N46NUMVC,F,1958-06-08,67,Athlete
15706,SJFVPSA1DD34YN72,F,1964-12-02,60,Athlete
15707,SOUPHJ5D40HHDYKP,M,1990-06-29,35,Coach
15708,TOZPE4F9L1A6PPSJ,M,1986-01-30,39,Coach
15709,UJC505KLTRJ4VJDO,F,1985-10-22,40,Coach
15710,UMMR4ZB3YULCY4DP,M,2002-07-01,23,Coach
15711,UVMYHI47QRGA4ZXW,F,1948-06-14,77,Athlete
15712,WF8SI66CHGNQNLTJ,M,1997-03-03,28,Athlete
15713,X1L2BGM1R67IAK98,M,1947-09-14,78,Athlete
15714,ZPE2L2K8HY0T9DW5,F,2003-07-03,22,Athlete
15715,16W659GM5GYSCGTE,M,1981-06-15,44,Athlete
15716,1JXRGPTGFI6I4NK9,M,1953-01-05,72,Athlete
15717,5F89TLZ6TFZ3K8HA,M,1970-10-24,55,Athlete
15718,5OCNIDA8TEZHXD1N,F,1973-06-23,52,Athlete
15719,66G0WEZS7IAEQUTG,M,1967-10-25,58,Athlete
15720,6D87YJQ6VCH5UDM6,M,1969-02-21,56,Athlete
15721,6WJNUHNHHKRJFFLH,F,1982-02-15,43,Athlete
15722,881FN0RFPNF60TMJ,M,1974-03-04,51,Athlete
15723,8J4NR8Q7R0GLPVFJ,M,1971-11-20,53,Athlete
15724,9E1XOY92ORIRV413,M,1982-04-22,43,Unified Partner
15725,9UUIOX0VWQ2XI44A,F,1962-11-27,62,Athlete
15726,DOQQ7OIHYIMRPJTF,M,1977-10-25,48,Athlete
15727,EZWPENJ9BBASGJTS,M,1965-11-06,60,Athlete
15728,I59TDEQ5DGPVC9FW,M,1989-03-24,36,Athlete
15729,KCH3G9KZIDFHNVEH,M,1998-05-18,27,Coach
15730,KQEWMZPIGY9LPXTW,F,1980-08-09,45,Athlete
15731,L2SIB3J86QX5E0C4,F,1987-05-03,38,Athlete
15732,N9V9HM53W4GAIQQC,F,1978-06-08,47,Athlete
15733,Q7Y1G322OZBA3ZD0,M,1967-07-17,58,Athlete
15734,R6G7HCKJVH27NJ37,M,1985-11-19,39,Athlete
15735,RZ4L8D6S1JSK7G6R,M,1977-07-10,48,Athlete
15736,THMRZV2YYT04M0NU,F,1962-08-22,63,Athlete
15737,UWIH3EOADCI71SW2,M,1984-05-09,41,Athlete
15738,V2VOLAF0PXTRHD2U,M,1971-02-02,54,Athlete
15739,WTTKSCJNL269MOFK,F,1965-04-22,60,Athlete
15740,XPHHM467ZD1JV0W1,M,1976-01-24,49,Athlete
15741,XRUQLBZPJCLLNAX6,F,1988-04-02,37,Athlete
15742,0EQM5RUI8467EK49,M,,0,Coach
15743,0WJMPS9OI1Q2B1WG,F,,0,Coach
15744,2GN53GJYAUE4H2N6,F,,0,Coach
15745,38U678V3XCKD0TWJ,F,2009-12-31,15,Athlete
15746,3K66BWLGUU54O88P,F,,0,Coach
15747,4CLPIEPTBV9IIIEH,M,2006-04-07,19,Athlete
15748,CVURXQ143IARQKYN,F,,0,Coach
15749,EK35AGSO5DNZ2V76,F,2011-10-13,14,Athlete
15750,ET8L8XO30ANRRE0R,M,2012-01-24,13,Athlete
15751,GNOHVR5SHK4LUGEZ,F,1979-01-13,46,Athlete
15752,ILJXJJZ3QE99HQI8,M,2008-04-22,17,Athlete
15753,J13N998FUN5CTGAV,F,2010-09-21,15,Athlete
15754,N3K4R60LXDOSWAVU,M,,0,Coach
15755,QY5LOWVMTWY5K5OD,F,2011-06-29,14,Athlete
15756,SY2F3RW9D7FIHVNH,F,,0,Coach
15757,XJFKZBEMWWFPJ8C9,F,2009-06-03,16,Athlete
15758,Z598Y04XS1VNN0WX,M,,0,Coach
15759,ZY4UZII58NOD6C0C,F,,0,Coach
15760,0V2OHBNFQBFERFJH,M,1988-12-08,36,Coach
15761,1BQ60C6DQJQTHFXA,M,1973-06-22,52,Coach
15762,1I6XBKJGU2M33IWL,M,1975-07-31,50,Athlete
15763,23XTR32S45WC1PY6,M,1963-12-16,61,Coach
15764,2NZ4VFE5B4F67S2B,M,1991-09-06,34,Coach
15765,33NVP3LOIF9WVIMM,F,1980-08-23,45,Athlete
15766,580TYWHR3Z3C4JP0,M,1987-03-20,38,Coach
15767,5F7GS9K1GMCMG6B1,M,1971-08-18,54,Athlete
15768,5KRG1NWXFVHSXYLN,M,1966-09-27,59,Athlete
15769,77RSLKBJ3MM9UN3H,F,1997-01-18,28,Athlete
15770,7ESUHU49PX63Q4BP,M,,0,Coach
15771,AW9ZWHTX2X3IJ1FB,M,1999-04-26,26,Athlete
15772,AYQPBKC1S8Z1QLLL,F,1969-09-14,56,Coach
15773,F7R1CNJBJ7YB7KN9,F,1992-08-22,33,Athlete
15774,GDRZ8EBA448A05RU,M,1970-08-11,55,Athlete
15775,GGW0G1O7D7W4FBNH,M,1949-06-15,76,Coach
15776,I0JW2KY5S8MVVTB7,F,,0,Coach
15777,I7RMSFJSVFEGVX1Y,M,1983-11-14,41,Athlete
15778,JUNNN7X9SXMM2KKP,M,1987-06-21,38,Athlete
15779,K8NSV41VPKBTQJGK,M,1981-10-03,44,Athlete
15780,KDTUFWTQGMMVXR7O,F,1970-03-20,55,Coach
15781,KGHZ4EZ5489N95Z7,F,1987-03-06,38,Athlete
15782,LF2G9EON6KQ0F89Q,M,1968-04-28,57,Athlete
15783,LT4W2I3PHEYZH8BA,F,1960-11-30,64,Athlete
15784,MPVEQE0I2BVBHFWC,F,1959-10-14,66,Athlete
15785,O4DU4Y99I9QAWKM3,M,1962-05-22,63,Athlete
15786,P64O0B8HXQVDMJ9Y,M,1966-10-04,59,Athlete
15787,Q3U2NUPNJKPM3585,F,1985-01-25,40,Coach
15788,QK46QLFAUPSYP0I1,F,1996-05-30,29,Athlete
15789,R8M37318KV590GMA,M,1988-12-15,36,Athlete
15790,RSRK1BJ4B3MFPRZD,M,1990-05-09,35,Athlete
15791,RTT7T6BH2RUJGVCR,M,1968-06-19,57,Athlete
15792,S3I8F7FGYIGWDSG9,M,1989-11-09,36,Athlete
15793,SKCSSKIRDAIFSG04,F,1997-10-17,28,Coach
15794,SV488VAXPC451OK8,F,1995-10-05,30,Athlete
15795,T0SQW62WHH0YQM1A,M,1967-05-22,58,Athlete
15796,VHM4Y3P24NN6ESJO,M,1971-01-23,54,Athlete
15797,VMBNZD4GUTPL8YX1,F,1993-04-01,32,Athlete
15798,VSHQ0URJKIMWMHNT,M,1991-07-05,34,Athlete
15799,WX3PX2XIF1OYIGIA,M,1973-07-20,52,Athlete
15800,YG8K166YXOP7LQ2K,M,1989-09-29,36,Athlete
15801,Z1BZMO5D03YBHPIM,M,1970-10-08,55,Athlete
15802,ZRA6ZEVNGDBCUOLX,F,1969-09-14,56,Coach
15803,0VGNMNSV2NBJ8DZ3,M,1954-10-10,71,Athlete
15804,1RTUQR6OFO61IXY9,M,1991-05-13,34,Athlete
15805,6SZJ3GZKPK5BPH55,M,1975-11-08,50,Athlete
15806,7BK0UDBPQT22897L,M,1966-02-13,59,Athlete
15807,7V0VE9BAB6ZN1PID,M,1973-06-27,52,Athlete
15808,9WPFQSG5HC445MAE,M,1969-07-22,56,Athlete
15809,KRJCMCUMOQTPE17X,F,1964-07-27,61,Athlete
15810,MEKG9DP5D33J8ZK0,F,1972-11-07,53,Coach
15811,XEUK4HOOQSQ5TQMK,M,1961-02-18,64,Athlete
15812,YD17LD18G1HSWNMM,M,1979-11-08,46,Coach
15813,0A4O0GJVU4BHM9NV,F,1956-09-10,69,Coach
15814,0AE5GZUQ1VTKRI0U,M,2016-10-11,9,Athlete
15815,0ZXL332JNGMPVD7S,M,2007-06-29,18,Athlete
15816,1Y7RIO0XE4OFKA8A,M,2014-05-08,11,Athlete
15817,2DKL058G678FJ8DL,F,2003-03-11,22,Athlete
15818,2JJQYF4H0E6IFC61,F,2000-04-20,25,Coach
15819,5A8WXLIIZLSCJQWN,F,,0,Athlete
15820,5BDNVYHT2IM2KFP8,M,2008-10-30,17,Athlete
15821,6RSLPU0ADI8OE17H,M,2014-03-20,11,Athlete
15822,7WZP7O3TYY3PBYP6,F,,0,Coach
15823,9I4N93PQ9FIQS4R0,F,1993-09-15,32,Coach
15824,BEL443BUEOHFGVT3,M,1981-04-16,44,Athlete
15825,BHRN9HHOOWOC7J53,F,1999-07-27,26,Athlete
15826,BM1KYFJXJI2YBUVO,M,,0,Coach
15827,BRFJETMTANBAF67F,M,2014-07-07,11,Athlete
15828,C1V4L62SWAW64MUA,F,1998-08-26,27,Athlete
15829,CBMRCJICPM3UAZ2V,M,2013-01-07,12,Athlete
15830,CBSQFQHB2A50QT07,F,1995-07-21,30,Coach
15831,EB7VTP691J8Y9P3X,F,2009-01-05,16,Athlete
15832,EXLJU7KRGFC8BKOX,M,1994-02-03,31,Athlete
15833,G7ODLFXBN81ZIYGX,F,,0,Coach
15834,GPL4GPRXEDNXMQRX,F,1951-12-16,73,Coach
15835,HAIODT4BCDW0IDES,F,,0,Coach
15836,HU7HESS19CKM0C1A,F,2013-04-19,12,Athlete
15837,I9XO5IJ2V5XUJF5K,M,1995-08-24,30,Athlete
15838,IJTSTWV2YS4WIMK7,M,1996-06-25,29,Coach
15839,J1HHYK3RWEJJQUVE,M,1995-08-11,30,Athlete
15840,J3ENOXMG8K13O5Z3,M,2011-07-14,14,Athlete
15841,JGTGCMYLZM1SX9Q6,F,2006-11-20,18,Athlete
15842,K2565BA064ARTFNX,F,1991-05-25,34,Athlete
15843,K3W3VIXSEYM0T7MJ,F,2000-08-24,25,Coach
15844,K8TYJ2JSTSHJJMQ2,M,2012-06-18,13,Athlete
15845,KREUSSZYF8SEFST4,M,1988-09-25,37,Athlete
15846,QP76DXX8IEG35YEW,F,2003-11-15,21,Athlete
15847,QSRL6KH5U7M4HUKW,M,2010-07-24,15,Athlete
15848,RGPKCOPNCS191OE2,M,2010-10-14,15,Athlete
15849,RO7FH844VNOZMVW6,M,2003-03-14,22,Athlete
15850,S7N34LS1EH4YNUU3,F,2010-08-27,15,Athlete
15851,SEVFJM7BN2786T0S,M,2009-09-12,16,Athlete
15852,SGW1F2G3ACPXNIUY,M,1993-10-25,32,Athlete
15853,SN1CTBP9E6OX4D8H,M,2011-05-29,14,Athlete
15854,TY6DXVWDSJBA41LS,M,1998-05-17,27,Athlete
15855,USM68QIHJSTPYLFG,F,1994-08-15,31,Athlete
15856,V28EW2IKYQWX5H5T,M,2006-02-06,19,Athlete
15857,WB9JDIZEF55D6B58,M,2013-11-04,12,Athlete
15858,WQRBYN2BMG9VHXUE,F,,0,Athlete
15859,X60EFLW2RQW0VKDN,M,1995-03-19,30,Athlete
15860,X7EUYTB5BDSOC2VX,M,2015-10-03,10,Athlete
15861,XB36SK3ICQDDX3V3,F,,0,Coach
15862,367NUZ47CSB80BOJ,F,,0,Athlete
15863,41DL6VJNSLDCLXIV,M,,0,Athlete
15864,718MU43ON0HKX38H,M,,0,Athlete
15865,D8BRRHTD1T0QCR3O,M,,0,Athlete
15866,ER34SKBZYNBPONW0,F,,0,Athlete
15867,F1ELZHNTP7UWACVJ,M,,0,Athlete
15868,R1U34IBPE1Q3V5ZS,M,,0,Athlete
15869,XBIDUL2OIXAK9N4P,M,,0,Athlete
15870,0U285WV1AR9XTIB1,F,2001-12-16,23,Athlete
15871,1BPZKA8LCWGTBXZB,M,1954-03-30,71,Athlete
15872,1P2RAHQUN15OJ5MN,M,1957-09-17,68,Athlete
15873,4L3M4KQQJR41PXVD,M,1989-04-27,36,Athlete
15874,4NJ48FZ3OVMVDVB7,F,1968-09-04,57,Athlete
15875,6T83QAD9NH9RFLP9,M,1976-04-30,49,Athlete
15876,72CDJ8S51CA0E458,M,1947-12-27,77,Athlete
15877,863GNBKXABNVE3UK,F,2005-06-28,20,Athlete
15878,9C8CI4YLJOKPGJS3,M,2000-06-13,25,Athlete
15879,AFRXLKP40HH68UOL,M,2000-02-12,25,Athlete
15880,ALZ0ON2YRELTRPMW,M,1993-04-23,32,Coach
15881,ANDQZLFN8VODUGB2,M,1990-08-30,35,Athlete
15882,B6ATM4EWSP6PO28P,M,1976-02-02,49,Athlete
15883,BBPWB4VA3XNV4IMY,M,1993-04-16,32,Unified Partner
15884,BHZ4721MLXM148W0,F,1984-04-06,41,Athlete
15885,D0PO8M0AIR522I7D,F,1976-05-11,49,Coach
15886,D4MLLEYF2YSKQVEU,F,1986-03-05,39,Athlete
15887,DXONOF0VCUUCZVZJ,M,1996-09-15,29,Coach
15888,E4I6L1GVKRWV26YM,F,1968-08-19,57,Athlete
15889,E82LMO6JH93RT78C,F,1989-07-05,36,Coach
15890,EZ23G12YK7J3UQ3K,M,1963-04-03,62,Athlete
15891,G8VO9JH8IA1LJXSL,M,1965-12-05,59,Athlete
15892,GGFJDDTGH3I6OU64,M,1999-03-26,26,Coach
15893,I2CXBCYLEURDLNS8,M,1965-08-28,60,Athlete
15894,I3Q17BULZE4S82SP,F,1982-06-06,43,Athlete
15895,IYNCD6MI24U1CE9K,F,1966-03-14,59,Coach
15896,J07CUADD2O7K7GAI,M,1987-08-17,38,Athlete
15897,KRKF6H0XADHCI9QH,M,2002-08-21,23,Athlete
15898,LNV0JVQWVVT1B7H5,M,1992-08-09,33,Coach
15899,MISSV8WG8CEKTP0Z,F,1992-05-25,33,Coach
15900,MJ64HXVJ5AI52TPA,F,1994-06-02,31,Athlete
15901,N6FUOZ3MY2UFJRO4,F,1996-11-18,28,Coach
15902,N9EUTPSTQDTO3H6Y,F,1958-03-03,67,Athlete
15903,ORWT4SLARO67WW97,M,1961-09-11,64,Athlete
15904,P63TALDHXKKBAO6U,M,2001-07-23,24,Athlete
15905,Q2XW3L7EZ5NY8W9I,M,1962-11-19,62,Athlete
15906,Q8VNCOR5FK58LBDF,M,1994-02-23,31,Coach
15907,R9H7HFUTWUSM0CJV,M,1991-09-26,34,Athlete
15908,SH7767YPRPYYPLHG,F,1983-08-02,42,Coach
15909,TESGMDIDOZ5J8VGV,M,1976-05-03,49,Coach
15910,TG0T4SJ7OHE074TH,F,1973-03-29,52,Coach
15911,TLO55MMQ596IQG15,M,1972-08-17,53,Coach
15912,UYXU5V943NRW29EJ,F,2001-02-14,24,Coach
15913,WOQVWOJRJR90DG6S,M,1993-03-27,32,Athlete
15914,XP10UV7PSZQ8S5NC,M,2002-02-26,23,Athlete
15915,Y7471QHUGU83QA3X,M,1968-12-23,56,Athlete
15916,Y86TRWLNNORWXTTF,F,1995-02-04,30,Coach
15917,9LE7GUYB9YHBKD2G,M,1986-07-14,39,Athlete
15918,LIMRQ27F8QMO0F4M,M,1993-02-16,32,Athlete
15919,3B5W0PWG9VS30L5A,M,1951-12-16,73,Coach
15920,3V0IXU5NVU7PAGEK,M,1968-06-14,57,Coach
15921,5U9D903ZOM0195GY,M,2002-03-07,23,Athlete
15922,9AUG0XAH3L7XRQVO,M,2000-09-16,25,Athlete
15923,9WPIUH76NJKD4N6M,M,2004-03-07,21,Athlete
15924,BYOTLJ960X0DPVJP,M,1978-12-05,46,Athlete
15925,C9RLRUZH8A78GX2R,M,1977-01-23,48,Athlete
15926,DVMWE4WSX9QABKFL,M,2004-12-20,20,Athlete
15927,FZNRW8BXJIZD9E3M,M,1997-03-27,28,Athlete
15928,JA0V77XO5W9Z7TG8,M,2000-06-30,25,Athlete
15929,NGQUZVVKC2AQ3KB1,M,2008-05-14,17,Athlete
15930,NPUG1TNYR2YHDX7D,M,2010-10-01,15,Athlete
15931,OBIKXJE89YIQJUPH,F,1987-04-23,38,Coach
15932,OOKNRF1BTRVW21HC,M,2000-10-15,25,Athlete
15933,SPE5H8JDH6NZUE60,M,1998-06-05,27,Athlete
15934,WA3UEM3ASBMU5NWX,M,1993-11-07,32,Athlete
15935,YESKOFPY3F2JR7VB,M,2005-09-25,20,Athlete
15936,YXQ6XO6B5SR56ZHN,M,1963-06-12,62,Coach
15937,2DQNHFSWP8WCFSA8,F,2000-12-03,24,Athlete
15938,3UB280SKNJZ40R57,F,1959-10-24,66,Coach
15939,53CT9426SY9P9KT8,F,,0,Athlete
15940,9PAM38XHB1Z5QJLJ,M,1976-06-29,49,Athlete
15941,9ZFY1YHA92JAJB76,F,1989-04-06,36,Athlete
15942,E5O40OPCHK3QNCPU,F,1998-03-14,27,Athlete
15943,EHD8IARDGGQVHHSI,M,2007-04-03,18,Athlete
15944,P4DCWHI575F1WCI0,M,1993-10-20,32,Athlete
15945,RTH27GZM99XVC40I,M,1958-10-20,67,Coach
15946,UMQBPENT3I6LRXZU,M,2008-08-25,17,Athlete
15947,X37JCID1FZN28OMX,M,1982-05-20,43,Athlete
15948,YRS7RVNVGENYJZD0,F,1976-05-06,49,Coach
15949,ZXHFOLJRW9JUW7R7,F,1998-12-08,26,Athlete
15950,IFH8S4JDB8Z07ZSV,F,1986-04-23,39,Coach
15951,Q0SWD1HYVTYVHKRZ,F,1993-04-30,32,Athlete
15952,29EK3AH5QBOQAGWX,M,,0,Coach
15953,2NWNEJFPLHJ2K729,M,1976-02-02,49,Coach
15954,4UV9F1W9MXRLNRY9,M,1988-12-20,36,Coach
15955,4WXFD3MPNLNDDE0P,M,1992-12-03,32,Athlete
15956,7ESVUIFLTK1EKMZR,M,1992-09-21,33,Athlete
15957,85ZZNHUJ93YWQV1J,M,1995-12-10,29,Athlete
15958,8NIL659YJ0XTVQMA,F,2003-09-10,22,Athlete
15959,8OD74CJUDNVCB1YM,M,1999-05-07,26,Athlete
15960,8ODONOLYJMY75UNF,M,1999-08-17,26,Athlete
15961,96PIO9ZLB7CS4GBP,M,2000-02-06,25,Coach
15962,9GMN02V6KAKPW3E1,M,1998-07-16,27,Athlete
15963,9MJHFMGPLWO2H32G,M,1985-08-12,40,Coach
15964,A7GVTIXDS8K3MS41,M,2005-10-01,20,Athlete
15965,C59JDRGVQRZAX5EV,M,1998-07-27,27,Athlete
15966,DA2BA2V95T4127YF,M,1989-08-08,36,Athlete
15967,DBQHAOGX5TU4VRFH,M,2003-04-07,22,Athlete
15968,DEEJ7NIPRP8M4QIA,M,1977-10-30,48,Athlete
15969,DEXKBIYB7572V022,M,1998-09-10,27,Coach
15970,FSGMB9RB8K1EUHBQ,M,1999-06-24,26,Athlete
15971,GUH3057AVMBBGRSV,M,1998-12-11,26,Athlete
15972,HL1UYU7EJE4UC4ES,M,1986-09-15,39,Athlete
15973,HWYJ3DUGBZYY5R3S,M,1997-07-26,28,Athlete
15974,NUUOD5PR3D4MZKIL,M,1976-02-06,49,Athlete
15975,OGQRVPGJKKCN95E9,M,2009-04-28,16,Athlete
15976,OJH89DTETCFE675E,M,2006-03-09,19,Athlete
15977,SMNSFQMEM7LVBK57,M,2000-10-25,25,Athlete
15978,U2CZMIPZA15X7EIM,M,1989-01-14,36,Athlete
15979,U67TT251IHSUBDKX,M,1981-02-08,44,Coach
15980,VG27UAQN9UWRU7AN,M,1987-02-09,38,Athlete
15981,YNNC9QPJWFV411Q4,M,2005-10-26,20,Athlete
15982,36W72CSNVGGHAQLZ,M,1971-11-19,53,Coach
15983,6VMTBHG6ZAHSIY2J,M,1987-08-11,38,Coach
15984,CA4ONHZOHU57CXAS,M,2006-02-03,19,Athlete
15985,K90XP9VRIYIHCAKS,F,2001-07-26,24,Athlete
15986,L5Q9OLTHHJ2LE0YT,F,1971-06-30,54,Coach
15987,QMSHOM3NB0IDAD7K,F,2011-04-05,14,Athlete
15988,R5D458J8Z9R57MID,M,1985-06-16,40,Athlete
15989,RTJAON2YXIA24T45,M,2003-03-17,22,Athlete
15990,RVPCT63RD43PZ9MX,M,2008-10-20,17,Athlete
15991,SU1ZFKXVEFPXMDAH,M,1959-07-27,66,Coach
15992,UJEI159DWNKEGEJY,M,2002-06-17,23,Athlete
15993,WN4PMO0YYD3NK2ID,M,1986-06-29,39,Athlete
15994,Y5MRGZ06S069HTKL,M,1974-04-16,51,Coach
15995,0NV35VHIII7X6TU1,M,1970-08-16,55,Athlete
15996,0Z5NZC65V8SAUZDS,M,1991-05-06,34,Athlete
15997,2EGSB5A4VOIZMUS3,M,1968-01-21,57,Athlete
15998,2PFADAPZ7V4N9UT0,M,1978-01-20,47,Coach
15999,411OLSSE8NGHKBM4,M,1988-12-05,36,Athlete
16000,64GBM6CA6O5RGRLM,F,1991-01-29,34,Athlete
16001,892FQPXFRI9WP06A,M,1968-07-15,57,Athlete
16002,8VR4C4JZEPA5ES96,F,1999-09-15,26,Coach
16003,95G3QTBWRKUC2HAU,M,1988-12-08,36,Athlete
16004,98405Y8ZMHEO8KS9,M,1984-05-07,41,Athlete
16005,DLVWNNSUMYE1P3OX,M,1991-03-07,34,Coach
16006,DO067WMCA5R87VDF,F,1977-08-28,48,Athlete
16007,H5N1H0SMM1R220UY,M,1991-02-14,34,Coach
16008,J8L4GGNVEX7J2K1G,M,1973-10-27,52,Athlete
16009,JI98ABF33JKRNSLJ,F,1992-08-06,33,Athlete
16010,K0RS77E54RX0JIXX,M,1965-08-19,60,Athlete
16011,K2Z01OYBRUJWL2CN,M,1959-12-06,65,Athlete
16012,L9WQYGTSSLZ5IHOT,M,1978-12-18,46,Athlete
16013,OWIG39GMF8DO412O,F,1972-06-19,53,Athlete
16014,P2530ILFJR3HKTO4,M,1992-06-19,33,Athlete
16015,QJ8L0ZZJYMRBXLI3,M,1980-06-03,45,Coach
16016,R81F72ZGR02I2UMS,M,1996-07-08,29,Coach
16017,SGQ1TQ25AZWNI9Q1,M,1977-07-04,48,Athlete
16018,UA6U7K096R7LNF6V,M,1995-04-13,30,Athlete
16019,05B5A4430XJ0J1DW,F,2006-01-26,19,Athlete
16020,0EHKBXKK4V1HJMXT,F,2008-01-17,17,Athlete
16021,1E2PJVP83FLB2TR6,F,2002-11-14,22,Coach
16022,2AHOI9K06B8UYEOF,F,2005-05-28,20,Athlete
16023,41QPQOR04LAY56JE,F,2005-02-25,20,Athlete
16024,4QJLNU53DHXKPQIA,F,1997-04-08,28,Coach
16025,54P0DN7DTZIP1POV,M,2010-11-30,14,Athlete
16026,6V8URPMHNNSQNLRZ,M,2008-10-15,17,Athlete
16027,7A672RFKEON7M7L4,F,2007-04-12,18,Athlete
16028,7CKC1UPOSP14CSJX,M,2009-01-01,16,Athlete
16029,9RWK7ZS1Z1AIMK0V,F,1989-05-07,36,Coach
16030,A3U8AR3SBA3PLQU2,M,2010-04-09,15,Athlete
16031,AZ9Z22ARWMTXAH8H,F,2006-06-24,19,Athlete
16032,BBV5LEBSQIPKRM1Z,M,2005-05-07,20,Athlete
16033,BKWN4UZT6XLK5VYG,M,2011-03-12,14,Athlete
16034,CCA391DC3BB44BR6,M,2010-03-19,15,Athlete
16035,COUWKY7RF37W95XH,M,2008-11-03,17,Athlete
16036,CWWKGYU00EMTX1JM,M,2010-02-04,15,Athlete
16037,GEGRFA7B8E005R7S,M,2008-10-15,17,Athlete
16038,GMJT8NJIJTCOBHSG,M,2010-02-24,15,Athlete
16039,IENVZ92SI11QWDFW,F,2001-11-02,24,Coach
16040,II7QBIC63ALTZ07B,F,1980-10-12,45,Coach
16041,IP3GQXO4WDKJBKGA,M,2009-08-16,16,Athlete
16042,JC06N26Q24R40JWB,M,2005-06-23,20,Athlete
16043,JR4G3LX79IWG6YMR,M,2011-08-14,14,Athlete
16044,K9HNLY8XPCSDUFPC,M,1980-07-03,45,Coach
16045,KNZMYNHAPBKBVUFN,F,2011-02-11,14,Athlete
16046,L0S3SHMQ246ZN3AI,F,2008-01-17,17,Athlete
16047,LDGYDWJ0S6VR1UEW,F,1974-11-24,50,Coach
16048,MRRDSKHTWJ5PEKEM,M,2008-10-01,17,Athlete
16049,MTTI8IMB7EILA0BU,F,1968-12-04,56,Coach
16050,N8QVIOG9KQZLEVGG,F,2007-06-28,18,Athlete
16051,NR4JIR4EMR6HZ0W3,F,1975-05-06,50,Coach
16052,OK9BQNZXOE7UJMRR,F,2009-08-27,16,Athlete
16053,QS1JC51SGK6GJ0C4,M,1968-07-29,57,Coach
16054,T6EJ8LNI9JV2T9L8,F,1995-05-16,30,Coach
16055,TQCJBP58SGKLDL6A,F,2005-12-27,19,Athlete
16056,TYWVY7KYOAIFN7NI,F,2006-08-08,19,Athlete
16057,UN9PROCYF5REZQB9,F,1992-05-20,33,Coach
16058,WO9YKCA2U5GRCHB8,F,2010-02-09,15,Athlete
16059,XJ2OEZ6LZFN4NW8P,M,1989-10-22,36,Coach
16060,XOTZ8CKQQRQ2IPJQ,F,1982-09-29,43,Coach
16061,Z0HXWIQDM41CVGF4,M,2010-10-19,15,Athlete
16062,2K3RIGWGDCCO652L,M,1971-07-26,54,Athlete
16063,6I5KKRPXOT3EMZ28,F,1969-02-16,56,Athlete
16064,6N7P6V84UGDUO2BW,F,1998-04-06,27,Coach
16065,A52ALXLAY6PAH0NA,F,1977-06-19,48,Athlete
16066,AFXXQ26NAIDRS0C3,F,1990-10-28,35,Athlete
16067,BLUNFVWO6Q7CG25O,M,1966-08-28,59,Athlete
16068,D0VXBQCTOY3VK4IJ,M,1981-03-23,44,Athlete
16069,FOLFDE4VEMV8I2CJ,M,1973-03-30,52,Athlete
16070,JKS1HYVUX0B80HOK,F,1979-09-20,46,Coach
16071,L0PJ25DR7AM4NGD8,M,1977-10-29,48,Athlete
16072,LFGSPCUCUFLI3HK1,M,1967-03-15,58,Athlete
16073,QUG9OMUEMVKBBRU7,M,1996-07-16,29,Athlete
16074,XHE6XVY9D6IXAO6J,M,1998-08-14,27,Athlete
16075,XMO4JJ0LCA2GQUA7,M,1988-08-14,37,Athlete
16076,08GVXM3DHOCS94EV,F,1969-01-29,56,Athlete
16077,0IMCMJOVJ49861IF,M,,0,Coach
16078,1HIMFYTOUEPP7721,F,1995-06-25,30,Coach
16079,1HS5PJ4FF3PTXYZI,M,1996-06-06,29,Athlete
16080,6O8UCU78JNED5L5Y,M,1993-04-03,32,Athlete
16081,97DS65ES69O55RUA,M,1991-01-18,34,Athlete
16082,FIVKJYXEMQSBZRNB,M,1959-04-03,66,Coach
16083,G3DGNO1FFHADO2PC,F,2014-08-21,11,Athlete
16084,G9XMUPRENLDSYGVB,M,1994-01-21,31,Athlete
16085,JBZ2IRUFHMN54WF5,F,1991-05-25,34,Athlete
16086,K7CTLUJQXJ7S9Y55,M,2001-12-23,23,Athlete
16087,KXPJO7ET1MZOW2TW,F,2001-09-27,24,Unified Partner
16088,OHLPE0IJUTW8COCT,F,,0,Coach
16089,Q7NQG6HK7KNNGK5T,M,1990-11-24,34,Unified Partner
16090,RL1RIY7XLJ05B31V,M,1982-08-05,43,Athlete
16091,S1Y8UF9MT82PNQSU,M,1993-03-15,32,Athlete
16092,T9VJK6MGO1XIBJUD,M,1997-01-17,28,Athlete
16093,TSSUKLERL8A200PQ,F,1959-01-11,66,Coach
16094,TVY4ASYNL3XA6VD4,M,1999-10-09,26,Unified Partner
16095,UZTGGTQ5KLPBWZME,M,2008-12-11,16,Athlete
16096,WZZZGIVNEYKDY8FN,M,1976-05-18,49,Coach
16097,2O3RFRBCPYQG08XU,F,2002-09-22,23,Athlete
16098,8I7LM9T73GXIZPJM,F,2007-09-15,18,Athlete
16099,MIQSZ8WM7EUPJBEH,M,2003-02-08,22,Athlete
16100,TYIJFFAM3OU1RHWA,M,1975-09-11,50,Athlete
16101,0P5F3XRCDLFSIU6G,F,1996-02-10,29,Athlete
16102,3732NQUAFDAU5D7J,F,1977-11-08,48,Athlete
16103,6OBDUEOYTYNK7NIN,F,1998-04-21,27,Coach
16104,75AQRPQUUE1W2IQ9,F,1983-10-24,42,Coach
16105,7OHYH53X7XRLVDV0,M,1960-04-26,65,Coach
16106,92NK6VQH47P8CRBN,F,1992-05-25,33,Athlete
16107,FL2ZM6HQ2NEOZ25R,F,1994-03-16,31,Athlete
16108,I9XPC5W89H4HQFIC,M,1989-07-30,36,Athlete
16109,JV3LBGKJ2OHYH0RV,F,1977-02-10,48,Athlete
16110,KXBKKGZ10JPKQ129,M,1994-06-14,31,Athlete
16111,LKPPB78XKNI78PZ6,F,1981-05-17,44,Coach
16112,QD9KDFM5ZSRLO26G,F,1990-02-07,35,Athlete
16113,UWX4TA74M5Z991T2,F,2001-08-31,24,Coach
16114,WFTOCUYNAX117TEE,M,1985-04-23,40,Athlete
16115,012Q9IUU7PE9ZFOW,F,1970-04-22,55,Coach
16116,0N72KC98JE6IAZSH,M,1965-06-15,60,Athlete
16117,0UXIBTQME3B87PQ1,F,1980-01-18,45,Athlete
16118,1BFVKXT0UD5DFLE8,F,1988-10-28,37,Athlete
16119,1L5DFN2WEAV6SEMQ,M,1953-04-22,72,Unified Partner
16120,2LX9PYK8I1E1XNAG,F,1973-12-17,51,Athlete
16121,37JZ4OLKQR4PMRB0,M,1959-08-15,66,Athlete
16122,3BSWDL9UB6V9VDI7,M,1992-09-12,33,Athlete
16123,3UELI4X704R3OMNL,F,1954-12-16,70,Athlete
16124,4CT34MO66GRKOY6U,F,1953-10-23,72,Athlete
16125,5495KWT1Q73ZEFIB,M,1990-12-24,34,Athlete
16126,5WS41X4EFANWHPS5,F,1960-06-21,65,Athlete
16127,7DKTZFH7CY8RCUHE,F,1964-09-27,61,Athlete
16128,7FZNUCQLLJT7WWIU,M,2000-05-23,25,Athlete
16129,7WWZFIRN9JAJ6SYV,F,1998-02-12,27,Coach
16130,7X1777859WCZ13SD,M,1989-04-12,36,Athlete
16131,8B0XR1SX9861KD7G,M,1961-06-21,64,Athlete
16132,9HXU7V6187IWYONW,F,1973-09-21,52,Athlete
16133,A73DHPAY5USJPTRS,M,1966-07-12,59,Athlete
16134,AKXMLYHEZLCRFX87,F,1950-03-08,75,Athlete
16135,BO5OI410VVIOAF7A,M,1963-03-02,62,Athlete
16136,BWO1YACZLGMPZ0QK,F,1996-07-13,29,Athlete
16137,CK2TRBEDH358ONE4,F,1952-02-07,73,Athlete
16138,CXQ97N78YNP1BD3I,F,2000-02-27,25,Athlete
16139,D3PPZAP18234FD1D,F,1955-12-13,69,Athlete
16140,D4XR0STWI14177KY,F,1982-05-29,43,Athlete
16141,E32BWMRB8TFG5NJL,F,1961-07-04,64,Athlete
16142,ETYKLPG1SAQT6HCW,F,1949-01-12,76,Athlete
16143,G70C36MV69J2E4OH,F,1960-04-05,65,Unified Partner
16144,H8ANAOWOQS21DL7X,M,1978-10-05,47,Athlete
16145,HBX4VW0NBOF02HXH,M,1959-06-13,66,Athlete
16146,HH9N5FJN8XPSJMDI,F,1937-11-21,87,Athlete
16147,HSFUL0CMBJHTAICD,F,1945-02-09,80,Athlete
16148,J9JI32MWMKKC0DUG,F,1969-10-05,56,Athlete
16149,JHKOFPDZF54T5V6U,F,1966-12-31,58,Athlete
16150,JHORLWETUPH47MWU,M,1985-05-01,40,Coach
16151,JJ14PX21384W2EPN,F,1969-07-04,56,Athlete
16152,JMNMV48XB4SKF0BH,F,1972-05-22,53,Athlete
16153,K4IEU1GAF1XUEJGT,M,1964-08-23,61,Athlete
16154,LLVVEOJD3TYJ12XO,F,1956-03-10,69,Athlete
16155,LXS7QB4TCX22ONZ2,F,1964-08-26,61,Coach
16156,LY62GBVX4LO1BXS0,F,1955-03-18,70,Athlete
16157,MP6604U3XLGXQN6L,M,1953-04-23,72,Athlete
16158,MT8CS4XAOGJ0HCPE,F,1945-11-27,79,Athlete
16159,N374O18M6MZ1N5X0,F,1996-02-09,29,Athlete
16160,ORWLBX5E1B81AEQN,M,1992-01-04,33,Athlete
16161,OYN9JKOZFGXIQD5C,F,1947-11-17,77,Athlete
16162,P4VUYA23TTS0JB5C,F,1976-04-01,49,Athlete
16163,PG63UT5M82JF93YL,F,1977-07-10,48,Athlete
16164,Q9EJ6I3G9ZBWUQA4,M,1985-10-27,40,Athlete
16165,QCNHCQBGQR68I9WJ,M,1956-07-12,69,Coach
16166,QR1T1CO26C1G7DBR,M,2002-07-19,23,Athlete
16167,RLO04RRHDHURN92M,M,1984-03-17,41,Athlete
16168,TJ4TNZX798788L9V,M,1994-06-01,31,Coach
16169,TMD86TVCJZHMVNWX,F,1991-09-27,34,Athlete
16170,TYMUHA078KI2B1V8,F,1967-11-18,57,Athlete
16171,UI6IEGNQB8B4EZAK,F,1995-08-25,30,Coach
16172,UTXV7WZ3DE6M7IYD,F,1963-03-24,62,Coach
16173,V7KBHO8K6RB9MGLL,F,1948-08-26,77,Athlete
16174,VW0JOLSBLNW4HA49,F,1970-12-05,54,Athlete
16175,W87V0DUDLTXZB5IS,M,1986-10-11,39,Athlete
16176,WFA5RA3SFHBPP4SW,F,1967-04-27,58,Athlete
16177,WOGK2JEJ4V294S8Q,F,2002-04-12,23,Athlete
16178,X5LU190I42P5SHBJ,F,1956-11-09,69,Athlete
16179,XVMMPT26HM79270K,F,1949-03-30,76,Athlete
16180,Y9BX5SWNKVQTIZDP,M,2004-07-28,21,Athlete
16181,Y9CSEFSYJFCDIKL3,F,1978-04-04,47,Athlete
16182,Z1FXUQXQ32B581ZG,F,1997-11-06,28,Athlete
16183,ZIW1AHJSE1BWK1MA,F,1989-03-02,36,Athlete
16184,ZJ8X66TQ8ON4Y1FH,F,1960-07-31,65,Athlete
16185,ZO2Y6UKGGKHHDRJY,F,1982-12-25,42,Athlete
16186,ZWGMHGA1MLP5A2JD,F,1967-11-09,58,Athlete
16187,063562QD9YD8B4TE,M,1978-02-04,47,Coach
16188,18TFZBN7GH1NL9YY,F,1993-05-21,32,Coach
16189,282M7A5061LB725T,F,1984-02-17,41,Athlete
16190,58IXQRZUC67M5N7M,M,1970-10-09,55,Athlete
16191,69KTWO56NH9LC700,F,,0,Coach
16192,6OCT0NWFGF7L8U58,F,1977-09-23,48,Athlete
16193,AKPEHZCG7GD1E2U7,M,1992-07-22,33,Athlete
16194,ESY27727BR4QZV89,F,,0,Coach
16195,G35OPZGI7KHMIMEJ,M,1990-02-15,35,Athlete
16196,K57YXQ0VDSJX8270,F,1985-01-08,40,Athlete
16197,KFUT7AFLQXC1YGYF,F,1985-09-12,40,Coach
16198,LY6SZ79T3CZFQ4GL,F,1975-05-23,50,Athlete
16199,Q38TTBM5BT0ARVGH,F,1997-06-30,28,Coach
16200,USLNW9MRNJ08NVS1,M,1973-05-08,52,Athlete
16201,VEMO4UUISQ0F23TN,F,1997-12-05,27,Coach
16202,VQXBIBWKU8LT6W0S,M,1985-08-17,40,Athlete
16203,03TDZ7PQTYHD6VJ9,M,1984-05-09,41,Athlete
16204,06DN1C04JWE51HIE,F,1982-08-11,43,Athlete
16205,088F323ZE464IEE9,F,1993-05-28,32,Athlete
16206,0FSSE5CKGFTB74NJ,M,1999-09-06,26,Athlete
16207,0W6HAVWUWD7IH9X1,M,2002-12-06,22,Athlete
16208,0WG9PKKJPHUY3LS4,F,2001-12-11,23,Athlete
16209,0WW1Q8J0Y83HQ2X8,F,1985-02-13,40,Athlete
16210,1U6OM9FT5FI7G9SK,M,1992-11-12,32,Athlete
16211,485DB9OBJK1GORWC,M,1975-05-01,50,Athlete
16212,4PEC78F0IG69JOGB,M,1997-09-04,28,Athlete
16213,4TNF132U12SX6GHO,M,2002-06-16,23,Athlete
16214,5GN7ESNGXB3I3TQU,F,1970-02-25,55,Athlete
16215,636L9FAKL4YFCQDR,M,1978-07-04,47,Athlete
16216,6XEMHY68FQR3X22N,F,1975-04-17,50,Athlete
16217,7P5LCY4CCC06NPOH,M,1983-05-17,42,Athlete
16218,7RELUTILGIKGR7C5,M,1950-02-24,75,Athlete
16219,7T2WUZGS1ZMKBHY9,M,1963-05-24,62,Athlete
16220,7UQ8N8MIPTF70MUS,F,1995-09-04,30,Athlete
16221,8W1CNERD4BKIPPCR,M,1987-04-22,38,Athlete
16222,9QN3O56ALJSWCK5V,F,1959-10-11,66,Athlete
16223,ARI0FWWBJ3R9WX6P,F,1986-11-10,39,Athlete
16224,BH4JP7G5BFL7P1RY,M,1968-07-08,57,Athlete
16225,BQ63FJHUZ3OI8PIC,M,1997-05-10,28,Athlete
16226,CEBAA2A2T2R4S8I2,F,1971-04-20,54,Athlete
16227,CMO94I4A9AYUHMIJ,M,1972-03-25,53,Coach
16228,CSENVK9MTJLVSWPX,F,1976-06-04,49,Athlete
16229,D238KDFBHU46S8BS,M,2000-03-10,25,Athlete
16230,E2ASEC4NRKN23GW0,F,1993-08-18,32,Athlete
16231,F5WTEPDXAYNB1TW5,F,1986-06-30,39,Athlete
16232,FHNHBS83U87BIH56,F,1978-02-10,47,Athlete
16233,GPDW7R0A6JJLROO4,M,2003-03-14,22,Athlete
16234,GVFB93BAGCYM2CPW,M,1953-10-22,72,Athlete
16235,H3WT0X8NST1SS28U,M,1971-07-09,54,Athlete
16236,H5I9YXCFRDNZ9AD2,M,1993-06-17,32,Athlete
16237,HOIWQYYPW9OR9KSR,M,1983-06-25,42,Athlete
16238,I0YDDIEJQA0PSZGA,F,1997-02-13,28,Athlete
16239,IFITY80FU1DX2HVP,F,1960-04-07,65,Athlete
16240,IZZK162L4MBS62ME,F,1988-07-27,37,Athlete
16241,K77YGJIWEBDLBXKN,F,1963-09-13,62,Athlete
16242,KEJRZZL0ERHJ1TEW,F,1974-03-10,51,Athlete
16243,L7FD7YXO9RUHWIOS,M,2000-10-27,25,Athlete
16244,LHXCNOCBTXVH42TM,F,1984-05-15,41,Athlete
16245,M8ISBET0SKQ1XY53,M,1987-10-18,38,Athlete
16246,MSAFVAL1KWLM6E54,M,1972-07-06,53,Athlete
16247,MV0B8IVNIRXB14BV,F,2000-10-16,25,Athlete
16248,MX43SS04X941EEAD,M,1978-02-07,47,Athlete
16249,NW9HVJXYU9U0FIPM,F,1970-08-01,55,Athlete
16250,O1FCNO7P1U7SD48Q,M,2000-08-23,25,Athlete
16251,OE5QKUU6OSACJBBI,F,1987-04-30,38,Athlete
16252,PBJTER98H0RFM98E,M,2003-04-02,22,Athlete
16253,QEDHAXU2LETCPV2H,M,1984-04-10,41,Athlete
16254,QHTFA4AV5J8RR8T7,M,1997-02-21,28,Athlete
16255,S3R6AJ7RJ80SRUP0,F,1964-06-02,61,Athlete
16256,SCHEOV8Y5XPR8H3F,F,1956-09-12,69,Athlete
16257,SMKW0KZGIEM1FSXS,M,1962-01-26,63,Athlete
16258,TDU79VEGURD9HMBG,M,1975-11-13,49,Athlete
16259,TQK6D9UR085CE1IL,M,1994-03-19,31,Coach
16260,UMKPO3T106FMGOBX,F,2004-05-18,21,Athlete
16261,VO231F2Z9YUSC11Q,F,1958-09-12,67,Athlete
16262,VQZ8SMUZ0Q9ZARRW,M,1987-12-10,37,Coach
16263,VYAZ57TT6NX578CX,M,2001-05-30,24,Athlete
16264,WZ5F67STYAO8AKW3,M,2001-01-16,24,Athlete
16265,Y7SAT9C8ZLNZGYRK,M,1985-06-22,40,Athlete
16266,YSL0NN3YYLLQJFLE,M,1984-05-09,41,Athlete
16267,0PYZ6YWRFI9YNEO1,M,1999-01-02,26,Athlete
16268,1EKR1WCAE95ROQDZ,M,2010-06-05,15,Athlete
16269,1X4KE9H0MLQQYPTR,M,1969-06-12,56,Athlete
16270,2FRKR6GQQU8LJ0GH,M,1958-02-12,67,Athlete
16271,3DJH2QV33DFQTMF4,F,1971-07-27,54,Coach
16272,3GB1J0FH3YAZ8529,M,1984-07-30,41,Athlete
16273,3TFHVEEMTFHESUSE,M,1953-02-16,72,Coach
16274,4KVS68O9ZCTZ8WVG,M,1987-11-03,38,Athlete
16275,5LF2FAN78ORYR2SD,F,1972-04-11,53,Athlete
16276,5R6BW22RWSMWHQFB,M,1959-12-19,65,Athlete
16277,71KPLNARG41F0HKZ,M,1950-10-30,75,Athlete
16278,77QGQTCL4F9F6Q9Z,F,2002-11-15,22,Athlete
16279,78EX0NGQLIGIFLIW,M,1973-12-11,51,Athlete
16280,8HJ7IXN0KDVB4Y94,M,1952-01-20,73,Athlete
16281,8MC2LNSMX7WZ98NS,M,2006-10-24,19,Athlete
16282,9YDS1H5HF6PEYGGR,F,1966-06-10,59,Athlete
16283,BUXQYZK9OLDKXVG9,M,1966-07-16,59,Athlete
16284,BZFP7H80WR6GOELP,F,1977-11-28,47,Athlete
16285,CCHBQJ00E3JLA9CV,M,1965-02-23,60,Athlete
16286,COH5WINS267Q8OC7,M,1988-05-23,37,Athlete
16287,CZPPKHESDFT9X17I,M,1969-02-11,56,Athlete
16288,DFWWIF7YOV0RR026,M,1947-07-19,78,Coach
16289,DLVUVT88ZQVSXHYC,M,1995-05-31,30,Athlete
16290,GHQI3H2SERCC5YSR,F,1973-05-04,52,Athlete
16291,GHYW4S1VBXKYNOHT,M,2005-12-27,19,Athlete
16292,GIYR67XYM7ECU08C,M,1981-11-17,43,Athlete
16293,GNZ7NS7IWUXIVFQD,F,,0,Athlete
16294,I567J14IPKKO6GAP,F,1966-08-28,59,Athlete
16295,IS28UD7RH7KHOWFQ,M,1975-06-07,50,Athlete
16296,JEIYGLRGKFWGSLIO,M,1965-05-16,60,Athlete
16297,JXX4TL2BE7EDF9G8,M,2008-03-29,17,Athlete
16298,KKG80A3K9IL7L7T4,M,1961-08-30,64,Athlete
16299,L3OASUMS8S88HPHG,M,1977-10-09,48,Athlete
16300,MGIU9ZLOW1VR2F60,F,1964-07-08,61,Athlete
16301,O1QL9DWXLJ2213Z2,M,1970-07-01,55,Athlete
16302,OI5NUN6SE0YOG05J,M,1992-02-27,33,Athlete
16303,OVYB4SOJEJERADFX,F,1956-10-09,69,Coach
16304,P8O1IUN88CJXIF75,F,1969-06-07,56,Athlete
16305,PPTL55FVPYN158KJ,M,1979-09-21,46,Athlete
16306,QV6EEBPSGH44XJPV,M,1963-11-27,61,Athlete
16307,R2PZJLZ72NJ3XOER,F,1983-09-29,42,Athlete
16308,RFZLK9S991GOXKC0,F,2013-02-01,12,Athlete
16309,RQ1N8CFQZHIN6VKH,M,1995-05-15,30,Athlete
16310,SAEDPUM2HVEW4OTH,M,1994-05-14,31,Athlete
16311,SZRXUG3T3XWQWBX9,F,1955-03-30,70,Athlete
16312,TZQ0M01CCBFZXOAH,M,1997-03-25,28,Athlete
16313,WNDGWKL9MK3HV1B2,M,1953-05-22,72,Athlete
16314,X0XWPZI1XFFY7IYE,M,1967-07-11,58,Athlete
16315,XNWIPQOHOM2SOHZ6,M,1960-06-15,65,Athlete
16316,YCZ69QZ2KY458KTT,M,,0,Athlete
16317,YNO9P9P1MM0Q41TA,M,1972-11-22,52,Athlete
16318,YQ1DLYUDD12MJ2OB,M,1969-11-08,56,Athlete
16319,00GM178YSW4E8ARJ,M,1965-03-10,60,Athlete
16320,09TW0RSZJ8Z9THSC,M,1977-07-13,48,Athlete
16321,2OWO1QSV9LHZVYB6,F,1996-11-24,28,Coach
16322,50FQVRHHNYE61XC1,M,1975-02-17,50,Athlete
16323,6WYVG4VE93CYD20L,M,1974-10-27,51,Athlete
16324,EWTC9M4KTMZ85KJY,M,1989-09-23,36,Athlete
16325,F7UBP2OJFXXQMHWN,M,1964-06-27,61,Athlete
16326,FTSAYJL0LCTPAOMZ,M,1965-09-29,60,Athlete
16327,MSS1RI1VZDA1LGMX,F,1990-07-27,35,Coach
16328,N965NJ64UI3HWMRM,F,1962-03-03,63,Athlete
16329,QXEDU4TQL19OHWUC,M,1961-04-20,64,Athlete
16330,SBJZPK9KZDKC5F03,M,1970-04-11,55,Athlete
16331,YY21R599DY65O6EZ,M,1974-11-06,51,Athlete
16332,6LEMZSFCE41KGSHW,M,1989-12-31,35,Athlete
16333,7S6ZKNQ3P39J44NQ,M,1976-03-26,49,Athlete
16334,87PKVXLUR9Y93ZO2,M,1972-07-11,53,Athlete
16335,A8EZ1X8FDCMPUI95,F,,0,Coach
16336,B09VLTE07V43YKKR,M,1977-02-14,48,Athlete
16337,B1RQ9Y7MOGE3CTMM,F,1990-05-03,35,Athlete
16338,BLIAKATL5TIDMF0Q,F,,0,Coach
16339,BVN4HRTBERAJY8BU,F,1985-11-18,39,Athlete
16340,D7LIO7XOZX312BMV,M,1984-04-06,41,Athlete
16341,DPRGZCONA85DQUFD,M,1989-06-07,36,Athlete
16342,DVFTWZVXTLTNA5WW,M,1995-05-04,30,Athlete
16343,E656IURAWRC7KO2X,M,1981-09-28,44,Athlete
16344,E83I00X9MDZCMWUM,M,1957-01-26,68,Coach
16345,EB6UYP8HYYM4RZPA,M,1996-08-10,29,Athlete
16346,EIB416DHKZ272SK4,M,1995-01-20,30,Athlete
16347,EO2V6IL58NABT7F3,M,1986-09-27,39,Athlete
16348,GP3V5B0MXAVVCAAX,F,1992-08-17,33,Coach
16349,GZ91UVXOBUSTCTC1,M,1954-09-12,71,Coach
16350,H155987VRDW3XTAT,F,1988-08-12,37,Athlete
16351,HP9WK0FJTUK5UH91,M,,0,Coach
16352,J61TT7TPF20HO3BO,M,1987-09-20,38,Coach
16353,JE6CC33Z4WASA1BU,M,1988-05-25,37,Coach
16354,JX7R65ZIM0F1ARID,M,1988-03-26,37,Athlete
16355,KVEJ73FH6A3IHSBE,M,1964-01-18,61,Athlete
16356,KXATX6BCV9GK7GUY,F,1981-08-18,44,Coach
16357,LIPMP8WVBVLOLE27,M,1961-02-24,64,Coach
16358,NS6UJVEKZ4AMUERJ,M,1996-10-15,29,Athlete
16359,OVHO8CXMBB4EIK0D,M,1977-10-22,48,Athlete
16360,P9SS30U6YSM0MUX0,M,1986-02-19,39,Athlete
16361,PCXUKZBIVQ6WP9X1,F,1973-09-29,52,Athlete
16362,PWXZYZYAFS9U3875,M,1988-09-22,37,Athlete
16363,Q5WP7CYIMGGD518J,M,1996-03-21,29,Coach
16364,QXJDJBU4VARYHY2K,M,1999-06-17,26,Coach
16365,R7R5R7PH7QSLU6T4,M,,0,Coach
16366,RORO744TG2RNAHRS,M,1996-06-20,29,Athlete
16367,RSAWLBRVV3X9ISWG,F,,0,Coach
16368,RUW28I591WZLHKRW,F,1980-10-14,45,Athlete
16369,S03TFN8RJM8J2OJ2,F,1990-07-15,35,Athlete
16370,S5SJZFE5Z598YKZM,M,1986-08-19,39,Athlete
16371,S9W0BC0UMIMBB0VC,M,1991-07-12,34,Athlete
16372,SD3DNSAG8JBVMJYK,M,1992-07-15,33,Athlete
16373,SFC17FM0JXF7TSBS,M,1984-06-26,41,Coach
16374,UN2LLXI7HAEM0BTO,F,1989-04-14,36,Athlete
16375,VPRHX5RXDUTFCIZ4,M,1980-12-10,44,Athlete
16376,W0THSTX0RS3PPOVG,M,1984-03-28,41,Athlete
16377,WIKQ3HBIT7D3B5KT,M,1983-05-26,42,Athlete
16378,WWJU9SDFOUOJHL6X,M,,0,Coach
16379,Y92PWKANM8UUTZYW,M,1973-03-18,52,Athlete
16380,YHIYWB151MQ6U5ZP,F,1997-07-18,28,Coach
16381,215E9L7MU9YERVOK,F,,0,Athlete
16382,3AGDYENSAZHEC28S,F,,0,Athlete
16383,3HG0KWZOT5OCJ1IP,M,1994-11-16,30,Athlete
16384,3K7NQ62TWD9L4Z2X,F,1971-01-12,54,Coach
16385,3MYAHHGVPMDMBNJK,F,1998-11-26,26,Athlete
16386,3OIXVKZOPZHHBELI,F,1999-10-16,26,Athlete
16387,6MFJ7FNWKKU481N8,F,1977-09-19,48,Athlete
16388,7FNH46KXTRZSRKLO,F,,0,Athlete
16389,7M5H6KDSL84N41LU,F,1969-06-01,56,Athlete
16390,8CA96FVEBXURHBW7,M,1981-05-28,44,Athlete
16391,AKM0ZTGCJZGMMKSX,F,,0,Athlete
16392,E0W1AAQPDDCYOPR9,M,1987-09-07,38,Athlete
16393,FGP4KK7NZYCC0B91,F,1954-09-27,71,Athlete
16394,FI6BKQX5AOI6JO24,M,,0,Athlete
16395,G78JG4WG1PH9R4Q3,F,,0,Athlete
16396,GWF1TWRROHWS366C,F,1964-06-16,61,Athlete
16397,IB1NLSQXFVS0EQUQ,F,,0,Athlete
16398,O9WTW790AYV8SGMG,F,1974-12-10,50,Athlete
16399,R7I27QBL4GRBRL5Q,F,,0,Athlete
16400,TKO8FRC7CBPBUZRD,F,1966-10-22,59,Athlete
16401,VK48S41XG2QX2E4O,F,,0,Athlete
16402,X5SZ232JPE1NPQII,F,1971-09-17,54,Coach
16403,1BIIVNX2Z7EHHQS2,M,1995-01-22,30,Athlete
16404,1IK4AVURKZXC2X9G,F,1996-06-28,29,Athlete
16405,9CPA13GCYV4KN7V1,M,1984-12-13,40,Coach
16406,CLQ91XNMZ29J0AMI,F,2000-09-14,25,Athlete
16407,OFERYUO1JFYZZ7MA,M,1986-12-19,38,Coach
16408,6EUQW705AR12GHLX,M,1968-04-24,57,Coach
16409,6V8LY6ITVLY0H6VI,M,2002-10-07,23,Athlete
16410,A3OORH7YO78FC35O,F,1999-12-24,25,Athlete
16411,IITM8FDI5J8APRXO,M,1969-09-08,56,Coach
16412,O7FY2P1AC4DUMARC,F,1972-07-06,53,Coach
16413,X5DRBYLRHXSBHWL6,M,1994-04-20,31,Athlete
16414,YWV01UB1RSSA4MOS,M,2001-12-26,23,Athlete
16415,3YW0IDBML0Y8WHK0,M,1988-05-07,37,Athlete
16416,47O3NX0WWV3PP7NI,F,1983-07-10,42,Athlete
16417,5OVU3PQH4GU8K2ME,F,2007-08-06,18,Athlete
16418,7Z28NKPIEE21KS07,M,1985-06-22,40,Coach
16419,FHOFY70J97P6ALIN,F,2003-06-23,22,Athlete
16420,G5QQVV0L8CXMKUYG,F,1998-06-20,27,Athlete
16421,IW4XG0W5CYR1VQR5,M,2006-09-11,19,Athlete
16422,K81DLUYENAH8P556,M,2003-09-13,22,Athlete
16423,KUYVXDMSI54IQ8K6,F,1987-04-27,38,Coach
16424,LUDEIBUYP3RXRDCI,F,2009-03-30,16,Athlete
16425,LZWX36AHAHBA6GRO,M,2008-12-17,16,Athlete
16426,Q0YC718XSBFUGYLZ,M,1966-12-30,58,Coach
16427,RBL04R0VI0Q9J6VY,F,1967-05-05,58,Coach
16428,RPB948LWS6JJNVGL,M,2006-02-08,19,Athlete
16429,RQUATKQQ78HUZSJ9,M,1985-12-03,39,Athlete
16430,UFH3ODMUTU4VGPAN,M,1997-11-05,28,Athlete
16431,VG2P4G3Q9MK4FA2J,F,1993-03-27,32,Athlete
16432,VKZVFVY406UBPF7S,M,1975-10-08,50,Coach
16433,W8B4AFBMLHOWGPE0,F,2014-12-13,10,Athlete
16434,X2DHPYQH7M6S6TPV,M,1990-12-12,34,Coach
16435,YWK1HJIUS9EDLIRD,F,,0,Coach
16436,ZVFJW6T5RFZ4OF89,F,2015-11-21,9,Athlete
16437,2U5B4ZR7GJQTGC16,M,1964-02-27,61,Athlete
16438,5YGNZGY8N6AE4ZRP,F,2001-03-19,24,Coach
16439,F5WM4VAGX5GLWLMD,F,2000-12-20,24,Coach
16440,HD9Q2PNQ7LAL5Z4W,F,1996-10-31,29,Athlete
16441,HS5MYHE9B7MWTY96,F,1993-03-01,32,Athlete
16442,OLH1KIR067S1P9ZY,F,1989-05-28,36,Coach
16443,RXO1IBS78UW8TW6P,F,1994-10-27,31,Athlete
16444,U3RD3LMRRV5RE47D,F,1995-05-04,30,Coach
16445,UDLAUMP4A9TL5X3T,M,1985-08-25,40,Athlete
16446,VJZEYCPMG23QG63B,M,1963-02-25,62,Athlete
16447,Z6DIZDPZNRECNVSL,F,1976-02-12,49,Coach
16448,ZUTU8S567JJ55ERX,F,1994-09-01,31,Coach
16449,9CI7QLUZL82Y6X8P,M,1993-12-21,31,Athlete
16450,BONKNVJCKHRV10CG,F,2000-12-03,24,Athlete
16451,E5MA7X60T2NN988W,M,1999-09-15,26,Athlete
16452,F9Y8XTM8A5HP6F88,M,1988-01-15,37,Coach
16453,FG1OORSPCLND547T,M,2000-06-01,25,Athlete
16454,J0NY6D9SF87MTLCG,F,1997-09-21,28,Athlete
16455,RLB4XGE97NIOOV5W,F,1990-11-10,35,Coach
16456,W6LAR0PBOKE8OQN3,F,2001-04-02,24,Athlete
16457,5CV5K0MZXTCD2C25,M,1999-07-02,26,Athlete
16458,7XIP9B79DTDOG2MK,M,,0,Coach
16459,D8QY1U64OWNL5NQ8,F,1988-09-19,37,Coach
16460,JNZ7O6AL03Z2D0G5,F,,0,Coach
16461,NKSR2BCVA0RWQSGE,M,1976-08-14,49,Athlete
16462,NWWDB536EOW59D5N,F,1995-11-11,29,Athlete
16463,P8VA3GP3G1Q5XKAK,F,,0,Coach
16464,PY6KR5MDAT3B1P6S,F,1972-10-23,53,Athlete
16465,SKJ5DOFD21WFTDVV,M,1994-10-26,31,Coach
16466,T3LHXHBRUEYFYQT4,M,1987-05-07,38,Coach
16467,VA3R1Y9LG6XRBU25,M,1965-11-12,59,Athlete
16468,W5I1BIXT5IBR8J1V,M,1979-01-25,46,Coach
16469,Z0ZZA0A85170WEVN,F,1998-04-28,27,Athlete
16470,01PVHJ38TIM92ZPW,M,1988-12-22,36,Athlete
16471,3YXLPDP6NDFEOZC9,M,1988-03-04,37,Athlete
16472,445VTO4WYALFQZY9,M,1971-03-11,54,Athlete
16473,AJE05WF6WSKOBOWI,M,1978-01-13,47,Athlete
16474,CFJV2CZ2DOL9A7YZ,M,1988-01-10,37,Athlete
16475,HCA6GBCBKOASAUYM,M,1991-11-08,34,Athlete
16476,HG3MKBJ9C2C8HM7R,F,1977-06-01,48,Coach
16477,K2UEXBD56GHBDAZD,F,2005-11-03,20,Coach
16478,LPU3VNZAQNZSS5IV,F,1980-05-19,45,Coach
16479,NAEKCQAH73ZMSHPG,F,1990-12-16,34,Athlete
16480,NU6AVJBEYB4V9Y9P,F,1984-10-18,41,Coach
16481,RKRZ1EHF03S548XD,M,1973-05-17,52,Athlete
16482,T9QWEU21325LYC87,M,1985-06-04,40,Athlete
16483,VBMKBV3NNM9VCHYG,F,1988-08-27,37,Athlete
16484,0BVWV7FAWGVBWRHE,M,2003-03-28,22,Athlete
16485,40V6OVWPHVJKRPA9,M,2000-07-22,25,Athlete
16486,64MCHN4RIRF4K6NT,M,2005-11-21,19,Athlete
16487,8QA0A9S5DGNQN8ZS,F,2004-04-03,21,Athlete
16488,B93E9S66DI2WO66R,F,1985-07-20,40,Athlete
16489,BFUEPR1RK3K08YFT,M,1999-08-08,26,Coach
16490,BI79PM8MVZKA7ODL,M,2010-08-24,15,Athlete
16491,CCZQV103KGYX0JFL,F,2005-10-26,20,Athlete
16492,ES7TMCKVK8JNLJCF,M,2010-05-08,15,Athlete
16493,GHU3S69UZB01A512,F,1988-08-30,37,Coach
16494,K33E340DNYBJXNQJ,M,1999-10-30,26,Unified Partner
16495,ME7P52BJOPJFAQ9U,M,2014-04-06,11,Athlete
16496,NBI7IW2280B2X8ID,M,2011-12-01,13,Athlete
16497,P25OG2RTWNXD08LX,M,2007-03-11,18,Athlete
16498,PVA2AR5372B6FX8N,F,2005-11-17,19,Athlete
16499,RFJLH8N5A59WRQL0,F,1993-05-06,32,Coach
16500,RO6BISHPIXFP9C45,F,1994-08-04,31,Athlete
16501,RYRQIOSHVSIH5MGN,M,2011-09-05,14,Athlete
16502,S4XZLL3JH8I5TK7G,M,2001-03-16,24,Athlete
16503,TEPGF3T9A2QLRCCZ,M,2006-01-01,19,Athlete
16504,TXHINS0ZRVK5HISO,M,2007-03-11,18,Athlete
16505,URFS8CCS5PKAKAK1,F,,0,Unified Partner
16506,X72RK6YEXXPIX754,M,2005-01-26,20,Athlete
16507,XNCP3FWJ2PUH423Y,M,2007-01-23,18,Athlete
16508,YAVDXNE2ZAVQ8OPX,F,1989-04-06,36,Athlete
16509,4T9X00TII98VCMRJ,M,1968-10-26,57,Athlete
16510,6J4LTW51454JTZK6,M,1989-12-02,35,Athlete
16511,778P2U3SG45V876X,M,1953-12-05,71,Athlete
16512,8PNYNIIEWAQ9201T,M,2000-05-05,25,Athlete
16513,ABPRMBHZOXLLYHPD,F,,0,Coach
16514,AFHN6ACIWW99673W,M,1967-06-17,58,Athlete
16515,BF5R8CK2SMUF7RPB,F,1965-07-22,60,Athlete
16516,EXD29DS0IWXM293T,M,1991-11-08,34,Athlete
16517,EXTXCJ0J0ZBI5XNF,F,1965-08-16,60,Athlete
16518,FF7HK8XAXLETK81K,M,1992-11-09,33,Coach
16519,HI1KX877FSCPYEZK,F,2001-07-23,24,Athlete
16520,IHQ3L5KHU8S5TEPY,F,2004-12-06,20,Coach
16521,L9Q6FUV3UY7OCDGG,F,1969-07-06,56,Athlete
16522,LOGDRGGT8GJ2SWFX,M,1999-02-03,26,Coach
16523,LZ75QXGCF2OZH6WE,F,1988-12-26,36,Coach
16524,MINLXECTO66LE2HP,M,1987-08-27,38,Athlete
16525,S0WCTX4IM625VBJ4,F,1970-12-19,54,Athlete
16526,SUKVUT80IU6F9DVZ,M,1972-11-19,52,Athlete
16527,UHI3KZKH029RX2MN,M,1960-12-26,64,Athlete
16528,YSA9QUQNPXEA7AGF,F,1975-05-20,50,Unified Partner
16529,02GFYLA2VX4SS8YU,M,1972-07-30,53,Athlete
16530,19X808LSZSDIS04K,M,1951-02-27,74,Athlete
16531,1WG1YCR0GM4L4J81,M,1985-10-21,40,Athlete
16532,2I7PT5TVT3WKJAX3,M,1987-06-18,38,Athlete
16533,3690QHL3XAUD8J9H,F,1954-09-30,71,Athlete
16534,39G6O54N1O198DC3,M,1953-08-23,72,Coach
16535,3L1ODL4H4BZEILXV,M,1980-10-15,45,Athlete
16536,3TMFWI0FLFFZO9MR,F,1985-03-31,40,Coach
16537,3ZIH8XX3GPACOR27,M,1981-08-29,44,Athlete
16538,40HK97UL7S55ENZ9,M,1991-03-07,34,Athlete
16539,4BWBO6204ZX3MQMN,M,1967-04-28,58,Athlete
16540,4D35R8WVWYEPALSP,M,1980-05-29,45,Athlete
16541,4O70HGQWB3A3ZEOG,M,1991-06-13,34,Athlete
16542,4XY2RL59LNYH0NOO,M,1989-11-28,35,Athlete
16543,5RDCUO7UMTBA2XXD,F,1970-10-11,55,Athlete
16544,6BW9HDFUC2YYS1JC,M,1977-02-27,48,Athlete
16545,9F4XDDPLY2L7ZLBO,M,1994-03-03,31,Coach
16546,9IU7HB7JDCAWGO0Y,M,1975-12-15,49,Athlete
16547,9ZKRUCHV46MU48E6,M,1970-08-05,55,Athlete
16548,AW0ZH5KSX0V2WE9R,M,1977-02-26,48,Athlete
16549,BCVNYTIAHYF3ZQBR,M,1987-01-03,38,Athlete
16550,BNWX3J0P02KFL1I3,M,1976-01-30,49,Athlete
16551,C58GVPH92YQE3EYI,M,1955-08-31,70,Athlete
16552,CS3FDDQ62J4EZLJV,M,1971-07-14,54,Athlete
16553,DG6RZ0U2DJIPW56F,M,1966-07-29,59,Athlete
16554,DTN3AD7EMMRJBWUJ,F,1984-10-18,41,Athlete
16555,DYE770HJXZUE0V7U,F,1978-06-10,47,Athlete
16556,E0R25ENDGA6N0WJG,M,1939-07-25,86,Coach
16557,EX2RE2OYO13YYRVY,M,1974-05-02,51,Athlete
16558,F1IV7638F5MTT4CT,M,1970-04-06,55,Athlete
16559,FU8TWI09RSOXDJQG,M,1959-02-18,66,Athlete
16560,G8AB4ELSZR9MESWY,M,1990-08-06,35,Athlete
16561,G9CGZQCEZJH8MUH9,M,1999-03-17,26,Coach
16562,GZXQ4A9PVSHVQWQP,F,1984-07-14,41,Athlete
16563,HG81BVR3RPTT066I,F,1990-10-03,35,Athlete
16564,HVY1I0DBPYTM5SY7,M,1980-11-13,44,Athlete
16565,I5NDQWKS30R4OUTB,M,1960-01-07,65,Athlete
16566,IBH2QDF2SAO7PYKD,M,1992-05-20,33,Coach
16567,IHNQFRUFSB2DJ678,M,1985-05-12,40,Athlete
16568,IQ58UK75553NITFC,F,1968-11-09,57,Unified Partner
16569,IRUHKS1J2NUVZE1S,M,1962-09-02,63,Athlete
16570,IUXEENEFUDKS7YV5,M,1965-03-15,60,Athlete
16571,JCWSJUC4J9YWPR2F,F,1994-05-09,31,Athlete
16572,JKQ0S9CT5ZO03621,M,1969-11-16,55,Athlete
16573,JMBTYKM4L6U8HGH5,M,1969-02-28,56,Athlete
16574,JZK8QIV9FNEQSINF,M,1951-03-14,74,Coach
16575,K51DKH3FN8VLWZSJ,M,1968-03-26,57,Athlete
16576,K5XWS6BMZSMFZYFU,M,1966-02-17,59,Athlete
16577,KFHT52LXMC2LD6NJ,M,1976-09-13,49,Athlete
16578,KJL2QSOMJBACD07C,M,1991-07-11,34,Athlete
16579,KT8SR2B9MLMZ6OVP,M,1983-02-10,42,Coach
16580,MUBKPMAPOB2LX41D,M,1961-12-09,63,Coach
16581,N0KMIZKKNB6LXWH5,M,1977-01-15,48,Athlete
16582,N5M601NTVMKQBO37,M,1969-12-04,55,Athlete
16583,NIUBD5WJOJAVG9U1,F,1990-09-24,35,Athlete
16584,NMC4Z91HLFXQTPS2,M,1982-11-27,42,Athlete
16585,NR911CKHPKYV29BO,M,1985-11-08,40,Athlete
16586,NZXEANDF4AVWYVTN,F,1974-09-13,51,Athlete
16587,OQ97AAM2ZS8Y9ZKP,M,1960-05-29,65,Athlete
16588,OTF5RX9KKA54C96K,M,1991-07-05,34,Athlete
16589,PF870BF4BCNAPLGP,F,1973-09-27,52,Athlete
16590,POVXA3WXI37YQGXV,M,1987-09-07,38,Athlete
16591,QJQHX2P65O064QEP,M,1982-08-12,43,Athlete
16592,QLT82YJ2ZZ2D2SD0,M,1959-03-29,66,Athlete
16593,QP0OXBYSPEE4ILRX,M,1959-06-28,66,Athlete
16594,QVL9XLHL8POY5U2V,M,1962-03-23,63,Athlete
16595,QWOPWXFEUFCP9TYJ,M,1991-09-14,34,Athlete
16596,RLQ2UPINWE46UAAO,F,1960-05-04,65,Athlete
16597,RZ65RLD816WCY2FM,F,1985-05-05,40,Athlete
16598,S0VM88Y0FVFG6DGN,F,1988-09-08,37,Athlete
16599,S33FYTJCQNWECRQK,M,1987-02-12,38,Athlete
16600,SBEZ9MQPUG1MXAU1,M,1988-04-01,37,Athlete
16601,SOVCNM2G5RU3PA6B,M,1969-04-22,56,Athlete
16602,SQQ9DAXXQSYRVCS4,F,1981-11-22,43,Athlete
16603,SU2LCQO2ISM7NT3U,F,1988-08-26,37,Coach
16604,T93I9MSB3UNR8BJC,F,1952-02-28,73,Athlete
16605,TNIF6N04U6DAVOG3,F,1982-12-15,42,Athlete
16606,TT29I1Q8BQETJ24G,F,1972-12-01,52,Unified Partner
16607,UCXACTQ43I5AXE2M,M,1982-08-16,43,Athlete
16608,UMYYK2QGPQ2UK81P,M,1959-11-15,65,Athlete
16609,UW0H7LR7Q53IY0PO,M,1986-07-27,39,Athlete
16610,V2PU5XLO3AER9RKG,M,1979-09-25,46,Athlete
16611,V45RF5NI12ZJVJCG,M,1969-01-08,56,Athlete
16612,V4B4ATLFFQ1E5532,M,1966-07-28,59,Athlete
16613,VOBK4PQ3RE9IWFJ7,M,1992-04-24,33,Coach
16614,VZ42GK974HKX6XYR,M,1980-09-27,45,Athlete
16615,WFEFDH7Z86I2VOCC,F,1987-10-09,38,Athlete
16616,WR9IOXC0M1G0UHZ3,M,1953-11-17,71,Coach
16617,XNIFG9CQZ0YYWYTU,F,1980-12-31,44,Athlete
16618,Y2T0ACTIO5R8YU2U,M,1985-12-19,39,Athlete
16619,2BHMRVX5RF636OB3,M,1988-08-18,37,Athlete
16620,6QTZG1DC6P5J3R9I,M,1978-07-12,47,Unified Partner
16621,8VAGOR7PD9HH6LV3,M,1981-01-15,44,Athlete
16622,C26GO4593C5GIV7M,M,,0,Athlete
16623,C2DFW3HW8RJ41J5E,M,1979-09-10,46,Athlete
16624,LDU7ZBHE69XO9VXG,M,1972-11-15,52,Athlete
16625,NUGLRQTOPN24P1GF,M,1966-04-26,59,Athlete
16626,06BGNTUK4328HZ5D,F,1969-01-05,56,Coach
16627,0EYV9NVOCCZ7LA6Z,F,1975-01-09,50,Unified Partner
16628,1JFUTD878V8POOQJ,F,1986-06-13,39,Athlete
16629,3BBCPZ2WY8C8TXBK,M,2003-10-14,22,Athlete
16630,5V52DPYOJ8UFH5E6,M,1969-08-29,56,Athlete
16631,6ALUD3JJ7RSHKZR5,M,1985-10-15,40,Athlete
16632,6LKAE9HAXLH9J4OY,M,1994-11-17,30,Athlete
16633,7AGFXS2XQEMJNYYO,F,,0,Coach
16634,7MTCQ45RM44MN90O,M,1979-01-31,46,Athlete
16635,8DEMVV35NHET9GQS,F,2000-01-09,25,Athlete
16636,8ENFBCT8A9ICBZ1C,M,1964-11-24,60,Athlete
16637,8JPP0O28O4JDXLZ6,M,,0,Athlete
16638,8MR8YNOS57ND8BKE,M,1971-07-14,54,Athlete
16639,9V9D3D9VV147GHBV,M,,0,Athlete
16640,AV99KOOFZVQDI57O,F,1973-04-07,52,Athlete
16641,B3X8Y36PYE8RQ26R,F,1993-11-16,31,Athlete
16642,BQZO91PUOHUNCLXH,F,2002-08-12,23,Coach
16643,CE5V5UVZ6EGISXHS,F,1976-08-07,49,Athlete
16644,DXKPCV0MQJZCVWXD,M,1977-06-21,48,Athlete
16645,EKMXO38PB3VUODO3,M,1969-10-02,56,Athlete
16646,EQWIS9G9OBFIB7ZV,M,,0,Athlete
16647,HWV9S85XJTHM81B6,M,1987-10-14,38,Athlete
16648,KTSSSRGEAZS4ASTL,M,1978-05-24,47,Athlete
16649,LYGJ15HJW4VWYAXY,M,1997-01-23,28,Athlete
16650,MPCB3Q5TPKVSOA98,F,1986-06-18,39,Athlete
16651,ODE563D4LUDWVS9Y,F,,0,Athlete
16652,OV6VMSPIJ11CADOU,M,1983-02-13,42,Coach
16653,P7XZ3F6C4PXVI7XG,M,1975-01-15,50,Athlete
16654,P9RKN22GN5YZGAYI,F,1983-09-30,42,Coach
16655,ROOLBEVDT3XU9N2O,F,1986-06-18,39,Athlete
16656,SRP84K63V9YXQCRN,M,1992-03-10,33,Athlete
16657,T2EEQFP13YZGHZSB,M,1996-01-26,29,Athlete
16658,TEXV96CVWEVVUZVK,M,1992-01-01,33,Athlete
16659,TP3TJPQIYOWIJ9EY,M,1980-03-14,45,Coach
16660,VBD8XSDQPM8C9HS5,F,1961-05-19,64,Athlete
16661,WDACHEKO5FV8XKRU,F,1981-10-17,44,Athlete
16662,WECC7NAE0JA8TAU3,M,1999-04-30,26,Athlete
16663,WHFKJTT9YS856S0K,F,1978-02-27,47,Athlete
16664,WUR0DE2DFJ3BXHUG,M,,0,Athlete
16665,X47TEZEJQRQH8JD7,M,1963-05-28,62,Athlete
16666,XVMWXDXY053KWAWC,M,2001-12-16,23,Athlete
16667,Y262DQFE7EXXQ9MB,M,1963-06-12,62,Athlete
16668,YGHCYUEUBURFVQ68,F,1982-10-27,43,Athlete
16669,ZHVYQ6ZN0HC3I1D9,M,1959-05-04,66,Athlete
16670,ZO4KY6SOG1RVW41L,M,1988-12-10,36,Athlete
16671,211PXCX5Q5FNSS6F,F,1983-09-27,42,Athlete
16672,4Q3FRWW0OM4SKGZV,M,1982-12-19,42,Coach
16673,6ZRE4X49TNH39BBQ,F,1985-11-25,39,Coach
16674,7378YQ1GTJTM6HUH,M,,0,Coach
16675,973OXPQAEXLU3DEB,M,,0,Coach
16676,B07JXT9C99T6UDJB,F,1985-11-22,39,Athlete
16677,F6O8GL514B66PRDP,F,1984-06-18,41,Athlete
16678,GOL3Z5WDZXAS7GW1,M,1985-10-19,40,Athlete
16679,GOSYPMVRDWVIE68V,M,1995-02-20,30,Athlete
16680,IHYXZ58MLGU63YAE,M,1991-05-07,34,Athlete
16681,KA40HXGO3BEEI1DQ,M,1967-04-15,58,Athlete
16682,MFQKOOPYWTFPCVWI,M,1981-07-01,44,Athlete
16683,NAPJFB3OXK09I0ND,F,1974-08-14,51,Coach
16684,NTSZ1BK1CLSB2HMC,M,1983-07-01,42,Athlete
16685,QL034TK6E7U0CC3Q,F,1994-06-04,31,Athlete
16686,S7JS5IB9HL855830,F,1985-12-17,39,Athlete
16687,SQKGLR3XZE7SH7TC,M,1967-06-13,58,Athlete
16688,SSHJ2JB301ZNP2JV,M,1963-05-23,62,Athlete
16689,TAYG5DZV2FOQJK6Q,M,1979-01-08,46,Athlete
16690,THN3FM4EOFB76ZLT,M,1994-03-27,31,Athlete
16691,U0KH0A2BA6USVR0W,F,1984-02-06,41,Athlete
16692,YZHYY5O0VZ2Q3PV1,F,1963-09-04,62,Athlete
16693,77W5VEOW35DVEF3F,M,1983-09-23,42,Athlete
16694,9KX12UAKTDGWQ1Q4,M,1984-11-14,40,Athlete
16695,IIN1PMEAGXHT1468,M,1995-12-18,29,Athlete
16696,NDCHX0KEXJ0HT1RQ,M,1979-04-23,46,Athlete
16697,W0XEHREQYOJIB2SO,M,1996-06-28,29,Athlete
16698,WUPRCO347TOFE33N,F,1989-03-27,36,Coach
16699,YFP5X2I8GUEO5VKB,F,1979-11-28,45,Coach
16700,0RSV5WDQQMKVCCZK,M,1996-06-12,29,Athlete
16701,14OEUMWYZFC6M6GD,M,1959-06-29,66,Athlete
16702,1OKIYLWN91JBO1CZ,M,1988-06-27,37,Athlete
16703,3RI4P7YFTEWDO3JJ,M,1983-07-28,42,Athlete
16704,3Y0XOZSVYLGFMGDV,F,2003-02-03,22,Athlete
16705,48EQ5PVJP31FEWIP,F,1984-12-10,40,Coach
16706,4BCKN9D4WNYN3B66,M,2005-05-28,20,Coach
16707,4X7WFM4T1SZL61C6,F,1988-04-10,37,Athlete
16708,5EWR8KRWN8HAM6AZ,M,2000-10-12,25,Athlete
16709,5XF00AULLQC8WP31,F,1989-03-19,36,Coach
16710,7STLWVRXFSDNGS4Z,M,1992-04-24,33,Athlete
16711,8DP28ZV1PT87FLVL,M,1993-08-28,32,Coach
16712,9JVGHKS3WILL2SF2,M,1989-05-04,36,Athlete
16713,AEDX3APWUU9GAIXM,F,1985-12-05,39,Athlete
16714,AU4ORRHCF1X1N8AM,M,2003-09-19,22,Athlete
16715,BFSZHHKY7CC0D4Y5,M,1970-10-18,55,Athlete
16716,BWXNHRD35C9M2KXZ,M,1985-05-09,40,Athlete
16717,CAVVGS6VUVR1RYSC,M,1968-10-27,57,Athlete
16718,CF00QMCKETN6857C,F,1974-01-07,51,Athlete
16719,D2WA9659O25BXXDL,F,1986-11-10,39,Athlete
16720,DYM03MNZRJ9ZPHCI,F,1994-07-09,31,Athlete
16721,EMBF5PSW8E9W2S6T,M,1999-08-11,26,Athlete
16722,FC9500FA50E2N910,M,1994-11-16,30,Coach
16723,FCPIYXQ56WXYTY79,M,1999-01-31,26,Athlete
16724,FP70WJJJ89G7BY7V,M,1996-10-21,29,Athlete
16725,FPJS2SCSTV8EP5AT,U,,0,Coach
16726,G8H21Q8355PQMXDP,F,2001-09-30,24,Coach
16727,GUJEQO08SAWSW1XQ,M,2001-07-25,24,Athlete
16728,GZH4ITNESIDP6TWN,F,1990-07-11,35,Athlete
16729,I2LVJ9540DQQGVVU,M,1987-02-23,38,Athlete
16730,J32KPY3BIPZ18KSA,M,1987-03-10,38,Athlete
16731,K5RJMJXF8Z3AY012,M,1982-12-07,42,Athlete
16732,KJFHCDH4PT6PR9LY,M,,0,Coach
16733,L87F4M5IRFDABSX8,F,2002-05-08,23,Coach
16734,LOOQTUXWW8T88BSR,U,1983-05-06,42,Coach
16735,MTZUZYVYX21KZVJP,M,1988-05-09,37,Athlete
16736,MZC8ZHUY6WZLHK41,F,,0,Coach
16737,MZUFM0TA1URFG54Q,M,1968-05-12,57,Coach
16738,NI99FOWBSBIVNVYK,F,1995-04-11,30,Coach
16739,NW985DE5EUUZA1I1,F,1987-10-24,38,Athlete
16740,OUFXFP0210G3V530,M,1987-01-20,38,Athlete
16741,Q5XGMSUH9X20ED5V,F,1989-12-08,35,Coach
16742,RC3WXP737QH8XD4R,F,1984-04-25,41,Athlete
16743,SR1P85URJ74Q1C93,F,1974-03-28,51,Athlete
16744,SVVBAQDP1OA543WY,M,2003-07-18,22,Athlete
16745,U03XTYFJVP921ZP0,M,1997-05-16,28,Athlete
16746,U0W14JX2245MOUCX,M,1999-07-11,26,Athlete
16747,U9XS89AHSNGY1C8S,F,2000-07-06,25,Coach
16748,UMSIVUP5GIAXI8LZ,M,1979-05-11,46,Athlete
16749,WLXQXXGALHBYWISB,M,1970-10-31,55,Athlete
16750,Y67HUTILWIZ9JULC,F,1997-02-11,28,Athlete
16751,ZFJO2SHR9VU1IX09,M,1990-11-23,34,Athlete
16752,ZVBKDHWIYO33EQM2,M,2005-02-03,20,Coach
16753,2WD4I998KMK6K6LJ,M,1998-04-23,27,Unified Partner
16754,4R47LFUM0BEYCPC7,M,1985-08-22,40,Athlete
16755,5EGBD1U3M5CV7UTB,M,1992-11-24,32,Athlete
16756,6OJYD7E7ZRTIM21H,F,1991-04-20,34,Athlete
16757,7YSDQWV9J7PVOT0I,F,1994-05-31,31,Coach
16758,92RTPX5669A0LVST,M,1994-08-08,31,Athlete
16759,9DT2A9O6C290VW49,F,1973-08-18,52,Coach
16760,9QUQ49WEI9P1PM9D,F,1992-11-11,32,Athlete
16761,C5XAFHOS59XPKE3A,M,1982-11-11,42,Athlete
16762,CP8FKRXZ3WRGGRFN,M,2000-02-25,25,Coach
16763,CPN1ICCTKU2XRW74,M,1997-12-04,27,Coach
16764,F9XFR11PDDRDQIVC,M,1992-01-13,33,Athlete
16765,HG6C16YU2VDSJFHW,F,1989-03-05,36,Athlete
16766,KBVR3VDWOYSEPEQS,F,1993-03-02,32,Coach
16767,KDOZ2QW1X2KUVPJL,M,1989-06-11,36,Coach
16768,KGAG2J1CN21XWX9C,F,1979-11-05,46,Athlete
16769,KUOED2N5KVGTYMMJ,F,1996-03-22,29,Coach
16770,MT49A2DKBVOQQZHM,M,1989-01-05,36,Athlete
16771,ODBLRHI4QUIHTAJI,F,2004-06-21,21,Coach
16772,VIY6AIUTZZPD09FP,F,2004-06-16,21,Unified Partner
16773,WO565Z71VB7RED7K,M,1990-01-28,35,Athlete
16774,YNZ1F73QNEYARKHS,F,1987-11-16,37,Athlete
16775,E57QK3OJIDJZS3MR,F,,0,Coach
16776,LHM51JTREI2RTU5Y,M,1997-04-18,28,Athlete
16777,UYA5XSHWQ4CBMY0P,M,1979-06-18,46,Coach
16778,04N9UDT625WNY0CW,M,1960-03-11,65,Athlete
16779,0PGLEMDQ26T5R0SP,M,1954-04-29,71,Athlete
16780,1W8XXLNHQZG6KBO1,M,1956-10-30,69,Athlete
16781,3M3W22IRLAPQTMD6,M,1962-03-21,63,Athlete
16782,3PIAPK1ZBHUJRQQ0,M,1953-03-04,72,Athlete
16783,58U3QN2L6OSQQPXZ,M,1992-10-05,33,Athlete
16784,6BPE2TX1U6CGYBQ0,M,1951-03-06,74,Athlete
16785,8FJZSGPF8480PW89,F,1956-01-23,69,Athlete
16786,AM1JG9ATK2S2IX87,F,1976-06-16,49,Athlete
16787,C4EKEW0LP5F8G7IX,F,1992-03-16,33,Athlete
16788,CYRS8VCM7F9K3C6P,M,1944-04-16,81,Athlete
16789,E4FQAWR6YJA2VGJ0,F,1993-01-14,32,Athlete
16790,F8R167GY24S7E7RN,F,1959-01-05,66,Athlete
16791,H1MO0KNDR5QWI1RO,M,1951-02-06,74,Athlete
16792,IMQC2XKOSBELN9JE,M,1954-08-28,71,Athlete
16793,J3U981OX9NPEJY53,M,1982-09-12,43,Athlete
16794,MX1NYAE4WXHKTW8H,F,1971-01-07,54,Athlete
16795,PZT5WG4D1KDVHQ6H,M,1961-07-28,64,Athlete
16796,QGWNF69GL6E3R4I4,F,1989-07-26,36,Athlete
16797,QZZ7PESCMFXJDC69,M,1949-07-05,76,Athlete
16798,R3A9ICZGUC5HYN9R,M,1945-06-17,80,Athlete
16799,RI8MGZOI9T0WLQ9I,M,1950-11-21,74,Athlete
16800,SOHMLEU24PNILHAP,F,1988-12-16,36,Athlete
16801,SUGASGKO28UBIHXO,M,1970-01-06,55,Athlete
16802,TIUJ5BTM24L2FEUW,M,1951-08-04,74,Athlete
16803,VUN3ON57HK94YB1U,M,1949-07-17,76,Athlete
16804,XW7PRDOBCETV1QQ1,M,1971-01-15,54,Athlete
16805,Y9BCH7QDDF800D79,M,1960-12-04,64,Athlete
16806,YUOTRWSATY01TVZ8,M,1984-12-20,40,Athlete
16807,Z06WU1OGUI5U0Q30,M,1942-07-12,83,Athlete
16808,ZP4NPB2LH2LERZVH,F,1953-01-03,72,Athlete
16809,ZWDN3V0T16D9TTKC,M,1969-12-16,55,Athlete
16810,07EBSNZP991LV93N,F,1990-12-28,34,Coach
16811,0HYNHJCZUS731JW9,F,1995-11-21,29,Athlete
16812,0W3EEV8R6ZFOP14P,M,1989-12-08,35,Athlete
16813,5H1B2SCLLVDXCVFJ,M,1990-05-07,35,Coach
16814,5T1NPA2Q9J56QRQP,F,1971-08-11,54,Coach
16815,BBWFQYLKNRH76BB5,M,1982-06-07,43,Athlete
16816,DLCRQ6BNTBGP17E7,M,1982-09-01,43,Athlete
16817,GWU6M46ZWTFUEET5,F,2002-02-12,23,Athlete
16818,J0K4YT02HPZSZ7ZE,M,1991-10-02,34,Athlete
16819,LTL39VUF4ZRNPFEZ,M,1993-01-29,32,Athlete
16820,N1H6JMB76LIZVTBH,M,1970-04-26,55,Athlete
16821,NGD2ZWB8MPB4ZLYH,M,1996-05-02,29,Athlete
16822,NO64LD7QM2HUNFXQ,F,1962-04-03,63,Athlete
16823,Q1KTGSHTJQ0M9VPC,M,1973-09-26,52,Athlete
16824,QOIF9IQI87GT5AYF,F,1977-03-02,48,Athlete
16825,STJQCLDRI823MWZ5,M,1991-12-16,33,Athlete
16826,THWF4N8NR5WY4G3H,M,1996-03-12,29,Athlete
16827,TNO9K3KTBKE6GHJB,M,1989-07-25,36,Athlete
16828,TWA6OPQ9BIBZQL8W,M,1969-07-07,56,Athlete
16829,WJA32Z2ZIG7FIBS8,M,1982-04-23,43,Athlete
16830,WN2S2NZN18TYCCHJ,F,1994-05-20,31,Coach
16831,XSQEASKTRYN11FQC,F,1999-07-27,26,Athlete
16832,Y22LZOQWOYYN351O,M,2000-12-01,24,Coach
16833,ZTHMX1SFN72TPX5F,M,1992-10-26,33,Athlete
16834,CLPZCNPQWXBFFML3,F,1989-05-11,36,Athlete
16835,U2U5ZNASA7ZLM5OB,F,1983-12-23,41,Athlete
16836,426KC4XK7U52MADO,F,1974-01-17,51,Coach
16837,4W7S47X1XKYF82M7,F,1973-05-11,52,Coach
16838,5VIGT2JKBDOW7IXI,F,1992-03-23,33,Coach
16839,7I4DMT8CQL35U9TA,M,1997-03-28,28,Athlete
16840,7I4IVF9610FPE5F3,M,1962-12-10,62,Athlete
16841,9HQ1D0PVL7EAXZ5W,M,,0,Athlete
16842,CZVL8RSMXUMDIPGH,M,1980-07-24,45,Athlete
16843,DMG1657JC5SC0AWT,F,1967-02-15,58,Athlete
16844,FOBQMJAW67KTL3IS,M,1964-01-04,61,Athlete
16845,FWA84SUWQ6GTE5KZ,M,1985-07-22,40,Athlete
16846,IK5OU0971FEM0BHQ,M,1980-07-24,45,Athlete
16847,L9GGH10TYIY3ZVWR,M,1963-01-30,62,Athlete
16848,U05B7FCOSPRUB8U6,M,1971-09-13,54,Athlete
16849,VHP5DT1H9HZZRF40,M,1951-09-26,74,Coach
16850,W6NKLPOGS5TPRF2I,F,1989-01-14,36,Athlete
16851,W81ZR9R92H9NC7HE,M,1976-07-22,49,Athlete
16852,XQBQHRGQ9U3F27JQ,F,1964-10-21,61,Athlete
16853,XVEDY27H5PQVLOTP,M,,0,Athlete
16854,Z0F282DSZDFZ0612,M,1961-07-11,64,Coach
16855,3A63OECGDTQ35SOQ,M,1960-03-22,65,Athlete
16856,47GDWN89OWQZ9RIC,F,1970-03-09,55,Athlete
16857,4N2S1PTY9EJT1KRJ,M,1990-03-26,35,Athlete
16858,5XLORYK85R3H01YS,M,1955-03-21,70,Athlete
16859,6WSSH6AVWRG67JQL,M,1971-11-01,54,Athlete
16860,72ZA7BLUNMDDC860,M,1970-09-23,55,Athlete
16861,7B8WQ3UBDV18TML5,M,1984-04-05,41,Athlete
16862,7DMVG0VHRNK80YOF,M,1995-05-20,30,Coach
16863,8H3NH56C4YCADDQS,M,1987-03-20,38,Athlete
16864,9CNYJQUFRWYET9UC,F,1987-12-27,37,Athlete
16865,9QTE5F9WSR82UI6Z,M,1995-03-21,30,Athlete
16866,AF90GIUY8EH06U4B,F,1957-08-16,68,Coach
16867,CFZ4QW66BU5HXXL5,M,1983-02-16,42,Athlete
16868,CL2LQNC4DP6BHP6U,F,1995-07-04,30,Athlete
16869,DC6ZWDPTGVZED3UB,M,1979-07-28,46,Athlete
16870,FZR93AWEIA0FOJ74,F,1982-05-10,43,Coach
16871,H26OV82KY3AV425G,M,1994-01-16,31,Athlete
16872,IEXFJPE0HO5Y1QR3,F,1953-03-20,72,Athlete
16873,J8H2H9NRFU3BB6IK,F,1991-03-12,34,Coach
16874,JI1BT5N1RXE59OS7,M,1988-07-24,37,Athlete
16875,KCDPTOHGSIV46PVJ,M,1976-10-10,49,Athlete
16876,KFIBC6HSGTJ7B7OV,F,1994-03-27,31,Athlete
16877,LVYL17DJPTGBHG7V,F,1976-08-01,49,Athlete
16878,PJ7VNUP5L8R4CVH3,M,1982-06-18,43,Athlete
16879,QE97B4AFIX17T1KW,M,1954-02-28,71,Athlete
16880,RUBUJXI5Z2FM34LD,F,1993-10-12,32,Coach
16881,TSRJT9EXUE84CYE4,M,1945-08-21,80,Coach
16882,UNYCWJEEM0N61ITR,M,1977-11-11,47,Athlete
16883,VB0H559RFQB6ZFDL,M,1975-04-28,50,Athlete
16884,VEQS6FKMFBX1C8F6,F,1964-06-15,61,Coach
16885,ZH3KI85UK1Q8E4ZV,M,1973-07-09,52,Athlete
16886,002L5MX1EZ0OX9ED,F,1984-05-09,41,Coach
16887,00M99LTD167BV7LB,F,2005-07-11,20,Athlete
16888,07HJMREW27136UYA,F,2007-05-08,18,Athlete
16889,0AGVNEMYKUJBJBWO,F,2007-10-08,18,Athlete
16890,0IMR1C2OP3SQ11A6,M,2001-02-05,24,Athlete
16891,0XAF6L2M1XNZNR76,F,2005-04-08,20,Athlete
16892,18FWOINCDZ9FG5HX,M,2003-01-20,22,Athlete
16893,1I76T9DKYMGJWLE5,M,2002-02-19,23,Coach
16894,1YR3XJ6XY0Y2O79I,M,2005-05-15,20,Athlete
16895,2KLZX0PVHXNWTM5U,M,2004-04-16,21,Athlete
16896,3B01S2WGCPZ6RQN1,M,1989-08-28,36,Unified Partner
16897,3CNCMWWTAALXDIVP,M,2001-07-26,24,Athlete
16898,3J75DD2J0JWW4ONC,M,2002-03-11,23,Athlete
16899,4LTP2C451KLQNZ58,M,2000-02-15,25,Athlete
16900,4NYHG9P35SQTIU47,F,2000-04-09,25,Athlete
16901,5VHZX1VI9V09QJIU,M,2007-02-27,18,Athlete
16902,6566TDTHKG7XDKY2,F,2002-08-27,23,Athlete
16903,6DFPPTV7RUPPEAX3,F,2008-04-24,17,Athlete
16904,7PLYVJUJM0RUM5YK,M,2004-09-15,21,Athlete
16905,7R1D6J0TH6XW5APC,F,2009-09-17,16,Athlete
16906,83UEBXWFG760WSAX,M,1980-04-13,45,Coach
16907,8GB4MH8QB42ZTJS0,F,2009-11-30,15,Athlete
16908,8PFMRP6GP4YOBY5H,F,2004-03-03,21,Athlete
16909,8X1FG1VFZI3ROXGN,M,2001-04-06,24,Athlete
16910,8XH10N7UCQXB4U60,M,2006-03-23,19,Athlete
16911,8XHPMOBZWH4PXQBI,M,1994-11-20,30,Coach
16912,90LFZOD0YVIHTFJ7,F,2007-06-02,18,Athlete
16913,9ZLQHK0TZPKZSDIM,M,2007-07-25,18,Athlete
16914,A1LV7KN6BCZLV226,F,2003-06-18,22,Athlete
16915,ACG50ILQBT8MB17S,F,2001-01-23,24,Coach
16916,B16JAK4HMCWMIRRX,M,2001-08-05,24,Athlete
16917,C17HINA5CXFL620M,M,1999-01-30,26,Athlete
16918,CQ98ML94RBGEQOP4,M,2001-09-03,24,Athlete
16919,DB4K3T0CQFRCEN2Z,M,2005-08-12,20,Athlete
16920,DRFT6Z1T6F0WHZY5,F,1994-02-26,31,Coach
16921,DUJT4UDODBVJ1EUP,F,2010-01-13,15,Athlete
16922,E9PB4G5KZ8FN7JX0,M,2003-12-09,21,Athlete
16923,EE83IIEQVB0WM803,M,2005-02-22,20,Athlete
16924,ELUBPZUAGZFKROCF,M,2003-02-17,22,Athlete
16925,EOQ27L90YIDN1XWF,M,1997-12-22,27,Athlete
16926,F01O3VTXRUUNDPZ2,F,2007-07-09,18,Athlete
16927,F7FDKK7I10F8CZRD,F,2003-07-03,22,Athlete
16928,G7AK4BYIO1K1JCFT,M,2007-05-10,18,Athlete
16929,HCNVBEQE3YLPPUAA,F,2005-01-17,20,Athlete
16930,HPNRYKW978TVLXVK,M,2005-09-14,20,Athlete
16931,HVRDKKCI38GEAYSN,F,2004-05-12,21,Athlete
16932,I68KMRZP5P87C5J1,F,2007-02-22,18,Athlete
16933,I73FFYRU6VIMD559,F,1996-04-07,29,Coach
16934,IA640ZGN5QVK2PGD,F,2000-07-03,25,Athlete
16935,J1QO5DLWQK4LFBZ8,M,1998-12-23,26,Athlete
16936,J98EV2JOEF3IGPCF,F,1987-11-10,38,Coach
16937,JHLDYD8NP6PNZOT0,F,1996-12-10,28,Coach
16938,JM2TS8V4Y5AP58K9,F,2002-02-10,23,Athlete
16939,L3MDCLTZGFH17MHB,F,2000-08-09,25,Athlete
16940,L6A8D0CSJY28FT1H,M,2001-11-03,24,Athlete
16941,LULN15Q6AK7JDK7J,M,2008-03-10,17,Athlete
16942,M9IDWJM1T0MI5X5W,F,2009-08-06,16,Athlete
16943,MGO4WAJGN1XWDIZ0,F,1982-07-30,43,Coach
16944,MN7F2HPGV96H0ZFQ,F,1993-11-25,31,Coach
16945,MW1EMVPKIG0UIUR1,M,2002-03-07,23,Athlete
16946,MXI9H5RXDFOAWEWQ,M,1984-09-27,41,Coach
16947,N0M23VC86FY8ALWI,M,2001-10-14,24,Athlete
16948,ND3WF7V00610EXRW,F,2006-04-02,19,Athlete
16949,NVHYJNA76P0UKE6O,M,2001-08-29,24,Athlete
16950,NW5PH1M2IJZQMH1Y,M,2002-11-12,22,Athlete
16951,O540FEO9BLTDJR1V,M,1975-12-29,49,Coach
16952,P5KRD5CSNU2AO7EM,M,2006-07-02,19,Athlete
16953,P938HG3V1RUR28JZ,M,1988-11-06,37,Coach
16954,RPOIPKKTGLXLW6ON,F,1995-05-05,30,Coach
16955,RU0FXZGARVM7MV94,F,2003-01-04,22,Athlete
16956,T4NM5TQT1TR7IL3X,F,2010-06-17,15,Athlete
16957,T765PBG45GAF8ZC3,F,2006-12-04,18,Athlete
16958,TAIAQ3W3FHS8LZMH,M,1966-11-30,58,Coach
16959,TAVUYGCJMCMATOIG,M,1990-01-26,35,Coach
16960,TU9TXWKJ891657ZT,F,1987-11-04,38,Coach
16961,TVPH0PITNK4K623R,M,2004-01-08,21,Athlete
16962,U9CSF0XWUTHGIFVQ,M,2004-06-15,21,Athlete
16963,UCN0ZVV8WY3DLCN5,M,2000-10-09,25,Athlete
16964,UD2MS6POGTNIOURW,M,1983-12-12,41,Coach
16965,V3M547C50X6Q97O4,M,2004-01-14,21,Athlete
16966,VHPUDJI8AA69SZL8,F,1991-04-19,34,Coach
16967,VI9ELNWHLZ55VQ54,M,2007-06-02,18,Athlete
16968,WINYAPSXMQPL65OC,M,1975-10-13,50,Coach
16969,WR82XDVIO4CQ9KE0,M,2000-11-20,24,Athlete
16970,X221XFSMXDKQ7TZM,M,2005-01-27,20,Athlete
16971,XQCBECVPTJRNJ7F9,M,2005-08-19,20,Athlete
16972,XZEEE3RW0ED96PWU,M,2002-09-22,23,Athlete
16973,XZF2NC5PQ16UX622,F,2006-04-07,19,Athlete
16974,XZF767UPZK9YFRHM,M,1999-11-03,26,Coach
16975,Y11IRODBERV5TTML,M,2001-12-21,23,Athlete
16976,YGNQ88TFK8L7XCER,F,1988-07-20,37,Coach
16977,YTOBNFQ5393PJMKJ,M,2002-06-19,23,Athlete
16978,Z740PK0FNR6W07NF,M,2004-11-16,20,Athlete
16979,ZG9M7HNXH3TZBEIF,M,1986-04-06,39,Coach
16980,ZO3NF0PKV73SPGNP,M,2006-12-06,18,Athlete
16981,ZWTVBWTLUR6HWTAU,M,2007-06-15,18,Athlete
16982,ZZFMYJ54BTCAS467,F,1966-03-28,59,Coach
16983,0HCMB06IECNG23ZW,M,1956-04-01,69,Coach
16984,17VMUFHQO7J0IE4A,M,1999-05-03,26,Athlete
16985,1E5IJVHA74NG5OHP,M,1986-09-11,39,Unified Partner
16986,1F7B9QYNC4R08EZ2,M,1988-04-30,37,Athlete
16987,3ZEKUBD3470X9LS8,M,1994-04-24,31,Unified Partner
16988,42YD7T4AW19I5RH7,M,1961-12-02,63,Coach
16989,43EFA09WMXFBT5QB,F,1989-03-07,36,Coach
16990,5AB87WS5K1I4PPVK,F,1982-11-09,43,Coach
16991,5GI777RFTORUT3QQ,M,1982-12-01,42,Athlete
16992,5J52KJT7CYVZ3VV7,M,1981-07-13,44,Coach
16993,6O44T5PRQ2NSA3TT,M,1987-08-13,38,Athlete
16994,7XFAX8EYFLT538YZ,M,2007-04-26,18,Athlete
16995,8EBMWB6RBUZ8MBWY,M,2005-06-06,20,Athlete
16996,8M4ANNVNOO38M3MR,M,1979-04-20,46,Unified Partner
16997,93SNG6CW0HF4WMC0,M,1994-02-24,31,Athlete
16998,A0WT1PPC2S8CPAAA,M,1958-11-27,66,Coach
16999,CR75P9711QJSK7BN,M,1996-05-07,29,Athlete
17000,E8NIUS0URN8I5UDA,M,2009-01-07,16,Athlete
17001,EQNO3SXSQQI95KCF,F,1996-03-18,29,Coach
17002,ESLXPHLMN581UG4W,F,2009-09-27,16,Athlete
17003,EZUWBMHGN44GT5KN,M,1987-03-03,38,Unified Partner
17004,FZAH8K0KWTZQKXY1,M,1988-12-01,36,Athlete
17005,G3Y3CIKJQSYKJ0RA,M,1987-12-11,37,Unified Partner
17006,G71W0P8X1Z2XEUCB,M,1992-07-28,33,Unified Partner
17007,HMHQN7Q6T9O0A7H9,M,1978-11-28,46,Athlete
17008,HUOXXL19E77GG0X1,F,1982-07-17,43,Coach
17009,I3QNHX622IH23G1Y,M,1975-09-09,50,Coach
17010,IFK720TNPYUAW7PC,M,1992-03-15,33,Athlete
17011,IS9S9D0UB246ZDQL,M,1989-10-19,36,Unified Partner
17012,JI8TKS6FSC07DDRF,M,1977-01-16,48,Coach
17013,K5309UXSGYP97JT2,M,1985-01-24,40,Unified Partner
17014,L1L2MAVIUX40Q4CY,M,1976-02-15,49,Athlete
17015,LLU5WE9JTLH90ZE4,M,1990-04-21,35,Athlete
17016,M3S2UA1MXCBS6SDE,M,1981-01-01,44,Coach
17017,O6GS0B6UOYZ139O3,M,1977-06-14,48,Athlete
17018,ORK5XY79DAEZUAB7,F,2008-10-18,17,Athlete
17019,PDLXIY8RBG7KZ42W,M,1988-04-08,37,Athlete
17020,PY23FZ9728BMJJ2Q,M,2003-08-28,22,Athlete
17021,SB80N5XNUEWC9HWD,M,1995-05-12,30,Athlete
17022,UYC2TGNL5RHT3K0G,F,1976-02-11,49,Coach
17023,VF3UZSNETD3ULIIE,M,1974-08-08,51,Athlete
17024,VVZMOBWSKZ0F9UAO,M,1994-03-28,31,Athlete
17025,XC2TAUYILMO32FD3,M,1990-06-13,35,Unified Partner
17026,YBQ1JH4HIV8PL4ER,M,2003-07-16,22,Athlete
17027,YCFMHFR3C618UZ8Y,M,2005-01-04,20,Athlete
17028,YY2EHDSQKPNBDBZX,M,1990-10-29,35,Athlete
17029,YYXEOPQYEVSF25CB,M,1988-12-01,36,Athlete
17030,Z8UYIRTPUBLPBI66,M,1993-05-29,32,Athlete
17031,ZRJG6K13ALTJIGRF,M,1979-08-04,46,Coach
17032,1KTV92DYCK8J7PX5,F,1994-06-14,31,Athlete
17033,1XOOMJEZ1W9V9DGE,M,1950-04-29,75,Coach
17034,1YK571TMOAISIH47,F,1999-06-15,26,Athlete
17035,2L2DIBM26NYTNJYY,F,1963-02-09,62,Coach
17036,8RM267FXOKQUZ7F9,F,1993-04-23,32,Athlete
17037,9XLI6VTGPEGT3XIL,F,1987-08-11,38,Athlete
17038,CE0P6RKJKPHFAO37,M,1966-10-13,59,Coach
17039,DDRQPX839UIEA6NT,F,1966-08-25,59,Coach
17040,GW2BOLVG2EK532DU,F,1987-11-27,37,Athlete
17041,HPD4KK6E82IVR3R5,F,1995-04-14,30,Athlete
17042,KX8SGSNOTE1CGRGJ,F,2004-02-19,21,Athlete
17043,LW56B9FFY41FXKQX,F,1992-04-26,33,Athlete
17044,THHEJHJCVFFDPL8X,F,1997-02-02,28,Athlete
17045,TXC38HREJJW0PYJR,F,1986-05-19,39,Athlete
17046,UGB3QU2PQZMACH4S,F,2003-07-11,22,Athlete
17047,WQKV2VKZQABHBGIM,F,2000-08-14,25,Athlete
17048,XNKJ41LE0NHY7K1O,F,2000-01-25,25,Athlete
17049,XOJO5EH9HO7D01Y8,M,1954-03-16,71,Coach
17050,XTZX95EKWGGR5I1O,F,1972-10-15,53,Coach
17051,20O3SY6CFTKUFEKY,M,2012-12-28,12,Athlete
17052,4KZ3AD8J7SK6EMT2,M,2016-03-03,9,Athlete
17053,534S4L11DJWVZXOM,M,2008-01-17,17,Athlete
17054,6S1OPYEDSXHQFJGG,M,2012-11-01,13,Athlete
17055,BLQNPYU02QQAPZM1,M,2005-04-06,20,Athlete
17056,E7U65H5X2M1SLJSM,F,2012-06-26,13,Athlete
17057,G8MX2RGPENTC78ST,M,2002-01-01,23,Athlete
17058,KKTU6Y80MI1DWCMC,M,2017-01-23,8,Athlete
17059,LLCBB9O9GCMTO3SX,M,2010-04-03,15,Athlete
17060,M7DG3XZPTA98LI53,M,2012-09-03,13,Athlete
17061,MWDVYWTGVY54NNJO,M,2011-09-27,14,Athlete
17062,NBKDTLYV2XP8C98I,M,1986-01-15,39,Athlete
17063,OEDVUPF46QBMV0YK,M,1960-06-06,65,Coach
17064,OJ3I2TJV5I4MYMK5,M,2006-12-28,18,Athlete
17065,RA5DBT2708EBVGCI,M,2008-09-30,17,Athlete
17066,ROP1ML0E3GRASEG1,M,1955-07-21,70,Coach
17067,S4X2RB4ST3SSIC2A,M,2010-09-02,15,Athlete
17068,TPUDO8113NMQ7K7M,M,1999-12-08,25,Athlete
17069,U2CBJNGCZM3FS5RH,M,1999-04-23,26,Athlete
17070,UF16Q25VIJGIHL94,F,1977-02-28,48,Coach
17071,UPMR1HIT8REKBF7O,M,1981-10-05,44,Coach
17072,X1UGO1PG5JFJ6HON,M,2012-05-03,13,Athlete
17073,XZSY4417M33ZU7VG,M,2009-12-09,15,Athlete
17074,YVYI7KDNGGBJ1BHJ,M,2003-05-07,22,Athlete
17075,0OHWB7HULY37UON7,M,1970-02-27,55,Athlete
17076,2MCGJM3BOKGFZWWH,M,1987-05-09,38,Athlete
17077,3MOEL6HJCQ7E7BYW,M,1987-07-21,38,Athlete
17078,3MWAZ7ZXPL4Y3AEL,F,1979-05-04,46,Athlete
17079,760J31E2OQWXG9WJ,F,1991-03-26,34,Coach
17080,875VTBP54TMBJNTS,M,1996-10-01,29,Athlete
17081,99OVVE765R1AG0IH,M,2006-09-02,19,Athlete
17082,9SPYRU9ZDPRFHFK0,M,1962-03-20,63,Athlete
17083,AY66L7ACZJ7Y91UG,M,1993-09-02,32,Athlete
17084,B4YGQ3L7CXL86Q3B,M,1988-09-13,37,Athlete
17085,BQLGMC1RRULKGP4E,M,1991-03-23,34,Athlete
17086,D1NW0HMZBCY0MWEY,M,1996-11-18,28,Athlete
17087,ID1X3C9OS7ZOQVU0,M,1980-03-04,45,Athlete
17088,IFFF1IBFKWLQZQV2,M,1980-12-05,44,Coach
17089,MFNTA6BWPX9XZROT,M,2001-03-24,24,Coach
17090,Q375E8NCB5UHQCDR,M,1967-07-20,58,Athlete
17091,QD671KQO231O14LY,M,1993-04-01,32,Athlete
17092,QTKHKUBZ1UZB1ERE,M,2002-01-10,23,Athlete
17093,T9WOWFP3QUWXYGOP,M,1990-08-02,35,Athlete
17094,UTGTANN4XSKLWBSI,M,1962-06-01,63,Athlete
17095,YXGVHAVKNJ73Q47L,M,1995-07-14,30,Coach
17096,ZLMWKLG5CCEIMWZE,M,1976-06-09,49,Coach
17097,ZRY27HAWN0H8AMO1,M,1994-10-15,31,Coach
17098,01G49C9PHK06XLYG,M,1982-07-06,43,Athlete
17099,16I5MYNBB1YIQJHH,F,1982-12-15,42,Coach
17100,17A229VTPSCW07PU,F,1988-03-07,37,Coach
17101,2THNIZYPA1HA1BTM,M,1959-10-15,66,Athlete
17102,3VVH1XTSWSSTLBZ5,F,1982-02-18,43,Athlete
17103,3Z2JYWHEN42HA5A8,F,1959-01-23,66,Athlete
17104,48ZN5TJ4S1VUGPH7,F,1993-07-23,32,Athlete
17105,4I39MQCCKRJ9FCDR,F,1987-01-08,38,Coach
17106,61N99KUB30KQG4EW,F,1978-12-15,46,Coach
17107,75MY8F2MOZ0JMUVJ,F,1991-09-29,34,Coach
17108,8FHT0YG18CLX1QYM,F,1969-08-27,56,Athlete
17109,8UNKSN14Q6LZ2Z02,M,1964-11-09,61,Athlete
17110,97ID5OPGEB4IMJNG,F,1973-03-22,52,Athlete
17111,9QZAXRH62IM7TG4N,M,1977-11-20,47,Athlete
17112,BD66N9UQ99B9LGFC,M,1983-02-10,42,Athlete
17113,BMOPV5WLAX4K759G,F,1960-03-01,65,Athlete
17114,BP9SN5LJ8C3GWFE3,F,2001-06-22,24,Athlete
17115,BQOOF24KXBRNLCNS,M,1981-07-21,44,Athlete
17116,DD4ACHT1FIWIFQHV,F,,0,Coach
17117,EKE5UD238WNDSYMW,M,1983-12-23,41,Athlete
17118,FX5IGPH5KB8EM9K0,M,1973-06-07,52,Athlete
17119,G2VV725U3VGUOOOD,M,1998-04-16,27,Coach
17120,GR0NG732R6414GR9,M,1986-05-03,39,Coach
17121,I9T0FNEXFCKIOKJG,F,1978-07-29,47,Athlete
17122,JMFNHT1S7QMM8ECT,M,1984-06-07,41,Athlete
17123,JUHMWF8Q6E5SYNYO,F,1986-01-30,39,Athlete
17124,KJ5N7POZ0HYHMRE7,M,1986-05-19,39,Athlete
17125,L9J7EDXFIY27JCG2,M,1978-02-17,47,Athlete
17126,M32RXCVJR7HO0UUQ,F,1988-11-18,36,Athlete
17127,M9XU7C0M2DNZ34YY,M,1994-09-11,31,Athlete
17128,NOY2FRFFXJBHY04Y,M,1993-07-23,32,Athlete
17129,O5UWLGMDTMI3J78Q,F,1963-08-24,62,Athlete
17130,Q0TQIDHN23EERMOI,M,1992-02-08,33,Coach
17131,QR8TKTS15RQGKODZ,M,1982-09-25,43,Coach
17132,QS983SZNHOVUAQ6Q,F,,0,Coach
17133,R9QS3WOBA6811XE7,F,1970-06-13,55,Athlete
17134,RKNK08BDL8R2RY2R,F,1990-07-23,35,Coach
17135,SM5W21W5MEJ41CS0,M,1992-08-24,33,Athlete
17136,T0TGDOA8S96Q12HV,F,,0,Coach
17137,T7KJVK2DHPJAVT4C,F,2004-09-18,21,Athlete
17138,UG5Y83MSXI12KRKT,F,1979-09-02,46,Coach
17139,V6EYPUFMP2E9S6Z9,M,1977-06-06,48,Athlete
17140,VAPMYWSVI21H5XYP,M,1987-09-19,38,Coach
17141,WBR0NI12X33UT525,M,1983-11-12,41,Coach
17142,WWETMYYEEFR6OP3L,M,1978-05-28,47,Coach
17143,X6OTF1N2KRO3VI3W,M,1986-03-11,39,Coach
17144,XE71WQ9NW7R0EUSM,F,1969-01-04,56,Athlete
17145,XZDJFOYXWPG5AM76,F,1972-11-05,53,Athlete
17146,Z7P4SURESGGPI33U,M,1994-04-26,31,Athlete
17147,01BMKIQ8X965G0JZ,M,2008-05-03,17,Athlete
17148,0D7RMV3EJ8BXQNWN,F,1985-11-08,40,Coach
17149,1V381W8YK0518352,M,2005-04-23,20,Athlete
17150,2VQECHA85Y5Z8EST,M,2005-12-28,19,Athlete
17151,3KKDSB4OHU8QKEJM,M,2004-06-03,21,Athlete
17152,6F5ICG9WC7MBKL3K,M,2006-12-18,18,Athlete
17153,6NPQLPLEL8O81NGU,M,1999-05-07,26,Coach
17154,70BOCA1HEE4PS03X,M,2008-03-06,17,Athlete
17155,7VIP7XFAX28WK7V0,M,2008-05-22,17,Athlete
17156,9W5SUOEDGO7JT4G9,M,2008-12-15,16,Athlete
17157,A30HGQKFM8RM2Z1B,M,2006-01-11,19,Athlete
17158,A5GY8WXLVDNETA9H,M,2010-10-11,15,Athlete
17159,BI5D2HI5IYQFJXCN,M,2008-01-17,17,Athlete
17160,BNZEIX775HW4DDCG,M,2005-11-21,19,Athlete
17161,BOQC1UH6ECS3QRKT,M,2008-11-21,16,Athlete
17162,BWFWTM251U8H4WF0,M,2006-05-20,19,Athlete
17163,BY6MGRHZ2A3E26UT,M,2005-05-04,20,Athlete
17164,CZV9XDYIHOEUU0GM,M,2005-05-06,20,Athlete
17165,DBD5KB6Q7WDL2V6J,M,2006-10-25,19,Athlete
17166,ED0EA51TJ9HFFIE1,M,2009-01-25,16,Athlete
17167,ID5RY2RROHJPE7WV,M,2011-12-10,13,Athlete
17168,J0CV3P4F0ALH0ZS6,M,2008-01-10,17,Athlete
17169,J9YR4DGZPCXQAI16,M,2006-09-19,19,Athlete
17170,JGG3DGT591J8ET9W,M,2004-12-22,20,Athlete
17171,JWKNU3677M8XO48B,M,1995-11-20,29,Coach
17172,K092UEVY5O10RL1U,M,2003-10-13,22,Athlete
17173,K62HJRQY6JBAS54O,M,2011-01-01,14,Athlete
17174,KDUXJGD1T7GYVTBG,F,1959-12-24,65,Coach
17175,KLQ1HPS5GQMBTF3K,M,2008-07-03,17,Athlete
17176,LID46QCK6VR8L9BG,M,1978-07-27,47,Coach
17177,M297UR72AWOIY5D4,M,2008-12-12,16,Athlete
17178,O2130ZMEFZ1202ZX,M,2006-11-04,19,Athlete
17179,OBA9WCZU9XKENS0T,M,2004-11-09,21,Athlete
17180,PKTHABNHIK3GXKWY,M,2008-01-10,17,Athlete
17181,PYSKPCRN7BU16PQL,F,1976-09-25,49,Coach
17182,QC0PO5AEE64AC1LI,M,2011-12-04,13,Athlete
17183,QPWTAWBS7DWQJ9XX,M,2006-08-15,19,Athlete
17184,QRL8ULU7257QH2XD,M,2008-05-15,17,Athlete
17185,R5Q652D3GMKVXB1U,M,2005-04-25,20,Athlete
17186,RKPD7XZFX3OMXPNT,M,2005-05-02,20,Athlete
17187,S869FQVN34YA60XH,M,2003-07-02,22,Athlete
17188,TA1NWFB88I7PDAWG,M,2011-01-19,14,Athlete
17189,TBCHNHM0EKDZ6VGP,M,2007-11-30,17,Athlete
17190,TVDQA9S43I9F6F95,M,2009-09-22,16,Athlete
17191,U4YXV81AHBSMQ79B,M,2002-09-26,23,Athlete
17192,UGWQGHJOKOM3DMN9,M,2008-04-22,17,Athlete
17193,UNZZM9Y3RSSWFSXV,M,2007-10-30,18,Athlete
17194,W7339BE05514F7SS,M,2010-04-30,15,Athlete
17195,WBE9RZJSARO6UMSX,M,1987-09-11,38,Coach
17196,WO95Z1YLWQTIEU2T,M,2007-02-22,18,Athlete
17197,XJG881740CAGTSF5,F,2008-04-28,17,Athlete
17198,XUKKE3IZFYLLQF1C,M,2008-06-30,17,Athlete
17199,YO8O4ZF4574L4ZW4,F,2007-11-17,17,Athlete
17200,ZI6M0FAWGJUTGCFT,M,2007-10-08,18,Athlete
17201,ZLXJCMWTJ591GEJH,F,2003-06-18,22,Athlete
17202,ZVQQYDCC9VA65LV7,M,2008-04-28,17,Athlete
17203,20M8WFVWGZVOWP6B,F,1967-02-05,58,Coach
17204,4JBIAGRP1KB11RAJ,F,1982-09-14,43,Athlete
17205,6R4GIBQ7RXW60SWN,M,1998-03-02,27,Athlete
17206,6XW3MYMZS8JSUGN6,F,1994-08-28,31,Coach
17207,7P573DPJYIXZQFYO,F,2000-10-24,25,Athlete
17208,B4PTVEQH3CO8IJH1,M,2015-11-09,10,Athlete
17209,CAYVPGRJPYYHIHKC,M,1965-09-13,60,Athlete
17210,DQA2F8FIL2Y1LHCB,M,2007-01-04,18,Athlete
17211,E4UPI5G7JVP1OHRH,F,2007-10-17,18,Athlete
17212,FRLANO4XRIMIP95O,F,2003-01-20,22,Athlete
17213,GLA54N4D8DLYROFY,M,1998-05-15,27,Athlete
17214,GX0ZWI9IXSNI7QVH,M,2006-06-16,19,Athlete
17215,MCSU02O3CYNCOZPP,M,1999-02-15,26,Coach
17216,QSQD87TJAJQZAUF8,M,1994-09-11,31,Athlete
17217,T65FIEUW6TH1W00I,M,1993-09-14,32,Athlete
17218,UA6NHKN4A5MVH5YA,F,1969-08-29,56,Coach
17219,XPT3LGZUZ441GN7S,M,2011-11-21,13,Athlete
17220,Y1EGKCJ99NMSCGSA,F,2006-06-01,19,Athlete
17221,3P2O4GWJ1UP3BAVP,M,1983-12-18,41,Athlete
17222,504XBARLYV9GDCIV,F,1983-01-05,42,Unified Partner
17223,72BG5CJCVFYSNBMQ,M,1992-10-25,33,Athlete
17224,CFLB3UQ203XSXBKL,F,1992-09-01,33,Athlete
17225,I47KELTA4W7N8FIQ,F,1979-12-05,45,Athlete
17226,JEC2XD6VWK4PWUFY,M,1984-11-07,41,Athlete
17227,NCMCTEW1LUYOQABC,F,1988-03-04,37,Coach
17228,SONHYWBP2HK82OPD,M,1978-06-09,47,Athlete
17229,TKYKJJBM0V64PKOG,M,1994-12-01,30,Coach
17230,V2JBBR5H0OIOOW77,M,1988-05-26,37,Coach
17231,318D9MVPSL2YA54B,M,1996-12-15,28,Athlete
17232,7FOFDWSHRK5J7VB4,M,2008-08-12,17,Athlete
17233,R1EQADENUOGKD1PP,F,1963-09-13,62,Athlete
17234,T05A0U9311H3NC8E,M,1986-12-02,38,Athlete
17235,UGUMVPX2FQC7OLUN,F,1990-12-08,34,Athlete
17236,XN9G5N9GS707UHSS,F,1998-11-09,27,Athlete
17237,ZKP03FQ4WWCLVWXE,F,1989-08-18,36,Coach
17238,276QAZZVIXHI4067,M,1997-07-29,28,Athlete
17239,6M8H1VMPE5VY5102,F,1956-04-11,69,Coach
17240,B4GWU002XXO11M7Y,M,1997-04-04,28,Athlete
17241,CZFNVLWBEJ36LGBH,F,1997-02-23,28,Athlete
17242,FTON03RE3IN3XWF1,M,1998-07-25,27,Athlete
17243,K6Z01WF9QS2Q1ZTZ,M,1995-11-23,29,Athlete
17244,MD2X5I23KO3R2W1R,F,1946-10-01,79,Coach
17245,MW105B4TD9F2AF4R,M,2000-04-23,25,Athlete
17246,OFQB6RLJ55OJOZ9F,M,1997-06-20,28,Athlete
17247,OQ7VPVN92FVG0Q7L,F,2002-02-14,23,Athlete
17248,THK9983FUAMTEEVC,M,1997-10-07,28,Athlete
17249,XR3SMTWMOQ2XFNFL,M,1994-03-25,31,Athlete
17250,Y5U9O0111CHLA7A1,F,1984-04-21,41,Coach
17251,Z8FD7MTQOU7OZYRB,M,2004-12-22,20,Athlete
17252,ZKLIUL99ZJVXDCP9,M,1996-06-30,29,Athlete
17253,1YZZLEZDK5SV0BG0,M,1975-04-05,50,Athlete
17254,2JVKK14Q8FNJ4HM2,M,1983-03-30,42,Athlete
17255,338JCPOBTWQS9VZC,M,1972-06-18,53,Athlete
17256,6F8ODNC6RVQ2A1XQ,M,1990-04-15,35,Athlete
17257,ACGRHKFQVF9PN6HA,M,1985-06-11,40,Athlete
17258,AR7RO4DMGO0S6L6J,M,1971-05-15,54,Athlete
17259,C2DNVSMMDYRLEQUI,F,1997-08-24,28,Unified Partner
17260,DQBRM4X4CCPOTEQJ,F,1986-07-05,39,Athlete
17261,DUYB219RCT0JOYJ9,F,1984-06-11,41,Athlete
17262,F33WEGE9FEXTFHX7,F,1987-10-03,38,Coach
17263,FT8K5GQLUFSFEZ2H,F,1985-04-30,40,Coach
17264,HBRJGAS8KVL1HXL6,F,1978-05-01,47,Athlete
17265,I38074EOH1EHI77H,M,1971-05-05,54,Athlete
17266,IVBBZAEL29L1QSI3,F,1965-11-09,60,Athlete
17267,JF3WLFTM14CN0EJD,F,1978-01-25,47,Athlete
17268,K0294ZQDP3S41IGO,M,,0,Coach
17269,K1NEYT0ST8RQ53ZS,M,1993-11-27,31,Athlete
17270,KMLHV5IVBVCYNDZF,F,,0,Coach
17271,MCVJTFKJP6HQZVMT,F,,0,Coach
17272,P2F2AKS8314R6TVR,M,1993-11-26,31,Athlete
17273,PX20M3QO36T9UU4C,F,1971-06-02,54,Coach
17274,QRUOFIHKC57NZ8QB,M,1969-05-13,56,Athlete
17275,UWMLIBAT8A33G6W0,M,1949-11-29,75,Unified Partner
17276,WZWPTQ9Z9NE16AC5,F,1973-04-20,52,Athlete
17277,XXZ34JM09PG6NNZY,M,1958-01-16,67,Athlete
17278,ZWQ0W5FC6S9MNVC8,F,1968-05-03,57,Athlete
17279,1HU5X9PJLKORI4BS,F,1991-12-31,33,Coach
17280,4QSZYNUS29HKRGJ3,M,2005-03-24,20,Athlete
17281,4ZV40INVJP2WGXJC,F,1990-07-04,35,Athlete
17282,60SSMEM1VXQL154V,F,2005-06-21,20,Athlete
17283,7D8HZFWCANOQ05K6,M,2002-10-24,23,Athlete
17284,7DB4CORCQJHI03BR,F,2004-12-10,20,Athlete
17285,7DKFIHB4GQ9YZZIO,M,2011-03-14,14,Athlete
17286,7LEFVNVLO6XV7XXO,M,2003-04-10,22,Athlete
17287,95R6T59H2JQ64G99,M,1988-08-28,37,Coach
17288,9O0E6KFM63Q5RVBO,M,2001-07-09,24,Athlete
17289,AL7NWQ8HK169XU2B,M,1984-02-07,41,Coach
17290,G42NHWYDM445Z3GR,M,,0,Coach
17291,JNT5B2HXOXNDQ6E4,M,1998-06-09,27,Athlete
17292,KXJ6HDIAVKXHA2XO,F,1988-05-02,37,Coach
17293,OC0A894NW3CRHV98,M,,0,Coach
17294,RQKX4XB89EIREHYH,F,1982-03-22,43,Coach
17295,RRT6GIT2PRUKIW98,F,2004-06-15,21,Athlete
17296,RU6QZ363GE7U8SJ1,M,2003-03-18,22,Athlete
17297,S439KSK8NBLNVHF4,M,2001-02-20,24,Athlete
17298,T2U2YNLTL45DNCQ9,M,,0,Coach
17299,UACZLXJX0CPEHLSX,F,1999-12-15,25,Athlete
17300,V06BHOOQD6HMJ30E,M,1999-12-10,25,Athlete
17301,WZPVIMPD8M4PPZ98,F,,0,Coach
17302,XGAPRFY3T0SW0GRH,F,2005-07-17,20,Athlete
17303,Z5PHQW911FUJGK2L,M,2008-10-08,17,Athlete
17304,03P089OXRCJHA1WJ,F,2006-07-03,19,Coach
17305,4IY7AKJGTJ1060VX,F,1974-09-21,51,Coach
17306,55GMOH9S6S88MOA6,M,1990-10-25,35,Athlete
17307,85KSHXO6OZZ4L6S7,F,1965-12-24,59,Coach
17308,IFX7XT5XY215TVX7,M,1974-10-04,51,Athlete
17309,IROKSYLP0ARC1WQT,M,2002-11-13,22,Athlete
17310,01WUS8GVIV82H0PJ,F,2000-09-07,25,Athlete
17311,0IZXJ0ALVM2IL2VN,M,2011-11-11,13,Athlete
17312,0O63AXNU4X7VO1ZC,M,2006-07-11,19,Athlete
17313,11U2Q0M69T57RN4T,F,2002-12-03,22,Athlete
17314,18NUXCM8JDT1DWJT,F,2010-09-16,15,Athlete
17315,1ZB1LXK9RDE1OCGY,F,2005-09-13,20,Athlete
17316,2CAR18RNBU1X7URN,F,1977-10-31,48,Athlete
17317,2V6H9S705ZESTJVK,M,2001-04-30,24,Athlete
17318,319KNXU2Q7D9ZGNM,F,1988-05-20,37,Athlete
17319,3JYCVZCBLTD0XNGR,F,,0,Coach
17320,403KXB7BR61HC2ZQ,M,2000-04-20,25,Athlete
17321,4DNICG2G91OPCSD8,M,1969-05-14,56,Athlete
17322,4H4B09AKH9848ISH,M,1982-04-10,43,Athlete
17323,4JETDZTHXASJ0PKR,M,2007-12-31,17,Athlete
17324,4UZ17CPDVT1BI5B1,M,1961-10-14,64,Athlete
17325,4WK3OJ994BYCLPT0,F,2002-12-26,22,Coach
17326,5LY4R8BWJ7HDJCZM,F,2001-08-09,24,Athlete
17327,61WGFIF6O7F1M1U2,F,2002-07-13,23,Coach
17328,6C88JOM6VRWRCIQ0,M,1980-04-01,45,Athlete
17329,7V3VFH9CDTCBOA8L,M,2011-07-02,14,Athlete
17330,8WWPGOB9WD7NT1G1,M,2000-04-13,25,Athlete
17331,9111EWYGIAP2I2U6,M,1987-03-18,38,Athlete
17332,911Q21D231RQRA69,M,1997-07-13,28,Athlete
17333,993AJQC0NXLCGQ6A,M,1979-05-18,46,Athlete
17334,9J54XQZUZIN4M2GM,F,1999-09-17,26,Athlete
17335,AHRA3RDM6SG5HLYB,F,1995-11-14,29,Coach
17336,AL9IQENAFAQXYBCY,F,2001-04-25,24,Athlete
17337,ATU9NIL31PCX8K1Z,F,1977-03-17,48,Coach
17338,AVV97WVURC1Q3G8I,M,2001-11-28,23,Athlete
17339,BET6A9ZTVE00GRA2,F,2004-03-30,21,Athlete
17340,C09AX1N7SRES9WIJ,F,2000-09-04,25,Athlete
17341,D52U6F429LXX29LF,M,2010-12-13,14,Athlete
17342,D87LDSHGQ4RTWFMR,M,2010-07-27,15,Athlete
17343,DCKUFMOOIGWAUBUZ,M,2003-02-10,22,Coach
17344,DHOUZHAW95WOX80V,M,2007-07-29,18,Athlete
17345,DHYUNOERWDSZ85OA,M,2013-08-12,12,Athlete
17346,DJKODBTIP8C85DS8,M,2006-07-31,19,Athlete
17347,DT7FHAJ7LU0G2KB2,M,2011-06-05,14,Athlete
17348,E1RBOVET2J0SIH9S,M,1998-07-13,27,Athlete
17349,E7FQVPWH9ESKDOP3,M,1998-05-06,27,Athlete
17350,FC9VVVGUJR2Z2V2A,M,1988-08-25,37,Athlete
17351,G2VZJUTTHSTMO3CO,M,2010-09-29,15,Athlete
17352,HLCTA1TZW60IMQCP,M,1986-12-27,38,Athlete
17353,IBTMBE7P60ZRNBYE,F,1997-09-28,28,Athlete
17354,IOY4IX5612D1Q9JI,M,1983-12-02,41,Athlete
17355,J3FMM7NCT109FS4R,M,2008-09-15,17,Athlete
17356,J62JVHSAWTF4LG05,M,2007-12-19,17,Athlete
17357,JUK23WPJC2WT6DXR,F,1997-10-26,28,Coach
17358,JWGP6XWL8REOXHXD,F,2003-04-02,22,Athlete
17359,K0T515B4KO2DDZBL,M,1975-10-31,50,Athlete
17360,KF5M8GD4WCADGRJQ,M,2010-11-19,14,Athlete
17361,KRNMF9M1TTV47CDG,M,2005-08-19,20,Athlete
17362,KTCAYI8CHDVY59D8,M,1965-05-25,60,Athlete
17363,KY0KWC2HKE3FG1CN,M,2008-01-16,17,Athlete
17364,L1RLWWSUOV6RA502,U,2009-06-17,16,Athlete
17365,L681R7WLO6T1ONJY,M,1984-10-04,41,Athlete
17366,L9H6T4ASD7TSG85V,F,2007-07-09,18,Athlete
17367,LO3WACMN51XU1CUD,M,2010-07-19,15,Athlete
17368,LORRNL5WYCYM9RFG,F,2001-11-14,23,Athlete
17369,LPBTL3JF1XVSPDWB,F,1990-09-26,35,Athlete
17370,MFEXD2AD32X16RZP,F,2002-02-10,23,Athlete
17371,MGSHI5XX8AVZ99I6,M,1962-10-03,63,Athlete
17372,MWBX2SAGMG9458WV,F,1984-11-04,41,Athlete
17373,N24FC4B8QZZGMTA6,M,1969-09-15,56,Athlete
17374,NFBSM3RXJQZ9P9C4,F,,0,Coach
17375,OS5F8R8MCH8YWIJY,F,1995-05-29,30,Athlete
17376,PQXE85MSZUY0RHRV,M,1980-06-19,45,Coach
17377,Q3J1GJ8WGWMI7Z28,M,2001-07-26,24,Athlete
17378,QI1GWJOT9PKJMWNI,M,1966-12-13,58,Athlete
17379,R7I7V722LLRPKRXR,M,2004-10-13,21,Athlete
17380,RF11N971SYXJCL0W,F,2000-08-16,25,Coach
17381,RGBK36ZOZPBEHBND,F,2011-11-02,14,Athlete
17382,SC1QFV5DH9U6E65K,M,1976-05-18,49,Coach
17383,SP7ZY5XN6YINNZHV,M,1979-12-05,45,Athlete
17384,SVX81ASZT9S22HV6,M,2008-01-07,17,Athlete
17385,TAG38SIDNGPF9HJT,M,1992-07-30,33,Athlete
17386,U0RFJG5TCDTJZI7E,F,1988-04-11,37,Athlete
17387,VIFI2FK8A6Z850AY,F,1978-06-09,47,Athlete
17388,VJ2FK71ODPPDEW6L,M,1991-11-07,34,Athlete
17389,VNVYBJ538ZJ4T7E5,M,2013-08-13,12,Athlete
17390,W1W7QPU9CY166AQ9,M,2012-06-19,13,Athlete
17391,W4NII1UIVR11FAHC,M,,0,Coach
17392,W5HKFJF3T2KOP2G1,M,2011-12-27,13,Athlete
17393,W8CUKQL9IQT1L75W,F,1994-04-16,31,Athlete
17394,WAQPN8QX097JWZPM,F,1995-03-04,30,Athlete
17395,WD70XEA6ATY156T1,F,2001-06-15,24,Athlete
17396,WOVP5BPU54ATJ9W0,F,1997-08-31,28,Athlete
17397,WPDCNJ9H68XFJWZF,F,1989-12-05,35,Athlete
17398,WY0G5ZTK6Z8D2XLI,M,1980-08-22,45,Athlete
17399,XI14SI3ER25ABGJC,M,1989-08-17,36,Athlete
17400,XKF5M0UILR1UCHWY,M,2004-09-30,21,Athlete
17401,XRGQSVFN3ULLMMXN,M,1999-12-04,25,Coach
17402,XYXSLWD229ULZ6EG,M,2000-07-31,25,Athlete
17403,YHZHQQVYFS15NBC3,F,,0,Coach
17404,YMG5CMY7FJI5YXB0,M,1964-07-26,61,Athlete
17405,ZAUNSFY0QKH9F0UC,F,1998-04-16,27,Athlete
17406,ZG9SXJAMQY76UMNF,M,2008-11-08,17,Athlete
17407,ZH7BC13FHWCJ0368,F,1997-10-26,28,Coach
17408,ZNEQ3SMYQ7Q3DORC,F,1986-09-22,39,Athlete
17409,ZNUURFO54ATBSFF1,M,1997-08-06,28,Athlete
17410,04NYWYM9EU9H5IAQ,M,1999-09-13,26,Athlete
17411,04UZDPFGSYX31PAW,M,2005-02-17,20,Athlete
17412,0R0ZWI6803KG22UA,M,2010-11-10,15,Athlete
17413,18NISKGB9Q6Q96PT,M,2000-10-25,25,Athlete
17414,1EI5S4DTI105Q95Z,M,2009-12-05,15,Athlete
17415,1L7U6QPJYQT90K3Z,M,1971-03-16,54,Coach
17416,1WZDDRNIAZBLUY3I,M,2008-01-21,17,Athlete
17417,1ZIPHBBM7D5X9DA2,M,2007-11-07,18,Athlete
17418,2XE9OLOE9UDUSZ3K,F,,0,Coach
17419,3HQZW6X20D22HV6E,M,2006-10-03,19,Athlete
17420,3TJCH3FJQOPFE9Y7,M,2008-01-01,17,Athlete
17421,3W4B12IJM230ST0Y,M,1995-05-07,30,Athlete
17422,46MRCLD3KW7NKYCE,F,1998-03-16,27,Athlete
17423,49ODJOLDV8IOAXVC,M,2006-04-05,19,Athlete
17424,4C0I6URGIL0DICKC,M,2006-11-09,19,Athlete
17425,4JUPQDBU5Z6PN1Z7,M,2002-05-07,23,Athlete
17426,4K1EQ971GZOIKZLE,M,2005-11-30,19,Athlete
17427,4YRIQAXLFOJGTHJP,F,1991-12-16,33,Coach
17428,5UXZCJ1Y5P10I5JC,M,1952-08-14,73,Coach
17429,6C01EQ9HZTI1OXM5,M,2007-08-15,18,Athlete
17430,75JC13MPZAOQ7K7J,F,2004-09-03,21,Athlete
17431,7IP4I7J4HF87VYD5,M,2000-08-30,25,Athlete
17432,7O6ZA3G2XQ3FIHBP,M,1989-11-09,36,Coach
17433,82BVKPDAXLLYHP5M,M,2004-07-15,21,Athlete
17434,858HQUHG5PSWHNO1,M,,0,Coach
17435,8USAIPPJWKGGN6CB,M,1999-03-03,26,Athlete
17436,97ITXOSTL0AAVZZO,M,2002-03-10,23,Athlete
17437,98ETSFJKWBQ74PNQ,M,2009-07-24,16,Athlete
17438,9ON957OQAR14R7PI,M,2004-01-14,21,Athlete
17439,A97PFXS76BFE23P5,M,1997-03-03,28,Athlete
17440,AESZTZQX5PRND055,F,2000-04-20,25,Athlete
17441,AOGF57C2KQ3Q7QU0,F,1997-12-02,27,Athlete
17442,B2OL4JN2IDWFTGSG,M,,0,Coach
17443,B3C20O1DLBLXNV6R,M,2005-08-23,20,Athlete
17444,BZHM847KT3N56UDX,M,2001-05-04,24,Athlete
17445,CG8DCE39BZND5MZX,M,,0,Coach
17446,CXMQUO2GDELT5373,M,2002-06-22,23,Athlete
17447,DDWLPUAVOVBK9068,M,2004-06-01,21,Athlete
17448,DJWCCDVRA0QPHF5L,M,2004-11-02,21,Athlete
17449,DPXI8ZDBL1OKM04D,M,2009-07-24,16,Athlete
17450,E8FXA16RBTBV098O,M,2002-07-10,23,Athlete
17451,EBIBMU7OEFIRDJC4,F,2000-08-11,25,Athlete
17452,F6ZJ0WZC6OUIL3QZ,M,2000-02-03,25,Athlete
17453,F8T1LVP45ICUABI7,M,1999-12-27,25,Athlete
17454,F9KIELY6Q9M6ICKK,F,2006-07-13,19,Athlete
17455,FCYVNGD4HXG4MCK9,F,2007-06-08,18,Athlete
17456,FDMWBF9HXWQJXRA4,M,2003-02-23,22,Athlete
17457,FSPWZQNUHDG7X9RO,M,2000-10-08,25,Athlete
17458,GAJFU9IMOFYSG5H0,F,,0,Coach
17459,GRXXI95IYUUKJ7KK,M,2001-05-11,24,Athlete
17460,GS9FL3ZBG3IT9CQN,F,1999-12-10,25,Athlete
17461,GXP64LYHRSQ8V6O6,F,1969-04-13,56,Coach
17462,H028PX24ALZM8EZ9,F,2000-04-20,25,Athlete
17463,HICDH7L2ED0L6RYK,M,2002-05-07,23,Athlete
17464,HMT82C7FD4VTHBO0,M,2004-09-03,21,Athlete
17465,HQ4BS1X5N3KP6M8J,M,2008-03-20,17,Athlete
17466,HZ38BRLB5S06IZIC,M,1999-12-01,25,Athlete
17467,I61LITB7P383Z7WK,M,2003-04-02,22,Athlete
17468,I7ZB0MKME50LHDJJ,F,1984-01-29,41,Coach
17469,I99JKR4YYXJZC417,M,2004-09-16,21,Athlete
17470,IF0YTYO7BT4CDXOE,M,2007-06-11,18,Athlete
17471,IFYOFDZ5RD3F1259,M,2008-05-03,17,Athlete
17472,J02WBLL1QO1CRI4R,M,1999-10-27,26,Athlete
17473,JW5OJBUHXN9WLIQC,M,2006-04-05,19,Athlete
17474,K0PUOTLX9TBF887A,M,2001-03-03,24,Athlete
17475,K9G74G2FCS4HDJ59,M,2006-03-12,19,Athlete
17476,KCWGMSH03C9PQUA8,M,1999-12-27,25,Athlete
17477,L0U1YTW4GWCTE9QP,M,2008-07-14,17,Athlete
17478,L2A4NHLP6S7RX6FB,M,2000-01-22,25,Athlete
17479,LLB8KGWG41PT2GM2,M,2004-11-25,20,Athlete
17480,LT16X0PWSPRM3TJC,F,1984-12-30,40,Coach
17481,LT24COJ1RD33NEPE,M,2003-08-13,22,Athlete
17482,LU1KP3AFUQI1GZYL,M,1998-11-11,26,Athlete
17483,MFM25JSKDJJJG8X9,M,2005-12-24,19,Athlete
17484,MIN541OFW1KULDPU,M,2007-11-09,18,Athlete
17485,MU2N5YLREP1VTM19,M,2003-01-17,22,Athlete
17486,NI00VOWA2WD36DUD,M,2002-09-13,23,Athlete
17487,NO10P9UDW14YFQZ7,M,2001-09-08,24,Athlete
17488,OM7CXVP17KJH2HOO,M,2009-07-09,16,Athlete
17489,OZXGLVRON92S4LE8,F,,0,Coach
17490,PUDVM3WOYRRB0CV7,M,2000-04-11,25,Athlete
17491,Q1U1863H5G0W966I,M,2002-06-30,23,Athlete
17492,Q5UWYVH4P94EMKMG,M,1995-05-27,30,Coach
17493,QYLAQUOKWY8BCB2O,M,2003-10-21,22,Athlete
17494,QZQ01L7S1KAFDMT8,M,2008-10-25,17,Athlete
17495,R11JMXOF8DXD9XVU,M,2001-05-27,24,Athlete
17496,R49L320Q0874GRQ5,F,2003-04-05,22,Athlete
17497,RLT6WADKA052W0LZ,M,,0,Coach
17498,RX198Y08M77ABT00,M,2003-08-06,22,Athlete
17499,S340C6BPJV7JTR14,M,2006-01-18,19,Athlete
17500,SQR1PJSHL5355J5E,M,2002-10-06,23,Athlete
17501,SUWMB5TVHPD3LXUS,M,1999-08-05,26,Athlete
17502,T73QVOAR6FKSPMIQ,F,2003-02-23,22,Athlete
17503,THRU0CKLKX4ZVU8O,F,2000-02-27,25,Athlete
17504,TL67YCHPOZLFHFI6,M,1999-08-08,26,Athlete
17505,U2K5UPVNXUS6KO87,M,1981-08-06,44,Coach
17506,U93GOHZRYTWOJ4PX,M,2009-07-16,16,Athlete
17507,UB87MNTZALKS4CBP,M,1999-09-29,26,Athlete
17508,UTJLE6QG0ZSHVZ6C,M,2005-09-13,20,Athlete
17509,UUMDYFQIL5L4KR3N,M,2000-04-13,25,Athlete
17510,UV8CNMSATAW5F183,M,2009-07-09,16,Athlete
17511,UZTSJJUP06IGF0YG,F,2004-03-19,21,Athlete
17512,V3WM0FOIDCO8J1YQ,M,2007-01-20,18,Athlete
17513,V8XT8JDSO31LZ6S6,F,2002-08-27,23,Athlete
17514,VF9QK0S9SV7LY5SS,M,2004-01-01,21,Athlete
17515,VTZJ6IT7QOEWAPYR,M,2007-08-04,18,Athlete
17516,W010W7LWOSPJA4JJ,M,2007-12-14,17,Athlete
17517,W2OFN1OBTSA71YFK,F,1998-09-11,27,Athlete
17518,WIHRKFWEZY073XOR,M,2005-12-27,19,Athlete
17519,WJ9OUQB6HQ30FJN2,M,2000-09-18,25,Athlete
17520,WOZ8UY0RKI3IUW39,M,2004-04-11,21,Athlete
17521,WPSVTOUIYUVM8YHT,M,2008-01-01,17,Athlete
17522,WY3M4O2VO717RUBP,M,2006-04-22,19,Athlete
17523,X1VVZDUKQXTORP14,F,2007-10-15,18,Athlete
17524,XOFECCJSH66TIRA4,F,1984-03-12,41,Coach
17525,YCS7O2EYF91FICFG,M,2009-04-24,16,Athlete
17526,YLINVM9XBF642FMU,M,2006-06-20,19,Athlete
17527,YNHQE6A1VNM05KCD,M,2001-10-08,24,Athlete
17528,ZLU30E8XI3R05N2Y,F,2007-01-05,18,Athlete
17529,01AWUIR3IJPD90J8,F,1958-02-01,67,Athlete
17530,062I942IN4T26Z5E,M,1985-05-20,40,Coach
17531,14I1LFDBWC6HJXYD,F,1970-09-20,55,Athlete
17532,159YFCEJKENLVO84,M,1994-12-06,30,Coach
17533,5JD76PZGRPMEN2WF,M,1988-02-29,37,Coach
17534,A2QHMLJRC6V770Z8,M,1972-11-22,52,Athlete
17535,BH7123OIVN6YEKBX,F,1984-09-01,41,Coach
17536,DWS0UXGKWGI5LDL2,F,2000-03-31,25,Athlete
17537,DYSJ9ZPOHIHQTOYD,M,1973-07-07,52,Athlete
17538,ETED4V7TWDR108HJ,M,1990-02-09,35,Athlete
17539,F8FFIU0S3Q2M12KR,M,1972-10-24,53,Athlete
17540,HZZYWHIC858MWM6A,F,1979-10-18,46,Athlete
17541,J0U2W1YH8OAASYC4,M,,0,Coach
17542,MZGPSPPZYMND9QHC,M,1977-12-08,47,Athlete
17543,NMG0TQTHHJPJO1OB,F,1966-05-11,59,Athlete
17544,QPSZZV55JU8F54UI,F,1974-02-25,51,Athlete
17545,V0T246PM9XMBLA9I,F,1982-08-08,43,Athlete
17546,VFZ2RQQ4JMZKGXP8,F,1996-11-12,28,Athlete
17547,YQF8W8EENC7O9B2A,M,1979-01-14,46,Athlete
17548,0DMUY0B75MNCTVEO,M,2010-06-18,15,Athlete
17549,1K69OJK83ELGXGPI,F,1979-06-18,46,Athlete
17550,322HDGHLDIMVY0QJ,M,1973-02-12,52,Athlete
17551,37E6OBNZ6HF0P1P9,M,2008-06-26,17,Athlete
17552,3WT2MG2T0QHMIOXN,M,2004-03-23,21,Athlete
17553,6IB7YIOMYX1YZBX1,F,1982-10-07,43,Athlete
17554,6ZKZ06DK4R8BXKKU,F,2004-09-24,21,Athlete
17555,8SJD1SQ0WK7HNEOT,M,1973-06-17,52,Athlete
17556,9RY29LFBQSNOYRV3,F,1976-03-15,49,Athlete
17557,BFMIC5VIATBLHNMD,F,2010-06-18,15,Athlete
17558,D801GWAJ6DQ3A49O,M,1973-08-06,52,Athlete
17559,DDMTM122X6WGT5KN,M,2011-05-26,14,Athlete
17560,G9VBPXC01NQSDFG5,F,2006-08-23,19,Athlete
17561,HZCHP17L9CBK4TQ2,M,1972-11-17,52,Athlete
17562,IFOC51NTJTIUM13D,F,2005-12-31,19,Athlete
17563,J8YKZYBYEFUJ9SKD,M,1983-10-09,42,Athlete
17564,JM44S2LKKZIBGPCP,F,1996-09-13,29,Athlete
17565,MI52T82NM2DB1FKA,F,2004-03-08,21,Athlete
17566,NJIOFOA3JILOA9BC,M,1966-09-02,59,Athlete
17567,NRYM00BZ4QI2SGNJ,M,1963-09-24,62,Athlete
17568,O9B2NOUEOCK12QBZ,F,1980-07-03,45,Athlete
17569,POV3MP2CWWTF5ICQ,F,1978-03-19,47,Athlete
17570,SMSDBZX37TNRBUTW,F,1989-09-21,36,Athlete
17571,TXL2XF5CXMRS445Z,M,1979-11-27,45,Athlete
17572,Y35Y1GA8JMHGBQ2J,F,1991-12-07,33,Athlete
17573,YU074OFI5L6BY1NR,M,1985-04-09,40,Athlete
17574,00ZAI0OT7YNR3EL0,F,1989-10-20,36,Athlete
17575,1MMB9H3RL81EN25A,F,1986-02-26,39,Coach
17576,5RZHB20V06B6WAE8,F,1998-01-19,27,Athlete
17577,5ZRD3APOTP8QS9G7,M,1984-03-21,41,Athlete
17578,6KCRDMOPR42EKWCO,M,1994-06-17,31,Athlete
17579,87JFED8W5WYNCYP6,F,1988-02-03,37,Athlete
17580,88F47EOIDGR0YJI3,M,1997-12-03,27,Coach
17581,AE51XAHCIA4I5049,F,,0,Coach
17582,CZ1UJ0CRMD855BN0,F,2002-03-18,23,Athlete
17583,P64DAEQBD8Z5ZTFE,F,1973-09-12,52,Coach
17584,PEBINUSBKBCSGK3C,M,1998-10-08,27,Athlete
17585,UG2ENBLVA6PDOMY2,M,1982-03-11,43,Athlete
17586,XEJI8KFKMYP35HJO,M,1995-07-28,30,Athlete
17587,Y9MCXXYIRLC7WAH7,F,2000-12-21,24,Athlete
17588,0HWOY3CO54BW1WF9,F,1984-06-24,41,Coach
17589,29ABPEP3T9K8ORC1,M,1993-08-07,32,Athlete
17590,8MBVE8TQ1CF8033L,M,1982-03-27,43,Athlete
17591,B79KXTGIBRHU3S3N,F,1992-09-28,33,Athlete
17592,CBSWNF7CZIX3GR2J,F,1991-11-13,33,Coach
17593,GT7WU5X93W0EEK2M,M,1966-06-20,59,Coach
17594,JXLZ43IB9HRTJIEB,F,1972-10-01,53,Athlete
17595,SE6E13VJ2TB5HF9G,M,1980-11-08,45,Athlete
17596,ULWAAN6QCSIPUG68,M,1991-09-02,34,Coach
17597,WOXMB7LJQCLN29V8,M,1981-11-14,43,Coach
17598,ZI45R0PX4S4JP4C0,F,,0,Coach
17599,3AE8U86I5KDY02BS,M,1966-03-11,59,Athlete
17600,4VVLYTEP2S4W8B6Z,M,1968-12-16,56,Athlete
17601,7R373TL9SFGW6PVQ,M,1999-02-18,26,Athlete
17602,8OPZM6I6L8QQSGOD,M,1988-03-27,37,Athlete
17603,8VQO9C4HPN20D4RK,F,1998-09-03,27,Athlete
17604,DE3DSGRFRAU83L1Z,M,,0,Coach
17605,F0HKH6EPAUWZLV8E,M,1967-04-28,58,Athlete
17606,I6IYHCALLPYOAZGC,M,1985-12-18,39,Athlete
17607,J49IDIG47W9B25RI,M,,0,Coach
17608,JYL2PHIZZWXFUPAP,M,1991-10-07,34,Athlete
17609,UH3NY9KLARHNSY36,M,1999-06-02,26,Athlete
17610,VUZ2LP23919S6CQK,M,2002-10-06,23,Athlete
17611,XYHWVARWFU1K7YFU,M,1984-01-04,41,Athlete
17612,ZMTUCHRZCR3GNBH4,F,2001-02-02,24,Athlete
17613,3UEBROCAL2K8N41N,M,1995-07-10,30,Coach
17614,3WCMHKIE3CO9M0HH,M,1983-04-08,42,Athlete
17615,4YA4MJEIT8JKTV5U,M,1962-03-01,63,Athlete
17616,5087ME4S3WRRYR5T,M,1969-05-14,56,Athlete
17617,BNVA80AHWJDTFPUP,M,1972-10-07,53,Athlete
17618,FT19QSSSHBLD0Z2X,M,1966-03-24,59,Athlete
17619,GNNR13NFRI67Z6E4,M,1983-02-17,42,Athlete
17620,HLEU6HFL11SFB71U,M,1981-01-16,44,Coach
17621,NLDNB5ARD3PYIJV1,M,1989-02-02,36,Coach
17622,NPNQFEFDL2IB0XHA,M,1992-11-27,32,Coach
17623,OCG096K5Z244WA7L,M,1982-02-10,43,Coach
17624,TWH25ELZDIHDJSCT,F,1972-06-07,53,Athlete
17625,VUAVFYADQNZI7RO5,M,1987-10-21,38,Coach
17626,X6C06C5G514FDE1I,M,1982-02-10,43,Unified Partner
17627,3EZWO8NZYWGUF2DH,M,1997-04-16,28,Athlete
17628,4YTRQ21IIN252TZL,M,1993-07-19,32,Athlete
17629,9SWUCID3Y34MW4C1,M,1977-03-01,48,Athlete
17630,BLJW6PGOIBH3A6TY,M,1970-07-10,55,Athlete
17631,CEHP77U8NHATBNWB,M,1986-10-15,39,Athlete
17632,EEM6AIO65Y16PVY8,M,1989-01-16,36,Coach
17633,FXNHXWP4JGLEJCYO,M,1989-01-02,36,Coach
17634,H93RU074I3GFF2ST,M,1992-07-03,33,Athlete
17635,MZBWO0WZXO8H12B1,M,1981-06-20,44,Athlete
17636,OYP71N03YVE4WQ69,M,1968-07-17,57,Athlete
17637,QOY8Q4QVPPJREUUI,M,1985-04-21,40,Athlete
17638,2W70EQWWLYV5SKMJ,M,1958-12-21,66,Athlete
17639,4MZKL2O6NSPBKNU1,F,1976-10-30,49,Athlete
17640,BJG2LNI7HBH4ZDG9,M,1995-10-28,30,Athlete
17641,HB6B0O3HM7QAAIS0,M,1986-05-21,39,Athlete
17642,JH8A6P9D0N1A7TJO,M,1976-03-26,49,Athlete
17643,XBM3SX4HH3F3PSBY,M,1991-03-11,34,Athlete
17644,46DEAF6LNT3GBLXM,F,2004-06-08,21,Athlete
17645,547POBVHA1C5YJ4W,F,1983-11-01,42,Coach
17646,588YGNPTIFYHWHQS,F,2000-09-11,25,Athlete
17647,71TOIV1QTR2T6H5D,M,2006-11-10,19,Athlete
17648,AGVI4MHFG38SSSKQ,M,2004-03-28,21,Athlete
17649,BVRNIVEY1173CE1L,F,1990-05-15,35,Coach
17650,CLCF5ZATSDUMCE2A,M,2011-01-28,14,Athlete
17651,EEJCWTGNHGBG25U3,M,2010-10-31,15,Athlete
17652,ID2MDSXLQYKFQNPY,M,2003-08-30,22,Athlete
17653,IID9NYGGECO67U78,F,1988-01-26,37,Coach
17654,KG8HJSL5OTOGUVRH,F,1989-09-11,36,Coach
17655,QJ4M0MR35F70U1EO,M,2001-02-09,24,Athlete
17656,S67875WMKOG0DO3R,M,2002-11-21,22,Athlete
17657,SNZPFTKZJFITR1TF,F,1986-03-03,39,Coach
17658,W939EIIZA8FKWQMT,F,2009-03-20,16,Athlete
17659,YNIKD0STMVVDKBT9,M,2010-01-25,15,Athlete
17660,0G68ELDQKSUG78HA,M,1997-04-05,28,Athlete
17661,0YX22H6LFFX9M9YF,M,1990-10-25,35,Athlete
17662,134KZ8ZZ62JAJQWR,M,1966-07-07,59,Coach
17663,1L13YHR0TXOVMF59,M,1989-11-03,36,Athlete
17664,1SE1KDV17M171Q56,F,1981-04-09,44,Athlete
17665,1ULSJNMUI7MM6I8F,M,1974-08-11,51,Athlete
17666,1Y8KI6K7HOPNA6JR,F,1972-12-31,52,Coach
17667,1YLAL8TIQ640WRZJ,F,1992-10-20,33,Athlete
17668,1YQT2QWBLT0IT88M,M,1992-08-25,33,Athlete
17669,24VQ1SYL1K5HBS5Z,M,1991-11-17,33,Athlete
17670,2E7S1PJBM5FNJH15,F,1983-06-09,42,Athlete
17671,2ZZG9QQBC5WACTO0,F,1973-12-30,51,Athlete
17672,39A7ID9CL709KH3K,M,1995-03-19,30,Athlete
17673,3G93STFDH8CNBIEG,M,1987-08-27,38,Athlete
17674,3UKY3E910US6K46D,F,1994-03-24,31,Athlete
17675,3XTW2XX98V0CX8V6,M,1963-07-14,62,Athlete
17676,48TOX9LX95L9OB10,F,1988-08-01,37,Athlete
17677,4CWE6AAFKOC5K7DO,F,1981-05-26,44,Coach
17678,4NE977UV9NO0C6S4,F,1990-08-26,35,Athlete
17679,4XZB6MHULCIP0TV0,F,1998-05-30,27,Athlete
17680,4YLLETARPL5JNFM9,M,1977-12-18,47,Athlete
17681,54GTSLL3KGC8E7B8,F,1986-07-13,39,Athlete
17682,55KQBH5HUXVROE3V,F,1978-07-22,47,Athlete
17683,57UK87989D5MYH88,M,1984-07-02,41,Coach
17684,5HGHBB1ZFPY1X09N,F,1990-11-06,35,Athlete
17685,60P0G4O3OFNC34UO,F,1993-07-30,32,Athlete
17686,64J5APTJBH4EWPQI,F,1970-05-15,55,Athlete
17687,68NM1RHEBC01W394,F,1971-03-16,54,Athlete
17688,6CVJXB74L5HREFGQ,F,1987-06-05,38,Athlete
17689,6JCUCWBFBJLG4K9U,F,1978-12-09,46,Athlete
17690,6U8JC4VWXKWCYHGZ,F,2003-05-07,22,Coach
17691,6XET1A8M330T8OFL,M,1991-08-27,34,Athlete
17692,73J5D1A3ZLEGIM0M,M,1984-11-28,40,Athlete
17693,73MONMNJEB7CKHX2,F,1984-05-09,41,Athlete
17694,73O6DBUFM49RWWIO,M,1986-12-30,38,Athlete
17695,748440R66XWM1GYJ,M,1984-01-08,41,Athlete
17696,78UR11P0SBER5224,F,1986-03-13,39,Athlete
17697,7DZQK0A2S1ZR3ID1,M,1986-04-28,39,Athlete
17698,83E2VSKEWFEHCQVQ,M,1999-01-23,26,Athlete
17699,8GWV9T9FCWI96J1X,M,1986-08-05,39,Athlete
17700,8HPYQ8J0SJDK72AP,F,1986-04-29,39,Coach
17701,8JUR9G2HJRXPX24Z,F,,0,Coach
17702,8VID2RIXWSV87WNZ,F,,0,Coach
17703,92OTNN3RXDDO8ALC,M,1978-10-26,47,Athlete
17704,93IIVQ7UKO2DU8TF,M,1992-08-25,33,Athlete
17705,9LOMLIJ509153A1J,M,1959-02-07,66,Athlete
17706,9O5KQE9TOANBEDGF,M,1966-11-27,58,Athlete
17707,A1YKX4REBQQUIEML,M,1965-06-04,60,Athlete
17708,AD4D58F3E98N4Y0Z,F,1982-06-14,43,Athlete
17709,AEC261CYQBF7SO48,F,1965-01-22,60,Athlete
17710,AI48BGRGHGTFQF3N,M,1979-05-25,46,Athlete
17711,ALZXWUPM3CDT477L,F,1989-01-02,36,Athlete
17712,AQ84SXFI4YXT8K8B,F,1990-09-26,35,Athlete
17713,AWDSTMZJVPHMP21J,M,1958-12-18,66,Athlete
17714,B7PQQHW3HC6JGVEY,F,1985-01-29,40,Athlete
17715,BDM4QCBOJNTDZN4K,M,1979-05-25,46,Coach
17716,BK248KA7V362Y41D,M,1986-02-26,39,Coach
17717,C6MD3F3FM5KCPJ7Q,F,1966-05-17,59,Athlete
17718,CB04106D3308806Z,M,1945-01-13,80,Athlete
17719,CQ5844Q12202I712,M,1983-09-08,42,Athlete
17720,DP7XR170C6RNCXHX,M,1974-11-24,50,Athlete
17721,DXTMS7WMGWEENOQN,M,1987-08-24,38,Coach
17722,DZ938KJ3W9TU887L,M,1961-11-27,63,Coach
17723,EEKI2O0V1BMZ99YW,F,1981-04-04,44,Athlete
17724,EHZX2VQAUPJ07B21,M,1987-08-31,38,Athlete
17725,EKBMF16L4JFI7M7S,M,1982-02-04,43,Coach
17726,EVDB9YVY3PG906UW,M,1997-05-13,28,Athlete
17727,EWM377V6CUDTQ8JW,M,1993-03-09,32,Athlete
17728,F06ZLXR454R8R427,M,1980-12-18,44,Athlete
17729,FFN6JMYCOU82OD2R,F,1985-11-14,39,Coach
17730,FJN9A1URGB55K5MS,M,1994-01-08,31,Coach
17731,FJWTFZSS8IN13A8W,F,1971-08-15,54,Athlete
17732,FN5PJKUW3J3009K3,M,1983-03-11,42,Athlete
17733,FUWZLL5O78UMB37P,F,1981-01-27,44,Athlete
17734,GIPQOR0DRQV1V95U,M,1989-05-19,36,Athlete
17735,GKZ1767H7PW6LBGE,M,1957-11-16,67,Athlete
17736,GP5SQVEZIJS7XS2U,F,1988-06-27,37,Athlete
17737,I4K7X8FP5IOFQXY5,M,1974-01-08,51,Athlete
17738,I5WR01PK6OBDXWN0,F,1978-03-16,47,Athlete
17739,ILDOWTBGMXAJUKFG,F,1988-10-30,37,Athlete
17740,IP2Z1W2ZZTN8405U,F,1991-12-03,33,Athlete
17741,IPQWEQVZM1VX64SN,F,1966-09-20,59,Athlete
17742,J7JNGR15ETDAZ7V4,M,1991-07-03,34,Athlete
17743,J8ZI8YVA07LLE0LU,M,1988-07-27,37,Athlete
17744,JO0VZ5SIV9VQDBG2,M,1981-12-09,43,Athlete
17745,JRP4OKW28DKA5CB8,F,1973-08-01,52,Athlete
17746,JYQ2F65AW6DKMD18,M,1995-07-25,30,Athlete
17747,K0YMI76GEOUT6APX,F,2002-12-01,22,Athlete
17748,L0HTG5POQ3YSIP6N,F,1998-03-22,27,Athlete
17749,LWLB9ED5YL3EUWWE,M,1967-10-22,58,Athlete
17750,ME5LSCSWJMSFDEJ8,M,1977-09-16,48,Athlete
17751,MPKL6BFVZCNLXI97,M,1996-12-20,28,Athlete
17752,MY9HUXF4CNOJBSTO,F,1993-02-10,32,Coach
17753,N5II5HHYBJD0CAUI,F,1989-07-08,36,Coach
17754,NAKJFU97O35OGCCN,F,2001-08-25,24,Athlete
17755,NDTI0GVSM370WX95,F,1968-03-14,57,Athlete
17756,NISHTOXG649OUYZA,M,2002-07-09,23,Athlete
17757,NJ02GB6N9KH8OB4T,F,1972-06-28,53,Athlete
17758,NMB7CZ3J0WAXRBEY,M,1996-12-22,28,Athlete
17759,NP1DAW9HHINRJIBX,M,1986-04-14,39,Athlete
17760,OSHK3R1LTOH4P21C,M,1983-01-20,42,Athlete
17761,OZQQLHMM4WXSQJNY,M,1962-07-04,63,Athlete
17762,P97KR9JB25H999H8,M,1979-12-07,45,Athlete
17763,PG1JPZNA3WIOS4DH,F,1993-07-28,32,Coach
17764,PTET2X2YGZ9T5WRS,M,1984-07-16,41,Athlete
17765,PZ1FU2MU285Z3KGQ,F,1977-05-05,48,Coach
17766,QAK7DUML4VA92HG8,F,1985-12-16,39,Athlete
17767,QAZJCP435FXAX9VI,F,1961-09-30,64,Athlete
17768,QBKET804XBFG37OA,F,1963-03-09,62,Athlete
17769,QBV93WHTKVCU1750,M,1996-09-29,29,Athlete
17770,QIWPH15PA5ZI57P3,F,1987-05-25,38,Athlete
17771,QJC8F9UGMDQFMQB7,M,1989-01-12,36,Athlete
17772,QP306WED7AKE7V46,F,1980-03-31,45,Athlete
17773,QT0VTFL6NGJB719Q,M,1992-08-08,33,Athlete
17774,QWNS06XX41P3GZBJ,M,1984-12-14,40,Athlete
17775,R0ZCKB15B3GEF3U9,M,1986-01-30,39,Athlete
17776,RC1KMU7TXA60KPGC,M,1971-05-08,54,Athlete
17777,RDBQZB70HLJ9NTW1,F,1997-11-08,28,Coach
17778,RKUQ6XW0SEDI8HMU,M,2000-11-01,25,Athlete
17779,RQ6NE7KJTM3W0DS0,M,2000-12-01,24,Athlete
17780,RW3IRUG4BCEKUJGK,M,1957-03-06,68,Athlete
17781,S2HZVMOEZ4DUGIYN,M,1993-09-26,32,Athlete
17782,SIUF61FXRQLT07I9,M,1987-04-12,38,Coach
17783,TDEMMGDXKXCIE5WQ,M,1968-07-21,57,Coach
17784,TIJWBRNQHPXMAU6J,M,1983-12-02,41,Athlete
17785,TM1LAGIPE87D531S,M,1989-03-08,36,Athlete
17786,TNQ642FUFU57SLKO,M,1992-11-18,32,Athlete
17787,TSP6K4CHGMIPKM1E,F,1984-07-29,41,Athlete
17788,TVV2O51AONVR8R6V,M,1965-08-29,60,Athlete
17789,TY87CYQ4BFMAI68V,M,1980-09-20,45,Athlete
17790,U2RB1Z2XWCE1JBZB,M,1981-12-19,43,Athlete
17791,UA2XYY65LGAOPNWW,M,1979-07-22,46,Athlete
17792,VEHEE70T4WT8GATZ,M,1974-06-07,51,Athlete
17793,VIKBKFEGSHS2A3GH,M,1993-01-29,32,Athlete
17794,VO2QCPZAVWSPJUBA,M,1984-02-28,41,Coach
17795,W7KWHNNVC6KDICEM,M,1987-11-02,38,Athlete
17796,WKC8YF03JBHYWZBQ,M,1983-04-30,42,Athlete
17797,XBG7L8OOMBGI1ERL,M,1972-11-13,52,Athlete
17798,XJECCWB9FD3421T3,M,1965-10-12,60,Athlete
17799,XL97FQ5NUGP1H3HC,F,1985-01-21,40,Athlete
17800,XM68R2F3MVB681V3,M,1989-08-21,36,Coach
17801,Y183JQUZOUAXGZYT,M,1965-06-24,60,Athlete
17802,Y3LE0FCJHP3IURTD,M,1986-07-13,39,Athlete
17803,Y7R3EFPX0RNAUQSP,M,1973-11-30,51,Athlete
17804,YAQXQO0VX3IAZ0UB,F,1969-03-31,56,Athlete
17805,YT0L9RRQZP127RWL,M,1973-04-19,52,Athlete
17806,YVJJOQMEAWH3I9O3,M,1970-10-02,55,Athlete
17807,ZJJRVAPUHILBBO8Y,M,1970-09-26,55,Athlete
17808,ZO5404CZAOF6UDOC,M,1973-06-19,52,Athlete
17809,ZPGKMEUUPJL3533U,M,1984-11-07,41,Athlete
17810,0USCLGMFLFRGNE5T,M,2002-09-06,23,Athlete
17811,14WMR1MSZXW20VOE,M,1988-03-01,37,Athlete
17812,180BR323HFCCO37D,M,1982-07-23,43,Athlete
17813,1G7M9DT291GZHM7H,M,1976-04-17,49,Athlete
17814,1LO38ZIAGN7NER7F,F,,0,Coach
17815,1MGPXDWRVDW7MXU6,M,1966-10-26,59,Athlete
17816,1PLZH5A61UB59RIB,M,,0,Coach
17817,2AWV9E6ZXXCU6BBT,M,1983-12-08,41,Athlete
17818,2LRNA3WDMZV4RX33,M,1994-02-23,31,Athlete
17819,2NBKCAA1XUK6P9HV,F,1976-07-29,49,Coach
17820,2OC12TF9CNG77S1K,M,1986-03-20,39,Athlete
17821,2X34FU2G44OWJ7JP,M,1976-04-23,49,Athlete
17822,33WGOQFRQP1LRZ1M,M,1969-06-13,56,Athlete
17823,3BM9G1T4V7EHUIVR,F,1993-01-29,32,Athlete
17824,3S1WFW4DGK9ZSJ8X,F,1992-09-22,33,Athlete
17825,4XDUPO59OCLNV1VE,M,1959-11-13,65,Athlete
17826,69WTDNPOYNN83G0U,F,1981-04-30,44,Athlete
17827,6MNEUY6EV5PJOT8O,M,1987-07-30,38,Athlete
17828,6N21TLVCFZ0XG9DA,M,1985-10-03,40,Athlete
17829,6QZ1Q2H7FQLHNQU2,F,1985-11-07,40,Athlete
17830,8298SMMUFQ7H6D7A,F,1980-04-10,45,Athlete
17831,86T15Q4TYO2Y3HVF,M,2004-07-05,21,Athlete
17832,8UGXK46G5EO9RYXM,F,1989-06-29,36,Coach
17833,9QI5I8ZVB3BZSNM9,M,1975-12-22,49,Athlete
17834,A61WK46VDYSOJW8I,F,1991-09-16,34,Athlete
17835,AKW3157ZGNZ7EDKC,M,1979-11-01,46,Athlete
17836,AUUHWT0AW7ICI3XK,M,1985-09-01,40,Athlete
17837,B6VQPUAXB7B84BN0,F,1994-11-23,30,Athlete
17838,B71ITQ84STP8S6H4,F,1988-01-07,37,Athlete
17839,BRCT6J6JPVNNGLFM,M,,0,Coach
17840,C1NXBMGIPENQ277Q,F,1991-07-09,34,Athlete
17841,CFZGOYVTDPHBECU9,F,1961-07-04,64,Athlete
17842,CVYADEEZE9E33ZDW,M,1986-11-10,39,Athlete
17843,DBVE7DDQSM0GWIQ5,F,1997-10-03,28,Athlete
17844,DFP7CEGY0MT4M3V3,F,1983-05-18,42,Athlete
17845,DG5SSZNVL9BFJHN3,M,1998-09-28,27,Athlete
17846,DLEPBLQ3CHWNSECC,M,2000-01-27,25,Athlete
17847,E1NSEKIE8CTJS6IJ,F,1963-08-24,62,Athlete
17848,EZR0N87IXKB82HOC,M,1951-08-27,74,Athlete
17849,FR62ZVCSD3WN4EUT,M,1970-07-20,55,Athlete
17850,FTSSOH6E6HX4ZRMX,F,1973-12-27,51,Athlete
17851,GOGWS0P8WBJDLV3V,F,1994-06-25,31,Athlete
17852,GUPH7N7E2J2E0U7H,M,1952-02-16,73,Athlete
17853,HCU8F1VUWKDNGZD3,F,1991-05-28,34,Athlete
17854,HJ92ULZ906X9AIWY,M,1989-04-01,36,Athlete
17855,HN59EBB8HTXTXFA6,M,1964-02-06,61,Athlete
17856,HZEZXOSME1LW7WCA,M,1983-07-11,42,Athlete
17857,I3ZN0TF76WFUP4YH,F,,0,Coach
17858,IUQAQWS6UWWV1YIO,M,1976-08-20,49,Coach
17859,J0DKBJVMVTR9VQMI,F,,0,Coach
17860,J4N0EAEF4DU9P0ZV,F,1990-08-18,35,Athlete
17861,J5B5WXAPPEDMSXM3,F,1971-12-06,53,Athlete
17862,KNK6KLF85B8MCG95,F,1979-09-18,46,Athlete
17863,L89LCLU278DACATH,M,2004-02-04,21,Athlete
17864,LBBXNWSTVXJA8ZRJ,M,1978-10-07,47,Athlete
17865,LCSCG9CF67XCZ7SM,F,2000-11-03,25,Athlete
17866,LV0S4PZ9BALYBHB6,M,1972-05-04,53,Athlete
17867,MKQH50GCASVI37X6,M,1996-05-13,29,Athlete
17868,MLWVJZ9WIFCD3HD2,F,1992-06-23,33,Athlete
17869,N2N5EZEIGQQ4BGAA,F,1978-06-03,47,Athlete
17870,N8U3MCXMRPTBDD81,F,1988-08-03,37,Athlete
17871,NS8W2ZJXKD6E4X8J,F,1983-08-02,42,Athlete
17872,OEAXBRUNLZ6L4B5E,M,1996-03-28,29,Athlete
17873,OIDSVXL6CIBTWD0I,F,1991-01-31,34,Athlete
17874,PF36G3CUHDRWGH4C,F,1990-09-05,35,Athlete
17875,POE1C2PAEMGBX33E,F,1980-01-10,45,Athlete
17876,PYIPSUXA4AVBAVZZ,F,1972-11-28,52,Athlete
17877,Q2AIJFYIS5FC3ZF9,M,1983-04-13,42,Athlete
17878,QAGKM5H6MQBOL650,F,1986-01-16,39,Athlete
17879,QC7EUQNT60D63VB2,F,,0,Coach
17880,QJ6OSTH3AF63H0E2,M,1956-06-04,69,Athlete
17881,QVNRBW36J518GZ86,M,1978-01-26,47,Athlete
17882,R7ENOGH74I3XI182,F,1996-09-21,29,Athlete
17883,RBPXMVOY14FHT570,M,1971-01-18,54,Athlete
17884,RCK6EIMHSZ6Z5RDL,F,1982-02-04,43,Athlete
17885,RPXV98SXPLPSURO9,F,1981-12-10,43,Athlete
17886,SGTW6V9XEQ81U3XX,F,1978-01-22,47,Athlete
17887,SLHNOK0N5XQ81131,M,1947-09-05,78,Athlete
17888,T130G3ER88MZJ1UD,F,1973-09-30,52,Athlete
17889,U26TG23FHPLOJSO1,F,1964-11-18,60,Athlete
17890,UTC6NYGZR145Z0CJ,F,2003-10-28,22,Athlete
17891,VOIGEMQ3FXIWW82V,F,1989-12-29,35,Coach
17892,VX7QSUGV2W1J0I94,F,1994-06-30,31,Athlete
17893,VZGEHGEYJK8O7VEP,M,1989-08-28,36,Athlete
17894,WKF774U8RQYI9BU1,M,2001-11-05,24,Athlete
17895,X46HFNFCP5YMK34V,M,1960-09-17,65,Athlete
17896,XF2I5YRS39Z127AZ,M,1994-02-11,31,Athlete
17897,XXTDH6YNPH8YFZXD,M,1993-11-03,32,Athlete
17898,YILOEALA8ZZ5KAPQ,F,2003-07-09,22,Athlete
17899,YKU6BA355L1UBPOX,M,,0,Coach
17900,Z1KAIUQPG41YFQQE,F,1996-05-05,29,Athlete
17901,ZCA6Q21VRL1HC3HF,F,1989-08-17,36,Coach
17902,ZH6VZQRYUKAM88FN,M,2003-12-09,21,Athlete
17903,ZKUFBZ9G0DISTAUR,M,1997-04-03,28,Athlete
17904,ZV536XVNRZ0PHNL5,F,1978-12-30,46,Athlete
17905,ZYHPFY993LNGRUKL,M,1986-12-05,38,Athlete
17906,0Q2LYWLIDFT33SOM,M,1992-01-13,33,Athlete
17907,3EYNQW6L65CO91U1,F,1962-09-24,63,Coach
17908,54VKER7KYQ4QNLVL,F,1972-01-18,53,Coach
17909,5WMTVPN1OM2TLQE6,M,1989-04-14,36,Athlete
17910,6DF3FDQKORPLYP4Y,F,1977-09-16,48,Coach
17911,7JWBRK4D0RJNWUPP,M,1963-06-22,62,Athlete
17912,89K497308D2KJG9F,M,1974-06-21,51,Athlete
17913,93ZQXQRA3Z3C5TEU,F,1992-11-22,32,Coach
17914,9N3KRV4XE0CZGHVE,M,1998-05-04,27,Athlete
17915,BVIFVV1QP5Y7AYWP,F,1980-11-16,44,Coach
17916,D3EHIXM05Q4SXEPL,M,1993-06-20,32,Athlete
17917,F4X7CB0IK5XURJYH,F,2000-05-04,25,Athlete
17918,GJO3KMEONKHS9R6N,F,1958-05-01,67,Athlete
17919,H3QLQ75B2IYSURE7,M,1965-02-13,60,Athlete
17920,IIATUL947ELEPNSA,M,1961-06-21,64,Athlete
17921,KFYLHW69XSVQ7WPH,M,1980-09-13,45,Athlete
17922,LXD6H96R5S08WEOW,F,1995-10-25,30,Coach
17923,MHUXZV1MXBFSW3K8,M,1968-05-30,57,Athlete
17924,NAWYYSO1XR2WCV41,F,1997-10-13,28,Coach
17925,PI3LSL5U5KVSME0T,F,1960-08-04,65,Coach
17926,PXU1XAITJFN8Z8UG,F,1996-02-20,29,Athlete
17927,RWC8U7ST2FYQVMH1,M,1963-10-12,62,Athlete
17928,UTI8033IFH0SJJ95,M,2011-01-06,14,Athlete
17929,YPEDJJZXP8W59SNH,F,1962-09-09,63,Coach
17930,Z3B0UUHOTBSYFLKT,M,1994-02-15,31,Athlete
17931,Z3TNM04WUUI98X2U,F,1979-05-19,46,Athlete
17932,07SK3N808W08956G,F,1987-06-17,38,Coach
17933,0A6WPTEIOYTTXFC7,F,1972-05-08,53,Athlete
17934,0VXV92WATMZVWXN2,M,1974-10-03,51,Athlete
17935,1UYC84JC1OXZIJ6Z,M,1971-09-04,54,Athlete
17936,2C1FP2EC3VM7IMN2,F,2004-01-29,21,Athlete
17937,3HH33YZLWRV0VEQU,M,1997-11-28,27,Athlete
17938,4D4NJT3WWQUIQI8A,M,1950-08-24,75,Athlete
17939,4MWYJY6BW2MADLWG,M,1978-10-01,47,Athlete
17940,655XHO3A035R3NP7,F,1968-07-30,57,Athlete
17941,65694GXOFOK5QDXL,F,,0,Athlete
17942,6KKJJNUKTW73RWIM,F,1973-06-28,52,Athlete
17943,7DPXJ1CMBRZE0X5H,M,1966-08-09,59,Athlete
17944,BDQ9ZVJT7YP5F5HZ,M,1981-02-08,44,Athlete
17945,BHT0FJZRZ4QOTYFB,F,1992-04-14,33,Athlete
17946,DIKS7B1CU1PARAFJ,M,1977-02-23,48,Athlete
17947,E0WAVSTFIRFB9PIZ,M,1985-10-10,40,Athlete
17948,E77Q4AY8K5QYOGMC,M,1974-09-03,51,Athlete
17949,EAFF3Q5JEANMONJR,M,2005-11-15,19,Athlete
17950,GIMXUFX9KP4EOLV8,M,1959-11-12,65,Athlete
17951,H6ZFUXJKOP8LONVT,F,1957-09-23,68,Athlete
17952,HJGHEBV2F8A8ONCP,F,1967-06-17,58,Athlete
17953,IUTJM6HUCM04MJMO,M,1997-10-14,28,Athlete
17954,JE4P7XECR7ED4VOA,M,1972-12-18,52,Athlete
17955,KJ4PKDS06E9E5USJ,M,1988-04-01,37,Athlete
17956,LXSM8PQ75J5ANR2X,M,1976-03-24,49,Athlete
17957,M0D2VI1TLPHJNDTP,M,1983-10-06,42,Athlete
17958,N28GVFJ5TBEH5W5K,F,1970-03-20,55,Athlete
17959,N2I6HP4SFISDL748,F,1987-06-17,38,Coach
17960,N7PZA27S10XT7HHX,M,1978-07-20,47,Athlete
17961,OURGSDN7INJJTAJB,M,1990-02-06,35,Athlete
17962,R7FSKXFOH6XTL0ED,M,1994-08-25,31,Coach
17963,RJJWA0U9SZHLICKL,F,1977-04-03,48,Athlete
17964,S0QOMSXHCKMH1701,M,1991-07-08,34,Athlete
17965,UKQLAM2HK6VKWLLR,M,1971-10-15,54,Athlete
17966,VLRD1OV4AA61L84C,F,1970-10-03,55,Athlete
17967,W5UAMSJPUCIW8J9N,M,1972-05-15,53,Athlete
17968,X5PDH9FZIUB7PW70,M,1956-08-17,69,Athlete
17969,XPEHA8X64JDI73QL,M,1971-05-14,54,Athlete
17970,XRLWZ608PYCLI8GM,M,1989-10-18,36,Athlete
17971,YX7XQYT7F3T4QXIT,M,1970-01-04,55,Athlete
17972,Z2BZCCMHWM4EQSLZ,M,1981-11-06,44,Athlete
17973,ZWLSG75ET0W6QA3J,M,1987-02-14,38,Athlete
17974,0BPOT044Q46UMCYC,M,1977-08-28,48,Athlete
17975,36WAWV01B13JZE07,M,1981-05-20,44,Athlete
17976,3DMH1N5G8PQE4ACI,F,1974-07-16,51,Athlete
17977,51HXA9RSMKA3AWQS,F,1981-09-12,44,Athlete
17978,8C5ABE26F3622ZXS,M,1988-06-24,37,Athlete
17979,8CQGLX69ZSR4X8IF,F,1961-09-17,64,Athlete
17980,9HJ2M62Q5RS25E00,M,1962-03-11,63,Athlete
17981,BJR3E0HPABR8Z2WG,F,1968-07-31,57,Athlete
17982,GBYNB8DG6FP29CN4,M,1963-04-22,62,Athlete
17983,H4M3JUNYDX8683ED,M,1973-01-18,52,Athlete
17984,JCP4LYO7IL1WVE64,M,1967-01-20,58,Athlete
17985,NPVGFF01ZJ07THR7,F,1967-07-17,58,Athlete
17986,OG62VTM0R0D5UBP4,F,1982-06-23,43,Athlete
17987,OJTZLUPRTT1ZLFFP,F,1969-04-13,56,Athlete
17988,P6M0BOQNGI8905DK,M,1961-11-15,63,Athlete
17989,PIY3M8LMDM9CI71O,F,1995-06-17,30,Athlete
17990,PRK6IHNMT1L01B1O,F,1968-12-25,56,Athlete
17991,Q1OK0K2EA0ZDGWHZ,F,1987-02-12,38,Athlete
17992,S40YJA6OK2S2MYQ5,M,1959-07-06,66,Athlete
17993,W0BQSY12XD26811Y,M,1977-08-06,48,Athlete
17994,W48UN8UN9JXU9E13,M,1981-01-16,44,Athlete
17995,WQRBY6OFW5027Y8E,M,1961-10-27,64,Athlete
17996,YKUWKVMJTBGLZZO6,F,1970-03-20,55,Athlete
17997,Z2LOHHUYORXQU1OV,M,1990-12-01,34,Athlete
17998,ZBMLUWARWRAVT4X4,M,1963-04-22,62,Athlete
17999,13DIJUB180XSDZ3B,M,1955-09-26,70,Coach
18000,1TN4QVF7AQ9SFQD8,M,1964-04-21,61,Athlete
18001,24G0LKSKK52OVLQC,M,2004-03-02,21,Coach
18002,2R2E0XTHO91DQBNI,F,1986-03-26,39,Coach
18003,44UIKSTCWMZ4JW14,F,1979-01-15,46,Athlete
18004,4D266E244P6C6UZ1,F,1980-04-24,45,Athlete
18005,4DJPGAVDUGEM3XE4,M,1972-09-08,53,Athlete
18006,4NZCLIJDRMU6XLM7,F,1960-07-11,65,Coach
18007,4Z8CETO54ZIH9ZW4,M,1976-02-25,49,Athlete
18008,5AVVAJ3IDRW5WS3F,M,1957-08-18,68,Athlete
18009,6EHDSV20IZHO7ZIZ,M,1980-11-18,44,Athlete
18010,6KP5RH768OVXERC8,F,1988-08-02,37,Coach
18011,6UCL40QOEDONSN33,F,1991-05-27,34,Athlete
18012,6YG3RJ3X20Q5I2FT,M,2011-08-03,14,Athlete
18013,7615DVX9O9WSAW69,M,,0,Coach
18014,7P5WILWWRMHWLNKO,F,1977-01-23,48,Athlete
18015,81NGI7GMV172NW5G,F,,0,Athlete
18016,86FL4HE400ROI9PF,F,2007-04-21,18,Athlete
18017,8W8YIZVW3TOZY58T,F,1954-05-28,71,Athlete
18018,A5VJQZM4KKJ3ILHJ,F,1982-05-22,43,Athlete
18019,ARV3OCEZ13O6HMEY,M,1970-06-24,55,Athlete
18020,BVHCGYEDOP7V3Q9P,M,1984-08-01,41,Athlete
18021,BX93SCHPOCSA9JGE,F,1975-02-03,50,Athlete
18022,C9A3M4XKVKZJK3PY,F,1959-05-17,66,Athlete
18023,CPH7SHTV47H9WU9W,F,2008-06-20,17,Athlete
18024,E98TNC1UUO7I96QA,M,1972-12-21,52,Coach
18025,FCMAUJIS93BSX4Z6,M,2012-06-04,13,Athlete
18026,G3NANEGD7JNBYFB4,M,1980-10-02,45,Coach
18027,IDEGIWV4JBUDMK4V,M,2002-09-01,23,Athlete
18028,LLDCIV0JL8LZVSLQ,M,1979-02-26,46,Coach
18029,N192PYG0JNZ1Q2HP,M,2014-04-27,11,Athlete
18030,N843OU6TIF21C7VF,F,1981-01-15,44,Athlete
18031,NJGZ096OB212267R,F,1975-06-26,50,Coach
18032,NRD7HOL005PDLCOY,F,1979-07-06,46,Athlete
18033,NZY4O18E9PZ470U4,F,1977-08-25,48,Athlete
18034,OMLZSSZIA7R0IZH6,F,1973-11-08,52,Athlete
18035,QH9IRHET1LDEM9DS,F,2003-05-19,22,Athlete
18036,QL0X589J4RB3KIL2,M,1976-12-28,48,Athlete
18037,S5DXB2E5RSV15ES3,M,1980-08-17,45,Coach
18038,SQ9OIZ1HON3TVFR8,F,1973-04-16,52,Athlete
18039,T0JSEY3P02WV707O,F,2012-03-30,13,Athlete
18040,THUAKWT283FUW6A0,F,,0,Coach
18041,TQGJ5130MCTGOQYS,F,1964-08-03,61,Coach
18042,TYZWO9R8K4TDJ3NK,F,1967-02-21,58,Coach
18043,U69WXLCUGJYHA63O,F,1977-10-17,48,Coach
18044,UHADUHUFSXWC8UWN,M,1988-10-12,37,Coach
18045,UW3JFUI54X9E8ALF,M,1987-10-20,38,Athlete
18046,W7C7OIVVFV6AO9A0,M,1968-05-21,57,Athlete
18047,X29MLIRPSLOSO0LD,M,1970-03-11,55,Coach
18048,YXQX7J161PTF2L04,M,1963-11-02,62,Athlete
18049,Z4KSWKKT1FT8URAO,F,1975-01-18,50,Athlete
18050,02D5ARB3VBZOSKVO,F,1992-06-18,33,Coach
18051,0JLYSL0DGH4LTVNX,M,2004-08-12,21,Athlete
18052,19HRUS75XZICHYK2,F,,0,Athlete
18053,21QG8KOEOTJH7291,M,2003-04-01,22,Athlete
18054,301V844MHDFN2ZNX,M,1995-06-08,30,Athlete
18055,45H3SM5EZPZJEB3M,F,1964-01-02,61,Unified Partner
18056,47QMRJMHF6QK0596,M,2012-10-27,13,Athlete
18057,6E947PPY0M9S9NCG,M,,0,Athlete
18058,6PLOOZBQQ01RLDKW,M,1972-02-09,53,Athlete
18059,6QVGSQOWJ523SVEO,F,1992-12-07,32,Athlete
18060,81PBX74RKJ1KYM9P,M,,0,Athlete
18061,8MAF6APDS3TXWC8N,M,,0,Athlete
18062,9HU4OIOC06NXG9RJ,M,,0,Athlete
18063,9PD26KLA53OK77SY,F,,0,Coach
18064,FG13TU1KHIFVO2W9,F,1999-01-05,26,Coach
18065,FKZ41YQBBR5R7CDC,F,1990-12-10,34,Athlete
18066,GDSHR8MWX0Q69UK1,M,,0,Unified Partner
18067,GGB7WYC6DPW96IDD,F,2000-11-09,25,Athlete
18068,H5TDZJT6TWCIV74H,M,1990-04-11,35,Athlete
18069,I8R7XM5HEBI9DIYJ,F,1999-01-08,26,Athlete
18070,JERT0VCPC27BCJOM,F,,0,Athlete
18071,JJZHPO0P9PVPAXBJ,F,,0,Coach
18072,JMCWSZQYDHQ3VPZC,M,1982-04-02,43,Athlete
18073,LMQ7LQJECY9LSYUW,F,1997-06-14,28,Unified Partner
18074,NY0JP0GFGXIAVIP9,M,,0,Athlete
18075,ONP8B0RHLR82T0KV,F,,0,Athlete
18076,PMXNUDYVDZCBTS1C,F,,0,Athlete
18077,TIRWMZ17VZDWRF65,M,,0,Coach
18078,TT0I98I12XJPR519,F,,0,Unified Partner
18079,TXZL0MIJV9CP95JM,F,1991-02-08,34,Athlete
18080,UK5OYQQK7Z0A0VZK,M,2006-03-02,19,Athlete
18081,VECXLWBDAOOIMDC5,F,,0,Athlete
18082,VNZD0DQX6IZQJH1O,M,1979-08-25,46,Athlete
18083,VWQI87P4TYV352DS,F,1992-03-28,33,Athlete
18084,VXMUKC33W2H63N6S,F,1984-10-30,41,Athlete
18085,X1ASIU9X6B5DEG8N,M,1966-02-13,59,Unified Partner
18086,ZVSTRCJDH1FG3VV8,F,1970-01-09,55,Unified Partner
18087,0N10DGM79258HSN9,M,2011-10-17,14,Athlete
18088,1UM8IAF663TUNR3I,F,2007-03-06,18,Athlete
18089,3JIOKWT47E63LQ6W,M,2002-06-25,23,Athlete
18090,5C1GQE4KWNEFSUEL,M,2008-08-29,17,Athlete
18091,5T16FMO0QL3CUQDA,M,2000-11-27,24,Athlete
18092,625A84WFOS0L0KTB,M,2007-02-08,18,Athlete
18093,668YZ2IQ6A9TRGNF,F,2010-03-28,15,Athlete
18094,6N5PCJ41PQ3QHJHR,M,2006-08-21,19,Athlete
18095,6VPOSD7AEFC6X1R4,M,1957-11-05,68,Coach
18096,8DS6NE9MLUDDF5AF,M,2003-09-17,22,Athlete
18097,9UTDA459FYBO8IG0,M,2003-09-12,22,Athlete
18098,ANM42E5HFAB0Z91J,M,2008-11-20,16,Athlete
18099,AX9H9V59FLA7MMA7,M,2002-02-03,23,Unified Partner
18100,BBOYL42HEIDDYC4L,M,,0,Coach
18101,DUV9CCLZBF47D9GJ,M,2006-01-18,19,Athlete
18102,E5LI6RSOC0PL31HV,M,2003-09-21,22,Athlete
18103,EXPE5DPWPCVUDVP3,M,2006-07-19,19,Athlete
18104,GN56SET39WG2HJCB,M,1991-11-11,33,Athlete
18105,GU3TLVI44PCCVD4C,F,2011-03-25,14,Athlete
18106,GVOYU15ZDPMRP6TN,F,1987-11-19,37,Athlete
18107,KYJRGK8WSAMH5T0U,M,1991-04-30,34,Athlete
18108,M0ZCNXVHPAV62PNT,M,1998-08-09,27,Athlete
18109,MUWWMMV1C813M82P,M,2011-03-18,14,Athlete
18110,MWZ7S15LNKEDCOET,M,1980-10-29,45,Unified Partner
18111,O54TDUX9JKH23U6O,M,1999-07-26,26,Athlete
18112,Q0KUHS8FVMY6OTJ3,F,1992-01-15,33,Athlete
18113,Q95I9HVWNES9JG3W,M,2004-07-10,21,Athlete
18114,QUNSFVMYJAA1IXR7,M,2011-09-25,14,Athlete
18115,R7JE71MST87ZI41U,F,1988-08-25,37,Athlete
18116,T22CTL4S8W29EBKV,F,1989-11-13,35,Unified Partner
18117,T281JGNH2IY46ZDJ,F,1954-07-31,71,Athlete
18118,T2W7HP6RQZO6321N,F,2006-02-15,19,Athlete
18119,TB2JTKG3Y8IQSBV8,M,1993-01-28,32,Unified Partner
18120,TFTB2IRAC137L9HZ,M,1988-05-12,37,Athlete
18121,TKNPIIXR3ML5BLAU,M,2003-07-02,22,Athlete
18122,TOFO0DTP9C0WAWEJ,M,2007-06-12,18,Athlete
18123,VZAVL8OIGW7087GQ,M,2006-06-14,19,Athlete
18124,WV370RU4LYUX4R8Z,F,2007-08-29,18,Athlete
18125,XRLE9GT5145NKDF7,M,2007-09-24,18,Athlete
18126,Z61LQ38DOJWP2G53,M,2012-09-19,13,Athlete
18127,0BC1IR0QRH9GRAJ3,F,2003-08-05,22,Coach
18128,0L1GV74F7PHO558B,F,1980-05-03,45,Athlete
18129,0VFLQN0JEN9ZQ22D,M,2000-04-09,25,Athlete
18130,1FN8QF36LJCIT8ZR,F,1964-12-31,60,Athlete
18131,1I66Z2560IOZSZS8,F,1993-06-15,32,Athlete
18132,2TIVWH6Z1INVIBKL,M,1969-10-12,56,Athlete
18133,39157XU0OG3QJ5IX,M,1982-11-26,42,Athlete
18134,4DDM1NBBJL7QJTUA,F,1989-04-12,36,Athlete
18135,4MRFS6KGIDMNAZQ8,M,1993-06-09,32,Athlete
18136,4UBFXZ5O60725105,M,1988-10-13,37,Athlete
18137,536RXEQ0RZ7HVZ9V,M,1986-08-04,39,Athlete
18138,59MCXY8UCZCOVRAE,F,1986-09-23,39,Athlete
18139,5JEONF7AALWVV0NL,M,1986-11-26,38,Athlete
18140,61PJHJZQXCHSJO80,F,1972-11-10,53,Athlete
18141,6EE645SVGI2T60Q2,F,1950-12-31,74,Athlete
18142,77YXKWQPVAGIV4ET,M,1958-07-13,67,Athlete
18143,7A3OEA9J9EVJ4K4U,M,1973-05-19,52,Athlete
18144,96OWFKYHP16ASCWJ,M,1984-12-27,40,Athlete
18145,99HXAPFEVLV04EL2,M,1995-09-02,30,Athlete
18146,9VXGHFIGKJKS51LP,M,1971-12-06,53,Athlete
18147,AODUY384DKQM13FQ,F,1975-03-25,50,Athlete
18148,AZL91IF0EVS2EI8U,F,1985-12-24,39,Athlete
18149,CJFUXLQ5KFHBUVWN,M,1966-04-01,59,Athlete
18150,DK83D1KO7BJKA8ZB,M,1997-08-13,28,Athlete
18151,ENN7U6LRG0RQ9J5L,F,1998-12-09,26,Coach
18152,FTSGS0CCAQ50WBF0,M,1958-03-08,67,Athlete
18153,GZNUDNL1CAJ58UB2,M,1988-08-06,37,Athlete
18154,H4ZC3132PGG2LC7U,M,1981-05-08,44,Coach
18155,I3FDUHPLRE0XJ1AD,F,1966-06-01,59,Coach
18156,IM6MAC630859M8A9,M,,0,Coach
18157,KI38XV00412U1MR4,F,2002-03-11,23,Athlete
18158,L2ZOPNXTXNVN6AT0,F,1996-03-05,29,Athlete
18159,L6KK683XN1P88VKX,M,1988-10-11,37,Athlete
18160,LWWWS6P5HR48CBNC,F,1980-02-11,45,Athlete
18161,MIZLXO0WTG5BIJB0,M,1958-07-12,67,Coach
18162,NIDU8W27GLH3OASS,F,2003-10-02,22,Coach
18163,NPLP7XB4XSNHU5OR,F,1983-12-07,41,Athlete
18164,O89T2Z90N297A2NA,M,1969-07-15,56,Coach
18165,PISC3U2B07RSGZ27,F,1996-02-08,29,Athlete
18166,PMGEGUJYVD42Z4I4,F,1985-10-08,40,Athlete
18167,R22APBXDTW3NO5JA,M,1999-08-02,26,Coach
18168,S2MNH9I07L5T3KR3,F,1951-05-16,74,Athlete
18169,SBHYNNIP9A3E6Y9D,F,1987-09-22,38,Athlete
18170,SVPHC6SPFO7J3KET,F,1993-01-08,32,Athlete
18171,TX6BASW7C0KXTPAI,M,1966-05-04,59,Athlete
18172,ULOY9DV57MRC6THI,M,1956-05-16,69,Athlete
18173,X2W2WDAHJEY7IQIM,M,1953-09-12,72,Coach
18174,XLFHPP3VL9NO5BE2,M,1970-01-19,55,Athlete
18175,XYXL985GL4QLOY95,M,1980-05-20,45,Athlete
18176,Y0CJXM5NGEY05BUZ,M,1999-08-30,26,Athlete
18177,YDRCHSFWS98B6MYC,F,1979-05-16,46,Athlete
18178,03IONK0BZUXNQATO,M,1981-07-28,44,Athlete
18179,03NQQVM1YCDGBRQG,F,1967-01-19,58,Coach
18180,0CB8WMS8R3NCRXLD,M,2005-12-09,19,Coach
18181,0FF4NH0KE0BHBNJ3,M,2016-03-10,9,Athlete
18182,0JJBLZNTBHHRML6B,F,1964-06-26,61,Coach
18183,0M8DYD7L8R72UM8I,F,1976-12-02,48,Athlete
18184,0R0ZSDHKDNK21SMZ,M,1978-04-11,47,Coach
18185,0TAX6MPNIZU1X9IE,M,1970-06-23,55,Athlete
18186,0WW5NLUA9L9B7A58,M,,0,Athlete
18187,13DFUXECMEQEFWSK,F,2009-11-09,16,Coach
18188,16J3HCNHGYAS6ABF,M,2002-12-10,22,Athlete
18189,19T6YD4E31JBJQ84,M,1978-06-24,47,Athlete
18190,1B0CRGHOAUY1JVHP,M,2000-07-18,25,Athlete
18191,1IBSL3MLPYPH5ETI,F,1975-09-04,50,Athlete
18192,1IPXLEHHGWP4P6OZ,M,1996-06-27,29,Athlete
18193,1LS76Z1XMEE0T85C,M,2017-06-02,8,Athlete
18194,1MLE6C42NUV8MLW1,M,1989-08-28,36,Athlete
18195,1P7K9DQVB5ATHF0X,M,2007-08-01,18,Athlete
18196,1THTF7ZIMZENOOSR,F,1961-07-12,64,Coach
18197,1TMW6HU2TE3R9984,M,2015-05-25,10,Athlete
18198,1YLFM157O02ZIOBK,F,2001-11-30,23,Coach
18199,1YY84OFQRBQK7E8D,M,2000-11-22,24,Athlete
18200,1Z18Q1MAQ0XFQQ7M,F,1965-03-02,60,Athlete
18201,213XQ76Z02ZJS1PT,F,1962-05-06,63,Coach
18202,21LIF5LHTCEHOOMO,F,1975-06-24,50,Coach
18203,21VLBUWGEO4Y0CP5,M,1945-01-05,80,Athlete
18204,2BYDXOJMPSVFD0EG,F,2007-06-04,18,Coach
18205,2C1ASGX5H266NKIF,F,1950-10-02,75,Coach
18206,2GZYAAV553L9ND9W,M,1965-03-05,60,Athlete
18207,2LEWUDJNDE41BA0G,F,1983-08-05,42,Athlete
18208,2MPOZXMOFK3VG2O3,M,1982-03-17,43,Athlete
18209,2NDK9W8VX2HTBBT9,M,1959-04-28,66,Athlete
18210,2RH6ATA5ZKWIHO3M,F,1950-07-30,75,Athlete
18211,2S75RE34ERMDG3UG,F,1976-06-29,49,Athlete
18212,2TJHT8IO72TKBZTU,F,1964-11-19,60,Coach
18213,2UR78NO73APX54S7,M,1984-08-26,41,Athlete
18214,2UZRPFBRA3Q8DCQG,F,1976-03-02,49,Athlete
18215,2V91MG2HFJCLPCM5,F,1965-08-06,60,Athlete
18216,2X140H1VUQO97K8P,M,2010-05-16,15,Athlete
18217,333QFVK55CIKI0PA,F,2010-05-25,15,Athlete
18218,35Y74Y7X7S4RYQ8J,M,1995-01-23,30,Athlete
18219,37CNAHBFHLMUAP34,F,1975-06-24,50,Coach
18220,39JYJBM8K03IEM03,F,1975-05-13,50,Athlete
18221,3E62RBA6V8VU6EUH,F,1949-03-27,76,Coach
18222,3G8C554G3BTTV8NY,F,1963-02-17,62,Athlete
18223,3J1WRIK6BRRNOBKY,M,1963-08-10,62,Coach
18224,3KQ1CSNDCYDXXJL6,M,2011-05-29,14,Athlete
18225,3OWQQNQUAZM4AMDQ,M,1960-07-24,65,Coach
18226,3RZAE6WXXOI1SGMS,M,1974-03-21,51,Athlete
18227,3X9EBA5HFZH1OOZG,F,1973-02-07,52,Coach
18228,3Y4Y5JZ95861D0AY,F,2003-10-29,22,Athlete
18229,48CQRKZ62MM6KKKK,F,2000-11-17,24,Coach
18230,4B4PC3U264KJE35B,M,2013-08-01,12,Athlete
18231,4FDLQH3QAUYCZMH2,M,2012-05-14,13,Athlete
18232,4HO7CI5UN4Z0JFWR,F,2006-09-18,19,Athlete
18233,4K80NA487T4BTRIP,M,1997-08-12,28,Athlete
18234,4SWA1CN9BAPU85N6,F,1950-07-30,75,Athlete
18235,4TPQ0Q7US1RRNI92,M,1995-10-22,30,Athlete
18236,4ZLZ8MYGUT36QWWW,M,1977-08-17,48,Athlete
18237,4ZN5GRXUHS6NY7U0,M,1992-10-23,33,Athlete
18238,52JVRUZ9VLVMFGKC,M,1977-10-25,48,Athlete
18239,54ROGA1QTH5EPSFO,M,2006-02-17,19,Athlete
18240,56X87VCX7FD02CNM,F,,0,Athlete
18241,578KQ6SUC3DROEP2,F,1945-01-21,80,Coach
18242,58YT7QUJOXU9H4UR,M,1962-02-27,63,Coach
18243,5A0OCVEI7GVZVY0K,F,1962-04-16,63,Coach
18244,5JWR7XDNICM7I8KG,F,1990-06-07,35,Coach
18245,5NZSRNPTL9RZT95A,F,,0,Athlete
18246,5RCLQSD34B379UFJ,M,1963-09-03,62,Athlete
18247,5RFYSU0VBN4JWXHU,M,1961-01-16,64,Athlete
18248,607LCB9U2XSNO9S9,F,2005-03-02,20,Coach
18249,60CS5QYBBSR5IU4I,M,1980-06-16,45,Coach
18250,64UY7OVTFFXA0N65,M,1987-08-20,38,Athlete
18251,65EW208JP6R0D4P7,M,1957-06-13,68,Athlete
18252,6BNIWUPWTQPMHEDI,M,1980-04-18,45,Athlete
18253,6FRZIKF1384K5VHX,F,2000-05-25,25,Coach
18254,6J9K7ZSFFFN3R1RK,M,1962-06-22,63,Athlete
18255,6JDJOSBLHONTJGDJ,M,1973-08-11,52,Athlete
18256,6N4JULNQT2U9TB9I,M,2008-03-26,17,Athlete
18257,6O5J8DH0ILAEWF37,F,2012-04-25,13,Athlete
18258,6QGBZUJRR52HJZS8,F,1969-07-13,56,Coach
18259,6SUAQLJ2PAMRX00W,F,1963-10-21,62,Coach
18260,6ZRFPL9XE4AD84JW,M,1984-06-29,41,Athlete
18261,71QEWO1PGSVVWL9W,F,1952-12-04,72,Coach
18262,738KNXKGLPFW4RPS,M,1988-03-26,37,Athlete
18263,73ZDSJCO6WGHFL0J,F,1969-04-12,56,Coach
18264,74B4AAMR0PAZYLR6,F,2005-09-15,20,Athlete
18265,76W0QR4XKHC2ZMOV,F,1949-02-03,76,Athlete
18266,79W5D50RYU92ERFR,M,1964-05-29,61,Athlete
18267,7BEMZD6HSQTRTM25,F,1968-06-24,57,Coach
18268,7FCUZST87XO4AE71,M,2011-11-22,13,Athlete
18269,7GJLCUEJLBHJA4NA,M,1963-07-23,62,Coach
18270,7O3I5HFVZ50VD5V0,M,1942-09-29,83,Athlete
18271,7V1JFPKAYPMUNSQH,M,1971-05-28,54,Athlete
18272,7WCKGIW1ZFKJ8T4A,F,1992-03-18,33,Athlete
18273,81WMGUEXKLSEHLCH,M,2017-03-15,8,Athlete
18274,85XGVMHUPR4LRSOC,F,2006-08-29,19,Coach
18275,89Z9JDWKVG0SMONU,F,2016-08-04,9,Athlete
18276,8F9DJQVPFG61HS2U,M,1965-11-16,59,Coach
18277,8FUPZEPG894JXNSL,M,2015-08-21,10,Athlete
18278,8GT75CI421ZNIXA1,M,1982-04-08,43,Athlete
18279,8H04INEAR3EGOMLQ,M,1964-10-31,61,Coach
18280,8J5J9T6FUO7KJRKB,M,2010-02-23,15,Athlete
18281,8SMQILLEZ3GH868R,F,1995-01-13,30,Athlete
18282,8YBZFSV3NYC1D281,M,1976-12-01,48,Athlete
18283,8ZG26PBKQZLILOLF,F,1958-12-17,66,Coach
18284,92WK54MN4745D8BL,M,2011-06-04,14,Athlete
18285,93WZ93RLN1K95KF5,F,1968-07-17,57,Coach
18286,982JBON6TA84ILPU,M,1993-04-30,32,Athlete
18287,9CX3XE1RBTV2OGJN,M,1991-01-26,34,Athlete
18288,9JEE86UD9NFM6YAK,M,1989-12-06,35,Coach
18289,9KT8S2QK42IX4HC7,M,1978-11-03,47,Athlete
18290,9OE5M0KMGV3TFLBA,F,1993-08-17,32,Athlete
18291,9P2622CRT7H9J65G,F,1986-04-20,39,Athlete
18292,9R381333UXQGSNFW,F,1993-10-20,32,Coach
18293,9SB4N1T54RX2JWTI,M,1968-05-09,57,Athlete
18294,A0W49GY8JHT14BXF,F,2015-11-21,9,Athlete
18295,ADMRMIG85SZBVJCX,F,2015-06-15,10,Athlete
18296,AEVZBPDJVI53VKJA,F,2012-06-12,13,Athlete
18297,AFY1A9B1JWT5G23F,F,2001-12-14,23,Coach
18298,AKPVEBC1PS4Q9YL7,M,2020-01-18,5,Athlete
18299,AM2G2Q0OV71HVVZH,M,1949-06-23,76,Coach
18300,AMDYBRRKX77ZNWVR,F,2009-07-20,16,Coach
18301,AOBJMDSIVJOTUWT7,M,1986-11-15,38,Athlete
18302,AT4SK3DC6RT4M09C,F,1960-08-11,65,Coach
18303,AT9QHIU6E5PQCVVN,M,1961-04-14,64,Coach
18304,AW1TI8NZA7B9DD40,M,1984-04-10,41,Athlete
18305,AW2MEXQ7NH8YL54L,F,1976-03-02,49,Athlete
18306,AZJJZRUHS6YZQQYY,M,1966-11-09,59,Athlete
18307,B1AZ1NNBNWGRPA57,F,2012-08-31,13,Coach
18308,B2S7U1E21V9RIZS0,M,2019-01-25,6,Athlete
18309,B2WP61AYM52Q8FY6,M,1977-08-24,48,Athlete
18310,B7L8M8H8LZHPCE5O,M,1964-01-18,61,Athlete
18311,B9LORM3AYEM8AUVU,F,2008-02-20,17,Coach
18312,BAJXXW7C85YDWWBI,F,1960-11-11,64,Coach
18313,BAPD77GX5HRIRX46,M,1984-02-02,41,Athlete
18314,BCKV0Y206EEBEWWC,M,1980-06-12,45,Athlete
18315,BMLICB185OM7SK7H,F,1976-06-29,49,Coach
18316,BMQM3A8WR4IZ2SXB,M,,0,Coach
18317,BOSQIMYWBL01ORQ6,F,1971-02-01,54,Athlete
18318,BPLMN62WLBJ60WT3,M,2001-10-03,24,Athlete
18319,C3MTCWTC84QV9BOL,F,1981-02-03,44,Coach
18320,CDDGU8YNW79VBC54,F,1956-12-14,68,Coach
18321,CH95GS9SVJQQKE6A,M,,0,Athlete
18322,CIAPEJBZUIEWSKZ2,M,,0,Coach
18323,CIJOJH2NCNNXVVC9,M,1966-01-11,59,Athlete
18324,CJ1B41B8DZ07AXWF,M,1969-03-31,56,Coach
18325,CJX0S6Z0Y9BIPL1M,M,1946-06-30,79,Coach
18326,CN3UYSYRO3HS7TAS,F,2011-02-21,14,Coach
18327,CQB8QXUVT3HG4TE0,F,1999-06-21,26,Coach
18328,D0XM3OPVSHSMJ28V,F,2006-08-28,19,Coach
18329,DKUO2J08F6W8SHHI,M,1941-12-08,83,Coach
18330,DNEDUUTRCDDA4EG9,F,1956-09-02,69,Athlete
18331,DQE67QTJI44DRXFZ,F,1975-11-11,49,Athlete
18332,DVSVAOFDAGQY6YXK,F,1983-04-28,42,Athlete
18333,E3UUICGNF367OT3Q,M,1955-03-28,70,Coach
18334,E6JTRU79YM6GAO8N,F,2011-11-06,14,Coach
18335,E8EJACW0FA4OKNAB,F,1996-11-09,29,Athlete
18336,EJ65S5H71TMSNM0M,F,1990-03-20,35,Athlete
18337,EJRYQU7JJRSPK4YW,M,1984-07-08,41,Athlete
18338,ELBEADC5JVALFUJG,F,1963-10-03,62,Athlete
18339,ER5V5JC8CFLMTOC0,F,1984-10-15,41,Athlete
18340,ETL8WQXKNK6W0H8H,M,1957-04-15,68,Athlete
18341,EUUN4RIBXG3HL11V,M,1976-12-01,48,Coach
18342,EVKVDVUO8LRSHSUY,F,1960-01-28,65,Coach
18343,EYB1K1O7OPGC02A9,F,2006-08-31,19,Coach
18344,F2XUGDORA413Q0N0,M,1991-04-19,34,Coach
18345,F91M7S8A3CX4I9NX,M,1991-12-11,33,Athlete
18346,F9HH4UDC61PQ1X2F,F,2012-04-12,13,Athlete
18347,F9QD4UX6EKC32HYC,M,2006-03-27,19,Athlete
18348,FA4FITM8ATC0ISFR,M,2002-05-27,23,Athlete
18349,FLMC1IOVPF8ZXPSZ,F,1947-05-25,78,Coach
18350,FOLTC2IPBZXCLY98,F,1962-12-07,62,Coach
18351,GCDL011GYJ4IV9NF,M,1980-01-31,45,Coach
18352,GHZYARD1B8ACU8PD,M,2018-02-28,7,Athlete
18353,GMNPWFPBDB5PMYXS,F,1964-01-24,61,Athlete
18354,GO00JBA0MRA8CI5C,M,2001-09-09,24,Athlete
18355,GP5EYT22SC1E3WHG,F,1971-11-04,54,Coach
18356,GUUKDSYZFOEWKC9M,F,1949-12-15,75,Coach
18357,GVWP6CFQ8GVBPGN4,F,1953-01-20,72,Coach
18358,GZ7Q0FC36H0I3UJ0,F,1969-11-02,56,Athlete
18359,H02YVMA7NG7RQQHY,F,1962-12-11,62,Athlete
18360,H3FBHYRHJ39BM49J,F,1965-06-03,60,Athlete
18361,H3XFW82NE5TN3CV4,M,1988-12-01,36,Athlete
18362,H4RRJIE9NHO6SFXM,F,2012-04-18,13,Coach
18363,H6COLVTYQHONYST3,M,1957-08-03,68,Coach
18364,H7H3O4JOQPANDT90,M,1962-05-24,63,Athlete
18365,HBQTFRIXB2CLCXNI,M,2013-02-03,12,Athlete
18366,HERNAW5L984G1YT4,M,2005-03-18,20,Athlete
18367,HFL6B467ZAJJ1QK2,M,2001-06-14,24,Athlete
18368,HGED9OG2UNMAR4H7,F,1980-06-12,45,Coach
18369,HUCL3TPPLSJ5CS2M,M,1958-10-19,67,Athlete
18370,HUFBJJ0RE781XQ5C,M,1968-04-28,57,Coach
18371,HZ2IYM546S1DCK2W,F,1997-07-09,28,Coach
18372,HZU5PREKAVIGOCCG,M,1955-11-04,70,Coach
18373,I546R3N0J9RY4647,M,2011-05-06,14,Athlete
18374,I840VL3PDMT6X2B7,F,2016-05-02,9,Athlete
18375,IBLGRRTMDEIG0UPQ,M,1955-12-31,69,Coach
18376,IEU2OKNBCL15J6F8,F,1979-05-30,46,Athlete
18377,IFSV1U9S6OJ3JOWH,M,1978-08-12,47,Athlete
18378,IGQF23S8I81H7B1J,M,1979-12-17,45,Athlete
18379,INCM896FEIB4KJBY,F,2007-12-13,17,Coach
18380,IQS9BSDJLHZYGSNC,M,2010-10-28,15,Athlete
18381,J00PS8YGLLLWPWGU,F,2005-02-07,20,Coach
18382,J0MGE6DXRYGWAI5S,M,1949-04-22,76,Coach
18383,J33UYYJYU0K8NRB8,F,1967-03-24,58,Coach
18384,JB83JA4NQLNLMEEA,F,1962-08-04,63,Coach
18385,JBASMXVR6Q0IV475,M,1953-09-26,72,Coach
18386,JFETPTN91064111Q,M,1999-01-12,26,Athlete
18387,JFI4C7VCAVEPFXNN,F,1995-08-13,30,Athlete
18388,JIFR52LJEJF6B7R9,M,1976-02-03,49,Coach
18389,JND26TBLHHXZ9FTG,F,1964-03-12,61,Coach
18390,JPZPX1OQ7L0OLLRB,F,1986-08-09,39,Coach
18391,JSW3K16R2G64WBXF,F,1956-01-21,69,Coach
18392,K0IOA7ZZFLPTD5YA,F,2008-02-08,17,Coach
18393,K1WU5BI4QNRLBPYD,F,1979-11-11,45,Athlete
18394,K2M61UT75YEC5P85,M,1952-06-27,73,Athlete
18395,K74N5M996MGH8THL,M,1987-08-10,38,Athlete
18396,KIM1FTYCO8YUS387,M,2005-04-19,20,Athlete
18397,KJ0EKF90NBGFT9ZP,M,1988-06-01,37,Coach
18398,KLNV9YCXPO1MYIJI,F,1948-04-18,77,Athlete
18399,KLS2OI37CMFUBHSX,F,1972-05-02,53,Athlete
18400,KNOS2FHSQLTEYWY1,F,2004-12-21,20,Coach
18401,KP7A5IKN773HKK9A,M,1963-02-02,62,Coach
18402,L2ACFXM905UCS2WA,M,2015-08-07,10,Athlete
18403,L39Z9HKEB17LUYPI,F,2017-02-16,8,Athlete
18404,LF2PCGP3NYA65PAU,M,1973-12-22,51,Athlete
18405,LFY0XRKZGOKS4FWA,M,1946-12-14,78,Coach
18406,LG7FA95LDEVKBSR9,F,1971-05-26,54,Coach
18407,LRCLA08NYEEN15OR,F,1961-11-06,64,Athlete
18408,LY64FAF2NDINF1A3,F,1967-06-20,58,Athlete
18409,M49W1P5YA1NW9CKM,M,2012-02-05,13,Athlete
18410,M836BT39Z7PHVDMK,M,2016-08-01,9,Athlete
18411,MAVXUVO32RBMSNSZ,M,1950-06-16,75,Coach
18412,MB10EAIPXP28Z2H6,F,1994-12-03,30,Coach
18413,MBK9PQFD4GZ0DCQG,M,1968-05-31,57,Athlete
18414,MBYV1A1RJ09NZC3Y,F,1987-03-23,38,Athlete
18415,MGRKK8RCK2HIKJ3K,M,2016-09-15,9,Athlete
18416,MS255WI9ISTZWVOY,F,1990-11-24,34,Coach
18417,MSXXQQ8BB2YIMFWU,F,1996-02-08,29,Athlete
18418,MT6A4VW9JK0B4YBP,F,1975-09-29,50,Athlete
18419,N24O002HQ39UTFGL,M,1998-05-19,27,Coach
18420,N2F0A2090E89EQV3,F,1962-04-07,63,Athlete
18421,N4LXC005YRJGWUZ4,F,1967-09-01,58,Coach
18422,NDA52H448UA5UBBK,F,2012-05-13,13,Athlete
18423,NLR2DRNXS7CVL9OK,F,1980-06-16,45,Coach
18424,NOUMUTJ86807NFYP,F,1967-05-21,58,Coach
18425,NPXJVHG0Q97OXM6C,F,1944-11-20,80,Coach
18426,NU8TT31RCI77ACZS,M,2006-03-11,19,Athlete
18427,NUBPWUG89ESV53CL,F,1981-04-18,44,Athlete
18428,NWT1AGPJM96LL42Y,F,1998-12-02,26,Athlete
18429,NYNTN0DGWI0I8E3C,M,1997-03-29,28,Athlete
18430,O74ISJR78J0GOF20,M,1983-06-02,42,Athlete
18431,OEN9E1X1FLJU7ZFA,M,1985-10-25,40,Coach
18432,OMB9ZYOWJ9XJUEN0,F,2002-04-20,23,Coach
18433,OZU0AR3LJMRR3IHJ,F,1989-08-10,36,Athlete
18434,P5AX7EWUYHJD7M3Y,F,1979-06-26,46,Coach
18435,P6VR56OIMJQU3A5X,M,2002-02-27,23,Athlete
18436,P8K7VVWDQYXGWVYA,F,1960-05-16,65,Athlete
18437,PA4P3OB8GQ8AGQR2,M,1975-06-30,50,Athlete
18438,PQQR0DISB6AQWMYL,F,1984-12-21,40,Coach
18439,PROJ3W54ZFP4IQ5U,M,1996-08-10,29,Athlete
18440,PYO6T5SPGS309BVT,F,1967-08-01,58,Coach
18441,Q6XDB6E6NYUS444C,M,1959-12-14,65,Coach
18442,QGUWY0GBXS8Y6ER9,M,2005-02-10,20,Athlete
18443,QI0JGO9GRDIQVASI,F,2013-04-08,12,Coach
18444,QNMGCA7N89EWLKJR,M,1972-10-26,53,Athlete
18445,QNXMW33DPT6QKX2U,F,1956-11-10,69,Athlete
18446,QOQWBXKAI3YM0TUR,M,2013-10-12,12,Athlete
18447,QQWM1485FVTMCEEZ,F,1996-02-20,29,Athlete
18448,QTYIYJYZ5NDNPTII,F,2017-04-27,8,Athlete
18449,QV1AJOZ4PRQWLAL1,M,1949-09-13,76,Coach
18450,R10NK4VDUYXJLBMP,F,1972-04-26,53,Athlete
18451,RC74FMUBSJZHL3KU,F,2006-12-31,18,Coach
18452,RJFY2JHDN0LEEGM0,M,1981-01-30,44,Coach
18453,RP42IWJ36S7L8NGQ,M,2001-06-11,24,Athlete
18454,RT0HNK69NDCD8F4X,F,1968-04-16,57,Athlete
18455,RUF0Y53S7AH2CS8E,M,2012-08-05,13,Coach
18456,RZ3FL1VC6R163HQQ,F,1979-03-08,46,Coach
18457,S1UE8VB75ECQXPF6,F,2006-02-13,19,Coach
18458,S6YSULO67C4JTHGK,F,1993-08-26,32,Coach
18459,S93PD70YCCO98KQU,F,2008-01-04,17,Athlete
18460,SBGJXOF3IQRCW675,F,2007-12-11,17,Coach
18461,SD4AHWUBN9BZ900Z,F,1984-11-05,41,Coach
18462,SDYLUWIRCQGVB4E7,F,1987-10-12,38,Athlete
18463,SFDD7A6BH08R2YZU,F,1975-05-14,50,Athlete
18464,SHOFLOURL9A2POSU,F,2002-04-27,23,Coach
18465,SI19FCTZ44CQTWA8,M,1968-06-16,57,Coach
18466,SLSP57DYOS0UMSF4,M,1971-11-19,53,Athlete
18467,SPDCQ6OR871LX9AT,M,1964-02-09,61,Coach
18468,SPJNKDIKYWMXKNDM,M,1980-09-26,45,Athlete
18469,SUPDGVKZKNTX20HC,M,2016-09-06,9,Athlete
18470,SWJPX191NWQHUTRO,F,2004-03-16,21,Coach
18471,SWLNA6789K8NFVRX,F,2000-02-20,25,Coach
18472,T16NVJS00QQFKESG,M,1978-09-11,47,Coach
18473,T2K56GHY46NWQOCP,M,2018-04-22,7,Athlete
18474,T33P7T0U859YC0LP,F,1955-11-19,69,Coach
18475,TCSVYQ11HY1WP545,F,1966-05-19,59,Coach
18476,TH3EZGNHLICBTVLK,F,2007-11-04,18,Coach
18477,TJFID4Z1GFT25EGA,F,2001-01-23,24,Athlete
18478,TJWVLBOYFN8EQAV3,F,1981-08-24,44,Athlete
18479,TMUJLKM61AONAZFO,M,1998-04-09,27,Coach
18480,TSK529P931K6BBCD,F,2010-06-02,15,Athlete
18481,TVS6XZVY2DJOX6HX,M,1957-04-12,68,Coach
18482,U2D5QTFTL2D0IEY5,M,2006-06-14,19,Athlete
18483,U5ANXSYREPPP751C,M,2013-02-26,12,Athlete
18484,U8T4VF3AQ693S3NN,F,1979-08-31,46,Athlete
18485,UCH2LUH2YFFERDSV,F,2004-12-13,20,Athlete
18486,UF2E7FK4WC70PI3X,M,1954-10-26,71,Coach
18487,UFR18OFXPLZQUTSS,F,1973-05-26,52,Athlete
18488,UOW8J6F36B49YP88,M,1956-11-25,68,Athlete
18489,UT2VD09HNYUHLIMM,F,1956-12-18,68,Coach
18490,UTZW0RB3IGN9OJF5,M,1978-07-28,47,Coach
18491,UU6JF61U5BYGEAWI,M,1971-04-20,54,Athlete
18492,UVB89Q5A7886Q2V2,F,2001-07-12,24,Coach
18493,V2V4TQDHJNC5EQ1Z,F,1975-12-01,49,Coach
18494,V7Y4LES43RH5JXOK,F,1957-02-19,68,Coach
18495,VB3K96ZWFVOTBHWM,M,1970-01-18,55,Coach
18496,VB49IL072RPWP2DT,M,1971-12-01,53,Athlete
18497,VB58Q4UETVTR5YB6,M,1921-10-24,104,Athlete
18498,VEBDJKYABOC2XWLM,F,1979-09-25,46,Athlete
18499,VHMLC819K80Y6TEB,M,1987-07-05,38,Athlete
18500,VJVQTLWYB5R9NDUM,M,1978-08-09,47,Athlete
18501,VKO5LE0N6YV2BL2A,M,1944-08-31,81,Coach
18502,VR9HYCLSTO1DKRUW,M,1969-10-25,56,Athlete
18503,VRDFR8CPDKXL20R1,F,1967-06-20,58,Coach
18504,VUEY0PX8ADFGIRW9,F,2003-10-17,22,Athlete
18505,W09FAEBO65PNMNKX,F,1955-06-08,70,Athlete
18506,W2Q4QYLWX4EMJP2J,M,2008-07-01,17,Athlete
18507,WBKGABEXTOEJTCTD,F,2018-07-18,7,Athlete
18508,WBXS8HDGRV20JN8Q,F,2006-09-17,19,Athlete
18509,WCILUGPGXZ8RWID2,F,1968-05-13,57,Coach
18510,WGM3PCPYQTFDY70F,M,2008-11-12,16,Athlete
18511,WJ9BJAK3W654BZXI,F,1978-07-19,47,Athlete
18512,WLVQN5IVRA12FLW9,M,1984-02-08,41,Athlete
18513,WOB0AMOBPK4RO514,M,1996-07-02,29,Coach
18514,WONHMAIZEWWY5VUG,M,1974-07-10,51,Athlete
18515,WPB5334GOXDAQKPU,M,1987-04-09,38,Coach
18516,WRQXOATLBY2R5FAO,F,2017-12-30,7,Athlete
18517,WUVXI7LY51VXQF99,F,1991-09-20,34,Athlete
18518,WXJ0U7G4VSDJ1802,F,1980-10-07,45,Coach
18519,WZXZSQCZ9MGY5TMX,M,1992-01-09,33,Athlete
18520,X0I2KWRMDIE1WN9E,M,1990-04-22,35,Coach
18521,X9G5QJUCIJM1P0T6,M,1990-09-18,35,Athlete
18522,XE32N1MGF64IUPA7,F,1977-04-07,48,Athlete
18523,XI2TP7Y3ZCMLTHPX,F,1975-09-24,50,Athlete
18524,XI8R45JLHRFWTX2G,F,1975-06-24,50,Coach
18525,XKWR8WLD9NZV81HD,F,1972-02-07,53,Coach
18526,XLV8B7U7KY8OD1DI,F,1982-07-30,43,Athlete
18527,XMFUP9NDFQHYDT5O,F,2001-07-19,24,Athlete
18528,XP7LR1EW8ZSINH8A,F,1989-07-25,36,Athlete
18529,XTNWMZZADYNFPKYB,M,1958-08-10,67,Coach
18530,XX9V2SFEIE41CX5L,F,2002-01-26,23,Coach
18531,Y3WODO91M7NYBGDJ,F,1978-04-13,47,Athlete
18532,Y6YSX9WBYDJ640TO,M,2016-08-24,9,Athlete
18533,YIXOEVO6EGBPJZSC,F,2009-03-09,16,Athlete
18534,YOE10BWX7C0HBOX0,F,1976-01-09,49,Coach
18535,YOUOB285U1IXYSZE,F,1936-12-31,88,Athlete
18536,YYKXMIVSKGI6OOQ3,F,1975-01-14,50,Athlete
18537,YZ7AHQ61LP1DDLY5,M,1967-02-23,58,Coach
18538,Z4ULCEJ0WJBYWFDD,M,1967-01-30,58,Coach
18539,Z88OCLF8QNJ6GO1T,M,1967-04-05,58,Athlete
18540,ZC3HIVZ1UMFEGVUD,M,1968-10-31,57,Coach
18541,ZCF3V4LTME59SMV4,F,1969-01-23,56,Athlete
18542,ZDZ890SW31FOKNMV,M,1989-03-16,36,Coach
18543,ZG79CGSNK2AUNXUH,F,1973-12-22,51,Athlete
18544,ZGH6HJPH8ZPVX6KE,M,1989-07-10,36,Athlete
18545,0DU6ZSAPBZ32EFKY,F,1965-08-21,60,Athlete
18546,3TG8JTH05A1LJ1LX,F,1961-10-02,64,Athlete
18547,4KAGXUY3QDFO1KT1,M,1986-11-08,39,Athlete
18548,4PWDOXO715TIH0BB,M,,0,Coach
18549,5ERPA0G75CXOGOAB,F,1990-01-15,35,Coach
18550,6U148ASUUJ36H20U,F,,0,Coach
18551,7AIZRE8KPAB3OS2J,F,1974-03-17,51,Athlete
18552,815W6W7AOW1YR031,F,1997-10-17,28,Coach
18553,8FORYH2HU5KFRMZU,M,1979-06-12,46,Athlete
18554,B9MO2NNF3KL5UZC4,F,,0,Coach
18555,C3M5BA5ZEV1SNTND,M,1981-07-11,44,Athlete
18556,C8KQ9YQ9XTHXJBRH,F,1968-02-22,57,Athlete
18557,DN0EM7LEXXBW2IN5,M,1980-08-25,45,Athlete
18558,FK5TMND3BSADO060,F,1970-11-20,54,Athlete
18559,GH0T1BHWE5K10IOJ,M,1999-02-23,26,Athlete
18560,I10W0MILOMDLDRCN,M,1971-03-13,54,Athlete
18561,IOPWZW0I7CPTC58S,M,,0,Coach
18562,IQ5R2R99UYUR64IQ,F,1969-08-26,56,Athlete
18563,IT2P15B62H79JAAU,M,1983-05-23,42,Athlete
18564,JHUJAM3L0BHXE7WF,F,1971-04-01,54,Athlete
18565,JK2E4N6UPN51O4NV,F,2007-03-17,18,Coach
18566,KWJLJ52J41BA3MXJ,M,1981-12-09,43,Athlete
18567,KZV0LM1NK09D8J0O,M,,0,Coach
18568,L4HR99N1ZQBA3FGI,M,1994-11-23,30,Athlete
18569,LD73LW0WPN1S2TBL,F,1963-03-02,62,Athlete
18570,MC1FOGSWJPQ9HQRL,F,,0,Coach
18571,MJZ6OMCLF0Y3H3RH,F,,0,Coach
18572,O7ICRKKC1QNVC74K,F,1979-09-22,46,Athlete
18573,P6SDTWDAJGXUU3ZJ,F,1978-10-23,47,Athlete
18574,RI2SYSZKO5I3N97I,F,,0,Coach
18575,SAK0G65BPICC9MRV,M,,0,Coach
18576,UBLAYO9DEBR6EC3S,M,1955-09-02,70,Athlete
18577,UXYPYIFQXF2HF3EL,M,2000-12-27,24,Athlete
18578,VTC3Z5QKMMSF789W,F,,0,Coach
18579,WL133BW87S2FUPYC,M,1957-07-25,68,Unified Partner
18580,Y48XHLEO3FUXT1UF,M,1992-05-04,33,Athlete
18581,YSXL7AG7HPCJKV0D,M,1977-11-25,47,Athlete
18582,5JOTR79HK8C6G61W,F,1964-06-30,61,Coach
18583,634UD8JTV8DG13UI,M,1981-11-15,43,Athlete
18584,2CMFUSN69H7RPC4N,M,1979-10-05,46,Athlete
18585,356N3Y8K6JX7Y0AE,M,1974-01-01,51,Coach
18586,64Z00MYYNCM7TBN3,F,1980-08-24,45,Athlete
18587,8MA1B8KY8W8Q3HOM,M,1970-06-15,55,Athlete
18588,8UH5EJAQS9NGL1M3,F,1954-11-08,71,Athlete
18589,9MSRPV2I3YSWM0Y2,M,2004-11-25,20,Athlete
18590,A8RTKRSWRZNOPQPN,M,1999-03-19,26,Athlete
18591,BK3V11D6EF3KUZ94,M,,0,Coach
18592,CBCF5XE31BOSUK82,M,1991-09-28,34,Coach
18593,CG30V67KLGT8YGR1,M,1972-09-11,53,Athlete
18594,CTJWZOV55HODYQCT,M,1985-01-23,40,Athlete
18595,DSN0PP1YXJL8M8PU,F,1990-10-22,35,Athlete
18596,EMYAIETVQYQO4XPD,M,,0,Athlete
18597,GDIVAFHT16I878HI,F,1991-03-07,34,Athlete
18598,HE9W5TAD3NW8UHT4,M,1964-01-27,61,Athlete
18599,IDMT39W6RQV635AA,M,1953-09-15,72,Athlete
18600,J7N9QBR9RJV61N4P,F,1993-08-17,32,Athlete
18601,PUNS1541FZ4MCG8J,M,1952-05-21,73,Athlete
18602,TO38UIHEF1DHGCLT,F,,0,Athlete
18603,TUR1W6PSTM5EU1JO,F,1971-05-31,54,Athlete
18604,UXMJRKBNA3JTI5O9,M,1960-01-01,65,Athlete
18605,YERAMMBEUTL77RMH,M,1954-07-08,71,Athlete
18606,ZNDWJJM3VO0O9XFE,F,1966-08-13,59,Athlete
18607,ZTGAM9NQP7DXM5PU,F,1954-07-08,71,Athlete
18608,0H60R76A2EMZ4R0S,F,1966-08-13,59,Unified Partner
18609,0RFM0186JNQY7SC0,M,1965-09-11,60,Athlete
18610,14YTJKG0I47XZZVX,F,1991-05-09,34,Athlete
18611,1ADB9OH1WLSYCIJE,M,1982-03-12,43,Athlete
18612,1EGFT12A2XZGMVES,F,1997-07-14,28,Unified Partner
18613,1G2IM2MCYJVD7XXZ,M,2002-06-17,23,Athlete
18614,1G5EYET43A6F193P,M,1987-04-06,38,Athlete
18615,1W3XYZWXSVQ5IX7I,F,1963-05-17,62,Athlete
18616,20R9Q4RPWTOB7ETK,M,1977-09-24,48,Athlete
18617,280PXZGVG4THM510,M,1961-10-21,64,Athlete
18618,28MEBML9PXXB88VR,M,1985-06-25,40,Athlete
18619,2GW18PZZSPD8L7QA,F,1967-02-28,58,Athlete
18620,2KFCR8XY0DS4OL1G,M,1964-08-30,61,Athlete
18621,2TC4E1C21F7FXYU3,F,1991-09-24,34,Athlete
18622,2ZI4AIZF9YJIE7MC,M,2006-10-27,19,Athlete
18623,314TW48DVTE3CRKM,F,1959-05-08,66,Athlete
18624,36UUKWFJEEIR10V4,F,1986-08-23,39,Athlete
18625,3G762LF6OY96CR6P,M,1986-04-02,39,Athlete
18626,3MWVKQ0ZOY9516CX,F,1959-08-01,66,Athlete
18627,3S1CZENXHWI43QQW,F,1994-06-27,31,Coach
18628,3VHAZAZW6MQEZ4L3,F,1960-04-09,65,Athlete
18629,41DZ6DK6PGZTSJBH,M,1998-07-28,27,Athlete
18630,46UNNRNLG8BQYFCP,M,2001-07-22,24,Athlete
18631,4I5GWPBR1IUHVNZ9,M,1994-06-23,31,Athlete
18632,4IA0I8RT0LS9YCXP,M,1995-10-25,30,Athlete
18633,4JN0U8VNUYZIRMVM,M,1964-09-03,61,Athlete
18634,4K9TGLD40EZ5RTN1,F,1959-10-06,66,Athlete
18635,4W97SKSXDE6KMLG3,M,2003-06-29,22,Athlete
18636,52QRIL7T6F9RLSZX,F,1988-06-21,37,Athlete
18637,56YDTL4X2ATFA6BY,F,1957-02-10,68,Athlete
18638,57XU869ZI4BH693Y,M,1990-06-01,35,Athlete
18639,5HJCAZ39H7LHYLBO,F,1963-07-09,62,Athlete
18640,5J3KJIYRKIP1VQN6,F,1952-10-05,73,Athlete
18641,5VYI07WMDA4HLJJY,F,1978-06-01,47,Athlete
18642,5WBUVKTECT4FBD6Y,M,1996-10-23,29,Coach
18643,6CLLBPI38P4I7DDS,M,1964-03-12,61,Athlete
18644,6NHE5TGIVOZMYH1U,M,1963-02-14,62,Athlete
18645,6R5T2D4XHB2D3FPM,F,1972-06-12,53,Athlete
18646,7F3348YPY4NF2PHH,F,1960-02-22,65,Athlete
18647,7FQKGDKGJSA7IZ6L,M,1970-05-28,55,Athlete
18648,7IZ8T16BEOI39NLL,F,1984-08-17,41,Athlete
18649,7W9QL7XJIILUSF0X,M,1974-10-31,51,Coach
18650,809AU2QZB953OSMW,F,1950-10-28,75,Athlete
18651,81JMTAQ8T7OZVNXP,M,2001-12-28,23,Athlete
18652,8EXMOXRPGEQPMF8X,F,1964-10-20,61,Athlete
18653,8GYC3XL7267INVXF,F,1983-10-24,42,Coach
18654,8HFU259Y168VY3KA,F,1988-04-01,37,Coach
18655,986EYBWNKEQUIMH7,F,2000-04-19,25,Athlete
18656,9JRG2VRS7SAMG8DB,M,1983-06-07,42,Athlete
18657,9LNBABTTVG0FEGHP,F,1990-12-09,34,Athlete
18658,9Y9KGWUDZK536NQN,M,1965-11-17,59,Athlete
18659,AADA66IAM0ADKSLQ,M,1965-08-20,60,Athlete
18660,ACYZYKXVASWGIOG1,M,2008-06-05,17,Athlete
18661,AMJ8GEIUDA6IK5M9,F,1963-02-10,62,Athlete
18662,B4IOLE5O5QO7EJZE,M,1986-01-13,39,Athlete
18663,BB6DC6QC141S1CK8,M,1967-11-29,57,Athlete
18664,BWML6MNWVHW5E2OR,M,1963-07-08,62,Athlete
18665,C0YGW55SGS40VBQ4,M,1962-06-17,63,Athlete
18666,CWDVN7XZN9ZZ2G6K,M,2000-01-04,25,Athlete
18667,CXH37C3PLLHMT3G0,F,1974-02-16,51,Coach
18668,CYA7TS0T28M5L84F,M,1997-01-21,28,Athlete
18669,DPAZVTOU1EX3YJSO,F,1992-01-20,33,Athlete
18670,E8EXYF1KXAE5YC5U,F,1998-07-23,27,Athlete
18671,ECIA1YG0GDS608R8,M,1987-08-04,38,Athlete
18672,EFIH5QYBIGGWSVMP,F,1967-03-31,58,Athlete
18673,EIAT4M6FLO4QCAR2,M,1985-10-17,40,Athlete
18674,EVC9R6XBWJU7NO75,M,1998-05-19,27,Athlete
18675,F9G2IU3M3DA6W5HQ,M,1976-11-18,48,Athlete
18676,FB02CYS7D9U26VOJ,F,1962-10-05,63,Athlete
18677,FOHMQQRUOD5YK3VI,F,1960-03-18,65,Athlete
18678,FR1T1GOJV2RLK72H,M,1961-09-16,64,Athlete
18679,FZIG2OG8NHAEX1TM,F,1964-03-05,61,Athlete
18680,GD88WYE88HB969X4,M,1990-03-13,35,Athlete
18681,GOHXWF60ZHVDMLEJ,F,1977-12-29,47,Unified Partner
18682,HWPVLQZ2KGVF1P58,F,1998-11-16,26,Athlete
18683,HYVAOCWHMBEDZ4FL,M,1966-05-01,59,Athlete
18684,I2GTBJ4PDUQH9GJL,M,1971-04-14,54,Athlete
18685,I6TWX90GLGB889FJ,F,1986-04-07,39,Athlete
18686,IMUQ4ORVNP0RXBT6,M,1963-06-28,62,Athlete
18687,IMWJ0AJF4PL1EDCL,M,1967-06-02,58,Athlete
18688,JKHSCUYK4PPX55XH,F,1996-06-04,29,Athlete
18689,JNBE40I1ABWV5VA3,F,1974-11-26,50,Coach
18690,JR75VZI2E7N4IWS5,F,1968-12-09,56,Athlete
18691,KF1XZLY0L3S7NUST,F,2007-03-15,18,Athlete
18692,KI1TA2UMSXG0ZSS7,F,1940-08-01,85,Athlete
18693,KPFE5Z1GMS2W2K71,M,2002-07-12,23,Athlete
18694,KTRY2111JC55R29M,F,1973-02-16,52,Athlete
18695,KWMFW0I1UAY8A6V1,F,2002-07-16,23,Athlete
18696,LAUNVVP9TKFJ4ASV,M,1999-03-14,26,Athlete
18697,LIQN2YWGYIBHMV15,F,1955-09-27,70,Athlete
18698,LQKQFMH2LDYRXDEM,M,1992-04-30,33,Coach
18699,LTSDZ99PAU9GWCK1,F,2000-06-16,25,Athlete
18700,LUY2I5QHQTGQY7NF,M,1966-11-26,58,Athlete
18701,M601GY1NNT84N5AY,M,2002-10-01,23,Athlete
18702,MDT72HDKFI3MDNCP,M,1967-05-12,58,Athlete
18703,MUEME7LZ5AJKFOLG,M,1992-01-11,33,Athlete
18704,N1ZAF62E5BLD42DY,M,1957-10-30,68,Athlete
18705,N9GHYQNVWUWB9BXE,M,2005-10-17,20,Athlete
18706,NCDK6FGQ8FWVAQ62,M,2009-04-28,16,Athlete
18707,NFKPQZAAACKV0ETW,F,1991-10-24,34,Athlete
18708,NUO3OR40F72S1CK3,F,1983-04-21,42,Coach
18709,NUV6J9IPR70TUE5M,F,1975-04-09,50,Athlete
18710,O0GIYVNR1POH6ZB0,F,2001-10-09,24,Athlete
18711,OJLHCZPSZ5PELCLV,F,1970-06-05,55,Coach
18712,PE0EQL387QOUSERZ,M,1985-07-10,40,Athlete
18713,PRZ25SQDFPDD192L,M,1965-06-11,60,Athlete
18714,QH3EI29ZRZUB4RWN,M,,0,Athlete
18715,QS2GPZR0597M7QR4,M,1960-08-03,65,Athlete
18716,QWLJ53KE6VQWGDX2,M,1965-08-24,60,Athlete
18717,QXMX4ND1RVPSBJ6J,M,1963-01-17,62,Athlete
18718,R4NRF2MIYKXRDQ5C,M,1973-07-18,52,Athlete
18719,R5LQZTR605PDA6X4,M,2001-02-16,24,Athlete
18720,R81DRZ25E6OELO8W,M,1963-06-24,62,Athlete
18721,RDWH7K8WBMX5PVRE,M,1966-03-29,59,Athlete
18722,RW4Y4TKNYXDDRZH8,M,1985-06-03,40,Athlete
18723,S92T8PATQZQA3X5R,F,1995-09-02,30,Athlete
18724,SDIWXK786BGA8IJO,M,1999-06-03,26,Athlete
18725,SMHOVL5IL8LTU809,M,1955-01-25,70,Athlete
18726,T7990DUVZQ2QUU6V,F,1960-01-27,65,Athlete
18727,T958SEHF6CAXX8SL,F,2009-01-05,16,Athlete
18728,TD7KJHF415WIVIDP,M,1995-01-25,30,Athlete
18729,TKKB24Z9X12FHF5S,M,1998-01-25,27,Athlete
18730,TU437CD8CKOAAA8H,M,2008-04-18,17,Athlete
18731,TV46LFV6KN06BJT3,M,1961-11-11,63,Athlete
18732,TWNCQJ4U64ZPMNOS,M,1962-02-10,63,Athlete
18733,U68YYWP92C3CHHNQ,M,1956-09-05,69,Athlete
18734,UA0I82A75UT69BRS,M,1997-05-18,28,Athlete
18735,UIVSBI3LWKODYDDJ,M,1983-02-10,42,Coach
18736,UIYRFJBO3Z62RQGM,M,1960-09-01,65,Athlete
18737,VOVPA3BJLUHQT0LY,F,1999-12-22,25,Athlete
18738,VWKQFXV4VXF0YH0Z,M,1985-10-31,40,Athlete
18739,W6GB56F5UQC9ECOX,M,1976-02-26,49,Athlete
18740,WEP1QR7AABD81LTK,M,1965-12-31,59,Athlete
18741,WJXRKT8WQ6LYD0SJ,M,1961-04-02,64,Athlete
18742,X3P8EI0A0M4X85ND,F,1965-06-26,60,Athlete
18743,X6331K5F0RSO7JIX,M,1961-02-19,64,Athlete
18744,XA37XE69ZPCW6AW3,M,1958-07-02,67,Athlete
18745,XB635W5UN49B3Y0M,M,1995-08-15,30,Athlete
18746,XOD18QTBS3TJTJC4,F,1966-08-08,59,Athlete
18747,XSUYKNV22K268JHX,F,1976-09-12,49,Coach
18748,XYDOIFVJNNOKUB1C,F,1999-12-17,25,Athlete
18749,Y3CY9ECC6K949ZS5,F,1975-01-13,50,Athlete
18750,Y7E5KW6JBZ53PCJO,F,1955-07-13,70,Athlete
18751,YJ4M5KHOYLHLZATM,M,1990-01-13,35,Coach
18752,YOY6ZON91V02WDL0,M,2003-06-11,22,Coach
18753,YV3JSC5YGUHLBIZI,M,1966-02-19,59,Athlete
18754,Z0HW6WUXVRVJ6FC7,M,1961-06-14,64,Athlete
18755,Z9V9JCLY4NM0CL9G,F,,0,Coach
18756,ZFSZWE1VSBBJBBRT,F,2006-09-04,19,Athlete
18757,ZR72QV7E99OHXCY6,M,1969-01-18,56,Athlete
18758,0HUS5DA2D9DXK59G,F,1965-06-30,60,Athlete
18759,0IEZ6ZX5L8FNYAFK,M,1997-03-17,28,Athlete
18760,2CFA0XHW06VO1IFO,M,1990-07-30,35,Athlete
18761,2GUYQP6HOSINFW55,F,1983-03-12,42,Athlete
18762,363Z5RZ3QR7ZVZQ0,M,2002-05-01,23,Athlete
18763,38YWGJNHU68OD5VG,M,1985-11-26,39,Athlete
18764,3Q2XJ15KN16QQYXH,M,1990-08-06,35,Athlete
18765,3XJ9Y6TC7HTIGCKO,F,1964-10-15,61,Athlete
18766,453EO12FBLQBH71J,F,1958-09-29,67,Athlete
18767,4MVLIAVJP218KBWB,M,1990-09-24,35,Athlete
18768,4SFR2JL0876MW65L,M,2011-02-02,14,Athlete
18769,5VFSS5N8L8S6T4J8,F,1992-10-29,33,Athlete
18770,66YK8N2ROKKYO912,M,1993-09-11,32,Athlete
18771,76ZZVM9X19ROSJS2,M,1964-07-10,61,Athlete
18772,85ZSI6VPN9KXCBXR,F,2002-03-20,23,Athlete
18773,8926N6A0Y7CCDBX8,F,2000-12-25,24,Athlete
18774,8HO9FLT4M0OMVTO2,F,1993-09-23,32,Athlete
18775,920ANKJI4RQPKAN9,F,1977-12-19,47,Athlete
18776,A57YE62C1JJ7V0FT,M,1991-02-19,34,Athlete
18777,BB24Q3PILPGAY4UJ,F,1980-04-18,45,Athlete
18778,BXZRQJJXUM49MGO2,M,1984-03-16,41,Athlete
18779,C4LYQNTT20DU80NM,M,1947-06-24,78,Coach
18780,CJB5687GQ5NTKQX4,M,1999-02-17,26,Athlete
18781,CU4HZ75HOHJGA816,M,1998-10-30,27,Athlete
18782,DQAFJRHWKHVL3D8F,F,1952-11-18,72,Athlete
18783,EWRYXL173KHJ5ZXO,M,1990-08-05,35,Athlete
18784,EXTREVQBIDM9GNGF,M,1969-12-30,55,Athlete
18785,GZNXLO79FV2CQEYA,M,2007-10-27,18,Athlete
18786,I0KPYRQMWSZI4Y8E,M,2008-09-22,17,Athlete
18787,J62L2YVBO7LH32JA,F,1993-02-04,32,Athlete
18788,JDYB79UYHRNL5S62,M,2000-06-06,25,Athlete
18789,JF7VGERV6TBW8LYK,M,1978-11-22,46,Athlete
18790,JFEOOGZM5CY3PMV5,M,,0,Coach
18791,JOLELQIKPDO0GLOK,M,2001-06-14,24,Athlete
18792,JT65DJ3ZIBYP7ORB,M,1981-04-17,44,Athlete
18793,JXU5V7BTTJWA2CL2,F,2001-10-05,24,Athlete
18794,KTU16IEUHSHHYJLC,F,2002-05-30,23,Athlete
18795,L5A7SX8ZNF3FIKTB,F,1967-10-27,58,Coach
18796,LUHS3GZLWQA0888Y,M,1994-09-19,31,Athlete
18797,MJB5TOH5XTL08GZ9,M,1953-10-14,72,Coach
18798,NN2DE5V1347RVM3Z,M,1978-10-19,47,Coach
18799,NZ5JRU0B0JYLL98W,M,1970-07-11,55,Athlete
18800,NZRLD75X3P7NRHT4,M,2003-09-03,22,Athlete
18801,O5NIMSC2U26V72M2,F,1978-06-28,47,Athlete
18802,OO3OCWCYRA8O3X1F,F,1994-07-27,31,Athlete
18803,PEYKVZITPAFWGI84,F,1984-09-29,41,Coach
18804,Q2K0TO8LJVBDGDDY,M,1990-04-20,35,Athlete
18805,R4PQ0O21L5BLUFNO,M,1965-10-05,60,Athlete
18806,S95IE6UNBVK6JXL4,M,1990-05-27,35,Athlete
18807,SHOYOAQPH8T2IAFH,M,2000-07-18,25,Athlete
18808,SQNNV9J7E08ZS5Q6,F,1958-04-01,67,Athlete
18809,TIE5Z263SP9LN6LG,M,1975-09-27,50,Athlete
18810,TNJSKIGRHEH5HM7U,F,1985-12-26,39,Athlete
18811,TWHNZLGZ1M56C4HC,M,1994-09-27,31,Athlete
18812,TZRHAOW6HOW93XG5,F,1986-10-30,39,Coach
18813,U29K7QPHQOSK9EIP,M,1962-04-01,63,Coach
18814,U87IG7NGHDS36UIF,F,2010-01-19,15,Athlete
18815,UMSZ76NHACS3IJVE,F,1971-06-04,54,Coach
18816,VA2BJ4T21IHZYWFZ,F,1990-09-08,35,Athlete
18817,VFN6XUR225QF3JKP,F,1957-06-25,68,Coach
18818,VWBQ8KSG9RKRPHC9,M,1957-06-02,68,Coach
18819,W2JYYEBR2V7XX01V,F,1995-07-05,30,Athlete
18820,W99S3LZG3NEB7X6K,F,1956-02-01,69,Coach
18821,WAYYYMXNIUMXEXZW,M,1983-05-20,42,Athlete
18822,WU519OT90C59BBB3,M,1956-02-22,69,Athlete
18823,X29IM67ZSPZ8ML8F,M,1960-06-17,65,Coach
18824,Y8QSDQQ0TL6AJ6L8,M,1960-04-03,65,Athlete
18825,YW4R2NCWR04M4Y44,M,1988-01-29,37,Athlete
18826,ZGN0CCTNGQY4MIPV,F,1987-02-04,38,Athlete
18827,ZKWBQWOI4F58O8PI,M,1985-10-02,40,Athlete
18828,ZRN53VA0IRJACVJS,F,1975-11-05,50,Coach
18829,7INUCG3202J9V3WS,F,1970-08-01,55,Coach
18830,AEACV9MP45PF0O6B,M,1964-01-20,61,Athlete
18831,DF7PIKU8DBAXWQYM,M,1994-05-22,31,Athlete
18832,JG1V9YAK9QBG5HIO,M,1996-10-09,29,Athlete
18833,JWRUNQWY5BEYIPDD,M,1973-12-11,51,Athlete
18834,LR5S0E1FG5H32R0F,M,1992-12-28,32,Athlete
18835,PY9YXJ8DZDIIFTDO,M,1972-03-02,53,Athlete
18836,R8OXYBPB90KRCJCD,M,1985-06-26,40,Athlete
18837,VVRJ8TWQJEEP0RRW,F,1995-01-27,30,Athlete
18838,30IAFLUXFMEM0WPV,F,1998-04-15,27,Athlete
18839,3AX55X77IY4FYZEO,F,2000-09-22,25,Coach
18840,3MM9XX06DP6KNQPB,M,1981-07-06,44,Athlete
18841,47VKRB0KZ7O0IBTY,M,1995-03-18,30,Athlete
18842,4TCAK97BSRAUGOKR,F,1981-10-15,44,Athlete
18843,4X7UTHB9WR8IHUHR,F,,0,Coach
18844,52LNGR96CKIYD04M,F,,0,Coach
18845,65G8HGAV9JW0W0X7,M,1995-07-27,30,Athlete
18846,68K6ODIGT5A66EME,M,2008-04-11,17,Athlete
18847,8Z1NWRKMQL7BLUT0,F,1983-05-25,42,Athlete
18848,954NNL7AG0NV43RM,F,,0,Coach
18849,96R1O3EPNQG3HRWM,F,1984-12-27,40,Athlete
18850,A5HASO1LYZSCXS4Z,F,,0,Coach
18851,B2TYVEB6DXMMXP2W,F,,0,Coach
18852,B9YDRSDBL6QBU0T7,M,2000-04-10,25,Coach
18853,C0PGT53FH6IK2U1D,F,,0,Coach
18854,C3Y00SDBDEFK3LN2,M,,0,Coach
18855,C9BIAUCNJIG0GBV6,F,,0,Coach
18856,DDZYQRW8290GL9LI,F,,0,Coach
18857,DY33URN2SBDJ7SIQ,M,1988-08-19,37,Athlete
18858,EICRTIEDMQS7AQT1,M,,0,Coach
18859,ET1UEVO07FBNUD0Y,M,1979-07-07,46,Athlete
18860,FDOWSYR7DL4XMBY9,F,2005-09-21,20,Athlete
18861,FP0V9EY6NXP7F8UL,M,2004-09-13,21,Athlete
18862,GFV0BJ76UD5UE1RK,F,1982-07-22,43,Athlete
18863,GUDSWPE2MGH0FL4C,M,1972-03-10,53,Athlete
18864,H3S1EN3EYWEZ9SWT,M,2009-07-13,16,Athlete
18865,HRRGQ2PI4T4HADWM,M,1990-04-03,35,Athlete
18866,I3PUVEMGH89T8FJH,M,1971-02-19,54,Athlete
18867,I90K67L4DSE1JPHK,F,,0,Coach
18868,KSJJ35UP421F8D2T,M,1985-08-21,40,Athlete
18869,MW6W745OD22BAMU5,F,2010-01-04,15,Athlete
18870,NKBGHX5BOG6E2YR4,F,,0,Coach
18871,NQWEBR4XSIO177XN,F,,0,Coach
18872,O6I9SKCIV99MFMP9,M,1998-06-25,27,Athlete
18873,OG63YDCUOZK029YB,M,2006-12-30,18,Athlete
18874,OMLSWOHST084S0NN,M,1999-03-22,26,Coach
18875,OPH1O477JAG7CILN,M,2004-11-30,20,Athlete
18876,OSKNV8FJLKBLXTN6,F,,0,Coach
18877,OVJ9ARYH3ALS3NE4,M,1968-10-18,57,Coach
18878,P5V8S61LWOSVF19B,M,2002-11-03,23,Coach
18879,PRB1XAG46QH42NXP,M,1984-10-10,41,Coach
18880,R5Y9VZDJXGBEUE2D,F,,0,Coach
18881,RP9K16RK2EOHM4GH,M,2001-08-08,24,Athlete
18882,RWUCNXE3Y8Q1LD5Y,M,1971-03-31,54,Coach
18883,U63RO2FXNEGECMDD,M,1990-01-25,35,Athlete
18884,UF0JV5W9PEMQ0JBU,M,1988-09-10,37,Athlete
18885,UHDLCY8DS4G4EUYS,M,2000-07-06,25,Athlete
18886,VQJOM4W1P0U74QZ4,M,2000-05-08,25,Athlete
18887,WA4SFVQ6U1OHXDBP,F,1973-11-09,52,Coach
18888,WK5VH7NPYCGJFNDL,F,,0,Coach
18889,X5ZCM6OZ1U0UWPZB,M,2009-10-02,16,Athlete
18890,YADCVS2EFOPFCS23,F,1995-03-10,30,Athlete
18891,YILX10WYU7QDHG2F,M,2006-06-06,19,Athlete
18892,YXW70X1BP4XUIXCI,F,2006-09-20,19,Athlete
18893,0YVBAWE7MKL2P5MJ,M,2007-02-16,18,Athlete
18894,1Q6FDLNVVWD14KCK,M,1976-04-01,49,Athlete
18895,2PP8DS9ZFJQF37HY,F,2006-06-14,19,Coach
18896,5VBR7APCG4CUTOT6,F,2015-10-06,10,Athlete
18897,A19UODOH76EG72IE,M,2008-03-18,17,Athlete
18898,AZNSSVX8GZEHA936,M,2016-10-05,9,Athlete
18899,B1RJ3H20I2TL4X8U,F,2012-12-31,12,Athlete
18900,B3BZ8LTR0F7MZTX0,M,1998-08-06,27,Athlete
18901,CTMGKM31UKWAFPTX,F,1972-06-30,53,Coach
18902,FJXXNBB4EJPJD8M2,M,2017-05-09,8,Athlete
18903,I3ZHHJK3HOHDIMWT,F,2006-06-14,19,Coach
18904,ID4MGQRX4EA9BE8O,F,1997-04-30,28,Coach
18905,IOUX6R1X03HBCJXN,F,2008-01-01,17,Athlete
18906,J2O0WAGVBUZLSS0K,F,2001-07-31,24,Athlete
18907,M7Q5XTYLFAL2V7L2,M,2007-06-21,18,Coach
18908,Q6W9GTK5SRXN449M,F,2013-06-11,12,Athlete
18909,TW7FMWTDWUJ3YLNE,M,2008-09-29,17,Athlete
18910,7M1BK0AZXZ4YG3W5,F,1986-06-16,39,Athlete
18911,DQS8G23U4G1ZMRA0,M,1956-06-26,69,Coach
18912,FEZZIR4MXSJ17O4G,F,1985-04-30,40,Athlete
18913,FPZJYCOZ03R8SNF8,F,2000-02-29,25,Athlete
18914,H36Q93LKRAGKKBB7,M,1974-03-13,51,Athlete
18915,HVNPM5KDTHIQAP77,F,,0,Coach
18916,I5U3RYJSQ0ZAUE16,M,1975-06-27,50,Athlete
18917,KQYWI0FQRKYERFNV,M,1972-10-30,53,Athlete
18918,KS18Q5HHCUSXSRU5,M,1975-11-28,49,Athlete
18919,PXSTWSC7P383TA46,F,1970-07-20,55,Coach
18920,RQ8NIV935L6Y8JYQ,F,1994-06-11,31,Athlete
18921,SR2SAEWBPHZ2NZJE,F,1974-03-30,51,Athlete
18922,TEQKP8MLLVY37221,M,1963-05-31,62,Coach
18923,V8FS5XQCNGOGUPH3,F,1976-05-05,49,Coach
18924,Y7VDAQ3HJF94PG9Y,M,1986-10-27,39,Athlete
18925,1PTVFVBDU0K4S82B,M,1997-02-07,28,Athlete
18926,4TZ792S6OZVGPOFP,F,1993-11-24,31,Coach
18927,6A8N2DABTFO36ZRV,F,1961-02-09,64,Coach
18928,7QZ0FZV15ZJUA8TE,F,1985-08-13,40,Coach
18929,9UZTECBWOAC5M2PX,F,1965-02-16,60,Coach
18930,DXVAIIOEFQU2AUF8,F,1995-11-17,29,Coach
18931,EGHBKVCOF2TM2HWH,F,1987-04-08,38,Athlete
18932,GSUO0T62O4AO1JUW,F,1985-01-05,40,Athlete
18933,I7RRY27XVVO2AUBO,M,1990-10-25,35,Athlete
18934,PZ1L14KW9EE90Y2B,M,1975-06-06,50,Athlete
18935,RFBETABIHQ4ES1E5,F,1973-07-11,52,Coach
18936,V380IWT71WIEORFV,F,1965-10-09,60,Coach
18937,W9BAYBMFUN3BFAJI,F,1978-08-07,47,Coach
18938,XXIKM753CO527JF7,F,1992-05-28,33,Coach
18939,1B9AWMMVUFCCKYKU,F,2001-07-14,24,Coach
18940,9EDMS86GMNT36URA,M,1996-07-03,29,Athlete
18941,9YC2PM6PFDEC0UJV,M,2002-05-13,23,Coach
18942,AKOTNICW3JWT7K7D,M,1991-05-18,34,Athlete
18943,DXADXK3K9ANTUAO4,F,1981-07-17,44,Coach
18944,HFQ0T74XC90ME4ZG,F,1969-02-06,56,Coach
18945,J9HL0GDEMWT6X3SL,M,2001-01-24,24,Athlete
18946,PSHWYK0UP79OFQCL,M,1999-03-30,26,Athlete
18947,RMYWK4GJW7GRB4OI,F,1985-03-22,40,Athlete
18948,S12YBBPGLZSYQ1PU,M,1998-01-13,27,Coach
18949,VWEPP6J20G1D0OBG,M,1998-07-26,27,Athlete
18950,Z2961VO3ZY6UOC93,M,1998-11-04,27,Coach
18951,0IFQUXJYNZ72Q1MC,F,1963-02-03,62,Coach
18952,0YCXUOYN2PVWFPJS,M,2000-04-13,25,Athlete
18953,1EGTEEZK2WQLY4V7,F,2002-04-24,23,Unified Partner
18954,2C76T9OPO36LZIN8,F,1999-11-17,25,Athlete
18955,576CBNWNI082NJF6,F,2007-01-22,18,Athlete
18956,7QKNMAJOGMKEBE0G,M,2009-12-24,15,Athlete
18957,DC21T6JIFWI4Q7TK,M,2009-09-04,16,Athlete
18958,EA99MYREJEE8AFJT,F,2008-02-03,17,Athlete
18959,G1E9ZA33A14N6F8Y,M,2010-05-11,15,Athlete
18960,GBELA172YH9P3Z9X,F,1993-06-10,32,Coach
18961,HENZFCQOKSKU7Z99,F,1986-04-22,39,Coach
18962,HLVNLQHQ5KB33843,F,2008-01-07,17,Athlete
18963,NQTXV5DRQAEUIYGC,F,1999-07-20,26,Coach
18964,OCLMX6KK98ZD5MFD,M,2008-05-13,17,Athlete
18965,QHJFE9DZOR0ECFA4,F,1988-10-25,37,Coach
18966,QN6MUZIBF490JY5G,F,1988-11-09,37,Coach
18967,RAWMXINIZCIUCXWT,F,2007-04-07,18,Athlete
18968,RZ5BALD91501IGOL,F,2001-02-10,24,Athlete
18969,UONFZ6RTCDTN15DY,F,2007-11-12,17,Athlete
18970,V7TIIISP94X3LWGN,F,1999-04-25,26,Athlete
18971,4BJ9MVU1OOPLA2QV,M,2011-06-19,14,Athlete
18972,4MF0AT28SYYPXQYB,M,1964-05-07,61,Coach
18973,6K11JNJ9ZZOFQ8M2,F,2014-06-29,11,Athlete
18974,6RWDGWI3ACR4T50G,M,2011-06-25,14,Athlete
18975,6UC9R4Z8BL10FNEV,M,1991-01-29,34,Athlete
18976,6W3V0705QOTP3MVN,F,1991-10-10,34,Athlete
18977,7YHMB01C0ZZVF4O0,F,2011-12-20,13,Athlete
18978,87UKFBP8W9FDDKZJ,F,1991-12-06,33,Athlete
18979,8ZBAEX4MJQNCAP47,M,2010-03-24,15,Athlete
18980,CWJCBBVLIN86TB87,F,1965-05-29,60,Coach
18981,DX7WFMXSTKU488U7,F,1984-01-22,41,Athlete
18982,E5PIUIABA48PTCLJ,F,1990-07-08,35,Coach
18983,ENVKG1CY3UFS5P7N,M,2009-07-08,16,Athlete
18984,ESTPTGBCPUPAHJ8C,M,2015-05-07,10,Athlete
18985,IIW7L1W8AFP8MOCI,F,1992-07-10,33,Athlete
18986,KZXVFUWSTONEYXMS,M,2010-12-04,14,Athlete
18987,RPYQFEC4LFKE1EDE,F,2000-01-05,25,Coach
18988,RROBH6DPEA2N6Y98,F,2015-07-27,10,Athlete
18989,SRUCT0RNYWH155U4,F,2013-08-02,12,Athlete
18990,T3UQ6NPZJFFZ2N81,M,1998-02-05,27,Athlete
18991,T57ED9TFWS8FBCKP,M,1975-08-21,50,Coach
18992,X4SFJD2VEQ995TRF,M,1999-08-30,26,Athlete
18993,Y0O0QRVWDKZSDRM5,F,1999-07-30,26,Coach
18994,YJ1PI1N9F8QJPHBG,F,1972-09-02,53,Coach
18995,YNR0VT6SB81FQ5UP,F,2011-06-24,14,Athlete
18996,01070DXAQFKI0JZ9,M,1982-01-30,43,Athlete
18997,2C5OWEJ4T26CZSSU,F,1989-11-05,36,Coach
18998,7A7VN6WBTG1I0I6M,F,1984-06-09,41,Athlete
18999,7J14DQWSRTKXKQHE,M,1960-05-20,65,Athlete
19000,98KXTZQISE9WEV2Z,M,1975-07-24,50,Athlete
19001,J4E4M3T8J8CVW6E2,M,1989-04-30,36,Athlete
19002,KP3X8CMMH24AHUG3,M,1985-07-04,40,Athlete
19003,RSIJJ04N65N0EWPQ,M,1982-01-14,43,Coach
19004,UPPZGBQUFPFJR42X,F,1986-07-23,39,Athlete
19005,WWXAY9JOSUUQ06V1,F,1982-02-19,43,Athlete
19006,YMDA05FDB8H6ATO2,M,1969-04-04,56,Athlete
19007,5DNWTV81Z1TUF30O,M,,0,Coach
19008,7VBKEV4LVUE9SU62,F,2001-03-29,24,Athlete
19009,FI69PRXZ011PPN6D,M,,0,Coach
19010,NXATJ9PJGV1GVS88,F,1987-04-17,38,Coach
19011,S94CIM59POWL90BX,F,,0,Coach
19012,V9NCX1JS47K4FR52,F,,0,Coach
19013,03HWPGZ8S14WVCHC,M,1956-01-11,69,Coach
19014,04QIQXSS22O3TVHT,M,1983-01-29,42,Athlete
19015,2U26VA58OZFPAS3U,F,2001-07-17,24,Coach
19016,384ZUQBUQPIEQRKM,M,1950-11-22,74,Coach
19017,390MIFBTQUJP54IT,F,1952-11-21,72,Coach
19018,6YOCQIGPIXK2CFQA,M,1997-01-20,28,Athlete
19019,801184F767P1INVO,M,1991-06-16,34,Athlete
19020,B9RVIQB453XVQNTF,F,1990-11-05,35,Athlete
19021,D29IF61VQER2X5WP,F,1990-12-21,34,Coach
19022,DN249PHL9ID2KP57,M,1969-11-27,55,Athlete
19023,G1S8W6TZ3CJ3SCAG,F,1984-09-24,41,Athlete
19024,GDXSISI4WOA0DYG4,F,1950-05-13,75,Coach
19025,H3SIU1W1DNFJ8MA1,M,1978-07-15,47,Athlete
19026,M6DKGV2Q7BPVY6PP,F,1980-05-05,45,Athlete
19027,T53ROU7UXR8AI4ZO,M,1979-11-06,46,Athlete
19028,VA8JIU6RA7WHCBHU,F,1994-07-15,31,Coach
19029,WZV6ZUGBLZ1OKNWA,F,1988-08-02,37,Athlete
19030,YMBDJ1NGXHFBNLCC,F,1985-07-03,40,Athlete
19031,23CEF5VBOCJ0KUBM,F,1943-07-16,82,Coach
19032,C89SHYY7KDAHHPPH,F,1951-11-10,74,Coach
19033,P6C8E7O0P9QE9GMR,M,1970-11-27,54,Athlete
19034,RLEO0VGE5DQIRAFQ,M,1952-12-08,72,Coach
19035,UWNQOGDVB9D1BDR0,M,1938-03-14,87,Coach
19036,1FSBDUL0N7RY0UFN,F,1973-07-26,52,Athlete
19037,1Z7G32616KN93OX5,M,1972-03-06,53,Athlete
19038,3HSK0DP9XZ54B7B5,M,1964-03-10,61,Athlete
19039,43ZC24YJ1OJVPLSZ,F,1993-06-18,32,Athlete
19040,4MHNI5AOSOMR4EAT,M,1993-02-20,32,Athlete
19041,4ZPQ1DHHUF103NIP,M,1992-10-23,33,Athlete
19042,5YF5BMVKOVH5W9IG,F,1996-06-12,29,Athlete
19043,5Z55L88AIY2KV9T9,M,1978-05-14,47,Athlete
19044,71734XM637FXDQM9,F,1980-11-09,45,Coach
19045,7AQK9TJR10V6E37M,M,1977-11-17,47,Athlete
19046,7NUF73SSYWU8JPA6,F,2001-02-05,24,Athlete
19047,8AQWMBRL1XC6RZAT,F,1972-08-29,53,Athlete
19048,8E50QT8XJKY84EJ9,M,1972-08-28,53,Athlete
19049,8MJILGXDXTMNCAN4,M,1964-12-12,60,Athlete
19050,8NKH5I0J3RL9AJ2B,M,1983-03-24,42,Athlete
19051,8VJ15TTJ1R0ZOVZC,M,2002-02-04,23,Athlete
19052,8WP5Q8MTIY37I54Y,F,1972-11-21,52,Athlete
19053,9B6FZGC9BUDUTWRO,M,1982-08-30,43,Coach
19054,A6AFTKDTSO3MECWS,F,1984-03-10,41,Athlete
19055,A9VVHF62TPZ91O2Z,M,1971-06-30,54,Athlete
19056,BLQJMBFLG7F518CJ,M,1980-01-18,45,Athlete
19057,CBQQQBWQPQET6EPP,M,1981-11-30,43,Athlete
19058,CVL7QMLCA6LDN0TN,F,2000-02-01,25,Athlete
19059,EMFJ4VNDYW13N27F,M,1986-08-22,39,Athlete
19060,FE6S1S79IIAN0W8F,F,2000-05-21,25,Athlete
19061,GIQKK8Y8DCOAEREB,M,1995-07-20,30,Athlete
19062,HJF756FQ8JQEB5QQ,F,2001-11-16,23,Athlete
19063,IVTF6FF4NK1BSCBQ,M,1979-04-23,46,Athlete
19064,JFUOXTKYOXCHTEZQ,M,1991-03-14,34,Athlete
19065,JK6CUZUCAG48ACE2,M,1997-04-05,28,Athlete
19066,JMN4VQ1BGXQ5JS2B,F,1978-11-24,46,Athlete
19067,K2UG0Z3GZ5E8X8VJ,M,1986-02-13,39,Athlete
19068,KIO27FWIVWQQB0LD,F,1989-02-27,36,Athlete
19069,KTWRDU0GV1WY02A4,F,1987-11-30,37,Athlete
19070,KW0ALID5DFR6W3SW,M,1997-05-12,28,Athlete
19071,LXIXCZ0T7CGP0AHR,M,1995-04-13,30,Coach
19072,MM7V1BQXWYOOFNGO,M,1971-11-13,53,Athlete
19073,MTLXLBSL8Q6VRLYP,F,1995-11-06,30,Coach
19074,NW8CK7VNF4EDWHO3,F,1976-07-24,49,Athlete
19075,O8UIFWN4VD29MK6V,M,1994-01-22,31,Athlete
19076,OKUI0K9UKLJGL14T,F,1984-08-09,41,Athlete
19077,OUNNE0QLLP5T5A56,F,1984-04-14,41,Athlete
19078,PE78RRCSHEIISE67,M,1986-05-30,39,Athlete
19079,Q5FTZKSVKX7FFLVT,F,1985-02-27,40,Athlete
19080,Q7L3HMY6THSTDJKI,M,2000-05-12,25,Athlete
19081,QP2UHZZ5UN7EFFN4,M,1991-12-15,33,Coach
19082,T5XPERYOX4XAEPS6,F,1977-07-15,48,Athlete
19083,TNNYY9KMIQD0P013,M,1995-04-24,30,Athlete
19084,TSWZSI3I0MG6EQS1,M,1993-10-22,32,Athlete
19085,UULKHOJLAVG2B8YE,M,1985-11-10,40,Athlete
19086,V2D2W91Y1CHK3DLK,M,1995-02-23,30,Athlete
19087,V2IR98UFDVZ2L9E3,M,1995-02-22,30,Athlete
19088,WVP5400VTB471EEI,M,2000-02-27,25,Athlete
19089,XCSWA9FUDTBNH9H8,M,1986-04-30,39,Athlete
19090,XOXSUDA8F99GY99Q,M,1994-10-02,31,Athlete
19091,YURNMSLHCKC7Z9WA,M,1970-10-24,55,Athlete
19092,ZXIS86PVG8RJK82Z,F,1994-02-21,31,Athlete
19093,030OJR7L1WVOVBC4,M,1972-06-15,53,Athlete
19094,0UB1KDI1XF3RBPH9,M,1982-09-29,43,Athlete
19095,22Q3KGNNILCCC6YT,M,2003-04-23,22,Athlete
19096,2JL5TX3TX2SR7K8M,M,1981-01-09,44,Athlete
19097,2LZIT4B581OM9QL2,F,,0,Coach
19098,2TPQWJWAHNP9I2O7,F,1962-05-26,63,Coach
19099,37V2GZGI5WOSVSNR,F,2002-07-10,23,Athlete
19100,3C0LVFH74G3MLZ56,F,1997-05-02,28,Athlete
19101,3HWD4SDPJ50ZA67D,M,1995-05-23,30,Athlete
19102,3WZYFR6NG5HNT6T4,M,1972-08-18,53,Athlete
19103,40LVJXJ0VUDX9QED,F,1939-12-25,85,Coach
19104,43NUEKQ1C34FR63P,M,1998-03-20,27,Athlete
19105,475K9D8S1D6KWPJ3,M,1994-02-15,31,Athlete
19106,4CKF5Q6B71HBAIBF,M,2015-12-09,9,Athlete
19107,4DZG330HP8A9SJ9D,F,2010-03-05,15,Athlete
19108,4GWLKFRKZG8ON2BH,M,1992-05-28,33,Athlete
19109,4I8MC1IB9A7IIB0X,M,1963-05-24,62,Coach
19110,4P7I3D0HYW37OW0V,M,1994-05-19,31,Athlete
19111,4QA5WJ2IT4KTVH0Y,M,1979-12-29,45,Athlete
19112,4SCTB5F0Y6IQ08SH,M,1996-12-20,28,Athlete
19113,4WMM6ZTM5L9EZDDU,M,2014-11-13,10,Athlete
19114,58L02NOOGEGTXYV3,M,,0,Coach
19115,5AFZ5ZIXEF5HJ390,F,1982-10-02,43,Athlete
19116,5M8WMKQP3939TTYG,M,1996-05-20,29,Athlete
19117,5VPVK5S63OEIB6VQ,F,1986-03-01,39,Athlete
19118,5YFSOS7B1ABDLCR8,F,1961-05-25,64,Coach
19119,6J8YXWWRP9HMB8ML,M,1973-07-01,52,Athlete
19120,6M41W1JY1OTAV8AJ,F,1951-02-08,74,Coach
19121,6NC8G47G3FVT9J29,M,,0,Coach
19122,6YTDJQSLB9IDAI24,M,1984-08-09,41,Athlete
19123,6Z64WAWH1IC39IMC,M,1975-04-08,50,Athlete
19124,7008RLKKBLM9N4FD,F,1969-04-10,56,Athlete
19125,7BGN8K3O276OD428,F,1998-04-08,27,Athlete
19126,8SA2K3YCXILV1ZMV,M,2000-05-01,25,Athlete
19127,9BWS37R3UWKIW93C,M,1994-12-14,30,Coach
19128,9RS6JFPYLKIN0008,F,2012-10-23,13,Athlete
19129,A7XRUE5K4GCC7OIG,F,1956-02-04,69,Coach
19130,AH0XDCCMR8I0C0QV,M,2002-10-28,23,Athlete
19131,AICS5KNRZ713V0V0,F,1964-01-29,61,Athlete
19132,BGYJY36KJMA2JMB4,F,1988-12-01,36,Athlete
19133,BQLM19XL3XDOEV0O,F,1975-01-27,50,Athlete
19134,BWNZYCOUWXW07CPT,M,1998-11-13,26,Athlete
19135,C3B8EOYT9U7ZWM4Y,F,1995-11-08,30,Athlete
19136,CN6MDJN129KEQQFT,F,2001-11-17,23,Athlete
19137,DB6VOEOUOASKAKSR,M,1983-11-13,41,Athlete
19138,DFM1VNZ7KLKKA3Y7,M,1954-02-28,71,Coach
19139,DHMS2OHLE2D6RSNL,M,1978-11-06,47,Athlete
19140,DS3UQX65RE3E2K1J,M,1997-06-23,28,Athlete
19141,E2OST22XCHZ9PUGB,M,1967-12-26,57,Athlete
19142,ECUKWYJTFYMAVOR8,M,1978-05-27,47,Athlete
19143,EHHPCISIXBLJ6NCS,F,1980-11-04,45,Athlete
19144,EK49FV2PHZ2YJPES,F,1987-10-01,38,Athlete
19145,ENSO9GCHVXIX0WYC,F,2013-11-19,11,Athlete
19146,EOUFGKVR8WCZPQSI,M,1961-12-20,63,Athlete
19147,EPSJG21F44KKVN9D,M,2003-09-19,22,Athlete
19148,FGPMA59VO6YYC1WX,M,1980-01-03,45,Athlete
19149,FGVG2IRMPGDR22K7,M,1981-06-18,44,Athlete
19150,FPVZ6R8ORASXUZI7,M,1978-12-19,46,Athlete
19151,FZRJT8PAVAM04VE5,M,1979-07-26,46,Athlete
19152,G5Z1IISYBSF5ILKV,M,1993-04-03,32,Athlete
19153,GB4LQ006B1FJ3Q3D,M,2009-06-12,16,Athlete
19154,GL5QJ0PZS1ITD6E5,M,1978-04-14,47,Athlete
19155,HGXLFSD1VS2HLQ4T,F,1981-04-06,44,Athlete
19156,HUTXWNBG1PP7RL8S,M,1985-05-31,40,Athlete
19157,ISXKL8NTH0O7X06B,M,,0,Coach
19158,J9LTSFBT11X6XYE0,M,1981-07-21,44,Athlete
19159,JTRBVBG302NVFP47,F,,0,Coach
19160,JV90RZ5M1BU96HZO,M,2003-05-10,22,Athlete
19161,K1LS9ZH3JNNLSHMN,F,2001-07-25,24,Coach
19162,K9A30H48JNEW65LL,M,1994-05-16,31,Athlete
19163,KA0YFXXFWYMOUSY6,M,1982-01-25,43,Athlete
19164,KAODAK6V8BGM94S5,M,1975-04-08,50,Athlete
19165,KDBCNUGU1AVVACI1,F,2012-04-20,13,Athlete
19166,KNB84UAYH53JWO3O,M,1995-11-09,30,Athlete
19167,KSRKYIC8Q3ZZBKLR,M,2014-03-25,11,Athlete
19168,KUJCUECKN1U7N5KH,M,2007-04-26,18,Athlete
19169,L4GWWMJ0M8QABO8W,F,1990-04-09,35,Athlete
19170,LMMJJ76NSG5LBT8B,M,1970-08-08,55,Athlete
19171,LQ8SPQ6DABVCBU3L,M,2013-03-04,12,Athlete
19172,LX3Z3A36LM5G6Z4L,M,1975-02-01,50,Athlete
19173,N2ZUVHHVBG9ZR6BQ,F,1998-10-19,27,Athlete
19174,NAG9QMQU9I1DU7PZ,F,1980-02-26,45,Athlete
19175,ODBY95MZRSGRY2AD,F,,0,Coach
19176,P9XMKYFWBSLCBSTM,M,2001-01-08,24,Athlete
19177,PT7F8CGWTZ4YLDL9,M,1992-03-27,33,Athlete
19178,PTZPAC85SFDOZBAA,M,2017-05-03,8,Athlete
19179,Q8GJJ1WZMNK777PO,F,,0,Coach
19180,QGLRTRMT866B2XHA,M,1998-01-28,27,Athlete
19181,QW9JJ63WK8JS7NOV,F,,0,Coach
19182,R7FTOSLACXL8KQTQ,M,1974-10-11,51,Athlete
19183,RB55SFFOPO5TLUAJ,M,2008-10-14,17,Athlete
19184,RKK9XKCV2NT3GCEV,M,1997-04-21,28,Athlete
19185,S42Z9CL719MFZWH7,M,1996-02-17,29,Athlete
19186,SI6S46E6OEBFHNCA,F,1989-10-13,36,Athlete
19187,SOL7TGYHVBX9XUOV,F,2000-06-15,25,Athlete
19188,SOYL81KGGKUVPU25,F,,0,Coach
19189,T1OLAIO24FX85CJC,M,2008-10-20,17,Athlete
19190,TQL8S0D9LIVFDX33,F,1996-05-20,29,Athlete
19191,TZY4I1FMCDHTRU93,M,2010-08-27,15,Athlete
19192,U4Z2J4DHUF342MIH,F,1984-11-30,40,Athlete
19193,W02T2IONEO99OS4M,M,1957-10-26,68,Athlete
19194,W3VQXS0JP2UYBVVF,M,2000-09-11,25,Athlete
19195,W9QO3IHLFRPCA2NO,M,1971-09-22,54,Athlete
19196,YG1WAT7LF57P5K2V,M,1969-08-27,56,Athlete
19197,Z0GDK7LBLAVFU2UW,M,1970-12-14,54,Athlete
19198,Z8R3L59P9HAG56OB,M,2009-11-09,16,Athlete
19199,ZDH9NKKJVLZR5O2A,F,1998-09-15,27,Athlete
19200,1YEX7WSKMW2NVU5H,M,1979-12-09,45,Athlete
19201,CNK01DPIDMFN1XPS,F,1961-01-15,64,Coach
19202,D7L488YMZXQQS2BK,F,1999-12-08,25,Athlete
19203,E2TFIXRWHXVCDXCM,F,1998-11-02,27,Athlete
19204,HL3MPZATTXP0NPTG,F,1961-01-13,64,Athlete
19205,HY81E2UAMA9IBUG8,F,1976-11-24,48,Athlete
19206,KXO0ZPQGA6YD1EDV,F,1992-09-11,33,Athlete
19207,NK6VII2PS88AOZSK,M,1992-07-14,33,Athlete
19208,O6MXZACZBPE9CKRO,M,1998-05-18,27,Athlete
19209,P2JCDYC8BOU0866G,M,1964-07-26,61,Athlete
19210,PU7P7T7OJA560PSX,M,2005-09-19,20,Athlete
19211,PUP8IYACCOX9BR6U,M,1996-05-06,29,Athlete
19212,SNDHPM34NX0ZT7AM,F,1988-06-10,37,Athlete
19213,TWR333KFD3XS5N1K,M,2011-09-17,14,Athlete
19214,U46NLGENNH0UHPXO,M,1997-12-11,27,Athlete
19215,W60T1NL772CRC2E5,M,2012-01-04,13,Athlete
19216,ZPXHYBHVYXX3CU1K,M,2009-03-18,16,Athlete
19217,0BIN5SN0V4DHTJNZ,M,1972-04-09,53,Coach
19218,0BW6PR9UPG8LCAQ4,M,1996-08-24,29,Athlete
19219,0EAL4S80PF9HBTIR,M,1994-07-29,31,Athlete
19220,23DTIWD05SGJ8G9K,M,1982-07-02,43,Athlete
19221,2VVA2IOBMWKWG6HV,F,1993-10-06,32,Athlete
19222,8Z79CI2KN15W6DMU,M,1984-01-29,41,Athlete
19223,CX99LQP7IVFUZBRP,F,1997-08-07,28,Coach
19224,GL9UB1K42KST717E,M,1991-12-13,33,Athlete
19225,GRTMHAMAR02FBG24,M,1993-10-03,32,Athlete
19226,HO501D291ZT195EO,F,1982-12-15,42,Athlete
19227,JU9A27ZI5A3KT777,F,1998-05-24,27,Athlete
19228,PPMNDIISWPF519LB,M,1984-01-29,41,Athlete
19229,QF04SV9VZUHJXP23,M,1982-12-15,42,Athlete
19230,S8JKVAWHMIJWTPXT,F,1981-03-28,44,Athlete
19231,SGW13RMMYBSBWL5M,F,1979-04-01,46,Athlete
19232,TIPKSFMIUWV1W36P,M,1983-10-08,42,Coach
19233,W3UMP9D574CFRR9P,M,1983-03-08,42,Athlete
19234,WVW4U1XF9B5EA6QA,M,1998-06-10,27,Athlete
19235,XJ1FPIV4O50XHCZ7,M,1979-12-04,45,Athlete
19236,YBKVCK4D6TEP9OUZ,F,1988-01-18,37,Athlete
19237,00WSVIE6CJ26UGWH,F,1964-03-26,61,Coach
19238,02N73QHOF61LV2RT,M,1962-08-04,63,Coach
19239,1QM65BM5NEGUMYD8,M,1970-10-21,55,Coach
19240,66IK5OXWEDBBEMYO,M,1955-08-18,70,Coach
19241,775GH5HXCAOTWCG4,F,1971-05-18,54,Coach
19242,CV2DO070XJIP45LK,F,1969-07-29,56,Coach
19243,E22SMRSHHT8CBBFL,F,1985-10-08,40,Athlete
19244,H949C2E81QQJX8MV,M,1959-06-22,66,Coach
19245,I3GI38QE823PVX7R,F,1995-11-14,29,Athlete
19246,IFD4NMR1WKDB8Z60,M,1980-04-26,45,Athlete
19247,J6YBK8YR4WRY20GV,M,2000-05-02,25,Athlete
19248,JUDPRGLFWHQQ07ME,M,2006-02-01,19,Athlete
19249,JVO6EOS8VUN6ICGL,F,1991-01-11,34,Athlete
19250,LL2HK15CWH6LX32S,M,1972-04-06,53,Coach
19251,ND8OMT7WDO6ZAZIL,F,1970-04-10,55,Athlete
19252,O7XKS0USTNL9YKFF,F,1969-10-28,56,Coach
19253,QDPTQT4PEZOJ7BBP,M,1966-10-24,59,Athlete
19254,ROL8RBNHI7H7QRMZ,F,2002-12-28,22,Athlete
19255,S1ZKRAK60749ZFHE,M,1979-04-27,46,Athlete
19256,UCDQTBRYOUAZNOF7,F,1987-08-10,38,Athlete
19257,UMMMEVJRLOOPJA26,M,1965-04-01,60,Coach
19258,WF5QNK3IEH0KF54P,M,2003-04-08,22,Athlete
19259,WQS2O4I2MNC79765,F,1971-08-29,54,Athlete
19260,YSF9FRFD4BGQ1M9Q,M,1992-01-31,33,Athlete
19261,YV5N5RDUAE15VJGX,F,1985-12-12,39,Athlete
19262,ZA8MUNLKSSSAX000,M,2000-06-19,25,Athlete
19263,ZMD2Q2ZD36UHZR94,F,1986-02-13,39,Athlete
19264,2GHKYYUPIZQI74GF,F,1993-06-24,32,Coach
19265,7DLLGVKWJEV2RORG,F,1992-11-01,33,Coach
19266,857WDHRVA2TKD6XI,M,1999-03-23,26,Coach
19267,DCJIBWNA8D8EI7R8,F,2000-04-28,25,Athlete
19268,E6VEKHTB5UYDWABP,F,1998-09-15,27,Athlete
19269,P9DOA0J38KTWLG1L,M,1999-08-19,26,Athlete
19270,POW4VGT9WK5486U1,F,1998-07-20,27,Athlete
19271,R7X7YIY9P9UHBYDR,M,1999-09-03,26,Athlete
19272,SOX7XL3MKN7YBVGB,M,2002-04-29,23,Athlete
19273,2T6LGJ7CD5XBXCOZ,M,1994-12-29,30,Athlete
19274,7KCZTXQHEWRPMQ8Z,F,1995-06-21,30,Coach
19275,8Q285H8Q72UCRM1T,F,1999-12-02,25,Coach
19276,AGN79I3GC2LW9ADV,F,1982-09-18,43,Athlete
19277,CN5CKHEKRI7UL6EB,F,1970-11-24,54,Coach
19278,GDMV1HTEIJN299S1,F,1997-01-24,28,Coach
19279,H5QWLODR5CEXC39B,F,,0,Coach
19280,LM2NVZLSSDYKALNO,F,1963-07-25,62,Coach
19281,LQBTW64C0GEYDIMU,F,2000-07-25,25,Athlete
19282,V0H7DI6LKOE3T0EK,M,1988-05-20,37,Athlete
19283,WPCLO6NQ4VLB7A7Z,F,2007-01-11,18,Athlete
19284,YZRRI4B3EY7ZS4L0,F,2003-02-27,22,Coach
19285,ZR6AFSALSPLWS7H5,F,1998-11-14,26,Athlete
19286,08YU1E1Y48P730JM,F,1982-05-22,43,Athlete
19287,0D7L8Z9CXOGZYD3X,F,2001-01-26,24,Athlete
19288,0I9KI8DJE3ZWO355,M,2000-08-16,25,Athlete
19289,2CBZ63YKSQQVTAGW,F,1994-06-20,31,Athlete
19290,3PM43NJS203UC0I4,F,1993-03-10,32,Athlete
19291,4O9HKKFI7EM0URPY,M,1966-10-13,59,Athlete
19292,5CLNP0LR0P7D4Z6B,M,1987-05-23,38,Athlete
19293,5DLLT1GCTSBGNAAA,M,2002-08-13,23,Athlete
19294,5RHBHQ8RBNYADT7V,M,1988-05-04,37,Athlete
19295,6B3B75HZJGZI83OG,M,1968-11-29,56,Athlete
19296,6CSJOQSXGOYEIVL4,F,1979-09-05,46,Athlete
19297,6P7FQYWYV68TMVUY,F,2002-05-03,23,Athlete
19298,6T6IWK4584NHBRAU,F,1987-02-25,38,Athlete
19299,A7PQ2TZSW3QDAMLO,F,1974-02-15,51,Coach
19300,ARIN2ZD3ROFMYQFR,M,1980-01-14,45,Athlete
19301,BYU4WHYT6UIQP744,M,1964-03-04,61,Athlete
19302,CCHD7M3IMWY1XVL7,F,1977-07-02,48,Coach
19303,DIDX2FQYBXQBO3VU,F,1991-05-07,34,Athlete
19304,DM0IQY8QFCUQJRDP,M,1953-04-20,72,Athlete
19305,F6GU7TLEETFIPFS7,F,1998-02-20,27,Athlete
19306,F96PJ3WIS8VLDGZ2,F,1999-05-16,26,Athlete
19307,FJ5OKOTO04NOVW23,F,1998-12-02,26,Athlete
19308,FT5BEDRN6C9UWSUU,F,1977-08-16,48,Athlete
19309,GMAZKPI4Q9PNBHF0,F,1975-03-17,50,Coach
19310,H4XDH12B6GIXD85K,F,1975-03-01,50,Athlete
19311,I5URBGUVKDAFTEJ5,F,1983-12-26,41,Athlete
19312,IF5BBY4BLP1OI072,M,1992-11-16,32,Athlete
19313,IM6HRKMELLLU07U7,F,,0,Coach
19314,JH8MAXVPAGC01TW5,F,2000-02-12,25,Coach
19315,JKFPWA5PTY38ZK83,F,1998-12-06,26,Athlete
19316,K3VLQG8ZWYP92V1T,M,1957-02-24,68,Athlete
19317,LQE6M75UFDT25GGR,M,1990-06-23,35,Athlete
19318,MXVBS0YIMSRVA8IN,F,1996-07-09,29,Athlete
19319,OQUN2XS9N30PBLLF,F,2003-03-10,22,Athlete
19320,PCRFNJLLBJPFJIX6,M,2004-11-19,20,Athlete
19321,PFSFF11FBRBPW59W,F,2001-01-22,24,Athlete
19322,PHTWVAXA2EGO330L,F,1978-06-12,47,Athlete
19323,PWWU9E6A3T9PCONS,M,1979-09-05,46,Athlete
19324,QEOIF40EE1KKZ3JD,M,2001-10-29,24,Athlete
19325,QFUVR0OSBS2QHILI,F,1999-03-27,26,Coach
19326,QXNZI8FGYTMIRVVG,F,1985-12-07,39,Coach
19327,RN7G4P8U95DDZ1U9,M,1977-08-05,48,Athlete
19328,S5I34I4T9MZV848N,M,1980-12-11,44,Athlete
19329,UMA874G2QSNHUSDK,M,1997-11-02,28,Athlete
19330,UN6M47MOQAFJUWMU,M,1954-05-04,71,Athlete
19331,VHKZAER3VHUIWROC,M,1992-07-01,33,Athlete
19332,ZDMVN4PSJU29DJ1S,M,,0,Coach
19333,5SR5K5O57RRNJVRV,F,1995-11-06,30,Athlete
19334,6NRFXII871O36LAC,F,1984-08-04,41,Athlete
19335,G34HHF1G5R4KNRCK,F,1947-09-17,78,Coach
19336,GPPZAVFB0B6O63J7,F,1974-04-24,51,Unified Partner
19337,GW6YWTQGEW5RJH21,M,2006-09-29,19,Athlete
19338,HBWV5CMSS5756Y6P,M,1993-02-14,32,Athlete
19339,JH4URZH8KLC0DMBV,M,1989-10-27,36,Athlete
19340,MYINF59MYKD422AN,M,1959-04-12,66,Coach
19341,N8OJ05QBS7QKXURC,F,1994-10-10,31,Athlete
19342,P0J1TN1DO2OOWXHO,F,1981-10-17,44,Athlete
19343,S3L6QC1D10RUVFF4,M,1979-07-09,46,Athlete
19344,X0N5XDY6Z3FNPQD0,M,,0,Coach
19345,XI46DF8V1WWX17HH,F,,0,Coach
19346,1GSV6VHB15LB7SXV,M,1967-10-20,58,Athlete
19347,42B7OPRE7U3L5MHG,M,1996-02-13,29,Athlete
19348,4DEXCEXD9J51DGIU,M,1988-05-26,37,Athlete
19349,8LNC41L3LH6YY8LV,M,1993-12-06,31,Athlete
19350,8PCT36N46YOF0VPS,M,1992-07-25,33,Athlete
19351,9N2TJ2SG3LGDPLJJ,F,1970-06-12,55,Athlete
19352,BHUSBTSUBDC5EK8R,M,1994-02-03,31,Athlete
19353,C7JKWHHYLJX0K2MD,M,1979-11-14,45,Athlete
19354,DYGSXT8ZBDDJZ8AU,M,2000-06-07,25,Athlete
19355,H35OGEAXM4TGNAMG,M,1968-09-27,57,Athlete
19356,IG7EONACDWE66DMV,M,1967-04-01,58,Athlete
19357,LK7RAGT4RZK0691P,M,1987-04-12,38,Athlete
19358,NT8Z2CB6RYLPPWZI,M,1987-10-27,38,Athlete
19359,OT1NOV3RZG9KQKSK,M,1999-04-26,26,Athlete
19360,SJ0T3F8NUAUG1PGA,M,1985-07-08,40,Athlete
19361,TVTER2L6PK86O6CU,M,1994-09-02,31,Athlete
19362,ZZ38KTK41GD4EOZW,M,1965-05-24,60,Athlete
19363,1M13ALH28KZA0WLB,F,,0,Coach
19364,3MEHEKRI1OIB0DFF,M,2002-09-16,23,Athlete
19365,3NNHW4GPPSC01GD5,F,1977-03-21,48,Athlete
19366,6BU05TWP8B24J19R,M,1987-09-30,38,Athlete
19367,73C238GYJ0NKBQSE,M,1975-12-22,49,Coach
19368,73ZCF33FWCOAOR8F,M,1969-05-14,56,Coach
19369,7QPAOIINPMISAIQI,F,,0,Coach
19370,80CBI8QWO7BQD64Q,F,2001-08-22,24,Athlete
19371,8RY94W28A6PYW1ZZ,F,1976-08-13,49,Athlete
19372,9DJCP3FABQYOW727,M,1965-10-23,60,Athlete
19373,A1SMIDL801YGHD37,M,1975-09-21,50,Athlete
19374,BCDD1OY7LHURRGSM,M,1978-04-02,47,Athlete
19375,BPFOWCQ6UK56ZEO9,F,1966-06-06,59,Coach
19376,CQC6Z3F7D2K4VFAN,M,1982-02-22,43,Athlete
19377,E8HX1AZMLJFL7BUK,M,1979-06-16,46,Coach
19378,EIVUCZGVCHTXC0HL,M,1991-01-11,34,Athlete
19379,ER0CUJH9067AAUO9,F,,0,Coach
19380,KDWM4DRB7CUPQ891,M,1983-02-03,42,Athlete
19381,L7XSOT6NPK6OFMP5,F,1993-06-28,32,Athlete
19382,M4HSA46Q2JBNJKUX,M,1981-05-05,44,Coach
19383,MKU16QIA4UZMTCJI,F,1996-03-27,29,Coach
19384,NAMDNHSMWNJRPHR6,F,1991-03-17,34,Coach
19385,O9STX41QRUJR5UJ7,F,1988-08-21,37,Coach
19386,RCXHR6DZDQBJSTVL,F,1978-02-01,47,Athlete
19387,SRXRRG1JKVEADODN,M,1970-03-26,55,Athlete
19388,U4T9Z68I2J07M92G,M,2003-10-26,22,Coach
19389,UQILYMYXAMCKSBD2,M,1980-01-14,45,Coach
19390,YVPLEP4RXGQ1X16B,F,1992-07-08,33,Athlete
19391,ZRG9E0CZS8EK6LI7,F,,0,Coach
19392,0DOSWKNZ2KPX4O34,M,1965-03-09,60,Athlete
19393,0GCGK2CJ6LK14KLZ,F,1963-01-14,62,Athlete
19394,0O304K5RQS139RM8,F,1972-09-30,53,Athlete
19395,12W3STD6QSQ5P5JB,M,2000-04-28,25,Athlete
19396,1Z05PZ4TZKZY3OZS,F,1996-08-08,29,Athlete
19397,3FBUKBV9OAE9B15M,F,2004-07-20,21,Athlete
19398,75GXNOBHYYRNEGJF,F,1993-10-10,32,Athlete
19399,BFGK0J6ZPUUJZ8EZ,M,1963-08-15,62,Athlete
19400,BO8M2L6N529QG7YQ,M,1997-01-02,28,Athlete
19401,C4KK7SPBQITBO56V,F,1960-01-12,65,Athlete
19402,CFALEV5M4YG4TSND,M,1996-07-23,29,Coach
19403,GNNQQP915JT9ZNBV,M,1959-07-07,66,Athlete
19404,J2400APVPY9YNGU7,M,1980-12-12,44,Athlete
19405,KYLZOX0C30G9K6IQ,M,1961-09-22,64,Athlete
19406,KZURDZW7L7E9R6QO,M,1980-06-14,45,Athlete
19407,PBCTACFGBRSMCBUI,F,1968-06-28,57,Athlete
19408,PBO5QL401NVVH1DE,M,1992-04-29,33,Coach
19409,QB9NXYFDFZPCF965,M,1972-04-23,53,Athlete
19410,R52B3SD73HH8PHRG,F,1956-12-01,68,Athlete
19411,TYK1EHZF9NNFHUUK,F,1990-03-07,35,Athlete
19412,V6U5VMP7IUWI6EEY,F,1972-10-24,53,Athlete
19413,V7W330CO93TT4Z3U,F,1995-04-15,30,Coach
19414,X8ME3H5EH30EL07Z,M,1968-03-31,57,Athlete
19415,YXCSVVHW0LS2F7EN,F,1998-01-18,27,Athlete
19416,0COF71UNAHH3KXI7,M,1965-04-24,60,Athlete
19417,0E1N1G8ZMEIYK17E,M,1977-10-14,48,Athlete
19418,1RXKPOSUVTHT7HW3,M,1950-04-05,75,Athlete
19419,4UPELZMH8G9DPNMV,F,1979-03-27,46,Athlete
19420,5JMIOH5RFZGUC34I,M,1994-05-11,31,Athlete
19421,5P9EZ07DV51VPKJT,M,1953-03-31,72,Coach
19422,7SX6FYICGDKESW9H,F,2010-11-20,14,Athlete
19423,83HL6FA12OCOBU6D,M,1984-05-05,41,Coach
19424,A22DC8TL7X0KEUTT,M,1996-03-27,29,Athlete
19425,BCTA0GRWB4MKSFCU,F,1985-02-07,40,Athlete
19426,CEJGLE5OE65C0GOJ,M,1962-09-09,63,Athlete
19427,CX9N2RNLF86UDBIR,M,2013-04-07,12,Athlete
19428,E7TJBGYNEL9WM6Y7,M,1963-03-21,62,Athlete
19429,EJLO2OES9WTDUXW9,M,1996-09-09,29,Coach
19430,GQI8PHREMBZ98TVC,M,1989-05-01,36,Athlete
19431,IZ8ITWTCZXYHKM9G,M,1962-02-07,63,Athlete
19432,LVRO7ANZCX40P6MJ,F,1969-08-25,56,Athlete
19433,LWMJHBSRPKR2SOBN,M,1979-10-05,46,Athlete
19434,MQ2ISRXMPU3QJ7NJ,F,1985-10-14,40,Athlete
19435,N0Y8RWZ8I3Z9MOJ5,M,1957-12-12,67,Coach
19436,NZBHXWQX3VP7TMXI,M,1982-06-30,43,Athlete
19437,OMKYJMY67XXUHV07,F,2016-07-02,9,Athlete
19438,PREZJCNDI642KK6J,M,1978-11-22,46,Athlete
19439,QAJ639XMP096QTCD,M,2002-07-31,23,Athlete
19440,QBFPYEOVT6S3TH2D,F,1994-12-31,30,Coach
19441,T1H0M5FCRK2TOPGY,M,1993-08-17,32,Coach
19442,UG2G37GBL1TR3R8Q,M,1989-06-14,36,Athlete
19443,UR7YSZYZDVTOKOS5,F,1994-06-22,31,Athlete
19444,VEI5C9VL8KIZX8QR,M,1965-12-13,59,Athlete
19445,WZ7MJACRJYDCXCX9,F,1997-11-03,28,Athlete
19446,X7APG1CRGJ1WRNV4,F,1993-08-11,32,Athlete
19447,XHJ5KKAZNQ9PLNJH,F,1973-08-07,52,Athlete
19448,YHNBE4H674PLAQX6,M,1987-08-10,38,Athlete
19449,ZRGJPBDASGVCRI2F,M,2002-04-19,23,Coach
19450,JLBN30PKMT9JTM51,F,1977-09-09,48,Athlete
19451,KDUAH1HMQJCHKWNF,M,1987-07-14,38,Athlete
19452,MZCTLDDDIPZHMWEZ,M,1998-07-07,27,Athlete
19453,TKYCY9E0LM9BK04I,F,1971-04-09,54,Athlete
19454,UVG1G74RDF23HDV7,F,1987-10-26,38,Coach
19455,YP7TPGZSIUC06A7X,F,1980-08-20,45,Athlete
19456,0N93L3YMGIA0YLV6,M,1992-06-25,33,Athlete
19457,1M07EV2KWSU272Y4,F,1994-12-09,30,Coach
19458,2VGEJYX9ZEZI0UW1,M,1990-12-06,34,Athlete
19459,5AUQSQXYXNWNGOI0,M,1998-10-04,27,Athlete
19460,BBD5PPNC8KNOT69K,F,1992-10-16,33,Athlete
19461,CLKZPEQZO4APZ0XI,M,1982-10-18,43,Athlete
19462,E3T3QPK3YO7AKLMO,M,1984-09-16,41,Athlete
19463,J1VW0BNT94QTFQ1F,M,1967-08-31,58,Athlete
19464,L2X8GW4VMKT3EA2U,M,1984-01-05,41,Coach
19465,QZ54FJ1X31Y3KC7G,M,1989-07-28,36,Coach
19466,SI423J6I5J3VO9MR,M,1996-05-01,29,Coach
19467,TEQFBU01Q159SSID,M,1983-06-28,42,Coach
19468,TF61D9QO2BKWFLQB,M,1981-04-07,44,Coach
19469,TT818VMN0CL8K03C,F,1993-03-15,32,Athlete
19470,VM64GPIZAYF9DU52,M,1994-07-28,31,Athlete
19471,W8W1EILW44OWCQ2B,M,1976-12-23,48,Athlete
19472,ZL51DCO2PQFK6G2O,M,1973-05-14,52,Athlete
19473,7ZA9QBK2JEOZC4T5,F,1989-09-11,36,Coach
19474,9T5K3JLXSFJZQPM1,M,2007-10-24,18,Athlete
19475,D0OV2SC4PTMLHZBQ,F,1970-03-02,55,Coach
19476,FLQQ1ZKJJ04PV9UB,M,2005-05-28,20,Athlete
19477,IOZVJ5SC16UZOQ31,M,2008-03-01,17,Athlete
19478,JD60C3XS3JTZV6BN,M,2007-05-29,18,Athlete
19479,K5G05YRWMZODGCDG,M,2003-09-08,22,Athlete
19480,LC8GUDGPFCLDKKT1,M,2005-08-23,20,Athlete
19481,NNC6JYFJND4O1MRM,M,1994-02-23,31,Coach
19482,NUK0S86Q7IMFCY9R,F,1993-04-26,32,Coach
19483,OUWSU3YO4K4TBMCQ,M,2005-02-10,20,Athlete
19484,PR3AHH8AAMVXGS7Z,F,2006-06-29,19,Athlete
19485,RAPN1Q8SGUX4AAEP,M,2006-07-12,19,Athlete
19486,RBM4XL6SG7K8KF33,F,2004-08-05,21,Athlete
19487,WIS57DAN4BFODF5Y,M,1979-09-11,46,Coach
19488,YJJRKY5DZRDO17JV,M,2006-10-29,19,Athlete
19489,0B7U5RVDMB0IXDF8,F,1989-10-03,36,Athlete
19490,1YUL66PWQHHVMZWG,F,1958-07-26,67,Coach
19491,224JMG9UUYQGW2J7,M,1980-07-02,45,Athlete
19492,3YYK9BIJF4WV8S85,F,1977-09-19,48,Athlete
19493,4KQDERO93K2WMGPW,F,1978-08-19,47,Athlete
19494,4SBJJDI9JF65R7JG,F,1985-03-08,40,Athlete
19495,5SHVR8S2SXXFCX04,F,1953-08-22,72,Coach
19496,5TZMRTDFAQ9T7GQH,F,1993-05-17,32,Coach
19497,66TWIUB9MH0QP68L,F,1983-04-19,42,Athlete
19498,71595AJTOUJDW1GC,F,2001-03-19,24,Athlete
19499,7ZQVGX3JQ4B02VWT,F,1987-11-26,37,Athlete
19500,830LP9WB8XKEOFVU,F,1970-09-24,55,Coach
19501,93J24BCQ5TMCWG7R,F,1988-10-15,37,Athlete
19502,9LYZKN3G22WBP3QE,F,1987-07-16,38,Athlete
19503,9OHTAXK6N2CN6QRJ,M,1999-07-05,26,Athlete
19504,AMNRQIB4QWQCGNV2,M,1975-07-29,50,Athlete
19505,BKZJXT6UFE6C2AEY,F,1998-03-17,27,Coach
19506,CW0PGXK1WL17BCJ6,F,1992-01-10,33,Coach
19507,FRNVNNB6QQ0QHBGM,F,1987-08-24,38,Athlete
19508,G4SYEDAE8QVV719H,M,1990-03-17,35,Athlete
19509,G6EVWMVCP3C333RB,F,1995-12-04,29,Athlete
19510,GUIJCJEC4QTA4CGJ,F,1992-08-29,33,Athlete
19511,HLKBRIKE8JX5870F,F,1987-12-04,37,Athlete
19512,I5B5QC9RUKXNDJ52,F,1986-04-01,39,Athlete
19513,JJPDED4YPXYMB119,F,,0,Coach
19514,LDVUET33KYYJ7F31,F,1981-08-16,44,Athlete
19515,OJGO5NZ3VYL3265R,F,1990-11-26,34,Athlete
19516,OOSAFH8C5J08XSHM,M,1986-03-03,39,Athlete
19517,PMLS80GNUQAHNP39,F,1998-11-09,27,Athlete
19518,QSFXZDX974QF67Z6,F,1966-04-05,59,Athlete
19519,R3LVAFWRM0KFEW79,F,1975-01-07,50,Coach
19520,RIPBXVG1KJNI16OP,F,1966-01-16,59,Coach
19521,RK1MQT6JBOFGDMV1,F,2004-06-05,21,Coach
19522,RVOCBDYMYASX26L5,M,1992-02-12,33,Athlete
19523,S06MRY08CNLJ5M5Y,F,1984-10-08,41,Athlete
19524,S3640O6LH5VJ52W3,M,1961-05-05,64,Athlete
19525,SOGEKNF02OMEM983,M,1970-10-26,55,Athlete
19526,TPWPKWMZ7Q8Q2XGY,M,1992-02-21,33,Unified Partner
19527,X93Z5T2YNCVQ1LK8,M,1999-10-12,26,Athlete
19528,X9DWLK4A3ZIMWP2E,M,1974-03-27,51,Athlete
19529,XO25EIIBMVUHFJN9,F,1971-02-14,54,Coach
19530,XOAE4F4LILDDVNWY,F,1988-09-12,37,Unified Partner
19531,Y7AX3DFN6FPN953T,F,1963-09-01,62,Athlete
19532,ZLU0549ABQNTG3JD,F,1979-12-06,45,Athlete
19533,ZWXF6103CJOCMW16,M,1991-07-18,34,Athlete
19534,ZXLXLDEZ9QV2IEO2,M,1989-01-18,36,Athlete
19535,1ZP6KRDUZOX25ZB8,M,1964-09-15,61,Athlete
19536,22B37XBG1LT9Y0HL,M,1978-07-18,47,Athlete
19537,46094A0AF5BBEUAJ,M,1972-02-02,53,Athlete
19538,58S79LBLUBHPY5OT,F,1979-09-16,46,Athlete
19539,6YONAIEPFG4L4IVF,M,,0,Athlete
19540,7X4J3EIPWRX4Z007,M,1966-06-24,59,Athlete
19541,8SS0EHEBBYQHHWLS,M,1982-08-23,43,Athlete
19542,CBCIJTI2JCIV1JWM,M,2001-01-02,24,Athlete
19543,CUH9QW1X3J5X5OU5,F,1981-10-06,44,Athlete
19544,HAQ9ACNSDV0ZO2ZQ,F,1977-08-15,48,Coach
19545,HILSSORIB1NWT7S0,F,1984-06-24,41,Athlete
19546,HQXZWF0PQED2JZKL,M,1958-05-26,67,Athlete
19547,J528DTD4CEOSE9CY,M,1966-02-08,59,Coach
19548,JTOX2UMD04PQ4QHU,M,1956-02-02,69,Coach
19549,M19NYNWLSF7M62YC,F,1983-05-19,42,Athlete
19550,M8N2UF9FNY3DGGI9,F,1968-11-30,56,Coach
19551,NMFYB8BQKYKSDY3G,M,1967-11-16,57,Coach
19552,QZQCUN6IC89SDN1C,F,1948-09-09,77,Coach
19553,SJJ2KRYL3LRVH7IH,F,1975-04-02,50,Athlete
19554,TNQK8WLFJ2JI57DY,M,1977-03-18,48,Coach
19555,TRXXGWPK7N1KID3G,M,1966-04-22,59,Athlete
19556,YAMR19P3MIXPK42R,M,1981-10-03,44,Athlete
19557,2I3GM2WQ6A2UST2H,F,2004-06-15,21,Athlete
19558,46R8NDX0NO2Y1T8U,F,,0,Coach
19559,4ZK0NDS5JBNLECLY,F,1999-03-21,26,Athlete
19560,8RR7FQIQ8310RX7H,M,2003-07-25,22,Athlete
19561,9205UHEDBTYOQ0E6,F,2005-03-08,20,Athlete
19562,9F52EZHNDCI0RPRY,F,1994-09-29,31,Coach
19563,9VNX2G4MDQY2L859,M,2011-05-05,14,Athlete
19564,AW73GZMA6JZQZWXQ,F,1983-12-27,41,Coach
19565,CDAV2WP2LSW6CY9K,F,2000-09-28,25,Athlete
19566,HNJOBDH6S1OLOIOO,F,,0,Coach
19567,K66NGIA300VE93CH,F,2015-09-02,10,Athlete
19568,MI1Q468Y3WXKPLZS,M,2004-07-31,21,Athlete
19569,O3WIL46OK865R7PL,F,1995-04-13,30,Coach
19570,POZDNT0KDV42X58X,F,1998-04-14,27,Athlete
19571,XM0U327DUS43GMLI,F,1986-12-01,38,Coach
19572,ZFX3OFPOEUTS4HI6,M,1968-09-09,57,Coach
19573,ZHH43CX7XZ36POP4,F,,0,Coach
19574,ZOCET3ONNG9O71NF,F,,0,Coach
19575,0C7X7TYRXM4FUSPB,F,1991-08-29,34,Athlete
19576,278NWAMO3FMVHIWL,F,2002-06-06,23,Athlete
19577,3WYF8SFWGM8CQG8S,F,1988-02-04,37,Athlete
19578,4L97PIC9DW365G56,F,1989-01-07,36,Athlete
19579,4YGHD3OTPMWX2W60,M,1993-06-02,32,Athlete
19580,5DQB435F4B0J77Y6,F,1980-12-15,44,Athlete
19581,5PZ625N7BTPNU9LG,M,2002-05-27,23,Athlete
19582,5SPEAL89WA0BCHA7,F,1995-12-06,29,Coach
19583,5TY7U9TLB8FH6J26,M,1989-09-29,36,Athlete
19584,63MPJASFMDVFFUUP,M,1971-06-07,54,Coach
19585,69XGPZP8M0DDSS36,F,1982-06-27,43,Athlete
19586,90XMYBY6B5UUSW48,M,1992-03-09,33,Athlete
19587,9IL549VMXWBA3DDA,F,1996-10-03,29,Athlete
19588,A892VI3BZBO4RX9R,M,1994-05-17,31,Athlete
19589,AYTBG6QIC87Q5PTV,M,2000-06-07,25,Athlete
19590,EYZLWUE03X3QQ91D,F,1979-02-05,46,Athlete
19591,FV5L9T3FJLYEGUQ1,F,1995-07-24,30,Coach
19592,GFLH855G7Q9U12MC,M,1989-03-27,36,Athlete
19593,GP7U57A4PEE0PJHN,F,1967-05-05,58,Coach
19594,HF0AREWF3CVBO5K9,F,1999-07-06,26,Coach
19595,I1U5DKLDXFEQ9W89,M,1971-01-22,54,Coach
19596,ISSUW6XFQENK0UFD,F,1978-11-24,46,Athlete
19597,IWM57HGZENK5FFBC,M,1995-05-05,30,Athlete
19598,KBXSSCVTMVBHJ1HD,F,1996-09-16,29,Athlete
19599,OGTI0M4JFIGIBV3E,M,1998-10-27,27,Coach
19600,PPEHW30TZHUO2HN0,M,1987-11-11,37,Athlete
19601,QZXR8C95NP5SW9TF,F,1992-03-24,33,Athlete
19602,RFYEE001444IFLEL,F,2000-06-07,25,Athlete
19603,RWECGUGN9QRGWB08,M,1966-07-23,59,Coach
19604,T4X9AV47X7U01IZD,M,1996-06-21,29,Athlete
19605,Y91RMVS2KH7HMJ1D,M,1975-07-03,50,Athlete
19606,0CWCDYYBT05EWMHE,M,,0,Athlete
19607,3XIMQCRNLEN3UJ0Q,M,2000-01-07,25,Athlete
19608,4DHZAZBZD2NNPK0R,F,1979-05-13,46,Unified Partner
19609,4KRU53TCDMH7GHVH,F,1978-10-22,47,Unified Partner
19610,4ZQYMVODEJ4TKCWF,F,1967-06-14,58,Unified Partner
19611,64G4CTPLB3YF0MSV,M,,0,Athlete
19612,9OLHX39N2EM0UN8Y,M,1967-03-16,58,Coach
19613,A0RMOZ1QHNN6Y4TA,M,,0,Unified Partner
19614,AH7OFAX5LTNNFDM7,M,1997-01-08,28,Unified Partner
19615,C3QPPKF0FE1KZGGR,M,1967-01-16,58,Unified Partner
19616,CBLK76RIL7IKBY27,M,1985-05-24,40,Athlete
19617,D9SVW7BBIE9AS7H0,M,2001-09-26,24,Coach
19618,DN5K9C7CS7BJQPZ4,M,1950-01-10,75,Unified Partner
19619,DR2FKNQFYU3WU2TG,F,1996-02-15,29,Unified Partner
19620,DRUWTWJ2HQDQXLKE,F,1968-03-10,57,Coach
19621,FHJFNHGQ78JGBTB9,M,2004-10-27,21,Athlete
19622,FYP1SJB2K6HH93IC,F,1982-06-11,43,Athlete
19623,G6TX04GKG0LPGG1J,F,1997-08-18,28,Athlete
19624,GEGAPZ5C0ANFWSSH,F,2002-08-19,23,Unified Partner
19625,H623AFUSKK0F6VJM,M,1982-08-18,43,Athlete
19626,ILXOGM1QXWDCUPOL,F,1998-06-14,27,Athlete
19627,IWZ7HXXQOAK04A7T,M,2001-09-09,24,Unified Partner
19628,KGX5SWGU4EBT8DEC,M,1998-10-05,27,Athlete
19629,KP4KU5BLQHVRKHWY,M,1963-07-04,62,Unified Partner
19630,NC01AHZMY0U99SEO,M,2001-04-13,24,Athlete
19631,QDX6QOQI4TPYFDY9,F,1987-09-21,38,Athlete
19632,THZN2TD7JWFDTXDR,M,1991-09-12,34,Athlete
19633,VRQ1J3MNNP5QI877,M,1993-04-02,32,Unified Partner
19634,W36BELB8VHDXILF8,M,1993-06-07,32,Athlete
19635,Z6ACQXCFBX3WG9O0,M,1996-01-22,29,Athlete
19636,6GQD0DQBU6IQYB8P,M,1968-02-16,57,Coach
19637,CIY5NXYW87CCCYVL,M,1993-06-27,32,Coach
19638,FYHK78VEDEYUX907,M,1982-03-25,43,Athlete
19639,LCR4N4MUCAPPW8ND,M,1978-11-10,47,Athlete
19640,PZ9FHG7ZIT16JHFI,F,1992-11-06,33,Coach
19641,4G0EEXQIJWAA54GT,M,1966-04-17,59,Athlete
19642,4ITYDN6UIHXZFGSO,M,1973-08-20,52,Athlete
19643,56RNO2757UJOEXDA,M,1982-07-24,43,Athlete
19644,59R1X3CRAXBRNJSS,M,1978-02-28,47,Athlete
19645,D61XGYR5A0ZQK4WZ,M,1961-09-05,64,Athlete
19646,DM0FV9SHFUBCY7BB,M,1976-07-23,49,Athlete
19647,G041P01RGMHSY4US,M,1986-04-18,39,Athlete
19648,I3XHK7T4KAXBAQ9K,M,1965-11-18,59,Athlete
19649,ICRVHSAC6Z0N8009,M,1989-07-24,36,Athlete
19650,KGQZTB0AFF9MMJED,M,1976-05-24,49,Athlete
19651,N5BLJMYQ2A55ZHZE,M,1981-11-10,44,Athlete
19652,ODXWGC17PCRBQOSH,M,1971-07-19,54,Athlete
19653,TZZ3SVRQ8KY8N06Z,F,1964-06-10,61,Athlete
19654,UCIHBYOG6YN2CYQ0,M,1964-06-30,61,Athlete
19655,UCN7OO06RUU0E6IS,F,1977-05-01,48,Athlete
19656,UOFSCQZ9ZL5YSVWW,M,1976-08-28,49,Athlete
19657,Y7HUKIBAY3V78QHL,M,1995-11-02,30,Coach
19658,ZIN7WR6IFF3KI2LR,M,1982-11-30,42,Coach
19659,01TPBMMFP41PJZZB,M,1995-04-25,30,Athlete
19660,0U4GWEPWZER6MZ7H,F,1988-08-08,37,Athlete
19661,3C9HEQTJVILNFCF8,F,1953-11-06,72,Athlete
19662,5GP6HHPQM012HHPR,F,1969-06-10,56,Coach
19663,7FA9XBUXRVVS94YV,M,1997-04-03,28,Athlete
19664,80UQ5C1AEGAX4ZNK,M,2002-07-05,23,Athlete
19665,AKTO5ZHDNDU37G57,M,1966-10-22,59,Athlete
19666,AKWPX20R6K0H3X0N,F,1990-01-06,35,Athlete
19667,DMTXMQY8WOXL9NWN,F,1974-08-17,51,Athlete
19668,FJ5D4859XCD6YWTT,F,1970-06-19,55,Athlete
19669,GEMINDZSHU68UXMY,F,1990-09-20,35,Coach
19670,GXJVIKCDPL4RCHYL,M,1991-09-27,34,Coach
19671,I4E3VJV5PGPHMOQJ,F,1996-06-30,29,Coach
19672,ISQYK63M4C28UTHH,M,2002-06-25,23,Athlete
19673,JSPQ2RGYP19PF708,M,1972-12-12,52,Athlete
19674,KSMBKHJL79ADY5QZ,M,1997-04-03,28,Athlete
19675,MS9IY3J5ACFKOZAK,F,1978-07-30,47,Athlete
19676,N8HR88KHCT0YTKE6,M,1989-02-07,36,Coach
19677,NHR0JQJF2LTV6E5U,F,1968-07-22,57,Coach
19678,NYES6WDYFTVTUPL3,M,1998-10-28,27,Athlete
19679,OZYQQXLUSTLPYOCP,M,1969-09-28,56,Athlete
19680,TFTYAI47P6LTV5BF,M,2000-12-05,24,Athlete
19681,UAPKI77SUW3ZSWR1,M,1990-10-05,35,Athlete
19682,V1YMIWBXHRTB7K3F,M,1999-11-24,25,Athlete
19683,VK2FS568U19PYVMV,M,1997-10-07,28,Athlete
19684,WFPB8S0LYOSDQ3I5,M,1987-02-10,38,Athlete
19685,YM0WH0P1DT6O1TAW,M,1984-01-17,41,Coach
19686,Z0YPPR6ONG0GGMWF,M,1958-06-26,67,Athlete
19687,ZB3ZE0DJLWJP8UKN,M,1961-03-01,64,Athlete
19688,0DBXW34HSQQRKUFM,M,1987-08-22,38,Athlete
19689,1IH9ERTDWLQV5QMY,M,1996-03-03,29,Athlete
19690,7S45JOTG7P1PL9EV,M,1992-03-24,33,Athlete
19691,8ZNE2RX1A09Z3QAX,F,1998-03-08,27,Athlete
19692,9FLOXFM1U6DFJNXQ,M,2002-05-21,23,Athlete
19693,AWHGHER2LAL4HBII,F,1977-07-11,48,Unified Partner
19694,CIVHO6TX6BIIO4JB,M,1989-12-28,35,Coach
19695,CR72MQPKFONVT0AF,M,1989-07-01,36,Athlete
19696,CRC94P8JQ5PC88EF,M,1984-05-08,41,Athlete
19697,D9J0P6N0UR9TPINL,M,2005-10-09,20,Athlete
19698,F7G2GH6I0VPBXYKQ,M,1991-03-29,34,Coach
19699,GNB0T32TM0SF2ZCP,M,1981-01-31,44,Coach
19700,IC3D4LL7E2S62QUW,M,1975-08-14,50,Athlete
19701,IYBTM4OBCO40Z3BH,M,2002-02-28,23,Coach
19702,KSBV8QE22E7OVQMX,M,1995-11-20,29,Athlete
19703,NPBA71G0ZX4L5CKS,M,1991-07-17,34,Athlete
19704,OF8K59219ZG4OYOW,M,1993-06-15,32,Athlete
19705,P62M1NECHD7X175O,M,1993-08-19,32,Athlete
19706,PI68GSI8AIPME3NS,M,1992-06-21,33,Athlete
19707,ROMXCZW9MQMTB5RA,M,1971-06-09,54,Athlete
19708,S21R8JSQB4ETKKUJ,M,2006-04-11,19,Athlete
19709,SMFHKV8IIC3A716S,M,1997-01-01,28,Coach
19710,V4AWS41DWDHBNU3C,M,1995-03-23,30,Athlete
19711,WML857LVE0E8DJPZ,M,1990-11-02,35,Athlete
19712,1Z2N3F3G9L358LMA,M,1999-08-19,26,Athlete
19713,3KQM4SW12UV2CZQC,F,1985-05-27,40,Athlete
19714,4AFYBZPGVQUXWQ06,M,1985-04-15,40,Athlete
19715,5U6KB1T82Z4C5YDO,F,1962-05-16,63,Athlete
19716,6W27JH3NH4NJUVC1,M,2001-02-15,24,Athlete
19717,7OGD5HBU8GF65EVV,F,1987-05-22,38,Athlete
19718,8RN4OHQFL1LONOP1,F,1964-06-21,61,Athlete
19719,9P30O6LPG74HDJ03,F,1973-02-25,52,Coach
19720,AL07UEF3W1JURKTZ,F,1990-12-11,34,Athlete
19721,D49NVMZJLB87SKTL,M,2001-11-17,23,Athlete
19722,D70NMD0GRDZYTQ4Z,M,2002-04-01,23,Unified Partner
19723,ER4LT3PNJ6B2UJB9,M,1961-11-23,63,Athlete
19724,ET9BCN8427MVDDWR,F,1969-07-25,56,Athlete
19725,H9X4XMZ033IVBZ8L,F,1994-10-21,31,Athlete
19726,HZIMWCQ99U5KVTRS,M,1989-04-06,36,Athlete
19727,IQ0JJG3ETM61KOQM,F,1976-03-14,49,Athlete
19728,KWT4VOU0VCOXHHFC,F,1973-07-27,52,Unified Partner
19729,OT1UDIUPUEHFWY4G,F,1997-09-23,28,Athlete
19730,RPFK9E254ZZ4AG5X,F,1977-04-25,48,Athlete
19731,THDGG8YIQ74FQABD,F,1993-03-25,32,Athlete
19732,UBBFU9MYND5J94XI,M,2000-09-18,25,Athlete
19733,WFODV15XKGDID7AZ,M,1993-07-11,32,Athlete
19734,YY4H3KHLMKMZKLNY,M,1985-04-20,40,Athlete
19735,1RW6QJECCU1RY7OU,M,2004-08-05,21,Athlete
19736,2O33LJW1RXH2DWJ1,M,2013-06-23,12,Athlete
19737,2VPSG10X6NIMO6ZO,M,2000-07-18,25,Athlete
19738,71X1LA8AUPMFJ5M9,M,2011-03-07,14,Athlete
19739,9I5Z1WGESEZMS7D8,F,2003-12-30,21,Athlete
19740,DDLEP3A7EZTBB24B,M,2010-03-30,15,Athlete
19741,DGNI0RO84K7Z3X6U,F,2004-09-30,21,Athlete
19742,DKJZ30MO4QBFIPJN,M,,0,Coach
19743,DXC8VKFZYP983RJN,M,1995-09-21,30,Athlete
19744,HQ54QD6GQDE06IL2,F,,0,Coach
19745,MNNGJV19BZCKZ3YG,M,2000-12-12,24,Athlete
19746,N3LJME1HFLE0DMKC,F,2004-06-04,21,Athlete
19747,VE5791ZNKYH5MUBA,F,,0,Coach
19748,VTCFA34D7G7YE3CT,M,2005-03-16,20,Athlete
19749,Y8Y1NZV4B40N0LF5,M,2006-04-27,19,Athlete
19750,1GJEFGF8M1II1ISK,F,1975-02-18,50,Coach
19751,1JENPNDEIIU2PD02,M,2003-02-25,22,Athlete
19752,22JHDC15RULMK6SA,F,1989-04-17,36,Athlete
19753,34PPFDHEOHQ846I2,F,1988-08-22,37,Athlete
19754,3L5F942CVXLGWKGN,M,1997-06-19,28,Athlete
19755,4WUWADYBDF3ZYGXF,F,1968-04-18,57,Coach
19756,5S0J0NPVVMRXDD1U,F,1978-02-10,47,Coach
19757,8V3JFEYD9OSBZ4OG,M,1994-08-04,31,Athlete
19758,9VF1GDAZGN09IITL,F,2001-07-25,24,Coach
19759,AMDRS7V5E41R21OS,M,1993-01-09,32,Athlete
19760,B8JNUHT2YW5BP5L3,F,1992-03-24,33,Coach
19761,CGLTIWWK656UPMKN,F,1993-02-05,32,Athlete
19762,D9ZM7OU4YBQULSU5,M,2004-10-04,21,Athlete
19763,DYKKKQ36V602LAP3,F,1996-06-12,29,Coach
19764,EX5W8Q5D39M14FPZ,M,2004-11-09,21,Athlete
19765,HEDDYBIAWEK42FKY,M,,0,Coach
19766,IJCNRILDGZBLU4LW,F,1978-02-06,47,Coach
19767,J617ZQLC9BION43Y,F,1968-07-30,57,Coach
19768,LHZ6KPO2NXGYYPLY,M,1998-01-09,27,Athlete
19769,LUKG3MU5BL4L1AAO,F,1984-10-29,41,Athlete
19770,MTE801UMV9EHTMX8,F,2002-12-19,22,Coach
19771,N83YOBNBHEYNV1CK,M,1995-06-11,30,Athlete
19772,NOD3HCPKM5QZJVYB,M,1978-03-31,47,Coach
19773,PSQYX6UBUZOF3SRW,M,1961-04-03,64,Coach
19774,RMHSK8QJI1CIZV9M,M,2002-11-10,23,Athlete
19775,SCZW0VD399D6AP8O,M,2003-12-28,21,Athlete
19776,SM5PADDZC8FNEK99,M,1991-05-25,34,Athlete
19777,TGLWWGJ5VWBX4WGQ,M,1992-12-22,32,Athlete
19778,UHIQLHDDMLWMEPUB,M,1977-04-01,48,Athlete
19779,XCXYZAYB9LWN81TR,F,1966-12-29,58,Athlete
19780,XQIG6G8RSSBSBS5Q,F,1985-12-15,39,Coach
19781,XVIPPBSG8HZ43E68,F,1965-07-06,60,Athlete
19782,ZQ84CTLR3CRHQZ5J,F,2005-12-25,19,Athlete
19783,ZQRCENT98LUUU5EA,M,2000-04-10,25,Athlete
19784,ZSA9WJEY742T3HPZ,M,2004-08-20,21,Athlete
19785,0861S4AWNP363YB5,M,1996-02-27,29,Athlete
19786,3NN4KKJSYLE554SM,M,1996-04-02,29,Athlete
19787,4O1JZUAE3YRDFU02,F,1989-05-16,36,Athlete
19788,4TQEMI5MKQ3VYFKV,M,1991-10-03,34,Athlete
19789,5I89P18OFMU50CNM,M,1963-07-29,62,Coach
19790,BF0F70OW9Q0CONEW,M,1992-06-05,33,Athlete
19791,C7U3SXKBGHLHZURP,F,1967-03-26,58,Coach
19792,CGREBN6AVQIFS3CE,M,1971-03-28,54,Athlete
19793,FTHPP85OUEL3JAZA,F,1988-06-02,37,Athlete
19794,IXGIM4PI5UZ1MDX9,F,1992-03-07,33,Athlete
19795,JEM1KYM6H1U4PDCB,M,1994-02-04,31,Athlete
19796,JT9F0CWSPZ3H2X01,M,1994-04-16,31,Athlete
19797,LMP5AE7EAW6B8P09,F,1990-07-01,35,Athlete
19798,LO22OCPP77X3TJMC,M,1997-04-27,28,Athlete
19799,ML40VJO83PJBB09M,M,1992-12-14,32,Athlete
19800,MVW56SFMRUYKTKX8,F,1989-05-19,36,Athlete
19801,Q75BWJUP7S2V3UOX,M,1973-09-17,52,Coach
19802,QPQE2FQWWUYX2N9T,F,1992-05-29,33,Athlete
19803,W4SH3RZACRFN6BFU,M,1980-10-28,45,Athlete
19804,WAQX0PKQ0OAY6VI2,M,1970-03-22,55,Coach
19805,WK3HI7CUGFLI7WNP,F,1988-01-15,37,Coach
19806,XZ7WLEZA5HNCHKWA,F,1993-04-23,32,Athlete
19807,Z26XS9PH6MKNK3UY,F,1992-05-13,33,Athlete
19808,3ARXKBTSQ0Q0WH84,M,,0,Coach
19809,ACYBBDJUDN2AEVJN,F,1988-10-12,37,Athlete
19810,DS6JBRG1F04ROC73,M,1979-12-20,45,Athlete
19811,IXV7OVILGQVREE1H,F,1978-12-30,46,Athlete
19812,NE8RKRMO6PME5T18,F,1990-08-22,35,Athlete
19813,QLQ0KLMZODDTJ4HT,M,1977-09-28,48,Athlete
19814,01GAVTY4YJGH0YEY,F,1967-05-05,58,Coach
19815,1KK5R8KTUNJTYM1I,F,1991-11-27,33,Athlete
19816,1R6S0ALBN0TEXYQ0,F,2007-11-29,17,Athlete
19817,GZMZW1TA5W10IKGE,M,1985-09-30,40,Athlete
19818,IUUFLK7FR4VZSURY,M,1987-09-01,38,Athlete
19819,J6LK9GTEU9XTK5M1,F,1963-06-26,62,Coach
19820,PEFEGXZWPMYBACC5,M,1995-06-21,30,Athlete
19821,SBFZSI5DK7AL2UO3,F,1985-12-13,39,Athlete
19822,SGBFT4YVCD1E49AQ,M,1994-12-16,30,Athlete
19823,T9QMSGIHBBGKYOWA,M,1963-12-27,61,Coach
19824,UMTK5R97GEB88H5R,M,2009-04-22,16,Athlete
19825,V0C90KLV2E1XPT74,M,1993-12-17,31,Athlete
19826,YBT6KXG5D9C4AH3O,M,1969-01-24,56,Athlete
19827,05RHJIJMVZEQ7WVG,M,1960-06-06,65,Coach
19828,4UDTL6ZTZIV8SV9F,M,2003-12-24,21,Athlete
19829,8F6I8DJG37RCTPVM,M,1999-12-10,25,Athlete
19830,9GTNDLCJKT2Z550N,F,1965-05-16,60,Coach
19831,9R6X6Z3LZVE2Z94P,M,1993-01-21,32,Athlete
19832,A0LVSLR0O22BYGG0,F,2004-06-07,21,Athlete
19833,A1Y8G0P6ZJ8RHW0N,M,1996-03-15,29,Athlete
19834,B4PVY9V6TFS9E2I3,F,1978-05-03,47,Athlete
19835,C1SH6NMDTFWJ1GQC,M,1996-12-18,28,Athlete
19836,EG1B0BCR0IVN8IL6,F,1995-09-15,30,Athlete
19837,EN8ODLWE68UENSW0,M,1996-02-05,29,Athlete
19838,FKQS55PR37THE0P1,M,1993-12-02,31,Athlete
19839,JWN1LKS06ZD99I0S,F,1968-02-26,57,Coach
19840,LYWQ19ZWIV7G6NG9,M,1998-04-23,27,Athlete
19841,O0MRQMS8MZNL2MR4,F,1964-12-13,60,Coach
19842,TFMFAYLTPRIRCXU3,M,1999-12-14,25,Athlete
19843,TTRMASRN8DAOJFBG,M,1968-08-04,57,Coach
19844,UQWRUWR3OLUN0IM1,F,2003-09-30,22,Athlete
19845,YF3QHWGCB3CVUMCB,M,1963-04-05,62,Coach
19846,ZAF4CP8OPBMIPATH,M,2014-06-06,11,Athlete
19847,3FKGWLYMHTRGRKKE,M,1967-04-18,58,Athlete
19848,3L7OR2OG7PQ36R5O,F,1996-06-05,29,Athlete
19849,3P4J973DVYPC1713,M,1991-05-17,34,Athlete
19850,3ZCZ3GIY8P4IPJZE,M,1969-12-17,55,Athlete
19851,5J5HR81Q3XEE0DYU,F,1975-04-03,50,Athlete
19852,6893HJPBU3LJU1T4,F,1985-12-02,39,Athlete
19853,6AR88NBGHZGKZZHR,F,1985-01-29,40,Athlete
19854,6UGFR4D40L8MB34X,F,2002-07-24,23,Athlete
19855,AG79HU660HHXQ1SJ,M,1999-07-23,26,Athlete
19856,ATGADM7O9TSZHHTG,M,1990-07-27,35,Athlete
19857,BY22B2Z7SX2EJL11,M,1963-11-17,61,Athlete
19858,CKTRBATXJILYMZVB,F,1983-06-17,42,Coach
19859,DR0GQ7DMI3MJ8SXV,M,1990-03-26,35,Athlete
19860,EPHPLTXJPWNLPBUG,M,1975-06-19,50,Athlete
19861,FFU5YH02B0MRZAT0,M,1995-08-10,30,Athlete
19862,FU6XC7GWQNAIGF8E,F,1978-01-24,47,Athlete
19863,FWNYLZAYVME129N3,M,1984-03-06,41,Athlete
19864,IPQ5P395XQM0YDA3,F,1963-07-13,62,Athlete
19865,IQPDESD5G6SUROGD,M,1998-04-20,27,Athlete
19866,IV7YMRT7Y4GHEX4E,M,1998-08-19,27,Athlete
19867,IYJIF5LT9BVIVY3Z,F,1988-11-23,36,Athlete
19868,KYRWTM5YLWSW9ARP,M,1979-11-05,46,Athlete
19869,LGA3UIX932AM4YRZ,M,1992-01-03,33,Athlete
19870,N7XN54AA5YWBAC86,F,1984-04-27,41,Athlete
19871,PHADLICOLXLEQNEZ,M,1955-05-17,70,Athlete
19872,PMSEP01SEQZ2JBII,M,1989-10-14,36,Athlete
19873,Q702BC66GU6B6KGN,F,1978-02-09,47,Athlete
19874,S3L4X3Z82P1CB3XV,M,1998-05-09,27,Athlete
19875,SJB6LRIRD0Q48I4H,M,1992-02-18,33,Athlete
19876,SVKUUCT8J2Q5Z3PZ,F,2005-06-12,20,Coach
19877,SW8138RWJ1EOE48P,M,1956-02-24,69,Athlete
19878,T2VIJ36R887ZMR6F,M,1986-04-25,39,Coach
19879,THIAIOXNSUCQEFK6,M,1991-03-20,34,Athlete
19880,VVG5H34N9IXBH509,M,1991-09-23,34,Coach
19881,XIXPU3UPF2DEB254,M,1967-10-20,58,Athlete
19882,XUZ8ET03RQ0G558Q,M,1994-05-26,31,Athlete
19883,YR1929ZJU376ZO9T,F,1993-03-24,32,Athlete
19884,ZD26X67MTGA2AP8W,F,1981-02-14,44,Athlete
19885,42B5THEBV5O0UT86,M,1981-12-15,43,Coach
19886,65OK6MX3Z1ILDCUG,M,1999-01-06,26,Athlete
19887,9OPTLBAQUNQA8LWL,M,1993-08-12,32,Athlete
19888,KQ31514KFAC7TDX8,F,1969-12-05,55,Coach
19889,M5RCEHSC82C46W1E,F,1993-07-16,32,Athlete
19890,XX9B861R9PAL9ICI,M,1985-03-21,40,Athlete
19891,09P0073EOTKIKG4M,M,1981-12-13,43,Athlete
19892,3JBDHY95J9TUJ3E6,M,2015-04-30,10,Unified Partner
19893,4MQQ40ITYEQ54U2P,F,1954-03-09,71,Coach
19894,4QNTRCA8TCG304ZD,M,1974-03-15,51,Athlete
19895,4ZYD4J5USOFBYET4,M,2008-05-10,17,Athlete
19896,5XV4XY5GP52PVSAR,M,1993-07-31,32,Athlete
19897,62NB1DDTHP4KPE8M,F,2014-05-29,11,Athlete
19898,759FCDEIA5J4P924,M,2004-06-26,21,Athlete
19899,75HFQGACWHSJGF8Q,M,2002-07-15,23,Athlete
19900,8940S6LIRNOHH4ZS,M,1981-08-18,44,Unified Partner
19901,9FDDER9J6L1XLNF7,F,1989-07-14,36,Coach
19902,9LB25424APCTO14I,M,2015-12-17,9,Athlete
19903,AAFQO2179XBTNPP5,F,2011-11-07,14,Athlete
19904,CIRGLYW79BJ5DQAJ,F,,0,Coach
19905,KM7E0S04AH940F4P,M,1985-11-01,40,Athlete
19906,KV6MSHDRDG1OCF45,M,2012-11-21,12,Athlete
19907,LURDU8JLPN4998KN,F,1971-12-27,53,Coach
19908,N5Y25BRU6ZTYOM0L,M,2017-04-30,8,Athlete
19909,PF536IFDYF01K2T7,M,1991-05-30,34,Unified Partner
19910,T2GXVN55R6KZG42N,M,2008-07-28,17,Athlete
19911,UWN10OCQYK0RLMJ1,M,1982-08-20,43,Unified Partner
19912,XDRQ8QVLB5K1I565,M,1987-11-14,37,Athlete
19913,YS6J9H2HZDY0FZ67,F,2012-05-27,13,Athlete
19914,ZT4OWORBMC2Z0LY7,F,2003-11-25,21,Athlete
19915,ZVHQG41YKWJWUAYJ,M,2012-10-27,13,Athlete
19916,16R6RGA7NRGIVLBM,M,1981-08-20,44,Athlete
19917,1KBK8EOA4Y2KNUCW,M,1977-05-28,48,Coach
19918,2O6XZROP4VTTEQKG,F,1967-09-01,58,Coach
19919,3JV3ZD67KTJNW5CO,M,,0,Athlete
19920,41BI4HL99X7ZOXEU,M,1999-01-29,26,Athlete
19921,90MV9U957A0PWC7B,F,,0,Coach
19922,A4UMGNLELRO71M60,M,1997-09-07,28,Coach
19923,AHFZPAECNGOV0S23,M,1966-07-25,59,Athlete
19924,ANIU090ZZ6O52IV2,M,1969-07-02,56,Athlete
19925,CT6D8BTB8OBD8LGF,M,1963-10-25,62,Athlete
19926,DXOCX0XPZNRW0VDR,M,1947-12-05,77,Coach
19927,I7CRDAKM07C59JKL,F,1976-03-09,49,Coach
19928,NV8XC23MAMWWDLR8,M,1970-07-15,55,Athlete
19929,PSNY0H5GHGD24SWE,F,1967-09-01,58,Coach
19930,PV2WGVCX4Y7V9YR6,M,1986-12-02,38,Athlete
19931,RGV3A4TBTVQ2X5V6,F,1981-10-17,44,Athlete
19932,SHY3HQ0JWH2IOWN2,F,1973-06-11,52,Athlete
19933,SMLNKN52M1QO642W,M,1979-08-04,46,Athlete
19934,SP63QEE8A9KXZBT0,M,1962-01-30,63,Athlete
19935,UFUSNFHXDOCRK5LB,M,1971-09-05,54,Athlete
19936,UPRJJDL5IIDP8K9C,F,1998-06-21,27,Coach
19937,WEELMTNZSD6U0IK5,F,1987-07-13,38,Coach
19938,WISQBKFDKXATEW62,M,1969-08-31,56,Athlete
19939,XLGULM3I87CBDLWP,M,2001-08-06,24,Coach
19940,XYBW8FMNQ3HNG19Z,M,1980-10-13,45,Athlete
19941,0ORLZAMUYNUAYE2V,F,1998-10-23,27,Coach
19942,26YNBRFSNF5NHL4V,M,1997-04-21,28,Athlete
19943,3PHKYYB22KHFGDKW,F,2000-01-01,25,Athlete
19944,448HTN2X8VOPTG4H,F,1987-07-11,38,Athlete
19945,5DT5U6ETLV4TCP32,M,2004-09-05,21,Athlete
19946,5MB9I1AM576HGWUE,F,1971-04-29,54,Athlete
19947,75CDP2T1B7WNZ9FV,F,1990-02-09,35,Coach
19948,7HPCZDQ850JG22VS,M,1992-05-27,33,Athlete
19949,9U7RIKJOD1Z8YET9,M,1957-09-20,68,Coach
19950,AHAEKOCEPIRJX9HZ,M,2011-06-08,14,Athlete
19951,AO0RSTJG7JEQVOUI,M,2006-10-07,19,Athlete
19952,BDRAZAS55RE645U6,F,2005-08-18,20,Athlete
19953,CVMFZ2XCFP7J5GGU,F,2010-12-02,14,Athlete
19954,D7N4OMKN5YD6A9J9,F,1994-07-28,31,Athlete
19955,DJ3KXOX73WJHUF2K,F,2003-09-17,22,Athlete
19956,DN2OR7H5R32C1Y1C,F,1998-07-23,27,Coach
19957,DX385FS6UQBZ5TT0,F,1986-04-10,39,Coach
19958,F6C6OVIWA2KH945W,M,1969-08-22,56,Athlete
19959,FWCGYYILS8XW2ZV8,M,1976-07-23,49,Athlete
19960,G1GF62OLDWPKWRVN,M,1997-03-15,28,Athlete
19961,HIJ7H6D51P3MW022,M,,0,Coach
19962,HJ2W7RX58CW7XGT5,M,2012-09-30,13,Athlete
19963,HS633AYL5IVNQA8Q,M,2000-12-04,24,Athlete
19964,HYOMM689GSDOUVXQ,F,1976-01-06,49,Athlete
19965,ICKD9CMH6V3UCBYZ,M,2010-09-14,15,Athlete
19966,JC8PS8R9GLZUPOG0,F,2008-03-06,17,Athlete
19967,KEULGM4OK5EDPB2Q,M,2009-01-03,16,Athlete
19968,KMEE27T9MXF61VDU,M,2010-09-14,15,Athlete
19969,LKEPRGJQO9RFHUWX,M,1994-07-28,31,Athlete
19970,NP9CAO8693MMV8GE,M,2003-07-02,22,Athlete
19971,O20UWYXM56O2O448,F,,0,Coach
19972,PMN5FNO159WJ42OJ,M,1988-02-21,37,Athlete
19973,PSPO4O8BZNM8Z7ER,F,1969-09-17,56,Athlete
19974,QF7FTQG8XRLZXROO,F,1989-06-18,36,Unified Partner
19975,SEG73NPCEJ8BE389,F,1976-01-29,49,Athlete
19976,SKPWLYH2QDNA1AM8,M,2007-06-14,18,Athlete
19977,TDARYFW7Z6GNOS91,M,1953-08-14,72,Coach
19978,UE77YHKO54ES4R0D,M,1964-07-17,61,Coach
19979,USZ90PA1O1GDJYI3,M,1991-12-25,33,Athlete
19980,VJS048TLHJZSGUCV,F,1976-08-14,49,Athlete
19981,WSX491J4QRLJK66N,M,1998-06-18,27,Athlete
19982,WW197V5A079D7VH7,F,2008-11-04,17,Athlete
19983,X9ASZQBB7XB697EX,M,2000-05-25,25,Athlete
19984,Y1XM1SRIA2KNYH3J,M,1995-03-21,30,Coach
19985,YDKUGALP1FVAN4ZB,M,1992-10-25,33,Athlete
19986,YFTD0FEMSBDSDGEU,F,1992-02-12,33,Athlete
19987,ZIR17HT38L9ZJRMU,M,2003-01-15,22,Athlete
19988,ZZ1AW8FI910UJEGL,M,1980-12-16,44,Athlete
19989,0FWKH4IJRZMV350J,F,1963-10-31,62,Coach
19990,1PVX7NIKBNTIZ4ZW,F,1995-06-11,30,Athlete
19991,1QTLGO2BKEJ3UY2H,M,1977-12-02,47,Athlete
19992,1ZHFFVDBC49KA08H,M,1998-01-30,27,Athlete
19993,2DZ9M02PKUKM3FSG,F,1989-06-24,36,Athlete
19994,2HYQRJ1PUS8OJBH0,M,1981-06-01,44,Athlete
19995,2O9LQJJ2Z9VFMMAI,M,1989-10-13,36,Athlete
19996,2RQINW152CRHT4WF,F,1963-05-28,62,Athlete
19997,3OEVLY0H6Q6A2M95,F,1961-05-13,64,Athlete
19998,47TUX7MT8XMFY0FG,F,1981-09-28,44,Athlete
19999,4ITB8B49F7N9T1FZ,M,1998-12-15,26,Athlete
20000,6TE7JOD9HFGWT8C3,F,1961-12-13,63,Athlete
20001,6W7VBLDY0XAYDLTK,M,1988-01-21,37,Athlete
20002,6Z5LPYURD8CV56HO,M,1993-02-01,32,Athlete
20003,967KJMP3N62CRCQZ,F,1987-05-13,38,Athlete
20004,9F5C5CXYWQT88JM8,F,1984-05-16,41,Coach
20005,9T300JTDDC7HDLFE,M,1983-06-16,42,Athlete
20006,9WUU6TDW047ZS26L,M,1977-05-26,48,Athlete
20007,AA30F0SMMUT8SA0L,F,1997-12-23,27,Athlete
20008,AU598NDU962MWU9W,F,1985-04-28,40,Coach
20009,B20CKKJMSCDOGTY2,M,1955-07-13,70,Athlete
20010,BESF5K3YAPFQ7HA7,F,1986-05-03,39,Coach
20011,BWYY5DGUUVZ8MKDI,M,1982-12-02,42,Coach
20012,DI28O44YIDAN8HIX,M,1986-11-02,39,Athlete
20013,FBVF3KMHC3OFIECC,F,1999-11-21,25,Athlete
20014,FHOLT9F5RPZWO1XO,M,1990-07-13,35,Athlete
20015,FI78XIP9E2JDG8DW,F,1982-05-24,43,Athlete
20016,FV08YAQM3OFO6NJ0,M,1961-08-17,64,Athlete
20017,G3CRW0SUNM454L0G,M,1963-12-15,61,Athlete
20018,GK5YNPOWK9SDYQ2Y,M,1991-10-08,34,Athlete
20019,GYYLSL9CY20JNPZA,F,1981-09-29,44,Athlete
20020,HD64E4Y0657P0PN9,F,1965-06-04,60,Athlete
20021,IY85KI85GWE5EMV6,M,1960-05-30,65,Athlete
20022,JGGEOTXQNDG76JE9,F,1978-03-14,47,Athlete
20023,JQRCP0W842XPBONQ,M,1960-08-03,65,Athlete
20024,JV50M84CAKQWU08T,M,1976-09-26,49,Athlete
20025,N5S8O0Y2SU2P3O2W,M,1993-10-05,32,Athlete
20026,NE096JKQS9CZD9ZL,M,1961-03-21,64,Athlete
20027,O8FSI1PQHUIR67PV,F,1983-01-05,42,Athlete
20028,PQ0JZIMO577ZLZI8,M,1982-10-01,43,Athlete
20029,PXB0T8M0S11OCDNL,F,1979-07-09,46,Coach
20030,Q6GQSNGJNM2EQ7FS,F,1988-04-10,37,Athlete
20031,SEQA9C3MNFZGLB9J,M,1956-11-06,69,Athlete
20032,U4Z3PUN92HNS24DV,F,1980-08-04,45,Athlete
20033,UAC2BH5H2GR1A8DB,M,1966-02-15,59,Athlete
20034,VQUSYQ3NSD7B6KBW,F,1987-03-05,38,Athlete
20035,W8DX3TPD641C7KDH,F,1995-04-29,30,Athlete
20036,XZPEL56EQCVQF0JW,M,2005-12-26,19,Athlete
20037,Y0RRGXWUP25ZJO13,M,1993-07-06,32,Athlete
20038,0EXTQSMMV629LUU7,M,1983-11-24,41,Athlete
20039,0HSRIV45XXUTGNQR,F,1985-09-18,40,Athlete
20040,0KTLFXS2RSK3F68M,M,1980-09-04,45,Athlete
20041,0NO0QLC906O25Z3L,M,1974-03-07,51,Athlete
20042,0Q8XA9OCZ4P4E2VJ,F,1988-06-07,37,Athlete
20043,0ZM90GEVEIFU6XWK,M,1994-05-10,31,Athlete
20044,1KE80LE6S0BEDL3H,M,2007-02-05,18,Coach
20045,1KYWE6CW88JRJWM5,F,1980-12-09,44,Coach
20046,1RBG5JQ46KLZ288S,F,1964-01-26,61,Athlete
20047,1SWGX7I4G8VY1QVN,F,1963-04-24,62,Athlete
20048,1XZZ88WVBOT7HLYR,F,1989-04-18,36,Athlete
20049,2975I8X967SM8EDY,F,1954-02-25,71,Athlete
20050,2FWF3324YBKC5SLR,M,1966-07-03,59,Athlete
20051,2KTZOBTR49FQNG2I,F,1962-12-22,62,Athlete
20052,2S6XJHIEZ1JNE0AR,M,1963-07-24,62,Athlete
20053,2SZMU0BXXLN016S1,F,1996-06-16,29,Athlete
20054,2Z3J8SOFNJP6XEL9,F,1956-05-29,69,Coach
20055,30F01KP3PS9M0TKU,M,1981-10-20,44,Athlete
20056,3JARJ4M8COGKCLK8,F,1985-02-01,40,Coach
20057,3KT6GZ4P8B1Q2X1Q,M,1991-04-22,34,Athlete
20058,415I43463BHBW4MR,M,1973-10-11,52,Coach
20059,42H547X8OON9SAWK,F,1959-03-20,66,Athlete
20060,42OPC5E0W0RJFS4M,F,1990-06-21,35,Athlete
20061,45M2705GS5AXSUXJ,F,1978-03-13,47,Coach
20062,45WRFC1XEA1PIJ5J,M,1987-12-20,37,Athlete
20063,4CVR3L9DAMLPWFRB,F,1948-02-10,77,Athlete
20064,4I74CPHZIAII5JFJ,M,1955-05-15,70,Athlete
20065,4I7QEJR3L44SZKZE,F,1967-11-07,58,Athlete
20066,4WA718MHZDC6SZW6,M,1980-02-04,45,Athlete
20067,50WOVWLV5AZ3XWRC,F,1962-05-28,63,Athlete
20068,51PO52CWNCOF6R9V,F,,0,Coach
20069,5MFLOVERC9B5M3CN,M,1994-12-08,30,Coach
20070,5VPOSQMOIBQOHTEF,F,1979-10-30,46,Coach
20071,6QOSZ0RXJB91DWDC,M,1974-06-05,51,Athlete
20072,72MTM68JFE8LD709,F,1964-05-24,61,Athlete
20073,776TFMA0UY11FTT4,M,1969-08-12,56,Athlete
20074,7DS10VMXLPAVDCDF,M,1998-01-12,27,Athlete
20075,7HPXP0P2ZEF0C1IF,M,1996-02-19,29,Athlete
20076,7T6V65XIRU2XU822,F,1970-06-05,55,Athlete
20077,7Y5BXM9M9OTVYA9I,F,1980-02-02,45,Athlete
20078,80DAAYEO4E70REC1,F,1953-04-02,72,Coach
20079,89P7V44Y5Z5RSBPY,M,1995-05-30,30,Athlete
20080,8BXLMP6XE131TALO,M,1958-01-11,67,Athlete
20081,9AVZS567L1571CFV,F,1976-08-06,49,Athlete
20082,9EIL3KH4LJD5F0JC,F,1973-10-13,52,Athlete
20083,9O2DPY7KSHZ8OPZK,M,1969-11-02,56,Athlete
20084,9QSG97I06EQSF6Z6,M,1984-08-10,41,Athlete
20085,9S8F4M7VFID32DCL,M,1984-07-24,41,Athlete
20086,9W7MIPOSSDJX2PNJ,F,1956-10-28,69,Athlete
20087,A8XOO2RU0RADMGQ5,M,1968-07-15,57,Athlete
20088,AAA8PSI2EH1YN8MH,F,1979-04-16,46,Athlete
20089,AB1FR12Y0SVNEF50,M,1986-08-14,39,Athlete
20090,ACO5GZBRYB51IVA2,F,1973-11-18,51,Athlete
20091,AGM19QEMJZM8B50C,F,1978-11-21,46,Athlete
20092,AJDKYHRN87YSW8DM,F,1964-02-14,61,Athlete
20093,AR7CUM864YS3LT7D,M,1996-09-03,29,Athlete
20094,BHMPKRSPWU7V4WYD,F,1951-12-30,73,Athlete
20095,BUS6OHKXSCLWK7GF,F,1946-06-18,79,Athlete
20096,BXPUZ3DVRWNGWBC6,F,1976-02-20,49,Athlete
20097,CAWWIAOJJ9F6TG6A,F,1965-10-24,60,Athlete
20098,CM80RZH16GKWKC32,F,1996-10-16,29,Coach
20099,CW8OXTZWQDAWR377,F,1984-06-18,41,Athlete
20100,D2AB9EDBQ1EGEERS,M,1944-01-15,81,Athlete
20101,D3EVXFWM7W5KYPM6,F,1982-05-28,43,Athlete
20102,DA87QGCXLPLH1394,F,1949-09-11,76,Athlete
20103,DCM0OMMK6TDY74U3,F,1959-12-29,65,Athlete
20104,DGS6U6O5KT84D1DY,M,1987-04-05,38,Athlete
20105,DMTMPAQTNJEHECHL,M,1951-07-28,74,Athlete
20106,DPXB33S50SL7L8Y0,M,1997-06-24,28,Athlete
20107,DS7M21WZBFXF87KJ,F,1958-12-18,66,Athlete
20108,DUJ41JKJD317DWK3,F,1964-10-28,61,Athlete
20109,DZGFRK9MESHJBZZI,M,1985-10-26,40,Athlete
20110,DZT6DQ4VE5GRPRKG,F,1972-03-18,53,Athlete
20111,E063EYBC9V201ZRW,M,1958-12-10,66,Athlete
20112,E2TO5SANBPB95E75,F,1962-04-19,63,Athlete
20113,EGB0N7UB97NMPVEZ,M,1975-03-20,50,Athlete
20114,EGM4HXIUFEWTDP1J,F,2004-06-05,21,Coach
20115,F7THJ1WH6SD1UMXJ,M,1983-06-11,42,Coach
20116,FD55FSXT10JVWKT7,F,1982-08-25,43,Athlete
20117,FDTFS539ST0AGJ37,F,1961-05-15,64,Athlete
20118,FMDNG216DLR1GXTF,M,1986-07-16,39,Athlete
20119,FTRDJ1ON1HJ2W5D7,M,1953-07-19,72,Athlete
20120,G1VLIHS8S68TDX3V,M,1987-05-29,38,Athlete
20121,G64A7K9HAASVHS8E,F,1958-02-26,67,Athlete
20122,GMW1QS1OOK2CE6SO,M,1972-08-06,53,Athlete
20123,GP5XDW07OHZJFG9J,M,1998-09-08,27,Coach
20124,H1CQXIC1CP7RTG3D,F,1960-06-06,65,Athlete
20125,H9S06LJ24BKCRB88,M,1972-04-07,53,Athlete
20126,HRURCK1FB7MQO2RQ,M,1961-03-14,64,Athlete
20127,HVX9JP53QUA75L2I,M,1990-05-17,35,Athlete
20128,I54CPFUAMULRQY9V,F,1957-07-09,68,Athlete
20129,IGKA97LQTWJWX1VR,M,1972-11-27,52,Athlete
20130,IQ7EXE101BGQFFFV,M,1970-07-25,55,Athlete
20131,J343WRIYVWG7S7HE,M,1980-02-14,45,Athlete
20132,J3KITNBZUBNJR3P1,F,1967-03-14,58,Athlete
20133,J5LNMYNZ0MURM1UI,F,,0,Coach
20134,K0DXS8I2VECO1HBT,M,1999-04-02,26,Coach
20135,K2LYJUVCNISTWM7C,F,1953-07-29,72,Athlete
20136,K54OPBCO8BNOUQ8E,M,2007-07-23,18,Coach
20137,KG0RXRWT5PAFNMX0,M,1992-03-12,33,Athlete
20138,KWBQE4TF1VGXMV4T,M,1989-06-02,36,Athlete
20139,KXEADMD2SCPZI703,F,1989-05-11,36,Coach
20140,L0JH7EJ1SSNVK0HE,F,1980-11-16,44,Athlete
20141,L2KVLH7RDM423MW4,F,1975-09-12,50,Athlete
20142,L7SLUPUBJNV04BEA,M,1998-07-13,27,Athlete
20143,LAOHQD9JOGEIB5HD,M,1978-06-18,47,Athlete
20144,LJM9TLG1YC0TQH3X,M,1972-09-11,53,Athlete
20145,LWOSIRFE62ZFPYXH,F,1997-01-30,28,Athlete
20146,MA52619S068B22KB,M,1943-09-15,82,Athlete
20147,MFFA2LUQECVRMQL7,M,1987-11-10,38,Athlete
20148,NXDPJ40VG2CNXI5E,F,1954-10-17,71,Athlete
20149,OFBJ6UHDKWCLIA9W,M,1994-01-20,31,Athlete
20150,OFMUAB44L70CK26Z,F,1959-06-11,66,Athlete
20151,OLJG977SOKAFZB8D,M,1965-11-20,59,Athlete
20152,OLZS1E5NP0L8JJ4W,M,1969-07-21,56,Athlete
20153,OM6APIILD5KQLWZW,M,1965-05-26,60,Athlete
20154,ORYOPBSITJN8LP60,F,1965-05-13,60,Athlete
20155,OVT1ZL6QU1H35X7N,M,1984-04-20,41,Athlete
20156,P0BCH834V67W45YY,F,1962-02-06,63,Athlete
20157,P4EIT5SFFNF8BJ0D,M,1972-04-21,53,Athlete
20158,PJP3CEV705KMGZTH,F,,0,Coach
20159,PWHR6E7X7ZDMYKDB,M,1998-03-07,27,Athlete
20160,Q1KOHXFXZ5L4HXXR,F,1957-06-09,68,Athlete
20161,Q1NBNLUQJ9N5W10I,F,1990-04-27,35,Athlete
20162,Q2C7XIFQMQVJ5UOV,F,1967-02-03,58,Athlete
20163,Q54JL7QX31QF97DJ,M,1986-11-24,38,Athlete
20164,QCTPTSPPXXV7QRIL,F,1958-05-24,67,Athlete
20165,QFNAJBAMVJO24SKJ,F,1994-06-22,31,Athlete
20166,QQLHEOW9ZTGGSNQX,F,1970-01-27,55,Athlete
20167,QQZS994VUTCT6V72,F,1956-07-30,69,Athlete
20168,QSFU1O2Z3OGSTSWO,F,1961-09-18,64,Athlete
20169,RBLL9YHLF6LEAT4Y,M,1984-01-28,41,Athlete
20170,RKC7W1AV303OEODZ,F,1997-08-27,28,Coach
20171,RO9FRIIDOPPUYF2L,F,1971-12-27,53,Athlete
20172,RS8CDA654GZI9YRW,F,1961-06-28,64,Athlete
20173,RTMZCPOTRYM2AXR2,F,1953-01-12,72,Athlete
20174,S3PXQMCPWGXVJVBH,F,1990-11-29,34,Athlete
20175,S9W54WMRMDJX7JX7,M,1961-08-20,64,Athlete
20176,SDNF6KEYCWG6XMNW,F,1968-01-10,57,Athlete
20177,SF3F55UGM1L7J29F,F,1963-10-02,62,Athlete
20178,SJD5TZR49S50V0CD,F,1991-02-07,34,Athlete
20179,SOA4YUAEJKY04THH,F,1987-04-06,38,Athlete
20180,TAAUEQOWP2SIJCI2,M,1978-02-01,47,Athlete
20181,TBYRGYMPXFWLP0U3,M,1957-05-08,68,Athlete
20182,TCPS2C5HE2PN6BPF,M,1954-01-06,71,Athlete
20183,TELG9R2L763T9BDC,F,1964-02-03,61,Athlete
20184,TZR4NEO99ILVHX1E,M,1982-04-26,43,Athlete
20185,TZY5TLKGYEVBSK91,F,1983-03-18,42,Athlete
20186,U3C26WFVQ2SU2H5R,M,1981-08-26,44,Athlete
20187,U6VM62TEIBENZIJD,M,1980-03-19,45,Athlete
20188,U7GCAX2G22JG3CYW,M,1946-10-09,79,Athlete
20189,U9KDMALDE3BFC5LH,M,1989-09-19,36,Athlete
20190,UIASXR8H3RKXSRTW,F,1965-08-13,60,Athlete
20191,UN8DLTWP1PEHC6H8,M,1989-03-10,36,Athlete
20192,USI673D2XXACLZCV,M,1970-12-05,54,Athlete
20193,UVU4LUSRJ4N4ZHVR,F,1960-11-19,64,Athlete
20194,V771ND55AJWFOKN4,F,1957-01-07,68,Athlete
20195,VC5T1C726D88AYR4,M,1970-10-27,55,Athlete
20196,VCGO8AKJQNOPWA83,F,1966-11-03,59,Athlete
20197,VDHD5O910K0TVHEG,F,1978-05-27,47,Coach
20198,VHPUH2R6XTZB4ANF,F,1957-12-12,67,Athlete
20199,VRZVDM0D68KENFXF,F,1979-06-23,46,Coach
20200,VX3YVW4UUI1TDJ5T,F,1945-11-08,80,Athlete
20201,W4JHRPFM4RL194N5,M,1991-10-11,34,Athlete
20202,W5EERRR3FKIKXAAT,F,1991-02-24,34,Coach
20203,W85JF8C819MZ2H2I,F,1980-04-08,45,Athlete
20204,WGA6FRYF8ZIOBT9F,F,1959-09-15,66,Athlete
20205,WGMCHEBX6BJ3Z5PS,M,1946-12-25,78,Athlete
20206,WHYMA0JUR4KOBHJG,F,1962-10-24,63,Athlete
20207,WMEGRV08CPHBZNDO,F,1943-04-24,82,Athlete
20208,WUALUF9O75KV8HJR,M,1993-05-13,32,Athlete
20209,X1NCG15BUQTM4DTB,M,1961-01-18,64,Athlete
20210,X6SKM6L27XK9HK7L,F,1968-07-20,57,Athlete
20211,XRJAU4BWF5YM76S8,M,1992-01-07,33,Athlete
20212,YALH1HPEYUNLDS8A,M,1986-06-12,39,Athlete
20213,YOZT1Q0QI6Y99EYQ,F,1971-10-29,54,Athlete
20214,YRDSW49GO97VOX6C,M,1976-07-27,49,Athlete
20215,ZA77ZU7DQSJCCV8C,F,1956-01-20,69,Athlete
20216,ZA7FMZ1T2CZ8P4OU,F,1959-05-07,66,Athlete
20217,ZDWAQM1UQ3D2O3IZ,F,1963-03-25,62,Athlete
20218,ZZXF5RZ95K1J0KQP,F,1947-06-18,78,Athlete
20219,A2WLNWH4WSAUKUNW,F,1984-01-08,41,Athlete
20220,F7PI9F8Y237R8LMA,M,1951-06-17,74,Athlete
20221,RERQYYLZHXANSXM6,F,1968-06-16,57,Athlete
20222,XH9NC41MK7NDU3CD,F,1963-05-29,62,Athlete
20223,3F5N30BLJ81JC33F,Male,1989-11-03,25,
20224,R0QHZX9CRFJ9U58L,Male,1999-05-13,18,
20225,06J63B8U7KIRSR1J,Female,1967-07-29,51,
20226,7LFVV2H4Y7CV4EL6,Female,1975-03-14,44,
20227,8SKTBLEOSH590PQL,Male,1963-11-04,55,
20228,ASC4BWQHN7PUBJHZ,Male,1980-01-31,39,
20229,BDPYD1W2D66R1EEP,Male,1990-01-01,29,
20230,DC8XVYFX950QWMIG,Male,1978-05-21,41,
20231,J3EIOK8VJXCWH7D2,Female,,0,
20232,KM7Y29KQ5BUXN0IM,Male,1956-01-18,63,
20233,OOX30AFH1K92NYRX,Male,,0,
20234,RSQ0O0YV1BR4B9QX,Male,,0,
20235,T9GX1E4X49DA1BN5,Male,1980-01-01,39,
20236,3A54EWIN33J0MOKX,Female,1966-09-09,56,
20237,84NFFDORH484MIHH,Male,1990-01-08,33,
20238,85J1YJ7LPYIQH9OW,Male,,0,
20239,AO4LZBAO3PG1WERQ,Male,1964-03-22,59,
20240,B4FPCNAAVDIYZQT7,Male,2001-07-10,21,
20241,H96XAW213H9CUATD,Male,1997-04-15,26,
20242,I32QY5ICVLM5GYHA,Male,1948-12-21,74,
20243,KP6WMUH7Z3GUO7CQ,Male,1957-07-30,65,
20244,LVXINNGBYKK0XS4X,Male,1956-01-21,67,
20245,N6FUBZC8AVDHFOTV,Male,1998-06-17,24,
20246,QRIY1KR39FGPA1OK,Male,2003-05-14,20,
20247,R7IDLM437DY2UE7H,Male,1978-05-21,44,
20248,SLYYO1KIH9497Z27,Male,1996-02-24,27,
20249,TG1XC58NJONED1DM,Male,1998-11-11,24,
20250,WE4FMIVO87X0KXDY,Male,1988-12-22,34,
